# https://github.com/mikedh/trimesh
v -0.01245214 0.00499000 0.09487499
v -0.01245214 0.00499000 0.09487499
v -0.01245214 0.00499000 0.09487499
v -0.01245447 0.00505400 0.09487499
v -0.01245447 0.00505400 0.09487499
v -0.01245447 0.00505400 0.09487499
v -0.01245447 0.00505400 0.09487499
v -0.01245214 -0.00495300 0.09487499
v -0.01245214 -0.00495300 0.09487499
v -0.01245214 -0.00495300 0.09487499
v -0.01245214 0.00501200 0.09476099
v -0.01245214 0.00501200 0.09476099
v -0.01245214 0.00501200 0.09476099
v -0.01245990 0.00511400 0.09487499
v -0.01245990 0.00511400 0.09487499
v -0.01245990 0.00511400 0.09487499
v -0.01245990 0.00511400 0.09487499
v -0.01245447 0.00507100 0.09477299
v -0.01245447 0.00507100 0.09477299
v -0.01245990 0.00513100 0.09478399
v -0.01245990 0.00513100 0.09478399
v -0.01245990 0.00513100 0.09478399
v -0.01245369 -0.00502800 0.09487499
v -0.01245369 -0.00502800 0.09487499
v -0.01245369 -0.00502800 0.09487499
v -0.01245369 -0.00502800 0.09487499
v -0.01245369 -0.00502800 0.09487499
v -0.01245214 -0.00564900 0.09038999
v -0.01245214 -0.00564900 0.09038999
v -0.01245214 -0.00564900 0.09038999
v -0.01245214 -0.00564900 0.09038999
v -0.01245214 0.00537200 0.09255999
v -0.01245214 0.00537200 0.09255999
v -0.01245214 0.00537200 0.09255999
v -0.01245214 0.00537200 0.09255999
v -0.01246765 0.00517100 0.09487499
v -0.01246765 0.00517100 0.09487499
v -0.01246765 0.00517100 0.09487499
v -0.01246765 0.00519000 0.09479499
v -0.01246765 0.00519000 0.09479499
v -0.01246765 0.00519000 0.09479499
v -0.01246765 0.00519000 0.09479499
v -0.01246765 0.00519000 0.09479499
v -0.01245447 0.00573300 0.09035599
v -0.01245447 0.00573300 0.09035599
v -0.01245447 0.00573300 0.09035599
v -0.01245447 0.00573300 0.09035599
v -0.01245447 0.00573300 0.09035599
v -0.01245990 0.00579300 0.09036099
v -0.01245990 0.00579300 0.09036099
v -0.01245990 0.00579300 0.09036099
v -0.01245990 0.00579300 0.09036099
v -0.01245757 -0.00508400 0.09487499
v -0.01245757 -0.00508400 0.09487499
v -0.01245757 -0.00508400 0.09487499
v -0.01245757 -0.00509900 0.09477799
v -0.01245757 -0.00509900 0.09477799
v -0.01245757 -0.00576300 0.09035799
v -0.01245757 -0.00576300 0.09035799
v -0.01245757 -0.00576300 0.09035799
v -0.01245757 -0.00576300 0.09035799
v -0.01245757 -0.00576300 0.09035799
v -0.01245757 -0.00576300 0.09035799
v -0.01245369 -0.00570300 0.09034999
v -0.01245369 -0.00570300 0.09034999
v -0.01245369 -0.00570300 0.09034999
v -0.01245369 -0.00570300 0.09034999
v -0.01245214 -0.00592400 0.08798599
v -0.01245214 -0.00592400 0.08798599
v -0.01245214 -0.00592400 0.08798599
v -0.01245214 0.00567200 0.09034699
v -0.01245214 0.00567200 0.09034699
v -0.01248007 0.00523600 0.09487499
v -0.01248007 0.00523600 0.09487499
v -0.01248007 0.00523600 0.09487499
v -0.01248007 0.00523600 0.09487499
v -0.01248007 0.00523600 0.09487499
v -0.01246765 0.00585200 0.09036999
v -0.01246765 0.00585200 0.09036999
v -0.01246765 0.00585200 0.09036999
v -0.01246765 0.00585200 0.09036999
v -0.01248006 0.00591200 0.09037599
v -0.01248006 0.00591200 0.09037599
v -0.01248006 0.00591200 0.09037599
v -0.01248006 0.00591200 0.09037599
v -0.01248007 0.00524800 0.09480399
v -0.01248007 0.00524800 0.09480399
v -0.01248007 0.00524800 0.09480399
v -0.01245214 0.00619900 0.08537299
v -0.01245214 0.00619900 0.08537299
v -0.01245214 0.00619900 0.08537299
v -0.01245214 0.00619900 0.08537299
v -0.01245214 0.00619900 0.08537299
v -0.01245214 0.00619900 0.08537299
v -0.01245601 0.00626700 0.08537299
v -0.01245601 0.00626700 0.08537299
v -0.01245601 0.00626700 0.08537299
v -0.01245601 0.00626700 0.08537299
v -0.01245601 0.00626700 0.08537299
v -0.01245989 0.00631900 0.08537299
v -0.01245989 0.00631900 0.08537299
v -0.01245989 0.00631900 0.08537299
v -0.01245989 0.00631900 0.08537299
v -0.01245989 0.00631900 0.08537299
v -0.01246377 0.00635300 0.08537299
v -0.01246377 0.00635300 0.08537299
v -0.01246377 0.00635300 0.08537299
v -0.01246377 0.00635300 0.08537299
v -0.01246377 0.00635300 0.08537299
v -0.01246377 0.00635300 0.08537299
v -0.01246533 -0.00515700 0.09487499
v -0.01246533 -0.00515700 0.09487499
v -0.01246533 -0.00515700 0.09487499
v -0.01246533 -0.00515700 0.09487499
v -0.01246377 -0.00582400 0.09036699
v -0.01246377 -0.00582400 0.09036699
v -0.01246377 -0.00582400 0.09036699
v -0.01246377 -0.00582400 0.09036699
v -0.01246377 -0.00582400 0.09036699
v -0.01246377 -0.00635000 0.08537299
v -0.01246377 -0.00635000 0.08537299
v -0.01246377 -0.00635000 0.08537299
v -0.01246377 -0.00635000 0.08537299
v -0.01246377 -0.00635000 0.08537299
v -0.01246377 -0.00635000 0.08537299
v -0.01246377 -0.00635000 0.08537299
v -0.01245601 -0.00626500 0.08537299
v -0.01245601 -0.00626500 0.08537299
v -0.01245601 -0.00626500 0.08537299
v -0.01245601 -0.00626500 0.08537299
v -0.01245369 -0.00623200 0.08537299
v -0.01245369 -0.00623200 0.08537299
v -0.01245369 -0.00623200 0.08537299
v -0.01245369 -0.00623200 0.08537299
v -0.01245369 -0.00623200 0.08537299
v -0.01245369 -0.00623200 0.08537299
v -0.01245369 -0.00623200 0.08537299
v -0.01245369 -0.00623200 0.08537299
v -0.01245214 -0.00617900 0.08537299
v -0.01245214 -0.00617900 0.08537299
v -0.01245214 -0.00617900 0.08537299
v -0.01245214 -0.00617900 0.08537299
v -0.01249480 0.00529900 0.09487499
v -0.01249480 0.00529900 0.09487499
v -0.01249480 0.00529900 0.09487499
v -0.01249480 0.00529900 0.09487499
v -0.01249325 0.00530600 0.09481499
v -0.01249325 0.00530600 0.09481499
v -0.01249325 0.00530600 0.09481499
v -0.01249325 0.00530600 0.09481499
v -0.01249325 0.00530600 0.09481499
v -0.01246765 0.00638000 0.08537299
v -0.01246765 0.00638000 0.08537299
v -0.01246765 0.00638000 0.08537299
v -0.01246765 0.00638000 0.08537299
v -0.01246765 0.00638000 0.08537299
v -0.01249325 0.00596900 0.09038399
v -0.01249325 0.00596900 0.09038399
v -0.01249325 0.00596900 0.09038399
v -0.01249325 0.00596900 0.09038399
v -0.01249325 0.00596900 0.09038399
v -0.01249325 0.00596900 0.09038399
v -0.01248006 0.00644000 0.08537299
v -0.01248006 0.00644000 0.08537299
v -0.01248006 0.00644000 0.08537299
v -0.01248006 0.00644000 0.08537299
v -0.01248006 0.00644000 0.08537299
v -0.01249325 0.00649900 0.08537299
v -0.01249325 0.00649900 0.08537299
v -0.01249325 0.00649900 0.08537299
v -0.01249325 0.00649900 0.08537299
v -0.01377079 0.00763000 0.06572699
v -0.01377079 0.00763000 0.06572699
v -0.01377079 0.00763000 0.06572699
v -0.01377312 0.00769500 0.06572699
v -0.01377312 0.00769500 0.06572699
v -0.01377312 0.00769500 0.06572699
v -0.01377312 0.00769500 0.06572699
v -0.01377467 0.00771700 0.06572699
v -0.01377467 0.00771700 0.06572699
v -0.01377467 0.00771700 0.06572699
v -0.01377467 0.00771700 0.06572699
v -0.01377467 0.00771700 0.06572699
v -0.01378630 0.00780500 0.06572699
v -0.01378630 0.00780500 0.06572699
v -0.01378630 0.00780500 0.06572699
v -0.01378630 0.00780500 0.06572699
v -0.01247308 -0.00520800 0.09487499
v -0.01247308 -0.00520800 0.09487499
v -0.01247308 -0.00520800 0.09487499
v -0.01247308 -0.00522500 0.09480099
v -0.01247308 -0.00522500 0.09480099
v -0.01247308 -0.00522500 0.09480099
v -0.01247308 -0.00522500 0.09480099
v -0.01247308 -0.00522500 0.09480099
v -0.01247308 -0.00522500 0.09480099
v -0.01247308 -0.00588500 0.09037299
v -0.01247308 -0.00588500 0.09037299
v -0.01247308 -0.00588500 0.09037299
v -0.01247308 -0.00588500 0.09037299
v -0.01247308 -0.00588500 0.09037299
v -0.01248627 -0.00647600 0.08537299
v -0.01248627 -0.00647600 0.08537299
v -0.01248627 -0.00647600 0.08537299
v -0.01248627 -0.00647600 0.08537299
v -0.01248627 -0.00647600 0.08537299
v -0.01248627 -0.00647600 0.08537299
v -0.01248627 -0.00647600 0.08537299
v -0.01248627 -0.00647600 0.08537299
v -0.01378630 -0.00780400 0.06572699
v -0.01378630 -0.00780400 0.06572699
v -0.01378630 -0.00780400 0.06572699
v -0.01378630 -0.00780400 0.06572699
v -0.01377467 -0.00771700 0.06572699
v -0.01377467 -0.00771700 0.06572699
v -0.01377467 -0.00771700 0.06572699
v -0.01377467 -0.00771700 0.06572699
v -0.01377467 -0.00771700 0.06572699
v -0.01377312 -0.00769500 0.06572699
v -0.01377312 -0.00769500 0.06572699
v -0.01377312 -0.00769500 0.06572699
v -0.01377079 -0.00762900 0.06572699
v -0.01377079 -0.00762900 0.06572699
v -0.01377079 -0.00762900 0.06572699
v -0.01377079 -0.00762900 0.06572699
v -0.01251032 0.00536300 0.09482699
v -0.01251032 0.00536300 0.09482699
v -0.01251032 0.00536300 0.09482699
v -0.01251032 0.00536300 0.09482699
v -0.01251032 0.00536300 0.09482699
v -0.01251032 0.00536300 0.09482699
v -0.01251032 0.00535300 0.09487499
v -0.01251032 0.00535300 0.09487499
v -0.01251032 0.00535300 0.09487499
v -0.01380259 0.00789000 0.06572699
v -0.01380259 0.00789000 0.06572699
v -0.01380259 0.00789000 0.06572699
v -0.01380259 0.00789000 0.06572699
v -0.01251031 0.00602700 0.09039299
v -0.01251031 0.00602700 0.09039299
v -0.01251031 0.00602700 0.09039299
v -0.01251031 0.00602700 0.09039299
v -0.01251031 0.00602700 0.09039299
v -0.01249945 0.00652300 0.08537299
v -0.01249945 0.00652300 0.08537299
v -0.01249945 0.00652300 0.08537299
v -0.01249945 0.00652300 0.08537299
v -0.01249945 0.00652300 0.08537299
v -0.01381578 0.00795300 0.06572699
v -0.01381578 0.00795300 0.06572699
v -0.01381578 0.00795300 0.06572699
v -0.01381578 0.00795300 0.06572699
v -0.01381578 0.00795300 0.06572699
v -0.01381578 0.00795300 0.06572699
v -0.01509256 0.00765000 0.06571000
v -0.01509256 0.00765000 0.06571000
v -0.01509644 0.00771800 0.06571000
v -0.01509644 0.00771800 0.06571000
v -0.01510109 0.00777300 0.06571000
v -0.01510109 0.00777300 0.06571000
v -0.01510885 0.00783200 0.06571000
v -0.01510885 0.00783200 0.06571000
v -0.01511893 0.00789100 0.06571000
v -0.01511893 0.00789100 0.06571000
v -0.01248627 -0.00526700 0.09487499
v -0.01248627 -0.00526700 0.09487499
v -0.01248627 -0.00526700 0.09487499
v -0.01248627 -0.00528100 0.09481199
v -0.01248627 -0.00528100 0.09481199
v -0.01248627 -0.00528100 0.09481199
v -0.01248627 -0.00528100 0.09481199
v -0.01248627 -0.00594600 0.09038099
v -0.01248627 -0.00594600 0.09038099
v -0.01248627 -0.00594600 0.09038099
v -0.01248627 -0.00594600 0.09038099
v -0.01248627 -0.00594600 0.09038099
v -0.01248627 -0.00594600 0.09038099
v -0.01250411 -0.00600600 0.09038999
v -0.01250411 -0.00600600 0.09038999
v -0.01250411 -0.00600600 0.09038999
v -0.01250411 -0.00600600 0.09038999
v -0.01250411 -0.00600600 0.09038999
v -0.01250411 -0.00600600 0.09038999
v -0.01250411 -0.00600600 0.09038999
v -0.01249945 -0.00652200 0.08537299
v -0.01249945 -0.00652200 0.08537299
v -0.01249945 -0.00652200 0.08537299
v -0.01249945 -0.00652200 0.08537299
v -0.01249945 -0.00652200 0.08537299
v -0.01382198 -0.00797400 0.06572699
v -0.01382198 -0.00797400 0.06572699
v -0.01382198 -0.00797400 0.06572699
v -0.01382198 -0.00797400 0.06572699
v -0.01380259 -0.00789000 0.06572699
v -0.01380259 -0.00789000 0.06572699
v -0.01380259 -0.00789000 0.06572699
v -0.01511893 -0.00789200 0.06571000
v -0.01511893 -0.00789200 0.06571000
v -0.01510497 -0.00780500 0.06571000
v -0.01510497 -0.00780500 0.06571000
v -0.01509566 -0.00771900 0.06571000
v -0.01509566 -0.00771900 0.06571000
v -0.01509411 -0.00768300 0.06571000
v -0.01509411 -0.00768300 0.06571000
v -0.01509256 -0.00763100 0.06571000
v -0.01509256 -0.00763100 0.06571000
v -0.01252893 0.00541100 0.09487499
v -0.01252893 0.00541100 0.09487499
v -0.01252893 0.00541100 0.09487499
v -0.01252893 0.00541100 0.09487499
v -0.01252893 0.00608200 0.09039799
v -0.01252893 0.00608200 0.09039799
v -0.01252893 0.00608200 0.09039799
v -0.01252893 0.00608200 0.09039799
v -0.01252893 0.00608200 0.09039799
v -0.01252505 0.00660400 0.08537299
v -0.01252505 0.00660400 0.08537299
v -0.01252505 0.00660400 0.08537299
v -0.01252505 0.00660400 0.08537299
v -0.01252505 0.00660400 0.08537299
v -0.01252505 0.00660400 0.08537299
v -0.01252505 0.00660400 0.08537299
v -0.01513910 0.00797500 0.06571000
v -0.01513910 0.00797500 0.06571000
v -0.01385379 0.00807300 0.06572699
v -0.01385379 0.00807300 0.06572699
v -0.01385379 0.00807300 0.06572699
v -0.01385379 0.00807300 0.06572699
v -0.01250256 -0.00533200 0.09487499
v -0.01250256 -0.00533200 0.09487499
v -0.01250256 -0.00533200 0.09487499
v -0.01250256 -0.00533200 0.09487499
v -0.01250256 -0.00533200 0.09487499
v -0.01250256 -0.00533200 0.09487499
v -0.01252195 -0.00606200 0.09039599
v -0.01252195 -0.00606200 0.09039599
v -0.01252195 -0.00606200 0.09039599
v -0.01252195 -0.00606200 0.09039599
v -0.01252195 -0.00659500 0.08537299
v -0.01252195 -0.00659500 0.08537299
v -0.01252195 -0.00659500 0.08537299
v -0.01252195 -0.00659500 0.08537299
v -0.01252195 -0.00659500 0.08537299
v -0.01252195 -0.00659500 0.08537299
v -0.01252195 -0.00659500 0.08537299
v -0.01252195 -0.00659500 0.08537299
v -0.01252195 -0.00540000 0.09483299
v -0.01252195 -0.00540000 0.09483299
v -0.01252195 -0.00540000 0.09483299
v -0.01252195 -0.00540000 0.09483299
v -0.01252195 -0.00540000 0.09483299
v -0.01252195 -0.00540000 0.09483299
v -0.01383439 -0.00801400 0.06572699
v -0.01383439 -0.00801400 0.06572699
v -0.01383439 -0.00801400 0.06572699
v -0.01383439 -0.00801400 0.06572699
v -0.01513910 -0.00797500 0.06571000
v -0.01513910 -0.00797500 0.06571000
v -0.01255143 0.00547000 0.09487499
v -0.01255143 0.00547000 0.09487499
v -0.01255143 0.00547000 0.09487499
v -0.01255143 0.00547000 0.09487499
v -0.01255143 0.00547000 0.09487499
v -0.01255143 0.00613800 0.09040399
v -0.01255143 0.00613800 0.09040399
v -0.01255143 0.00613800 0.09040399
v -0.01255143 0.00613800 0.09040399
v -0.01255143 0.00613800 0.09040399
v -0.01255143 0.00613800 0.09040399
v -0.01255840 0.00668300 0.08537299
v -0.01255840 0.00668300 0.08537299
v -0.01255840 0.00668300 0.08537299
v -0.01255840 0.00668300 0.08537299
v -0.01387938 0.00813300 0.06572699
v -0.01387938 0.00813300 0.06572699
v -0.01387938 0.00813300 0.06572699
v -0.01387938 0.00813300 0.06572699
v -0.01516547 0.00805600 0.06571000
v -0.01516547 0.00805600 0.06571000
v -0.01516547 0.00805600 0.06571000
v -0.01519107 0.00812100 0.06571000
v -0.01519107 0.00812100 0.06571000
v -0.01252195 -0.00539100 0.09487499
v -0.01252195 -0.00539100 0.09487499
v -0.01252195 -0.00539100 0.09487499
v -0.01252195 -0.00539100 0.09487499
v -0.01254367 -0.00611900 0.09040099
v -0.01254367 -0.00611900 0.09040099
v -0.01254367 -0.00611900 0.09040099
v -0.01254367 -0.00611900 0.09040099
v -0.01254367 -0.00611900 0.09040099
v -0.01254367 -0.00611900 0.09040099
v -0.01254367 -0.00611900 0.09040099
v -0.01254367 -0.00611900 0.09040099
v -0.01254367 -0.00611900 0.09040099
v -0.01252660 -0.00660500 0.08537299
v -0.01252660 -0.00660500 0.08537299
v -0.01252660 -0.00660500 0.08537299
v -0.01252660 -0.00660500 0.08537299
v -0.01387783 -0.00813100 0.06572699
v -0.01387783 -0.00813100 0.06572699
v -0.01387783 -0.00813100 0.06572699
v -0.01387783 -0.00813100 0.06572699
v -0.01387783 -0.00813100 0.06572699
v -0.01387783 -0.00813100 0.06572699
v -0.01387783 -0.00813100 0.06572699
v -0.01384836 -0.00805500 0.06572699
v -0.01384836 -0.00805500 0.06572699
v -0.01384836 -0.00805500 0.06572699
v -0.01254367 -0.00545400 0.09484399
v -0.01254367 -0.00545400 0.09484399
v -0.01254367 -0.00545400 0.09484399
v -0.01254367 -0.00545400 0.09484399
v -0.01254367 -0.00545400 0.09484399
v -0.01516547 -0.00805700 0.06571000
v -0.01516547 -0.00805700 0.06571000
v -0.01516547 -0.00805700 0.06571000
v -0.01257548 0.00552100 0.09487499
v -0.01257548 0.00552100 0.09487499
v -0.01257548 0.00552100 0.09487499
v -0.01257548 0.00552100 0.09487499
v -0.01257547 0.00618900 0.09041299
v -0.01257547 0.00618900 0.09041299
v -0.01257547 0.00618900 0.09041299
v -0.01257547 0.00618900 0.09041299
v -0.01257547 0.00618900 0.09041299
v -0.01257547 0.00618900 0.09041299
v -0.01257547 0.00672200 0.08537299
v -0.01257547 0.00672200 0.08537299
v -0.01257547 0.00672200 0.08537299
v -0.01257547 0.00672200 0.08537299
v -0.01257547 0.00672200 0.08537299
v -0.01257547 0.00672200 0.08537299
v -0.01257547 0.00672200 0.08537299
v -0.01521589 0.00817300 0.06571000
v -0.01521589 0.00817300 0.06571000
v -0.01390576 0.00818700 0.06572699
v -0.01390576 0.00818700 0.06572699
v -0.01390576 0.00818700 0.06572699
v -0.01254367 -0.00544700 0.09487499
v -0.01254367 -0.00544700 0.09487499
v -0.01254367 -0.00544700 0.09487499
v -0.01256694 -0.00550800 0.09485199
v -0.01256694 -0.00550800 0.09485199
v -0.01256694 -0.00550800 0.09485199
v -0.01256694 -0.00550800 0.09485199
v -0.01256694 -0.00550800 0.09485199
v -0.01256694 -0.00550800 0.09485199
v -0.01256694 -0.00617200 0.09040999
v -0.01256694 -0.00617200 0.09040999
v -0.01256694 -0.00617200 0.09040999
v -0.01256694 -0.00617200 0.09040999
v -0.01256694 -0.00617200 0.09040999
v -0.01256694 -0.00670500 0.08537299
v -0.01256694 -0.00670500 0.08537299
v -0.01256694 -0.00670500 0.08537299
v -0.01256694 -0.00670500 0.08537299
v -0.01256694 -0.00670500 0.08537299
v -0.01255840 -0.00668300 0.08537299
v -0.01255840 -0.00668300 0.08537299
v -0.01255840 -0.00668300 0.08537299
v -0.01255840 -0.00668300 0.08537299
v -0.01391507 -0.00820600 0.06572699
v -0.01391507 -0.00820600 0.06572699
v -0.01391507 -0.00820600 0.06572699
v -0.01391507 -0.00820600 0.06572699
v -0.01519727 -0.00813300 0.06571000
v -0.01519727 -0.00813300 0.06571000
v -0.01518409 -0.00810300 0.06571000
v -0.01518409 -0.00810300 0.06571000
v -0.01256849 -0.00550700 0.09487499
v -0.01256849 -0.00550700 0.09487499
v -0.01256849 -0.00550700 0.09487499
v -0.01256849 -0.00550700 0.09487499
v -0.01260340 0.00557200 0.09487499
v -0.01260340 0.00557200 0.09487499
v -0.01260340 0.00557200 0.09487499
v -0.01260340 0.00557200 0.09487499
v -0.01260340 0.00623900 0.09041799
v -0.01260340 0.00623900 0.09041799
v -0.01260340 0.00623900 0.09041799
v -0.01260340 0.00623900 0.09041799
v -0.01260340 0.00623900 0.09041799
v -0.01259409 0.00675700 0.08537299
v -0.01259409 0.00675700 0.08537299
v -0.01259409 0.00675700 0.08537299
v -0.01259409 0.00675700 0.08537299
v -0.01259409 0.00675700 0.08537299
v -0.01259409 0.00675700 0.08537299
v -0.01391507 0.00820600 0.06572699
v -0.01391507 0.00820600 0.06572699
v -0.01391507 0.00820600 0.06572699
v -0.01391507 0.00820600 0.06572699
v -0.01391507 0.00820600 0.06572699
v -0.01523451 0.00820700 0.06571000
v -0.01523451 0.00820700 0.06571000
v -0.01259487 -0.00555900 0.09486399
v -0.01259487 -0.00555900 0.09486399
v -0.01259487 -0.00555900 0.09486399
v -0.01259487 -0.00555900 0.09486399
v -0.01259487 -0.00555900 0.09486399
v -0.01259486 -0.00622500 0.09041599
v -0.01259486 -0.00622500 0.09041599
v -0.01259486 -0.00622500 0.09041599
v -0.01259486 -0.00622500 0.09041599
v -0.01259486 -0.00622500 0.09041599
v -0.01259486 -0.00622500 0.09041599
v -0.01259409 -0.00675800 0.08537299
v -0.01259409 -0.00675800 0.08537299
v -0.01259409 -0.00675800 0.08537299
v -0.01259409 -0.00675800 0.08537299
v -0.01259409 -0.00675800 0.08537299
v -0.01259409 -0.00675800 0.08537299
v -0.01395695 -0.00827600 0.06572699
v -0.01395695 -0.00827600 0.06572699
v -0.01395695 -0.00827600 0.06572699
v -0.01395695 -0.00827600 0.06572699
v -0.01527407 -0.00827700 0.06571000
v -0.01527407 -0.00827700 0.06571000
v -0.01523451 -0.00820800 0.06571000
v -0.01523451 -0.00820800 0.06571000
v -0.01263520 -0.00682600 0.08537299
v -0.01263520 -0.00682600 0.08537299
v -0.01263520 -0.00682600 0.08537299
v -0.01263520 -0.00682600 0.08537299
v -0.01263520 -0.00682600 0.08537299
v -0.01263520 -0.00682600 0.08537299
v -0.01259487 -0.00555600 0.09487499
v -0.01259487 -0.00555600 0.09487499
v -0.01259487 -0.00555600 0.09487499
v -0.01259487 -0.00555600 0.09487499
v -0.01263055 0.00562000 0.09487499
v -0.01263055 0.00562000 0.09487499
v -0.01263055 0.00562000 0.09487499
v -0.01263210 0.00628900 0.09042399
v -0.01263210 0.00628900 0.09042399
v -0.01263210 0.00628900 0.09042399
v -0.01263210 0.00628900 0.09042399
v -0.01263210 0.00628900 0.09042399
v -0.01263210 0.00628900 0.09042399
v -0.01263210 0.00628900 0.09042399
v -0.01263520 0.00682700 0.08537299
v -0.01263520 0.00682700 0.08537299
v -0.01263520 0.00682700 0.08537299
v -0.01263520 0.00682700 0.08537299
v -0.01263520 0.00682700 0.08537299
v -0.01263520 0.00682700 0.08537299
v -0.01263520 0.00682700 0.08537299
v -0.01527562 0.00827700 0.06571000
v -0.01527562 0.00827700 0.06571000
v -0.01395695 0.00827500 0.06572699
v -0.01395695 0.00827500 0.06572699
v -0.01395695 0.00827500 0.06572699
v -0.01262434 -0.00561000 0.09487199
v -0.01262434 -0.00561000 0.09487199
v -0.01262434 -0.00561000 0.09487199
v -0.01262434 -0.00561000 0.09487199
v -0.01262434 -0.00561000 0.09487199
v -0.01262434 -0.00561000 0.09487199
v -0.01262434 -0.00561000 0.09487199
v -0.01262434 -0.00627400 0.09042099
v -0.01262434 -0.00627400 0.09042099
v -0.01262434 -0.00627400 0.09042099
v -0.01262434 -0.00627400 0.09042099
v -0.01262434 -0.00627400 0.09042099
v -0.01400194 -0.00834000 0.06572699
v -0.01400194 -0.00834000 0.06572699
v -0.01400194 -0.00834000 0.06572699
v -0.01400194 -0.00834000 0.06572699
v -0.01400194 -0.00834000 0.06572699
v -0.01265459 -0.00685600 0.08537299
v -0.01265459 -0.00685600 0.08537299
v -0.01265459 -0.00685600 0.08537299
v -0.01265459 -0.00685600 0.08537299
v -0.01265459 -0.00685600 0.08537299
v -0.01529656 -0.00830800 0.06571000
v -0.01529656 -0.00830800 0.06571000
v -0.01265459 -0.00632300 0.09042699
v -0.01265459 -0.00632300 0.09042699
v -0.01265459 -0.00632300 0.09042699
v -0.01265459 -0.00632300 0.09042699
v -0.01265459 -0.00632300 0.09042699
v -0.01265459 -0.00632300 0.09042699
v -0.01265459 -0.00632300 0.09042699
v -0.01263055 -0.00561900 0.09487499
v -0.01263055 -0.00561900 0.09487499
v -0.01263055 -0.00561900 0.09487499
v -0.01266390 0.00566900 0.09487499
v -0.01266390 0.00566900 0.09487499
v -0.01266390 0.00566900 0.09487499
v -0.01266390 0.00566900 0.09487499
v -0.01266390 0.00566900 0.09487499
v -0.01266390 0.00633500 0.09042999
v -0.01266390 0.00633500 0.09042999
v -0.01266390 0.00633500 0.09042999
v -0.01266390 0.00633500 0.09042999
v -0.01266390 0.00633500 0.09042999
v -0.01266390 0.00686800 0.08537299
v -0.01266390 0.00686800 0.08537299
v -0.01266390 0.00686800 0.08537299
v -0.01400194 0.00834000 0.06572699
v -0.01400194 0.00834000 0.06572699
v -0.01400194 0.00834000 0.06572699
v -0.01400194 0.00834000 0.06572699
v -0.01400194 0.00834000 0.06572699
v -0.01532216 0.00834100 0.06571000
v -0.01532216 0.00834100 0.06571000
v -0.01265459 -0.00565800 0.09487499
v -0.01265459 -0.00565800 0.09487499
v -0.01265459 -0.00565800 0.09487499
v -0.01265459 -0.00565800 0.09487499
v -0.01265459 -0.00565800 0.09487499
v -0.01405236 -0.00840000 0.06572699
v -0.01405236 -0.00840000 0.06572699
v -0.01405236 -0.00840000 0.06572699
v -0.01405236 -0.00840000 0.06572699
v -0.01532992 -0.00835200 0.06571000
v -0.01532992 -0.00835200 0.06571000
v -0.01532216 -0.00834200 0.06571000
v -0.01532216 -0.00834200 0.06571000
v -0.01268096 -0.00689000 0.08537299
v -0.01268096 -0.00689000 0.08537299
v -0.01268096 -0.00689000 0.08537299
v -0.01268096 -0.00689000 0.08537299
v -0.01268096 -0.00689000 0.08537299
v -0.01272440 -0.00694300 0.08537299
v -0.01272440 -0.00694300 0.08537299
v -0.01272440 -0.00694300 0.08537299
v -0.01272440 -0.00694300 0.08537299
v -0.01272440 -0.00694300 0.08537299
v -0.01272440 -0.00694300 0.08537299
v -0.01268950 -0.00636600 0.09043299
v -0.01268950 -0.00636600 0.09043299
v -0.01268950 -0.00636600 0.09043299
v -0.01268950 -0.00636600 0.09043299
v -0.01268950 -0.00636600 0.09043299
v -0.01269803 0.00571300 0.09487499
v -0.01269803 0.00571300 0.09487499
v -0.01269803 0.00571300 0.09487499
v -0.01269803 0.00637900 0.09043499
v -0.01269803 0.00637900 0.09043499
v -0.01269803 0.00637900 0.09043499
v -0.01269803 0.00637900 0.09043499
v -0.01269803 0.00637900 0.09043499
v -0.01269803 0.00637900 0.09043499
v -0.01268096 0.00689100 0.08537299
v -0.01268096 0.00689100 0.08537299
v -0.01268096 0.00689100 0.08537299
v -0.01268096 0.00689100 0.08537299
v -0.01268096 0.00689100 0.08537299
v -0.01268096 0.00689100 0.08537299
v -0.01533922 0.00836300 0.06571000
v -0.01533922 0.00836300 0.06571000
v -0.01403918 0.00838400 0.06572699
v -0.01403918 0.00838400 0.06572699
v -0.01403918 0.00838400 0.06572699
v -0.01403918 0.00838400 0.06572699
v -0.01268950 -0.00570000 0.09487499
v -0.01268950 -0.00570000 0.09487499
v -0.01268950 -0.00570000 0.09487499
v -0.01268950 -0.00570000 0.09487499
v -0.01407796 -0.00842500 0.06572699
v -0.01407796 -0.00842500 0.06572699
v -0.01407796 -0.00842500 0.06572699
v -0.01407796 -0.00842500 0.06572699
v -0.01540283 -0.00843200 0.06571000
v -0.01540283 -0.00843200 0.06571000
v -0.01537180 -0.00840000 0.06571000
v -0.01537180 -0.00840000 0.06571000
v -0.01273138 -0.00695000 0.08537299
v -0.01273138 -0.00695000 0.08537299
v -0.01273138 -0.00695000 0.08537299
v -0.01273138 -0.00695000 0.08537299
v -0.01273138 -0.00695000 0.08537299
v -0.01272440 -0.00640800 0.09043799
v -0.01272440 -0.00640800 0.09043799
v -0.01272440 -0.00640800 0.09043799
v -0.01272440 -0.00640800 0.09043799
v -0.01272440 -0.00640800 0.09043799
v -0.01276164 -0.00644700 0.09044399
v -0.01276164 -0.00644700 0.09044399
v -0.01276164 -0.00644700 0.09044399
v -0.01276164 -0.00644700 0.09044399
v -0.01276164 -0.00644700 0.09044399
v -0.01276164 -0.00644700 0.09044399
v -0.01276164 -0.00644700 0.09044399
v -0.01276164 -0.00644700 0.09044399
v -0.01276164 -0.00644700 0.09044399
v -0.01273449 0.00575400 0.09487499
v -0.01273449 0.00575400 0.09487499
v -0.01273449 0.00575400 0.09487499
v -0.01273449 0.00641900 0.09043799
v -0.01273449 0.00641900 0.09043799
v -0.01273449 0.00641900 0.09043799
v -0.01273449 0.00641900 0.09043799
v -0.01273449 0.00641900 0.09043799
v -0.01273448 0.00695400 0.08537299
v -0.01273448 0.00695400 0.08537299
v -0.01273448 0.00695400 0.08537299
v -0.01273448 0.00695400 0.08537299
v -0.01273448 0.00695400 0.08537299
v -0.01273448 0.00695400 0.08537299
v -0.01273448 0.00695400 0.08537299
v -0.01273448 0.00695400 0.08537299
v -0.01537180 0.00840100 0.06571000
v -0.01537180 0.00840100 0.06571000
v -0.01405236 0.00839900 0.06572699
v -0.01405236 0.00839900 0.06572699
v -0.01405236 0.00839900 0.06572699
v -0.01272441 -0.00574300 0.09487499
v -0.01272441 -0.00574300 0.09487499
v -0.01272441 -0.00574300 0.09487499
v -0.01272441 -0.00574300 0.09487499
v -0.01410666 -0.00845200 0.06572699
v -0.01410666 -0.00845200 0.06572699
v -0.01410666 -0.00845200 0.06572699
v -0.01410666 -0.00845200 0.06572699
v -0.01410666 -0.00845200 0.06572699
v -0.01542533 -0.00845400 0.06571000
v -0.01542533 -0.00845400 0.06571000
v -0.01278413 -0.00700200 0.08537299
v -0.01278413 -0.00700200 0.08537299
v -0.01278413 -0.00700200 0.08537299
v -0.01278413 -0.00700200 0.08537299
v -0.01278413 -0.00700200 0.08537299
v -0.01280120 -0.00648100 0.09044699
v -0.01280120 -0.00648100 0.09044699
v -0.01280120 -0.00648100 0.09044699
v -0.01280120 -0.00648100 0.09044699
v -0.01280120 -0.00648100 0.09044699
v -0.01280119 -0.00701800 0.08537299
v -0.01280119 -0.00701800 0.08537299
v -0.01280119 -0.00701800 0.08537299
v -0.01280119 -0.00701800 0.08537299
v -0.01280119 -0.00701800 0.08537299
v -0.01280119 -0.00701800 0.08537299
v -0.01276164 -0.00578200 0.09487499
v -0.01276164 -0.00578200 0.09487499
v -0.01276164 -0.00578200 0.09487499
v -0.01280120 -0.00581900 0.09487499
v -0.01280120 -0.00581900 0.09487499
v -0.01280120 -0.00581900 0.09487499
v -0.01280120 -0.00581900 0.09487499
v -0.01280120 -0.00581900 0.09487499
v -0.01277250 0.00579300 0.09487499
v -0.01277250 0.00579300 0.09487499
v -0.01277250 0.00579300 0.09487499
v -0.01277250 0.00579300 0.09487499
v -0.01277250 0.00645700 0.09044399
v -0.01277250 0.00645700 0.09044399
v -0.01277250 0.00645700 0.09044399
v -0.01277250 0.00645700 0.09044399
v -0.01277250 0.00645700 0.09044399
v -0.01277250 0.00645700 0.09044399
v -0.01277250 0.00645700 0.09044399
v -0.01278413 0.00700200 0.08537299
v -0.01278413 0.00700200 0.08537299
v -0.01278413 0.00700200 0.08537299
v -0.01278413 0.00700200 0.08537299
v -0.01278413 0.00700200 0.08537299
v -0.01410666 0.00845200 0.06572699
v -0.01410666 0.00845200 0.06572699
v -0.01410666 0.00845200 0.06572699
v -0.01410666 0.00845200 0.06572699
v -0.01541292 0.00844300 0.06571000
v -0.01541292 0.00844300 0.06571000
v -0.01541292 0.00844300 0.06571000
v -0.01416329 -0.00850000 0.06572699
v -0.01416329 -0.00850000 0.06572699
v -0.01416329 -0.00850000 0.06572699
v -0.01416329 -0.00850000 0.06572699
v -0.01416329 -0.00850000 0.06572699
v -0.01544239 -0.00846900 0.06571000
v -0.01544239 -0.00846900 0.06571000
v -0.01544239 -0.00846900 0.06571000
v -0.01284231 -0.00651300 0.09045299
v -0.01284231 -0.00651300 0.09045299
v -0.01284231 -0.00651300 0.09045299
v -0.01284231 -0.00651300 0.09045299
v -0.01284231 -0.00651300 0.09045299
v -0.01284153 -0.00705000 0.08537299
v -0.01284153 -0.00705000 0.08537299
v -0.01284153 -0.00705000 0.08537299
v -0.01284153 -0.00705000 0.08537299
v -0.01284153 -0.00705000 0.08537299
v -0.01284153 -0.00705000 0.08537299
v -0.01284231 -0.00585000 0.09487499
v -0.01284231 -0.00585000 0.09487499
v -0.01284231 -0.00585000 0.09487499
v -0.01284231 -0.00585000 0.09487499
v -0.01281206 0.00582900 0.09487499
v -0.01281206 0.00582900 0.09487499
v -0.01281206 0.00582900 0.09487499
v -0.01281206 0.00582900 0.09487499
v -0.01281206 0.00582900 0.09487499
v -0.01281361 0.00649100 0.09044999
v -0.01281361 0.00649100 0.09044999
v -0.01281361 0.00649100 0.09044999
v -0.01281361 0.00649100 0.09044999
v -0.01281360 0.00702700 0.08537299
v -0.01281360 0.00702700 0.08537299
v -0.01281360 0.00702700 0.08537299
v -0.01281360 0.00702700 0.08537299
v -0.01281360 0.00702700 0.08537299
v -0.01281360 0.00702700 0.08537299
v -0.01411985 0.00846400 0.06572699
v -0.01411985 0.00846400 0.06572699
v -0.01411985 0.00846400 0.06572699
v -0.01411985 0.00846400 0.06572699
v -0.01411985 0.00846400 0.06572699
v -0.01542533 0.00845300 0.06571000
v -0.01542533 0.00845300 0.06571000
v -0.01422301 -0.00853900 0.06572699
v -0.01422301 -0.00853900 0.06572699
v -0.01422301 -0.00853900 0.06572699
v -0.01422301 -0.00853900 0.06572699
v -0.01552461 -0.00853000 0.06571000
v -0.01552461 -0.00853000 0.06571000
v -0.01548195 -0.00850000 0.06571000
v -0.01548195 -0.00850000 0.06571000
v -0.01288497 -0.00707900 0.08537299
v -0.01288497 -0.00707900 0.08537299
v -0.01288497 -0.00707900 0.08537299
v -0.01288497 -0.00707900 0.08537299
v -0.01288497 -0.00707900 0.08537299
v -0.01288497 -0.00654400 0.09045599
v -0.01288497 -0.00654400 0.09045599
v -0.01288497 -0.00654400 0.09045599
v -0.01288497 -0.00654400 0.09045599
v -0.01288497 -0.00654400 0.09045599
v -0.01288497 -0.00654400 0.09045599
v -0.01288497 -0.00654400 0.09045599
v -0.01288497 -0.00588000 0.09487499
v -0.01288497 -0.00588000 0.09487499
v -0.01288497 -0.00588000 0.09487499
v -0.01285472 0.00586100 0.09487499
v -0.01285472 0.00586100 0.09487499
v -0.01285472 0.00586100 0.09487499
v -0.01285472 0.00586100 0.09487499
v -0.01285472 0.00652300 0.09045299
v -0.01285472 0.00652300 0.09045299
v -0.01285472 0.00652300 0.09045299
v -0.01285472 0.00652300 0.09045299
v -0.01285472 0.00652300 0.09045299
v -0.01285472 0.00652300 0.09045299
v -0.01284153 0.00704900 0.08537299
v -0.01284153 0.00704900 0.08537299
v -0.01284153 0.00704900 0.08537299
v -0.01284153 0.00704900 0.08537299
v -0.01416329 0.00849900 0.06572699
v -0.01416329 0.00849900 0.06572699
v -0.01416329 0.00849900 0.06572699
v -0.01416329 0.00849900 0.06572699
v -0.01416329 0.00849900 0.06572699
v -0.01548195 0.00850100 0.06571000
v -0.01548195 0.00850100 0.06571000
v -0.01425327 -0.00855600 0.06572699
v -0.01425327 -0.00855600 0.06572699
v -0.01425327 -0.00855600 0.06572699
v -0.01292763 -0.00710400 0.08537299
v -0.01292763 -0.00710400 0.08537299
v -0.01292763 -0.00710400 0.08537299
v -0.01292763 -0.00710400 0.08537299
v -0.01292763 -0.00710400 0.08537299
v -0.01292763 -0.00710400 0.08537299
v -0.01554245 -0.00854100 0.06571000
v -0.01554245 -0.00854100 0.06571000
v -0.01292763 -0.00656900 0.09045799
v -0.01292763 -0.00656900 0.09045799
v -0.01292763 -0.00656900 0.09045799
v -0.01292763 -0.00656900 0.09045799
v -0.01292763 -0.00656900 0.09045799
v -0.01292763 -0.00656900 0.09045799
v -0.01292764 -0.00590700 0.09487499
v -0.01292764 -0.00590700 0.09487499
v -0.01292764 -0.00590700 0.09487499
v -0.01292764 -0.00590700 0.09487499
v -0.01289816 0.00589000 0.09487499
v -0.01289816 0.00589000 0.09487499
v -0.01289816 0.00589000 0.09487499
v -0.01289816 0.00655200 0.09045599
v -0.01289816 0.00655200 0.09045599
v -0.01289816 0.00655200 0.09045599
v -0.01289816 0.00655200 0.09045599
v -0.01289816 0.00655200 0.09045599
v -0.01289816 0.00655200 0.09045599
v -0.01289816 0.00655200 0.09045599
v -0.01289816 0.00655200 0.09045599
v -0.01285472 0.00706000 0.08537299
v -0.01285472 0.00706000 0.08537299
v -0.01285472 0.00706000 0.08537299
v -0.01285472 0.00706000 0.08537299
v -0.01285472 0.00706000 0.08537299
v -0.01285472 0.00706000 0.08537299
v -0.01285472 0.00706000 0.08537299
v -0.01549514 0.00851100 0.06571000
v -0.01549514 0.00851100 0.06571000
v -0.01420750 0.00853000 0.06572699
v -0.01420750 0.00853000 0.06572699
v -0.01420750 0.00853000 0.06572699
v -0.01428507 -0.00857300 0.06572699
v -0.01428507 -0.00857300 0.06572699
v -0.01428507 -0.00857300 0.06572699
v -0.01428507 -0.00857300 0.06572699
v -0.01428507 -0.00857300 0.06572699
v -0.01428507 -0.00857300 0.06572699
v -0.01560528 -0.00857500 0.06571000
v -0.01560528 -0.00857500 0.06571000
v -0.01560528 -0.00857500 0.06571000
v -0.01296409 -0.00712300 0.08537299
v -0.01296409 -0.00712300 0.08537299
v -0.01296409 -0.00712300 0.08537299
v -0.01296409 -0.00712300 0.08537299
v -0.01296409 -0.00712300 0.08537299
v -0.01297263 -0.00592900 0.09487499
v -0.01297263 -0.00592900 0.09487499
v -0.01297263 -0.00592900 0.09487499
v -0.01297263 -0.00592900 0.09487499
v -0.01297263 -0.00592900 0.09487499
v -0.01297262 -0.00659000 0.09046099
v -0.01297262 -0.00659000 0.09046099
v -0.01297262 -0.00659000 0.09046099
v -0.01297262 -0.00659000 0.09046099
v -0.01297262 -0.00659000 0.09046099
v -0.01294315 0.00591500 0.09487499
v -0.01294315 0.00591500 0.09487499
v -0.01294315 0.00591500 0.09487499
v -0.01294315 0.00591500 0.09487499
v -0.01294315 0.00591500 0.09487499
v -0.01294470 0.00657600 0.09045799
v -0.01294470 0.00657600 0.09045799
v -0.01294470 0.00657600 0.09045799
v -0.01294470 0.00657600 0.09045799
v -0.01290203 0.00709000 0.08537299
v -0.01290203 0.00709000 0.08537299
v -0.01290203 0.00709000 0.08537299
v -0.01290203 0.00709000 0.08537299
v -0.01294470 0.00711400 0.08537299
v -0.01294470 0.00711400 0.08537299
v -0.01294470 0.00711400 0.08537299
v -0.01294470 0.00711400 0.08537299
v -0.01294470 0.00711400 0.08537299
v -0.01294470 0.00711400 0.08537299
v -0.01294470 0.00711400 0.08537299
v -0.01294470 0.00711400 0.08537299
v -0.01554245 0.00854000 0.06571000
v -0.01554245 0.00854000 0.06571000
v -0.01422301 0.00854000 0.06572699
v -0.01422301 0.00854000 0.06572699
v -0.01422301 0.00854000 0.06572699
v -0.01422301 0.00854000 0.06572699
v -0.01422301 0.00854000 0.06572699
v -0.01422301 0.00854000 0.06572699
v -0.01435023 -0.00859800 0.06572699
v -0.01435023 -0.00859800 0.06572699
v -0.01435023 -0.00859800 0.06572699
v -0.01435023 -0.00859800 0.06572699
v -0.01435023 -0.00859800 0.06572699
v -0.01566889 -0.00860000 0.06571000
v -0.01566889 -0.00860000 0.06571000
v -0.01566889 -0.00860000 0.06571000
v -0.01561304 -0.00857800 0.06571000
v -0.01561304 -0.00857800 0.06571000
v -0.01302769 -0.00715000 0.08537299
v -0.01302769 -0.00715000 0.08537299
v -0.01302769 -0.00715000 0.08537299
v -0.01302769 -0.00715000 0.08537299
v -0.01302769 -0.00715000 0.08537299
v -0.01302769 -0.00715000 0.08537299
v -0.01302769 -0.00715000 0.08537299
v -0.01301762 -0.00594800 0.09487499
v -0.01301762 -0.00594800 0.09487499
v -0.01301762 -0.00594800 0.09487499
v -0.01301761 -0.00660800 0.09046399
v -0.01301761 -0.00660800 0.09046399
v -0.01301761 -0.00660800 0.09046399
v -0.01301761 -0.00660800 0.09046399
v -0.01301761 -0.00660800 0.09046399
v -0.01298969 0.00593700 0.09487499
v -0.01298969 0.00593700 0.09487499
v -0.01298969 0.00593700 0.09487499
v -0.01298969 0.00659800 0.09046099
v -0.01298969 0.00659800 0.09046099
v -0.01298969 0.00659800 0.09046099
v -0.01298969 0.00659800 0.09046099
v -0.01298969 0.00659800 0.09046099
v -0.01298969 0.00659800 0.09046099
v -0.01302769 0.00715000 0.08537299
v -0.01302769 0.00715000 0.08537299
v -0.01302769 0.00715000 0.08537299
v -0.01302769 0.00715000 0.08537299
v -0.01428507 0.00857200 0.06572699
v -0.01428507 0.00857200 0.06572699
v -0.01428507 0.00857200 0.06572699
v -0.01558357 0.00856400 0.06571000
v -0.01558357 0.00856400 0.06571000
v -0.01558357 0.00856400 0.06571000
v -0.01441616 -0.00861700 0.06572699
v -0.01441616 -0.00861700 0.06572699
v -0.01441616 -0.00861700 0.06572699
v -0.01441616 -0.00861700 0.06572699
v -0.01570302 -0.00861200 0.06571000
v -0.01570302 -0.00861200 0.06571000
v -0.01570302 -0.00861200 0.06571000
v -0.01570302 -0.00861200 0.06571000
v -0.01306338 -0.00662400 0.09046399
v -0.01306338 -0.00662400 0.09046399
v -0.01306338 -0.00662400 0.09046399
v -0.01306338 -0.00662400 0.09046399
v -0.01306338 -0.00662400 0.09046399
v -0.01309440 -0.00716900 0.08537299
v -0.01309440 -0.00716900 0.08537299
v -0.01309440 -0.00716900 0.08537299
v -0.01309440 -0.00716900 0.08537299
v -0.01309440 -0.00716900 0.08537299
v -0.01309440 -0.00716900 0.08537299
v -0.01309440 -0.00716900 0.08537299
v -0.01306338 -0.00596300 0.09487499
v -0.01306338 -0.00596300 0.09487499
v -0.01306338 -0.00596300 0.09487499
v -0.01306338 -0.00596300 0.09487499
v -0.01306338 -0.00596300 0.09487499
v -0.01303623 0.00595400 0.09487499
v -0.01303623 0.00595400 0.09487499
v -0.01303623 0.00595400 0.09487499
v -0.01303623 0.00595400 0.09487499
v -0.01303701 0.00661500 0.09046399
v -0.01303701 0.00661500 0.09046399
v -0.01303701 0.00661500 0.09046399
v -0.01303701 0.00661500 0.09046399
v -0.01303700 0.00715300 0.08537299
v -0.01303700 0.00715300 0.08537299
v -0.01303700 0.00715300 0.08537299
v -0.01303700 0.00715300 0.08537299
v -0.01303700 0.00715300 0.08537299
v -0.01303700 0.00715300 0.08537299
v -0.01430136 0.00857900 0.06572699
v -0.01430136 0.00857900 0.06572699
v -0.01430136 0.00857900 0.06572699
v -0.01435023 0.00860000 0.06572699
v -0.01435023 0.00860000 0.06572699
v -0.01435023 0.00860000 0.06572699
v -0.01435023 0.00860000 0.06572699
v -0.01435023 0.00860000 0.06572699
v -0.01435023 0.00860000 0.06572699
v -0.01560529 0.00857400 0.06571000
v -0.01560529 0.00857400 0.06571000
v -0.01563011 0.00858600 0.06571000
v -0.01563011 0.00858600 0.06571000
v -0.01563011 0.00858600 0.06571000
v -0.01444951 -0.00862400 0.06572699
v -0.01444951 -0.00862400 0.06572699
v -0.01444951 -0.00862400 0.06572699
v -0.01444951 -0.00862400 0.06572699
v -0.01575034 -0.00862200 0.06571000
v -0.01575034 -0.00862200 0.06571000
v -0.01575034 -0.00862200 0.06571000
v -0.01310992 -0.00663600 0.09046699
v -0.01310992 -0.00663600 0.09046699
v -0.01310992 -0.00663600 0.09046699
v -0.01310992 -0.00663600 0.09046699
v -0.01310992 -0.00663600 0.09046699
v -0.01310992 -0.00663600 0.09046699
v -0.01322782 -0.00705300 0.08675799
v -0.01322782 -0.00705300 0.08675799
v -0.01322782 -0.00705300 0.08675799
v -0.01322782 -0.00705300 0.08675799
v -0.01322782 -0.00705300 0.08675799
v -0.01322782 -0.00705300 0.08675799
v -0.01322782 -0.00705300 0.08675799
v -0.01322782 -0.00705300 0.08675799
v -0.01322782 -0.00705300 0.08675799
v -0.01322782 -0.00705300 0.08675799
v -0.01316189 -0.00717900 0.08537299
v -0.01316189 -0.00717900 0.08537299
v -0.01316189 -0.00717900 0.08537299
v -0.01316189 -0.00717900 0.08537299
v -0.01316189 -0.00717900 0.08537299
v -0.01448287 -0.00862900 0.06572699
v -0.01448287 -0.00862900 0.06572699
v -0.01448287 -0.00862900 0.06572699
v -0.01448287 -0.00862900 0.06572699
v -0.01310992 -0.00597300 0.09487499
v -0.01310992 -0.00597300 0.09487499
v -0.01310992 -0.00597300 0.09487499
v -0.01322783 -0.00609200 0.09428099
v -0.01322783 -0.00609200 0.09428099
v -0.01322783 -0.00609200 0.09428099
v -0.01322783 -0.00609200 0.09428099
v -0.01322783 -0.00609200 0.09428099
v -0.01322783 -0.00609200 0.09428099
v -0.01322783 -0.00609200 0.09428099
v -0.01322783 -0.00609200 0.09428099
v -0.01308510 0.00596800 0.09487499
v -0.01308510 0.00596800 0.09487499
v -0.01308510 0.00596800 0.09487499
v -0.01308510 0.00663000 0.09046699
v -0.01308510 0.00663000 0.09046699
v -0.01308510 0.00663000 0.09046699
v -0.01308510 0.00663000 0.09046699
v -0.01308510 0.00663000 0.09046699
v -0.01322783 0.00636300 0.09255999
v -0.01322783 0.00636300 0.09255999
v -0.01322783 0.00636300 0.09255999
v -0.01322783 0.00636300 0.09255999
v -0.01322783 0.00636300 0.09255999
v -0.01322783 0.00636300 0.09255999
v -0.01322783 0.00636300 0.09255999
v -0.01309440 0.00716800 0.08537299
v -0.01309440 0.00716800 0.08537299
v -0.01309440 0.00716800 0.08537299
v -0.01309440 0.00716800 0.08537299
v -0.01322782 0.00693700 0.08791199
v -0.01322782 0.00693700 0.08791199
v -0.01322782 0.00693700 0.08791199
v -0.01322782 0.00693700 0.08791199
v -0.01322782 0.00693700 0.08791199
v -0.01322782 0.00693700 0.08791199
v -0.01322782 0.00693700 0.08791199
v -0.01322782 0.00693700 0.08791199
v -0.01322782 0.00693700 0.08791199
v -0.01441616 0.00861800 0.06572699
v -0.01441616 0.00861800 0.06572699
v -0.01441616 0.00861800 0.06572699
v -0.01441616 0.00861800 0.06572699
v -0.01441616 0.00861800 0.06572699
v -0.01441616 0.00861800 0.06572699
v -0.01566889 0.00860000 0.06571000
v -0.01566889 0.00860000 0.06571000
v -0.01573482 0.00862000 0.06571000
v -0.01573482 0.00862000 0.06571000
v -0.01573482 0.00862000 0.06571000
v -0.01573482 0.00862000 0.06571000
v -0.01580076 -0.00863100 0.06571000
v -0.01580076 -0.00863100 0.06571000
v -0.01580076 -0.00863100 0.06571000
v -0.01580076 -0.00863100 0.06571000
v -0.01315801 -0.00664200 0.09046699
v -0.01315801 -0.00664200 0.09046699
v -0.01315801 -0.00664200 0.09046699
v -0.01315801 -0.00664200 0.09046699
v -0.01463336 -0.00689200 0.08832799
v -0.01463336 -0.00689200 0.08832799
v -0.01463336 -0.00689200 0.08832799
v -0.01505689 -0.00695000 0.08779400
v -0.01505689 -0.00695000 0.08779400
v -0.01537337 -0.00697200 0.08758900
v -0.01537337 -0.00697200 0.08758900
v -0.01537337 -0.00697200 0.08758900
v -0.01764302 -0.00705300 0.08674700
v -0.01764302 -0.00705300 0.08674700
v -0.01764302 -0.00705300 0.08674700
v -0.01764302 -0.00705300 0.08674700
v -0.01764302 -0.00705300 0.08674700
v -0.01764302 -0.00705300 0.08674700
v -0.01764302 -0.00705300 0.08674700
v -0.01455424 -0.00718600 0.08536199
v -0.01455424 -0.00718600 0.08536199
v -0.01322782 -0.00718400 0.08537299
v -0.01322782 -0.00718400 0.08537299
v -0.01322782 -0.00718400 0.08537299
v -0.01322782 -0.00718400 0.08537299
v -0.01322782 -0.00718400 0.08537299
v -0.01322782 -0.00718400 0.08537299
v -0.01322782 -0.00718400 0.08537299
v -0.01320377 -0.00718200 0.08537299
v -0.01320377 -0.00718200 0.08537299
v -0.01320377 -0.00718200 0.08537299
v -0.01320377 -0.00718200 0.08537299
v -0.01322782 -0.00664600 0.09046699
v -0.01322782 -0.00664600 0.09046699
v -0.01322782 -0.00664600 0.09046699
v -0.01322782 -0.00664600 0.09046699
v -0.01322782 -0.00664600 0.09046699
v -0.01322782 -0.00664600 0.09046699
v -0.01322782 -0.00664600 0.09046699
v -0.01449993 -0.00863100 0.06572699
v -0.01449993 -0.00863100 0.06572699
v -0.01449993 -0.00863100 0.06572699
v -0.01449993 -0.00863100 0.06572699
v -0.01449993 -0.00863100 0.06572699
v -0.01449993 -0.00863100 0.06572699
v -0.01449993 -0.00863100 0.06572699
v -0.01316965 -0.00598500 0.09487499
v -0.01316965 -0.00598500 0.09487499
v -0.01316965 -0.00598500 0.09487499
v -0.01554014 -0.00599600 0.09481800
v -0.01554014 -0.00599600 0.09481800
v -0.01554014 -0.00599600 0.09481800
v -0.01554014 -0.00599600 0.09481800
v -0.01554014 -0.00599600 0.09481800
v -0.01556652 -0.00608600 0.09431900
v -0.01556652 -0.00608600 0.09431900
v -0.01556652 -0.00608600 0.09431900
v -0.01610019 -0.00627700 0.09306200
v -0.01610019 -0.00627700 0.09306200
v -0.01610019 -0.00627700 0.09306200
v -0.01610019 -0.00627700 0.09306200
v -0.01610019 -0.00627700 0.09306200
v -0.01322783 -0.00598500 0.09487499
v -0.01322783 -0.00598500 0.09487499
v -0.01322783 -0.00598500 0.09487499
v -0.01313242 0.00597800 0.09487499
v -0.01313242 0.00597800 0.09487499
v -0.01313242 0.00597800 0.09487499
v -0.01313629 0.00663200 0.09052699
v -0.01313629 0.00663200 0.09052699
v -0.01313629 0.00663200 0.09052699
v -0.01313629 0.00663200 0.09052699
v -0.01595746 0.00631600 0.09287900
v -0.01595746 0.00631600 0.09287900
v -0.01595746 0.00631600 0.09287900
v -0.01595746 0.00631600 0.09287900
v -0.01314560 0.00598000 0.09487499
v -0.01314560 0.00598000 0.09487499
v -0.01314560 0.00598000 0.09487499
v -0.01314560 0.00598000 0.09487499
v -0.01316189 0.00718000 0.08537299
v -0.01316189 0.00718000 0.08537299
v -0.01316189 0.00718000 0.08537299
v -0.01316189 0.00718000 0.08537299
v -0.01316189 0.00718000 0.08537299
v -0.01316189 0.00718000 0.08537299
v -0.01318283 0.00718200 0.08537299
v -0.01318283 0.00718200 0.08537299
v -0.01318283 0.00718200 0.08537299
v -0.01318283 0.00718200 0.08537299
v -0.01318283 0.00718200 0.08537299
v -0.01322782 0.00718300 0.08537299
v -0.01322782 0.00718300 0.08537299
v -0.01322782 0.00718300 0.08537299
v -0.01322782 0.00718300 0.08537299
v -0.01322782 0.00718300 0.08537299
v -0.01322782 0.00718300 0.08537299
v -0.01537337 0.00697100 0.08758900
v -0.01537337 0.00697100 0.08758900
v -0.01594272 0.00693900 0.08790000
v -0.01594272 0.00693900 0.08790000
v -0.01604589 0.00688800 0.08837700
v -0.01598073 0.00685600 0.08867700
v -0.01580077 0.00682700 0.08894200
v -0.01580077 0.00682700 0.08894200
v -0.01526089 0.00681700 0.08903100
v -0.01526089 0.00681700 0.08903100
v -0.01448287 0.00862800 0.06572699
v -0.01448287 0.00862800 0.06572699
v -0.01448287 0.00862800 0.06572699
v -0.01448287 0.00862800 0.06572699
v -0.01580076 0.00863000 0.06571000
v -0.01580076 0.00863000 0.06571000
v -0.01580076 0.00863000 0.06571000
v -0.01580076 0.00863000 0.06571000
v -0.01584497 -0.00863400 0.06571000
v -0.01584497 -0.00863400 0.06571000
v -0.01584497 -0.00863400 0.06571000
v -0.01584497 -0.00863400 0.06571000
v -0.01505689 -0.00683400 0.08886500
v -0.01602727 -0.00691400 0.08813700
v -0.01602727 -0.00691400 0.08813700
v -0.01601021 -0.00692100 0.08807100
v -0.01798200 -0.00716900 0.08552800
v -0.01798200 -0.00716900 0.08552800
v -0.01798200 -0.00716900 0.08552800
v -0.01698524 -0.00680500 0.08912500
v -0.01698524 -0.00680500 0.08912500
v -0.01698524 -0.00680500 0.08912500
v -0.01698524 -0.00680500 0.08912500
v -0.01698524 -0.00680500 0.08912500
v -0.01698524 -0.00680500 0.08912500
v -0.01708220 -0.00679700 0.08917100
v -0.01708220 -0.00679700 0.08917100
v -0.01708220 -0.00679700 0.08917100
v -0.01708220 -0.00679700 0.08917100
v -0.01717916 -0.00678300 0.08921300
v -0.01717916 -0.00678300 0.08921300
v -0.01717916 -0.00678300 0.08921300
v -0.01717916 -0.00678300 0.08921300
v -0.01727768 -0.00676300 0.08925600
v -0.01727768 -0.00676300 0.08925600
v -0.01727768 -0.00676300 0.08925600
v -0.01727768 -0.00676300 0.08925600
v -0.01727768 -0.00676300 0.08925600
v -0.01727768 -0.00676300 0.08925600
v -0.01727768 -0.00676300 0.08925600
v -0.01727768 -0.00676300 0.08925600
v -0.01727768 -0.00676300 0.08925600
v -0.01802854 -0.00718400 0.08536200
v -0.01802854 -0.00718400 0.08536200
v -0.01802854 -0.00718400 0.08536200
v -0.01802854 -0.00718400 0.08536200
v -0.01802854 -0.00718400 0.08536200
v -0.01802854 -0.00718400 0.08536200
v -0.01905167 -0.00748800 0.08169600
v -0.01905167 -0.00748800 0.08169600
v -0.01905167 -0.00748800 0.08169600
v -0.01905167 -0.00748800 0.08169600
v -0.01905167 -0.00748800 0.08169600
v -0.01787107 -0.00764400 0.07961200
v -0.01787107 -0.00764400 0.07961200
v -0.01728620 -0.00769200 0.07893200
v -0.01728620 -0.00769200 0.07893200
v -0.01839387 -0.00868000 0.06571000
v -0.01839387 -0.00868000 0.06571000
v -0.01839387 -0.00868000 0.06571000
v -0.01839387 -0.00868000 0.06571000
v -0.01444952 -0.00791900 0.07551399
v -0.01455113 -0.00863200 0.06572699
v -0.01455113 -0.00863200 0.06572699
v -0.01455113 -0.00863200 0.06572699
v -0.01455113 -0.00863200 0.06572699
v -0.01614906 -0.00629100 0.09296500
v -0.01614906 -0.00629100 0.09296500
v -0.01614906 -0.00629100 0.09296500
v -0.01614906 -0.00629100 0.09296500
v -0.01614906 -0.00629100 0.09296500
v -0.01614906 -0.00629100 0.09296500
v -0.01614906 -0.00629100 0.09296500
v -0.01614906 -0.00629100 0.09296500
v -0.01614906 -0.00629100 0.09296500
v -0.01537337 -0.00681200 0.08907100
v -0.01537337 -0.00681200 0.08907100
v -0.01552851 -0.00598400 0.09487500
v -0.01552851 -0.00598400 0.09487500
v -0.01552851 -0.00598400 0.09487500
v -0.01552851 -0.00598400 0.09487500
v -0.01563555 -0.00597900 0.09486100
v -0.01563555 -0.00597900 0.09486100
v -0.01563555 -0.00597900 0.09486100
v -0.01563555 -0.00597900 0.09486100
v -0.01563555 -0.00597900 0.09486100
v -0.01563555 -0.00597900 0.09486100
v -0.01537337 0.00681200 0.08907100
v -0.01537337 0.00681200 0.08907100
v -0.01708220 0.00679600 0.08916800
v -0.01708220 0.00679600 0.08916800
v -0.01708220 0.00679600 0.08916800
v -0.01708220 0.00679600 0.08916800
v -0.01708220 0.00679600 0.08916800
v -0.01708220 0.00679600 0.08916800
v -0.01605210 0.00630600 0.09292200
v -0.01605210 0.00630600 0.09292200
v -0.01605210 0.00630600 0.09292200
v -0.01605210 0.00630600 0.09292200
v -0.01605210 0.00630600 0.09292200
v -0.01554014 0.00599300 0.09481800
v -0.01554014 0.00599300 0.09481800
v -0.01554014 0.00599300 0.09481800
v -0.01554014 0.00599300 0.09481800
v -0.01554014 0.00599300 0.09481800
v -0.01551920 0.00598300 0.09487500
v -0.01551920 0.00598300 0.09487500
v -0.01551920 0.00598300 0.09487500
v -0.01551920 0.00598300 0.09487500
v -0.01449993 0.00863000 0.06572699
v -0.01449993 0.00863000 0.06572699
v -0.01449993 0.00863000 0.06572699
v -0.01449993 0.00863000 0.06572699
v -0.01449993 0.00863000 0.06572699
v -0.01449993 0.00863000 0.06572699
v -0.01455113 0.00863300 0.06572699
v -0.01455113 0.00863300 0.06572699
v -0.01455113 0.00863300 0.06572699
v -0.01455113 0.00863300 0.06572699
v -0.01455113 0.00863300 0.06572699
v -0.01455113 0.00863300 0.06572699
v -0.01455113 0.00863300 0.06572699
v -0.01445107 0.00792000 0.07551699
v -0.01725983 0.00769600 0.07887500
v -0.01725983 0.00769600 0.07887500
v -0.01778652 0.00764900 0.07955200
v -0.01778652 0.00764900 0.07955200
v -0.01905167 0.00748900 0.08169600
v -0.01905167 0.00748900 0.08169600
v -0.01905167 0.00748900 0.08169600
v -0.01905167 0.00748900 0.08169600
v -0.01905167 0.00748900 0.08169600
v -0.01905167 0.00748900 0.08169600
v -0.01905167 0.00748900 0.08169600
v -0.01455269 0.00718500 0.08536199
v -0.01455269 0.00718500 0.08536199
v -0.01455269 0.00718500 0.08536199
v -0.01555333 0.00697100 0.08758900
v -0.01555333 0.00697100 0.08758900
v -0.01732422 0.00693900 0.08790000
v -0.01732422 0.00693900 0.08790000
v -0.01732422 0.00693900 0.08790000
v -0.01732422 0.00693900 0.08790000
v -0.01732422 0.00693900 0.08790000
v -0.01732422 0.00693900 0.08790000
v -0.01732422 0.00693900 0.08790000
v -0.01732422 0.00693900 0.08790000
v -0.01732422 0.00693900 0.08790000
v -0.01732422 0.00693900 0.08790000
v -0.01732422 0.00693900 0.08790000
v -0.01705971 0.00683500 0.08885700
v -0.01705971 0.00683500 0.08885700
v -0.01705971 0.00683500 0.08885700
v -0.01582325 0.00863200 0.06571000
v -0.01582325 0.00863200 0.06571000
v -0.01582325 0.00863200 0.06571000
v -0.01582325 0.00863200 0.06571000
v -0.01600090 -0.00686100 0.08862000
v -0.01836363 -0.00712500 0.08535900
v -0.01836363 -0.00712500 0.08535900
v -0.01624679 -0.00626700 0.09300800
v -0.01624679 -0.00626700 0.09300800
v -0.01624679 -0.00626700 0.09300800
v -0.01624679 -0.00626700 0.09300800
v -0.01634608 -0.00624200 0.09305100
v -0.01634608 -0.00624200 0.09305100
v -0.01634608 -0.00624200 0.09305100
v -0.01634608 -0.00624200 0.09305100
v -0.01634608 -0.00624200 0.09305100
v -0.01634608 -0.00624200 0.09305100
v -0.01634608 -0.00624200 0.09305100
v -0.01737774 -0.00673600 0.08930200
v -0.01737774 -0.00673600 0.08930200
v -0.01737774 -0.00673600 0.08930200
v -0.01737774 -0.00673600 0.08930200
v -0.01737774 -0.00673600 0.08930200
v -0.01847611 -0.00710300 0.08536200
v -0.01847611 -0.00710300 0.08536200
v -0.01847611 -0.00710300 0.08536200
v -0.01847611 -0.00710300 0.08536200
v -0.01934565 -0.00745100 0.08183300
v -0.01934565 -0.00745100 0.08183300
v -0.01934565 -0.00745100 0.08183300
v -0.01934565 -0.00745100 0.08183300
v -0.01934565 -0.00745100 0.08183300
v -0.01924481 -0.00746900 0.08178700
v -0.01924481 -0.00746900 0.08178700
v -0.01924481 -0.00746900 0.08178700
v -0.01924481 -0.00746900 0.08178700
v -0.01914863 -0.00748100 0.08174100
v -0.01914863 -0.00748100 0.08174100
v -0.01914863 -0.00748100 0.08174100
v -0.01914863 -0.00748100 0.08174100
v -0.02367784 -0.00864800 0.06571000
v -0.02367784 -0.00864800 0.06571000
v -0.02367784 -0.00864800 0.06571000
v -0.02367784 -0.00864800 0.06571000
v -0.02216448 -0.00866500 0.06571000
v -0.02216448 -0.00866500 0.06571000
v -0.02216448 -0.00866500 0.06571000
v -0.01836441 -0.00764400 0.07961200
v -0.01574027 -0.00596200 0.09487500
v -0.01574027 -0.00596200 0.09487500
v -0.01574027 -0.00596200 0.09487500
v -0.01574027 -0.00596200 0.09487500
v -0.01574027 -0.00596200 0.09487500
v -0.01574027 -0.00596200 0.09487500
v -0.01563323 -0.00597500 0.09487500
v -0.01563323 -0.00597500 0.09487500
v -0.01563323 -0.00597500 0.09487500
v -0.01717917 0.00678300 0.08921300
v -0.01717917 0.00678300 0.08921300
v -0.01717917 0.00678300 0.08921300
v -0.01717917 0.00678300 0.08921300
v -0.01717917 0.00678300 0.08921300
v -0.01614906 0.00629000 0.09296500
v -0.01614906 0.00629000 0.09296500
v -0.01614906 0.00629000 0.09296500
v -0.01614906 0.00629000 0.09296500
v -0.01614906 0.00629000 0.09296500
v -0.01614906 0.00629000 0.09296500
v -0.01563555 0.00597800 0.09486100
v -0.01563555 0.00597800 0.09486100
v -0.01563555 0.00597800 0.09486100
v -0.01563555 0.00597800 0.09486100
v -0.01563555 0.00597800 0.09486100
v -0.01563323 0.00597500 0.09487500
v -0.01563323 0.00597500 0.09487500
v -0.01563323 0.00597500 0.09487500
v -0.01586824 0.00863300 0.06571000
v -0.01586824 0.00863300 0.06571000
v -0.01586824 0.00863300 0.06571000
v -0.02213966 0.00866600 0.06571000
v -0.02213966 0.00866600 0.06571000
v -0.02213966 0.00866600 0.06571000
v -0.02213966 0.00866600 0.06571000
v -0.02367784 0.00864700 0.06571000
v -0.02367784 0.00864700 0.06571000
v -0.02367784 0.00864700 0.06571000
v -0.02367784 0.00864700 0.06571000
v -0.01914863 0.00748100 0.08174100
v -0.01914863 0.00748100 0.08174100
v -0.01914863 0.00748100 0.08174100
v -0.01914863 0.00748100 0.08174100
v -0.01807741 0.00716300 0.08535900
v -0.01807741 0.00716300 0.08535900
v -0.01807741 0.00716300 0.08535900
v -0.01807741 0.00716300 0.08535900
v -0.01727768 0.00676200 0.08925600
v -0.01727768 0.00676200 0.08925600
v -0.01727768 0.00676200 0.08925600
v -0.01727768 0.00676200 0.08925600
v -0.01727768 0.00676200 0.08925600
v -0.01727768 0.00676200 0.08925600
v -0.01924481 0.00746900 0.08178700
v -0.01924481 0.00746900 0.08178700
v -0.01924481 0.00746900 0.08178700
v -0.01924481 0.00746900 0.08178700
v -0.01924481 0.00746900 0.08178700
v -0.01934565 0.00745000 0.08183300
v -0.01934565 0.00745000 0.08183300
v -0.01934565 0.00745000 0.08183300
v -0.01934565 0.00745000 0.08183300
v -0.01934565 0.00745000 0.08183300
v -0.01934565 0.00745000 0.08183300
v -0.01934565 0.00745000 0.08183300
v -0.01836363 0.00712400 0.08535900
v -0.01836363 0.00712400 0.08535900
v -0.01836363 0.00712400 0.08535900
v -0.01836363 0.00712400 0.08535900
v -0.01584732 -0.00593800 0.09487500
v -0.01584732 -0.00593800 0.09487500
v -0.01584732 -0.00593800 0.09487500
v -0.01596134 -0.00591100 0.09487500
v -0.01596134 -0.00591100 0.09487500
v -0.01596134 -0.00591100 0.09487500
v -0.01596134 -0.00591100 0.09487500
v -0.01596134 -0.00591100 0.09487500
v -0.01596134 -0.00591100 0.09487500
v -0.01644459 -0.00620800 0.09309400
v -0.01644459 -0.00620800 0.09309400
v -0.01644459 -0.00620800 0.09309400
v -0.01644459 -0.00620800 0.09309400
v -0.01747780 -0.00670200 0.08934500
v -0.01747780 -0.00670200 0.08934500
v -0.01747780 -0.00670200 0.08934500
v -0.01747780 -0.00670200 0.08934500
v -0.01747780 -0.00670200 0.08934500
v -0.01747780 -0.00670200 0.08934500
v -0.01747780 -0.00670200 0.08934500
v -0.01853584 -0.00708700 0.08536200
v -0.01853584 -0.00708700 0.08536200
v -0.01853584 -0.00708700 0.08536200
v -0.01954655 -0.00739300 0.08192100
v -0.01954655 -0.00739300 0.08192100
v -0.01954655 -0.00739300 0.08192100
v -0.01954655 -0.00739300 0.08192100
v -0.01954655 -0.00739300 0.08192100
v -0.01954655 -0.00739300 0.08192100
v -0.01954655 -0.00739300 0.08192100
v -0.01954655 -0.00739300 0.08192100
v -0.01944494 -0.00742500 0.08187600
v -0.01944494 -0.00742500 0.08187600
v -0.01944494 -0.00742500 0.08187600
v -0.01944494 -0.00742500 0.08187600
v -0.02401294 -0.00860200 0.06571000
v -0.02401294 -0.00860200 0.06571000
v -0.02401294 -0.00860200 0.06571000
v -0.02390124 -0.00862400 0.06571000
v -0.02390124 -0.00862400 0.06571000
v -0.02390124 -0.00862400 0.06571000
v -0.02378877 -0.00863900 0.06571000
v -0.02378877 -0.00863900 0.06571000
v -0.02378877 -0.00863900 0.06571000
v -0.01624679 0.00626800 0.09300800
v -0.01624679 0.00626800 0.09300800
v -0.01624679 0.00626800 0.09300800
v -0.01624679 0.00626800 0.09300800
v -0.01624679 0.00626800 0.09300800
v -0.01624679 0.00626800 0.09300800
v -0.01566581 0.00597100 0.09487500
v -0.01566581 0.00597100 0.09487500
v -0.01566581 0.00597100 0.09487500
v -0.01566581 0.00597100 0.09487500
v -0.01566581 0.00597100 0.09487500
v -0.02376782 0.00864000 0.06571000
v -0.02376782 0.00864000 0.06571000
v -0.01737774 0.00673700 0.08930200
v -0.01737774 0.00673700 0.08930200
v -0.01737774 0.00673700 0.08930200
v -0.01737774 0.00673700 0.08930200
v -0.01737774 0.00673700 0.08930200
v -0.01737774 0.00673700 0.08930200
v -0.01737774 0.00673700 0.08930200
v -0.02378877 0.00863900 0.06571000
v -0.02378877 0.00863900 0.06571000
v -0.02378877 0.00863900 0.06571000
v -0.02387797 0.00862700 0.06571000
v -0.02387797 0.00862700 0.06571000
v -0.02387797 0.00862700 0.06571000
v -0.02390124 0.00862300 0.06571000
v -0.02390124 0.00862300 0.06571000
v -0.02390124 0.00862300 0.06571000
v -0.02399045 0.00860600 0.06571000
v -0.02399045 0.00860600 0.06571000
v -0.02399045 0.00860600 0.06571000
v -0.02399045 0.00860600 0.06571000
v -0.01944494 0.00742500 0.08187600
v -0.01944494 0.00742500 0.08187600
v -0.01944494 0.00742500 0.08187600
v -0.01944494 0.00742500 0.08187600
v -0.01944494 0.00742500 0.08187600
v -0.01944494 0.00742500 0.08187600
v -0.01841638 0.00711400 0.08535900
v -0.01629178 -0.00575400 0.09487500
v -0.01629178 -0.00575400 0.09487500
v -0.01629178 -0.00575400 0.09487500
v -0.01674323 -0.00606200 0.09321100
v -0.01674323 -0.00606200 0.09321100
v -0.01674323 -0.00606200 0.09321100
v -0.01674323 -0.00606200 0.09321100
v -0.01674323 -0.00606200 0.09321100
v -0.01664394 -0.00611800 0.09317400
v -0.01664394 -0.00611800 0.09317400
v -0.01664394 -0.00611800 0.09317400
v -0.01664394 -0.00611800 0.09317400
v -0.01664394 -0.00611800 0.09317400
v -0.01654466 -0.00616700 0.09313400
v -0.01654466 -0.00616700 0.09313400
v -0.01654466 -0.00616700 0.09313400
v -0.01654466 -0.00616700 0.09313400
v -0.01654466 -0.00616700 0.09313400
v -0.01757864 -0.00666100 0.08938800
v -0.01757864 -0.00666100 0.08938800
v -0.01757864 -0.00666100 0.08938800
v -0.01757864 -0.00666100 0.08938800
v -0.01757864 -0.00666100 0.08938800
v -0.01865064 -0.00705500 0.08535900
v -0.01865064 -0.00705500 0.08535900
v -0.01865064 -0.00705500 0.08535900
v -0.01964739 -0.00735200 0.08196700
v -0.01964739 -0.00735200 0.08196700
v -0.01964739 -0.00735200 0.08196700
v -0.01964739 -0.00735200 0.08196700
v -0.01964739 -0.00735200 0.08196700
v -0.01964739 -0.00735200 0.08196700
v -0.02424022 -0.00853700 0.06571000
v -0.02424022 -0.00853700 0.06571000
v -0.02424022 -0.00853700 0.06571000
v -0.02415179 -0.00856600 0.06571000
v -0.02415179 -0.00856600 0.06571000
v -0.02415179 -0.00856600 0.06571000
v -0.02412619 -0.00857300 0.06571000
v -0.02412619 -0.00857300 0.06571000
v -0.02412619 -0.00857300 0.06571000
v -0.01634608 0.00624100 0.09305100
v -0.01634608 0.00624100 0.09305100
v -0.01634608 0.00624100 0.09305100
v -0.01634608 0.00624100 0.09305100
v -0.01634608 0.00624100 0.09305100
v -0.01634608 0.00624100 0.09305100
v -0.01634608 0.00624100 0.09305100
v -0.01574415 0.00595900 0.09487500
v -0.01574415 0.00595900 0.09487500
v -0.01574415 0.00595900 0.09487500
v -0.01574415 0.00595900 0.09487500
v -0.01858858 0.00707300 0.08536200
v -0.01858858 0.00707300 0.08536200
v -0.01858858 0.00707300 0.08536200
v -0.01747780 0.00670300 0.08934500
v -0.01747780 0.00670300 0.08934500
v -0.01747780 0.00670300 0.08934500
v -0.01747780 0.00670300 0.08934500
v -0.01747780 0.00670300 0.08934500
v -0.01747780 0.00670300 0.08934500
v -0.01747780 0.00670300 0.08934500
v -0.01847611 0.00710200 0.08535900
v -0.01847611 0.00710200 0.08535900
v -0.01847611 0.00710200 0.08535900
v -0.01954655 0.00739200 0.08192100
v -0.01954655 0.00739200 0.08192100
v -0.01954655 0.00739200 0.08192100
v -0.01954655 0.00739200 0.08192100
v -0.01954655 0.00739200 0.08192100
v -0.01954655 0.00739200 0.08192100
v -0.02401294 0.00860100 0.06571000
v -0.02401294 0.00860100 0.06571000
v -0.02401294 0.00860100 0.06571000
v -0.02412619 0.00857400 0.06571000
v -0.02412619 0.00857400 0.06571000
v -0.02412619 0.00857400 0.06571000
v -0.02412619 0.00857400 0.06571000
v -0.01635306 -0.00572400 0.09487500
v -0.01635306 -0.00572400 0.09487500
v -0.01635306 -0.00572400 0.09487500
v -0.01684097 -0.00600100 0.09324800
v -0.01684097 -0.00600100 0.09324800
v -0.01684097 -0.00600100 0.09324800
v -0.01684097 -0.00600100 0.09324800
v -0.01684097 -0.00600100 0.09324800
v -0.01684097 -0.00600100 0.09324800
v -0.01684097 -0.00600100 0.09324800
v -0.01684097 -0.00600100 0.09324800
v -0.01777799 -0.00656100 0.08947000
v -0.01777799 -0.00656100 0.08947000
v -0.01777799 -0.00656100 0.08947000
v -0.01777799 -0.00656100 0.08947000
v -0.01777799 -0.00656100 0.08947000
v -0.01777799 -0.00656100 0.08947000
v -0.01777799 -0.00656100 0.08947000
v -0.01777799 -0.00656100 0.08947000
v -0.01767793 -0.00661400 0.08942800
v -0.01767793 -0.00661400 0.08942800
v -0.01767793 -0.00661400 0.08942800
v -0.01767793 -0.00661400 0.08942800
v -0.01767793 -0.00661400 0.08942800
v -0.01870106 -0.00703800 0.08536200
v -0.01870106 -0.00703800 0.08536200
v -0.01870106 -0.00703800 0.08536200
v -0.01881586 -0.00699400 0.08535900
v -0.01881586 -0.00699400 0.08535900
v -0.01881586 -0.00699400 0.08535900
v -0.01881586 -0.00699400 0.08535900
v -0.01974823 -0.00730600 0.08201000
v -0.01974823 -0.00730600 0.08201000
v -0.01974823 -0.00730600 0.08201000
v -0.01974823 -0.00730600 0.08201000
v -0.01974823 -0.00730600 0.08201000
v -0.01974823 -0.00730600 0.08201000
v -0.02426581 -0.00852900 0.06571000
v -0.02426581 -0.00852900 0.06571000
v -0.02426581 -0.00852900 0.06571000
v -0.02426581 -0.00852900 0.06571000
v -0.01644459 0.00620500 0.09309400
v -0.01644459 0.00620500 0.09309400
v -0.01644459 0.00620500 0.09309400
v -0.01644459 0.00620500 0.09309400
v -0.01596755 0.00590800 0.09487500
v -0.01596755 0.00590800 0.09487500
v -0.01596755 0.00590800 0.09487500
v -0.01596755 0.00590800 0.09487500
v -0.01596755 0.00590800 0.09487500
v -0.01596755 0.00590800 0.09487500
v -0.01596755 0.00590800 0.09487500
v -0.01585507 0.00593700 0.09487500
v -0.01585507 0.00593700 0.09487500
v -0.01585507 0.00593700 0.09487500
v -0.01964739 0.00735300 0.08196700
v -0.01964739 0.00735300 0.08196700
v -0.01964739 0.00735300 0.08196700
v -0.01964739 0.00735300 0.08196700
v -0.01964739 0.00735300 0.08196700
v -0.01964739 0.00735300 0.08196700
v -0.01964739 0.00735300 0.08196700
v -0.01964739 0.00735300 0.08196700
v -0.01870261 0.00703700 0.08535900
v -0.01870261 0.00703700 0.08535900
v -0.01870261 0.00703700 0.08535900
v -0.01757864 0.00666200 0.08938800
v -0.01757864 0.00666200 0.08938800
v -0.01757864 0.00666200 0.08938800
v -0.01757864 0.00666200 0.08938800
v -0.01757864 0.00666200 0.08938800
v -0.02421539 0.00854700 0.06571000
v -0.02421539 0.00854700 0.06571000
v -0.02421539 0.00854700 0.06571000
v -0.02421539 0.00854700 0.06571000
v -0.01639960 -0.00569800 0.09487500
v -0.01639960 -0.00569800 0.09487500
v -0.01639960 -0.00569800 0.09487500
v -0.01646011 -0.00566300 0.09487500
v -0.01646011 -0.00566300 0.09487500
v -0.01646011 -0.00566300 0.09487500
v -0.01646011 -0.00566300 0.09487500
v -0.01693793 -0.00593100 0.09328200
v -0.01693793 -0.00593100 0.09328200
v -0.01693793 -0.00593100 0.09328200
v -0.01693793 -0.00593100 0.09328200
v -0.01693793 -0.00593100 0.09328200
v -0.01797424 -0.00643000 0.08954800
v -0.01797424 -0.00643000 0.08954800
v -0.01797424 -0.00643000 0.08954800
v -0.01797424 -0.00643000 0.08954800
v -0.01797424 -0.00643000 0.08954800
v -0.01797424 -0.00643000 0.08954800
v -0.01787728 -0.00649800 0.08950800
v -0.01787728 -0.00649800 0.08950800
v -0.01787728 -0.00649800 0.08950800
v -0.01787728 -0.00649800 0.08950800
v -0.01787728 -0.00649800 0.08950800
v -0.01892601 -0.00694500 0.08536200
v -0.01892601 -0.00694500 0.08536200
v -0.01903693 -0.00688700 0.08535900
v -0.01903693 -0.00688700 0.08535900
v -0.01903693 -0.00688700 0.08535900
v -0.01903693 -0.00688700 0.08535900
v -0.01892756 -0.00694500 0.08535900
v -0.01984829 -0.00725400 0.08205300
v -0.01984829 -0.00725400 0.08205300
v -0.01984829 -0.00725400 0.08205300
v -0.01984829 -0.00725400 0.08205300
v -0.01984829 -0.00725400 0.08205300
v -0.01984829 -0.00725400 0.08205300
v -0.01984829 -0.00725400 0.08205300
v -0.02435424 -0.00849500 0.06571000
v -0.02435424 -0.00849500 0.06571000
v -0.02435424 -0.00849500 0.06571000
v -0.01654466 0.00616500 0.09313400
v -0.01654466 0.00616500 0.09313400
v -0.01654466 0.00616500 0.09313400
v -0.01654466 0.00616500 0.09313400
v -0.01654466 0.00616500 0.09313400
v -0.01629178 0.00575400 0.09487500
v -0.01629178 0.00575400 0.09487500
v -0.01629178 0.00575400 0.09487500
v -0.01664394 0.00611700 0.09317400
v -0.01664394 0.00611700 0.09317400
v -0.01664394 0.00611700 0.09317400
v -0.01664394 0.00611700 0.09317400
v -0.01664394 0.00611700 0.09317400
v -0.01674323 0.00606300 0.09321100
v -0.01674323 0.00606300 0.09321100
v -0.01674323 0.00606300 0.09321100
v -0.01674323 0.00606300 0.09321100
v -0.01674323 0.00606300 0.09321100
v -0.01674323 0.00606300 0.09321100
v -0.02424022 0.00853800 0.06571000
v -0.02424022 0.00853800 0.06571000
v -0.02424022 0.00853800 0.06571000
v -0.02435424 0.00849600 0.06571000
v -0.02435424 0.00849600 0.06571000
v -0.02435424 0.00849600 0.06571000
v -0.02435424 0.00849600 0.06571000
v -0.02435424 0.00849600 0.06571000
v -0.01974823 0.00730600 0.08201000
v -0.01974823 0.00730600 0.08201000
v -0.01974823 0.00730600 0.08201000
v -0.01974823 0.00730600 0.08201000
v -0.01881586 0.00699500 0.08535900
v -0.01881586 0.00699500 0.08535900
v -0.01881586 0.00699500 0.08535900
v -0.01881586 0.00699500 0.08535900
v -0.01881586 0.00699500 0.08535900
v -0.01767948 0.00661500 0.08942800
v -0.01767948 0.00661500 0.08942800
v -0.01767948 0.00661500 0.08942800
v -0.01767948 0.00661500 0.08942800
v -0.01767948 0.00661500 0.08942800
v -0.01650355 -0.00563600 0.09487500
v -0.01650355 -0.00563600 0.09487500
v -0.01650355 -0.00563600 0.09487500
v -0.01650355 -0.00563600 0.09487500
v -0.01703489 -0.00585600 0.09331600
v -0.01703489 -0.00585600 0.09331600
v -0.01703489 -0.00585600 0.09331600
v -0.01703489 -0.00585600 0.09331600
v -0.01703489 -0.00585600 0.09331600
v -0.01703489 -0.00585600 0.09331600
v -0.01703489 -0.00585600 0.09331600
v -0.01703489 -0.00585600 0.09331600
v -0.01806965 -0.00635500 0.08958200
v -0.01806965 -0.00635500 0.08958200
v -0.01806965 -0.00635500 0.08958200
v -0.01806965 -0.00635500 0.08958200
v -0.01806965 -0.00635500 0.08958200
v -0.01920680 -0.00678200 0.08536200
v -0.01920680 -0.00678200 0.08536200
v -0.01914553 -0.00682200 0.08536200
v -0.01914553 -0.00682200 0.08536200
v -0.01914553 -0.00682200 0.08536200
v -0.01914553 -0.00682200 0.08536200
v -0.01909821 -0.00685100 0.08535900
v -0.02004609 -0.00712500 0.08213500
v -0.02004609 -0.00712500 0.08213500
v -0.02004609 -0.00712500 0.08213500
v -0.02004609 -0.00712500 0.08213500
v -0.02004609 -0.00712500 0.08213500
v -0.02004609 -0.00712500 0.08213500
v -0.02004609 -0.00712500 0.08213500
v -0.01994681 -0.00719100 0.08209500
v -0.01994681 -0.00719100 0.08209500
v -0.01994681 -0.00719100 0.08209500
v -0.01994681 -0.00719100 0.08209500
v -0.02457686 -0.00838800 0.06571000
v -0.02457686 -0.00838800 0.06571000
v -0.02457686 -0.00838800 0.06571000
v -0.02457686 -0.00838800 0.06571000
v -0.02449154 -0.00843200 0.06571000
v -0.02449154 -0.00843200 0.06571000
v -0.02449154 -0.00843200 0.06571000
v -0.02446516 -0.00844600 0.06571000
v -0.02446516 -0.00844600 0.06571000
v -0.02446516 -0.00844600 0.06571000
v -0.01639960 0.00570000 0.09487500
v -0.01639960 0.00570000 0.09487500
v -0.01639960 0.00570000 0.09487500
v -0.01639960 0.00570000 0.09487500
v -0.01777799 0.00656000 0.08947000
v -0.01777799 0.00656000 0.08947000
v -0.01777799 0.00656000 0.08947000
v -0.01777799 0.00656000 0.08947000
v -0.01777799 0.00656000 0.08947000
v -0.01777799 0.00656000 0.08947000
v -0.01777799 0.00656000 0.08947000
v -0.01684252 0.00600000 0.09324800
v -0.01684252 0.00600000 0.09324800
v -0.01684252 0.00600000 0.09324800
v -0.01684252 0.00600000 0.09324800
v -0.01684252 0.00600000 0.09324800
v -0.01787728 0.00649900 0.08950800
v -0.01787728 0.00649900 0.08950800
v -0.01787728 0.00649900 0.08950800
v -0.01787728 0.00649900 0.08950800
v -0.01787728 0.00649900 0.08950800
v -0.01787728 0.00649900 0.08950800
v -0.02446516 0.00844500 0.06571000
v -0.02446516 0.00844500 0.06571000
v -0.02446516 0.00844500 0.06571000
v -0.01984829 0.00725300 0.08205300
v -0.01984829 0.00725300 0.08205300
v -0.01984829 0.00725300 0.08205300
v -0.01984829 0.00725300 0.08205300
v -0.01984829 0.00725300 0.08205300
v -0.01984829 0.00725300 0.08205300
v -0.01984829 0.00725300 0.08205300
v -0.01984829 0.00725300 0.08205300
v -0.01984829 0.00725300 0.08205300
v -0.01886395 0.00697300 0.08536200
v -0.01886395 0.00697300 0.08536200
v -0.01656483 -0.00559500 0.09487500
v -0.01656483 -0.00559500 0.09487500
v -0.01660671 -0.00556600 0.09487500
v -0.01660671 -0.00556600 0.09487500
v -0.01660671 -0.00556600 0.09487500
v -0.01670755 -0.00549000 0.09487500
v -0.01670755 -0.00549000 0.09487500
v -0.01670755 -0.00549000 0.09487500
v -0.01670755 -0.00549000 0.09487500
v -0.01712720 -0.00577300 0.09334800
v -0.01712720 -0.00577300 0.09334800
v -0.01712720 -0.00577300 0.09334800
v -0.01712720 -0.00577300 0.09334800
v -0.01712720 -0.00577300 0.09334800
v -0.01712720 -0.00577300 0.09334800
v -0.01816351 -0.00627200 0.08961900
v -0.01816351 -0.00627200 0.08961900
v -0.01816351 -0.00627200 0.08961900
v -0.01816351 -0.00627200 0.08961900
v -0.01816351 -0.00627200 0.08961900
v -0.01816351 -0.00627200 0.08961900
v -0.01935496 -0.00667300 0.08535900
v -0.01935496 -0.00667300 0.08535900
v -0.01931152 -0.00670500 0.08536200
v -0.02014228 -0.00705000 0.08217600
v -0.02014228 -0.00705000 0.08217600
v -0.02014228 -0.00705000 0.08217600
v -0.02014228 -0.00705000 0.08217600
v -0.02014228 -0.00705000 0.08217600
v -0.02014228 -0.00705000 0.08217600
v -0.02014228 -0.00705000 0.08217600
v -0.02014228 -0.00705000 0.08217600
v -0.02471261 -0.00830600 0.06571000
v -0.02471261 -0.00830600 0.06571000
v -0.02471261 -0.00830600 0.06571000
v -0.02471261 -0.00830600 0.06571000
v -0.02468623 -0.00832300 0.06571000
v -0.02468623 -0.00832300 0.06571000
v -0.02468623 -0.00832300 0.06571000
v -0.02460324 -0.00837300 0.06571000
v -0.02460324 -0.00837300 0.06571000
v -0.02460324 -0.00837300 0.06571000
v -0.01650355 0.00563700 0.09487500
v -0.01650355 0.00563700 0.09487500
v -0.01650355 0.00563700 0.09487500
v -0.01650355 0.00563700 0.09487500
v -0.01693793 0.00593200 0.09328200
v -0.01693793 0.00593200 0.09328200
v -0.01693793 0.00593200 0.09328200
v -0.01693793 0.00593200 0.09328200
v -0.01693793 0.00593200 0.09328200
v -0.01892601 0.00694400 0.08536200
v -0.01892601 0.00694400 0.08536200
v -0.01892756 0.00694400 0.08535900
v -0.01892756 0.00694400 0.08535900
v -0.01892756 0.00694400 0.08535900
v -0.01897487 0.00691900 0.08536200
v -0.01897487 0.00691900 0.08536200
v -0.01797424 0.00643100 0.08954800
v -0.01797424 0.00643100 0.08954800
v -0.01797424 0.00643100 0.08954800
v -0.01797424 0.00643100 0.08954800
v -0.01797424 0.00643100 0.08954800
v -0.01797424 0.00643100 0.08954800
v -0.01797424 0.00643100 0.08954800
v -0.01914553 0.00682200 0.08536200
v -0.01914553 0.00682200 0.08536200
v -0.01914553 0.00682200 0.08536200
v -0.01994758 0.00719200 0.08209500
v -0.01994758 0.00719200 0.08209500
v -0.01994758 0.00719200 0.08209500
v -0.01994758 0.00719200 0.08209500
v -0.01994758 0.00719200 0.08209500
v -0.01994758 0.00719200 0.08209500
v -0.01994758 0.00719200 0.08209500
v -0.02004609 0.00712400 0.08213500
v -0.02004609 0.00712400 0.08213500
v -0.02004609 0.00712400 0.08213500
v -0.02004609 0.00712400 0.08213500
v -0.02004609 0.00712400 0.08213500
v -0.02455127 0.00840300 0.06571000
v -0.02455127 0.00840300 0.06571000
v -0.02455127 0.00840300 0.06571000
v -0.02455127 0.00840300 0.06571000
v -0.01676728 -0.00544000 0.09487500
v -0.01676728 -0.00544000 0.09487500
v -0.01676728 -0.00544000 0.09487500
v -0.01676728 -0.00544000 0.09487500
v -0.01721718 -0.00568500 0.09337600
v -0.01721718 -0.00568500 0.09337600
v -0.01721718 -0.00568500 0.09337600
v -0.01721718 -0.00568500 0.09337600
v -0.01721718 -0.00568500 0.09337600
v -0.01825504 -0.00618400 0.08965000
v -0.01825504 -0.00618400 0.08965000
v -0.01825504 -0.00618400 0.08965000
v -0.01825504 -0.00618400 0.08965000
v -0.01825504 -0.00618400 0.08965000
v -0.01945658 -0.00658800 0.08535900
v -0.01945658 -0.00658800 0.08535900
v -0.01945658 -0.00658800 0.08535900
v -0.01945658 -0.00658800 0.08535900
v -0.02023614 -0.00696700 0.08221300
v -0.02023614 -0.00696700 0.08221300
v -0.02023614 -0.00696700 0.08221300
v -0.02023614 -0.00696700 0.08221300
v -0.02489800 -0.00817400 0.06571000
v -0.02489800 -0.00817400 0.06571000
v -0.02489800 -0.00817400 0.06571000
v -0.02489800 -0.00817400 0.06571000
v -0.02479328 -0.00825200 0.06571000
v -0.02479328 -0.00825200 0.06571000
v -0.02479328 -0.00825200 0.06571000
v -0.01660671 0.00556700 0.09487500
v -0.01660671 0.00556700 0.09487500
v -0.01660671 0.00556700 0.09487500
v -0.01660671 0.00556700 0.09487500
v -0.01703489 0.00585600 0.09331600
v -0.01703489 0.00585600 0.09331600
v -0.01703489 0.00585600 0.09331600
v -0.01703489 0.00585600 0.09331600
v -0.01703489 0.00585600 0.09331600
v -0.01919207 0.00679300 0.08535900
v -0.01919207 0.00679300 0.08535900
v -0.01919207 0.00679300 0.08535900
v -0.01925179 0.00675200 0.08536200
v -0.01925179 0.00675200 0.08536200
v -0.01925179 0.00675200 0.08536200
v -0.01925179 0.00675200 0.08536200
v -0.01806965 0.00635500 0.08958200
v -0.01806965 0.00635500 0.08958200
v -0.01806965 0.00635500 0.08958200
v -0.01806965 0.00635500 0.08958200
v -0.02457686 0.00838900 0.06571000
v -0.02457686 0.00838900 0.06571000
v -0.02457686 0.00838900 0.06571000
v -0.02468624 0.00832400 0.06571000
v -0.02468624 0.00832400 0.06571000
v -0.02468624 0.00832400 0.06571000
v -0.02468624 0.00832400 0.06571000
v -0.02014228 0.00704900 0.08217600
v -0.02014228 0.00704900 0.08217600
v -0.02014228 0.00704900 0.08217600
v -0.02014228 0.00704900 0.08217600
v -0.02014228 0.00704900 0.08217600
v -0.02014228 0.00704900 0.08217600
v -0.02014228 0.00704900 0.08217600
v -0.02014228 0.00704900 0.08217600
v -0.01680529 -0.00540600 0.09487500
v -0.01680529 -0.00540600 0.09487500
v -0.01680529 -0.00540600 0.09487500
v -0.01680529 -0.00540600 0.09487500
v -0.01730560 -0.00559100 0.09340500
v -0.01730560 -0.00559100 0.09340500
v -0.01730560 -0.00559100 0.09340500
v -0.01730560 -0.00559100 0.09340500
v -0.01730560 -0.00559100 0.09340500
v -0.01730560 -0.00559100 0.09340500
v -0.01730560 -0.00559100 0.09340500
v -0.01834192 -0.00609100 0.08968200
v -0.01834192 -0.00609100 0.08968200
v -0.01834192 -0.00609100 0.08968200
v -0.01834192 -0.00609100 0.08968200
v -0.01834192 -0.00609100 0.08968200
v -0.02041610 -0.00678300 0.08228400
v -0.02041610 -0.00678300 0.08228400
v -0.02041610 -0.00678300 0.08228400
v -0.02041610 -0.00678300 0.08228400
v -0.02041610 -0.00678300 0.08228400
v -0.02041610 -0.00678300 0.08228400
v -0.02041610 -0.00678300 0.08228400
v -0.02032767 -0.00687800 0.08225000
v -0.02032767 -0.00687800 0.08225000
v -0.02032767 -0.00687800 0.08225000
v -0.02032767 -0.00687800 0.08225000
v -0.01955431 -0.00649500 0.08536200
v -0.01955431 -0.00649500 0.08536200
v -0.02492437 -0.00815200 0.06571000
v -0.02492437 -0.00815200 0.06571000
v -0.01670755 0.00548900 0.09487500
v -0.01670755 0.00548900 0.09487500
v -0.01670755 0.00548900 0.09487500
v -0.01712720 0.00577600 0.09334800
v -0.01712720 0.00577600 0.09334800
v -0.01712720 0.00577600 0.09334800
v -0.01712720 0.00577600 0.09334800
v -0.01712720 0.00577600 0.09334800
v -0.01712720 0.00577600 0.09334800
v -0.01712720 0.00577600 0.09334800
v -0.01816351 0.00627300 0.08961900
v -0.01816351 0.00627300 0.08961900
v -0.01816351 0.00627300 0.08961900
v -0.01816351 0.00627300 0.08961900
v -0.01816351 0.00627300 0.08961900
v -0.01816351 0.00627300 0.08961900
v -0.02023614 0.00696800 0.08221300
v -0.02023614 0.00696800 0.08221300
v -0.02023614 0.00696800 0.08221300
v -0.02023614 0.00696800 0.08221300
v -0.02023614 0.00696800 0.08221300
v -0.02023614 0.00696800 0.08221300
v -0.02023614 0.00696800 0.08221300
v -0.02023614 0.00696800 0.08221300
v -0.02476691 0.00827000 0.06571000
v -0.02476691 0.00827000 0.06571000
v -0.02476691 0.00827000 0.06571000
v -0.02479328 0.00825100 0.06571000
v -0.02479328 0.00825100 0.06571000
v -0.02479328 0.00825100 0.06571000
v -0.02487162 0.00819400 0.06571000
v -0.02487162 0.00819400 0.06571000
v -0.02487162 0.00819400 0.06571000
v -0.02487162 0.00819400 0.06571000
v -0.01689915 -0.00531600 0.09487500
v -0.01689915 -0.00531600 0.09487500
v -0.01689915 -0.00531600 0.09487500
v -0.01699068 -0.00522100 0.09487500
v -0.01699068 -0.00522100 0.09487500
v -0.01699068 -0.00522100 0.09487500
v -0.01699068 -0.00522100 0.09487500
v -0.01699068 -0.00522100 0.09487500
v -0.01739093 -0.00549000 0.09342800
v -0.01739093 -0.00549000 0.09342800
v -0.01739093 -0.00549000 0.09342800
v -0.01739093 -0.00549000 0.09342800
v -0.01739093 -0.00549000 0.09342800
v -0.01842802 -0.00598900 0.08971000
v -0.01842802 -0.00598900 0.08971000
v -0.01842802 -0.00598900 0.08971000
v -0.01842802 -0.00598900 0.08971000
v -0.01842802 -0.00598900 0.08971000
v -0.01842802 -0.00598900 0.08971000
v -0.01961016 -0.00643700 0.08536200
v -0.01961016 -0.00643700 0.08536200
v -0.01961016 -0.00643700 0.08536200
v -0.01961016 -0.00643700 0.08536200
v -0.02050220 -0.00668100 0.08231500
v -0.02050220 -0.00668100 0.08231500
v -0.02050220 -0.00668100 0.08231500
v -0.02050220 -0.00668100 0.08231500
v -0.02050220 -0.00668100 0.08231500
v -0.02050220 -0.00668100 0.08231500
v -0.02512295 -0.00797000 0.06571000
v -0.02512295 -0.00797000 0.06571000
v -0.02512295 -0.00797000 0.06571000
v -0.02512295 -0.00797000 0.06571000
v -0.02509812 -0.00799600 0.06571000
v -0.02509812 -0.00799600 0.06571000
v -0.02509812 -0.00799600 0.06571000
v -0.02500039 -0.00808700 0.06571000
v -0.02500039 -0.00808700 0.06571000
v -0.02500039 -0.00808700 0.06571000
v -0.01680529 0.00540700 0.09487500
v -0.01680529 0.00540700 0.09487500
v -0.01680529 0.00540700 0.09487500
v -0.01680529 0.00540700 0.09487500
v -0.01680529 0.00540700 0.09487500
v -0.01721718 0.00568600 0.09337600
v -0.01721718 0.00568600 0.09337600
v -0.01721718 0.00568600 0.09337600
v -0.01721718 0.00568600 0.09337600
v -0.01825504 0.00618500 0.08965000
v -0.01825504 0.00618500 0.08965000
v -0.01825504 0.00618500 0.08965000
v -0.01825504 0.00618500 0.08965000
v -0.01825504 0.00618500 0.08965000
v -0.01825504 0.00618500 0.08965000
v -0.01945658 0.00658800 0.08536200
v -0.01945658 0.00658800 0.08536200
v -0.01945658 0.00658800 0.08536200
v -0.01945658 0.00658800 0.08536200
v -0.02489800 0.00817300 0.06571000
v -0.02489800 0.00817300 0.06571000
v -0.02489800 0.00817300 0.06571000
v -0.02497401 0.00811100 0.06571000
v -0.02497401 0.00811100 0.06571000
v -0.02500039 0.00808800 0.06571000
v -0.02500039 0.00808800 0.06571000
v -0.02500039 0.00808800 0.06571000
v -0.02500039 0.00808800 0.06571000
v -0.02032767 0.00687800 0.08225000
v -0.02032767 0.00687800 0.08225000
v -0.02032767 0.00687800 0.08225000
v -0.02032767 0.00687800 0.08225000
v -0.01704342 -0.00515800 0.09487500
v -0.01704342 -0.00515800 0.09487500
v -0.01704342 -0.00515800 0.09487500
v -0.01747160 -0.00538400 0.09345100
v -0.01747160 -0.00538400 0.09345100
v -0.01747160 -0.00538400 0.09345100
v -0.01747160 -0.00538400 0.09345100
v -0.01747160 -0.00538400 0.09345100
v -0.01747160 -0.00538400 0.09345100
v -0.01747160 -0.00538400 0.09345100
v -0.01851024 -0.00588200 0.08973600
v -0.01851024 -0.00588200 0.08973600
v -0.01851024 -0.00588200 0.08973600
v -0.01851024 -0.00588200 0.08973600
v -0.01851024 -0.00588200 0.08973600
v -0.01851024 -0.00588200 0.08973600
v -0.01973892 -0.00629300 0.08535900
v -0.01973892 -0.00629300 0.08535900
v -0.02058287 -0.00657400 0.08234700
v -0.02058287 -0.00657400 0.08234700
v -0.02058287 -0.00657400 0.08234700
v -0.02058287 -0.00657400 0.08234700
v -0.02058287 -0.00657400 0.08234700
v -0.02519198 -0.00789700 0.06571000
v -0.02519198 -0.00789700 0.06571000
v -0.02519198 -0.00789700 0.06571000
v -0.01689915 0.00531700 0.09487500
v -0.01689915 0.00531700 0.09487500
v -0.01689915 0.00531700 0.09487500
v -0.01730560 0.00559100 0.09340500
v -0.01730560 0.00559100 0.09340500
v -0.01730560 0.00559100 0.09340500
v -0.01730560 0.00559100 0.09340500
v -0.01730560 0.00559100 0.09340500
v -0.01730560 0.00559100 0.09340500
v -0.01730560 0.00559100 0.09340500
v -0.01834347 0.00608800 0.08968200
v -0.01834347 0.00608800 0.08968200
v -0.01834347 0.00608800 0.08968200
v -0.01834347 0.00608800 0.08968200
v -0.01955431 0.00649600 0.08535900
v -0.01955431 0.00649600 0.08535900
v -0.01955431 0.00649600 0.08535900
v -0.02041610 0.00678300 0.08228400
v -0.02041610 0.00678300 0.08228400
v -0.02041610 0.00678300 0.08228400
v -0.02041610 0.00678300 0.08228400
v -0.02041610 0.00678300 0.08228400
v -0.02041610 0.00678300 0.08228400
v -0.02507330 0.00802100 0.06571000
v -0.02507330 0.00802100 0.06571000
v -0.02507330 0.00802100 0.06571000
v -0.01707678 -0.00511800 0.09487500
v -0.01707678 -0.00511800 0.09487500
v -0.01707678 -0.00511800 0.09487500
v -0.01712875 -0.00505300 0.09487500
v -0.01712875 -0.00505300 0.09487500
v -0.01712875 -0.00505300 0.09487500
v -0.01712875 -0.00505300 0.09487500
v -0.01754839 -0.00527400 0.09347100
v -0.01754839 -0.00527400 0.09347100
v -0.01754839 -0.00527400 0.09347100
v -0.01754839 -0.00527400 0.09347100
v -0.01754839 -0.00527400 0.09347100
v -0.01858703 -0.00577000 0.08975900
v -0.01858703 -0.00577000 0.08975900
v -0.01858703 -0.00577000 0.08975900
v -0.01858703 -0.00577000 0.08975900
v -0.01978934 -0.00622600 0.08536200
v -0.01978934 -0.00622600 0.08536200
v -0.02066121 -0.00646100 0.08237500
v -0.02066121 -0.00646100 0.08237500
v -0.02066121 -0.00646100 0.08237500
v -0.02066121 -0.00646100 0.08237500
v -0.02066121 -0.00646100 0.08237500
v -0.02066121 -0.00646100 0.08237500
v -0.02530446 -0.00776300 0.06571000
v -0.02530446 -0.00776300 0.06571000
v -0.02530446 -0.00776300 0.06571000
v -0.02528196 -0.00779200 0.06571000
v -0.02528196 -0.00779200 0.06571000
v -0.02528196 -0.00779200 0.06571000
v -0.01693560 0.00528000 0.09487500
v -0.01693560 0.00528000 0.09487500
v -0.01693560 0.00528000 0.09487500
v -0.01739093 0.00549100 0.09342800
v -0.01739093 0.00549100 0.09342800
v -0.01739093 0.00549100 0.09342800
v -0.01739093 0.00549100 0.09342800
v -0.01739093 0.00549100 0.09342800
v -0.01739093 0.00549100 0.09342800
v -0.01842802 0.00598800 0.08971000
v -0.01842802 0.00598800 0.08971000
v -0.01842802 0.00598800 0.08971000
v -0.01842802 0.00598800 0.08971000
v -0.01842802 0.00598800 0.08971000
v -0.02050220 0.00668300 0.08231500
v -0.02050220 0.00668300 0.08231500
v -0.02050220 0.00668300 0.08231500
v -0.02050220 0.00668300 0.08231500
v -0.02050220 0.00668300 0.08231500
v -0.02050220 0.00668300 0.08231500
v -0.02050220 0.00668300 0.08231500
v -0.02050220 0.00668300 0.08231500
v -0.02509812 0.00799500 0.06571000
v -0.02509812 0.00799500 0.06571000
v -0.02509812 0.00799500 0.06571000
v -0.01715900 -0.00501200 0.09487500
v -0.01715900 -0.00501200 0.09487500
v -0.01715900 -0.00501200 0.09487500
v -0.01720787 -0.00494300 0.09487500
v -0.01720787 -0.00494300 0.09487500
v -0.01720787 -0.00494300 0.09487500
v -0.01762208 -0.00515800 0.09348800
v -0.01762208 -0.00515800 0.09348800
v -0.01762208 -0.00515800 0.09348800
v -0.01762208 -0.00515800 0.09348800
v -0.01762208 -0.00515800 0.09348800
v -0.01866150 -0.00565300 0.08978200
v -0.01866150 -0.00565300 0.08978200
v -0.01866150 -0.00565300 0.08978200
v -0.01866150 -0.00565300 0.08978200
v -0.01866150 -0.00565300 0.08978200
v -0.01866150 -0.00565300 0.08978200
v -0.01982347 -0.00618200 0.08535900
v -0.01982347 -0.00618200 0.08535900
v -0.02073568 -0.00634400 0.08239800
v -0.02073568 -0.00634400 0.08239800
v -0.02073568 -0.00634400 0.08239800
v -0.02073568 -0.00634400 0.08239800
v -0.02073568 -0.00634400 0.08239800
v -0.02073568 -0.00634400 0.08239800
v -0.02073568 -0.00634400 0.08239800
v -0.02073568 -0.00634400 0.08239800
v -0.02538901 -0.00765100 0.06571000
v -0.02538901 -0.00765100 0.06571000
v -0.02538901 -0.00765100 0.06571000
v -0.02538901 -0.00765100 0.06571000
v -0.02536651 -0.00768200 0.06571000
v -0.02536651 -0.00768200 0.06571000
v -0.02536651 -0.00768200 0.06571000
v -0.01699068 0.00522100 0.09487500
v -0.01699068 0.00522100 0.09487500
v -0.01699068 0.00522100 0.09487500
v -0.01747160 0.00538400 0.09345100
v -0.01747160 0.00538400 0.09345100
v -0.01747160 0.00538400 0.09345100
v -0.01747160 0.00538400 0.09345100
v -0.01707678 0.00512100 0.09487500
v -0.01707678 0.00512100 0.09487500
v -0.01707678 0.00512100 0.09487500
v -0.01707678 0.00512100 0.09487500
v -0.01851024 0.00588100 0.08973600
v -0.01851024 0.00588100 0.08973600
v -0.01851024 0.00588100 0.08973600
v -0.01851024 0.00588100 0.08973600
v -0.01851024 0.00588100 0.08973600
v -0.01851024 0.00588100 0.08973600
v -0.01973892 0.00629200 0.08535900
v -0.01973892 0.00629200 0.08535900
v -0.01973892 0.00629200 0.08535900
v -0.01973892 0.00629200 0.08535900
v -0.02516716 0.00792400 0.06571000
v -0.02516716 0.00792400 0.06571000
v -0.02516716 0.00792400 0.06571000
v -0.02519198 0.00789700 0.06571000
v -0.02519198 0.00789700 0.06571000
v -0.02519198 0.00789700 0.06571000
v -0.02528196 0.00779300 0.06571000
v -0.02528196 0.00779300 0.06571000
v -0.02528196 0.00779300 0.06571000
v -0.02528196 0.00779300 0.06571000
v -0.02058287 0.00657400 0.08234700
v -0.02058287 0.00657400 0.08234700
v -0.02058287 0.00657400 0.08234700
v -0.02058287 0.00657400 0.08234700
v -0.02058287 0.00657400 0.08234700
v -0.01723734 -0.00490000 0.09487500
v -0.01723734 -0.00490000 0.09487500
v -0.01723734 -0.00490000 0.09487500
v -0.01723734 -0.00490000 0.09487500
v -0.01769112 -0.00503800 0.09350200
v -0.01769112 -0.00503800 0.09350200
v -0.01769112 -0.00503800 0.09350200
v -0.01769112 -0.00503800 0.09350200
v -0.01769112 -0.00503800 0.09350200
v -0.01872898 -0.00553200 0.08979900
v -0.01872898 -0.00553200 0.08979900
v -0.01872898 -0.00553200 0.08979900
v -0.01872898 -0.00553200 0.08979900
v -0.01872898 -0.00553200 0.08979900
v -0.01872898 -0.00553200 0.08979900
v -0.01994758 -0.00599600 0.08536200
v -0.01994758 -0.00599600 0.08536200
v -0.01994758 -0.00599600 0.08536200
v -0.01994758 -0.00599600 0.08536200
v -0.01990259 -0.00606700 0.08536200
v -0.01990259 -0.00606700 0.08536200
v -0.01987079 -0.00611300 0.08536200
v -0.01987079 -0.00611300 0.08536200
v -0.02080316 -0.00622000 0.08242100
v -0.02080316 -0.00622000 0.08242100
v -0.02080316 -0.00622000 0.08242100
v -0.02080316 -0.00622000 0.08242100
v -0.02552165 -0.00744700 0.06571000
v -0.02552165 -0.00744700 0.06571000
v -0.02552165 -0.00744700 0.06571000
v -0.02552165 -0.00744700 0.06571000
v -0.02552165 -0.00744700 0.06571000
v -0.02546890 -0.00753400 0.06571000
v -0.02546890 -0.00753400 0.06571000
v -0.02546890 -0.00753400 0.06571000
v -0.02544641 -0.00756800 0.06571000
v -0.02544641 -0.00756800 0.06571000
v -0.02544641 -0.00756800 0.06571000
v -0.01754839 0.00527300 0.09347100
v -0.01754839 0.00527300 0.09347100
v -0.01754839 0.00527300 0.09347100
v -0.01754839 0.00527300 0.09347100
v -0.01754839 0.00527300 0.09347100
v -0.01754839 0.00527300 0.09347100
v -0.01715900 0.00501200 0.09487500
v -0.01715900 0.00501200 0.09487500
v -0.01715900 0.00501200 0.09487500
v -0.01715900 0.00501200 0.09487500
v -0.01858703 0.00576900 0.08975900
v -0.01858703 0.00576900 0.08975900
v -0.01858703 0.00576900 0.08975900
v -0.01858703 0.00576900 0.08975900
v -0.01982347 0.00618200 0.08535900
v -0.01982347 0.00618200 0.08535900
v -0.01982347 0.00618200 0.08535900
v -0.01982347 0.00618200 0.08535900
v -0.02066121 0.00646000 0.08237500
v -0.02066121 0.00646000 0.08237500
v -0.02066121 0.00646000 0.08237500
v -0.02066121 0.00646000 0.08237500
v -0.02066121 0.00646000 0.08237500
v -0.02066121 0.00646000 0.08237500
v -0.02534402 0.00771300 0.06571000
v -0.02534402 0.00771300 0.06571000
v -0.02534402 0.00771300 0.06571000
v -0.02534402 0.00771300 0.06571000
v -0.01730871 -0.00478300 0.09487500
v -0.01730871 -0.00478300 0.09487500
v -0.01730871 -0.00478300 0.09487500
v -0.01730871 -0.00478300 0.09487500
v -0.01775628 -0.00491400 0.09351300
v -0.01775628 -0.00491400 0.09351300
v -0.01775628 -0.00491400 0.09351300
v -0.01775628 -0.00491400 0.09351300
v -0.01775628 -0.00491400 0.09351300
v -0.01879337 -0.00540600 0.08981600
v -0.01879337 -0.00540600 0.08981600
v -0.01879337 -0.00540600 0.08981600
v -0.01879337 -0.00540600 0.08981600
v -0.01879337 -0.00540600 0.08981600
v -0.01879337 -0.00540600 0.08981600
v -0.02001895 -0.00587200 0.08536200
v -0.02001895 -0.00587200 0.08536200
v -0.02001895 -0.00587200 0.08536200
v -0.01997706 -0.00594600 0.08536200
v -0.01997706 -0.00594600 0.08536200
v -0.02086755 -0.00609600 0.08244100
v -0.02086755 -0.00609600 0.08244100
v -0.02086755 -0.00609600 0.08244100
v -0.02086755 -0.00609600 0.08244100
v -0.02086755 -0.00609600 0.08244100
v -0.02086755 -0.00609600 0.08244100
v -0.02086755 -0.00609600 0.08244100
v -0.02559146 -0.00732300 0.06571000
v -0.02559146 -0.00732300 0.06571000
v -0.02559146 -0.00732300 0.06571000
v -0.01762208 0.00515800 0.09348800
v -0.01762208 0.00515800 0.09348800
v -0.01762208 0.00515800 0.09348800
v -0.01762208 0.00515800 0.09348800
v -0.01762208 0.00515800 0.09348800
v -0.01762208 0.00515800 0.09348800
v -0.01866150 0.00565400 0.08978200
v -0.01866150 0.00565400 0.08978200
v -0.01866150 0.00565400 0.08978200
v -0.01866150 0.00565400 0.08978200
v -0.01866150 0.00565400 0.08978200
v -0.01866150 0.00565400 0.08978200
v -0.01866150 0.00565400 0.08978200
v -0.01723734 0.00489800 0.09487500
v -0.01723734 0.00489800 0.09487500
v -0.01723734 0.00489800 0.09487500
v -0.02073568 0.00634300 0.08239800
v -0.02073568 0.00634300 0.08239800
v -0.02073568 0.00634300 0.08239800
v -0.02073568 0.00634300 0.08239800
v -0.02073568 0.00634300 0.08239800
v -0.02073568 0.00634300 0.08239800
v -0.01990259 0.00606800 0.08535900
v -0.01990259 0.00606800 0.08535900
v -0.02536651 0.00768300 0.06571000
v -0.02536651 0.00768300 0.06571000
v -0.02536651 0.00768300 0.06571000
v -0.02542469 0.00759900 0.06571000
v -0.02542469 0.00759900 0.06571000
v -0.02542469 0.00759900 0.06571000
v -0.01735059 -0.00470700 0.09487500
v -0.01735059 -0.00470700 0.09487500
v -0.01737619 -0.00466100 0.09487500
v -0.01737619 -0.00466100 0.09487500
v -0.01737619 -0.00466100 0.09487500
v -0.01781523 -0.00478800 0.09352200
v -0.01781523 -0.00478800 0.09352200
v -0.01781523 -0.00478800 0.09352200
v -0.01781523 -0.00478800 0.09352200
v -0.01781523 -0.00478800 0.09352200
v -0.01885309 -0.00527700 0.08983000
v -0.01885309 -0.00527700 0.08983000
v -0.01885309 -0.00527700 0.08983000
v -0.01885309 -0.00527700 0.08983000
v -0.02008566 -0.00574600 0.08536200
v -0.02008566 -0.00574600 0.08536200
v -0.02008566 -0.00574600 0.08536200
v -0.02008566 -0.00574600 0.08536200
v -0.02092572 -0.00596700 0.08245800
v -0.02092572 -0.00596700 0.08245800
v -0.02092572 -0.00596700 0.08245800
v -0.02092572 -0.00596700 0.08245800
v -0.02092572 -0.00596700 0.08245800
v -0.02565507 -0.00719600 0.06571000
v -0.02565507 -0.00719600 0.06571000
v -0.02565507 -0.00719600 0.06571000
v -0.02565507 -0.00719600 0.06571000
v -0.01769112 0.00503700 0.09350200
v -0.01769112 0.00503700 0.09350200
v -0.01769112 0.00503700 0.09350200
v -0.01769112 0.00503700 0.09350200
v -0.01769112 0.00503700 0.09350200
v -0.01769112 0.00503700 0.09350200
v -0.01726372 0.00485700 0.09487500
v -0.01726372 0.00485700 0.09487500
v -0.01726372 0.00485700 0.09487500
v -0.01726372 0.00485700 0.09487500
v -0.01872898 0.00553100 0.08979900
v -0.01872898 0.00553100 0.08979900
v -0.01872898 0.00553100 0.08979900
v -0.01872898 0.00553100 0.08979900
v -0.02080316 0.00622100 0.08242100
v -0.02080316 0.00622100 0.08242100
v -0.02080316 0.00622100 0.08242100
v -0.02080316 0.00622100 0.08242100
v -0.02080316 0.00622100 0.08242100
v -0.01997706 0.00594700 0.08535900
v -0.01997706 0.00594700 0.08535900
v -0.01997706 0.00594700 0.08535900
v -0.02544641 0.00756700 0.06571000
v -0.02544641 0.00756700 0.06571000
v -0.02550148 0.00748100 0.06571000
v -0.02550148 0.00748100 0.06571000
v -0.02550148 0.00748100 0.06571000
v -0.02550148 0.00748100 0.06571000
v -0.01743670 -0.00453700 0.09487500
v -0.01743670 -0.00453700 0.09487500
v -0.01743670 -0.00453700 0.09487500
v -0.01786953 -0.00465800 0.09352800
v -0.01786953 -0.00465800 0.09352800
v -0.01786953 -0.00465800 0.09352800
v -0.01786953 -0.00465800 0.09352800
v -0.01786953 -0.00465800 0.09352800
v -0.01890739 -0.00514700 0.08983900
v -0.01890739 -0.00514700 0.08983900
v -0.01890739 -0.00514700 0.08983900
v -0.01890739 -0.00514700 0.08983900
v -0.01890739 -0.00514700 0.08983900
v -0.01890739 -0.00514700 0.08983900
v -0.01749255 -0.00440800 0.09487500
v -0.01749255 -0.00440800 0.09487500
v -0.01749255 -0.00440800 0.09487500
v -0.02011048 -0.00569500 0.08536200
v -0.02011048 -0.00569500 0.08536200
v -0.02011048 -0.00569500 0.08536200
v -0.02011048 -0.00569500 0.08536200
v -0.02098002 -0.00583400 0.08247500
v -0.02098002 -0.00583400 0.08247500
v -0.02098002 -0.00583400 0.08247500
v -0.02098002 -0.00583400 0.08247500
v -0.02098002 -0.00583400 0.08247500
v -0.02571324 -0.00706500 0.06571000
v -0.02571324 -0.00706500 0.06571000
v -0.02571324 -0.00706500 0.06571000
v -0.02571324 -0.00706500 0.06571000
v -0.01775628 0.00491300 0.09351300
v -0.01775628 0.00491300 0.09351300
v -0.01775628 0.00491300 0.09351300
v -0.01775628 0.00491300 0.09351300
v -0.01775628 0.00491300 0.09351300
v -0.01775628 0.00491300 0.09351300
v -0.01730871 0.00478300 0.09487500
v -0.01730871 0.00478300 0.09487500
v -0.01730871 0.00478300 0.09487500
v -0.01730871 0.00478300 0.09487500
v -0.01879337 0.00540700 0.08981600
v -0.01879337 0.00540700 0.08981600
v -0.01879337 0.00540700 0.08981600
v -0.01879337 0.00540700 0.08981600
v -0.01879337 0.00540700 0.08981600
v -0.02086755 0.00609700 0.08244100
v -0.02086755 0.00609700 0.08244100
v -0.02086755 0.00609700 0.08244100
v -0.02086755 0.00609700 0.08244100
v -0.02086755 0.00609700 0.08244100
v -0.02086755 0.00609700 0.08244100
v -0.02086755 0.00609700 0.08244100
v -0.02552165 0.00744700 0.06571000
v -0.02552165 0.00744700 0.06571000
v -0.02552165 0.00744700 0.06571000
v -0.01791840 -0.00452500 0.09353000
v -0.01791840 -0.00452500 0.09353000
v -0.01791840 -0.00452500 0.09353000
v -0.01791840 -0.00452500 0.09353000
v -0.01895626 -0.00501400 0.08984700
v -0.01895626 -0.00501400 0.08984700
v -0.01895626 -0.00501400 0.08984700
v -0.01895626 -0.00501400 0.08984700
v -0.01895626 -0.00501400 0.08984700
v -0.01895626 -0.00501400 0.08984700
v -0.01895626 -0.00501400 0.08984700
v -0.01754296 -0.00427700 0.09487500
v -0.01754296 -0.00427700 0.09487500
v -0.01754296 -0.00427700 0.09487500
v -0.02020046 -0.00548300 0.08536200
v -0.02020046 -0.00548300 0.08536200
v -0.02020046 -0.00548300 0.08536200
v -0.02102889 -0.00569800 0.08248700
v -0.02102889 -0.00569800 0.08248700
v -0.02102889 -0.00569800 0.08248700
v -0.02102889 -0.00569800 0.08248700
v -0.02102889 -0.00569800 0.08248700
v -0.02102889 -0.00569800 0.08248700
v -0.02102889 -0.00569800 0.08248700
v -0.02576521 -0.00692900 0.06571000
v -0.02576521 -0.00692900 0.06571000
v -0.02576521 -0.00692900 0.06571000
v -0.01781523 0.00478600 0.09352200
v -0.01781523 0.00478600 0.09352200
v -0.01781523 0.00478600 0.09352200
v -0.01781523 0.00478600 0.09352200
v -0.01743670 0.00453800 0.09487500
v -0.01743670 0.00453800 0.09487500
v -0.01743670 0.00453800 0.09487500
v -0.01743670 0.00453800 0.09487500
v -0.01737619 0.00466000 0.09487500
v -0.01737619 0.00466000 0.09487500
v -0.01737619 0.00466000 0.09487500
v -0.01885309 0.00527800 0.08983000
v -0.01885309 0.00527800 0.08983000
v -0.01885309 0.00527800 0.08983000
v -0.01885309 0.00527800 0.08983000
v -0.01885309 0.00527800 0.08983000
v -0.01885309 0.00527800 0.08983000
v -0.01885309 0.00527800 0.08983000
v -0.02557207 0.00735800 0.06571000
v -0.02557207 0.00735800 0.06571000
v -0.02557207 0.00735800 0.06571000
v -0.02559146 0.00732300 0.06571000
v -0.02559146 0.00732300 0.06571000
v -0.02559146 0.00732300 0.06571000
v -0.02565507 0.00719500 0.06571000
v -0.02565507 0.00719500 0.06571000
v -0.02565507 0.00719500 0.06571000
v -0.02565507 0.00719500 0.06571000
v -0.02092572 0.00596600 0.08245800
v -0.02092572 0.00596600 0.08245800
v -0.02092572 0.00596600 0.08245800
v -0.02092572 0.00596600 0.08245800
v -0.02092572 0.00596600 0.08245800
v -0.02011048 0.00569400 0.08536200
v -0.02011048 0.00569400 0.08536200
v -0.02011048 0.00569400 0.08536200
v -0.01796339 -0.00439100 0.09353300
v -0.01796339 -0.00439100 0.09353300
v -0.01796339 -0.00439100 0.09353300
v -0.01796339 -0.00439100 0.09353300
v -0.01796339 -0.00439100 0.09353300
v -0.01796339 -0.00439100 0.09353300
v -0.01757167 -0.00419200 0.09487500
v -0.01757167 -0.00419200 0.09487500
v -0.01757167 -0.00419200 0.09487500
v -0.01900047 -0.00488000 0.08985300
v -0.01900047 -0.00488000 0.08985300
v -0.01900047 -0.00488000 0.08985300
v -0.01900047 -0.00488000 0.08985300
v -0.01900047 -0.00488000 0.08985300
v -0.02026562 -0.00529600 0.08536200
v -0.02026562 -0.00529600 0.08536200
v -0.02026562 -0.00529600 0.08536200
v -0.02107155 -0.00556300 0.08249800
v -0.02107155 -0.00556300 0.08249800
v -0.02107155 -0.00556300 0.08249800
v -0.02107155 -0.00556300 0.08249800
v -0.02107155 -0.00556300 0.08249800
v -0.02581175 -0.00679700 0.06571000
v -0.02581175 -0.00679700 0.06571000
v -0.02581175 -0.00679700 0.06571000
v -0.02581175 -0.00679700 0.06571000
v -0.01786953 0.00465700 0.09352800
v -0.01786953 0.00465700 0.09352800
v -0.01786953 0.00465700 0.09352800
v -0.01786953 0.00465700 0.09352800
v -0.01786953 0.00465700 0.09352800
v -0.01786953 0.00465700 0.09352800
v -0.01786953 0.00465700 0.09352800
v -0.01749255 0.00440900 0.09487500
v -0.01749255 0.00440900 0.09487500
v -0.01749255 0.00440900 0.09487500
v -0.02013297 0.00564500 0.08536200
v -0.02013297 0.00564500 0.08536200
v -0.02013297 0.00564500 0.08536200
v -0.02013297 0.00564500 0.08536200
v -0.01890739 0.00514600 0.08983900
v -0.01890739 0.00514600 0.08983900
v -0.01890739 0.00514600 0.08983900
v -0.01890739 0.00514600 0.08983900
v -0.01890739 0.00514600 0.08983900
v -0.02571324 0.00706500 0.06571000
v -0.02571324 0.00706500 0.06571000
v -0.02571324 0.00706500 0.06571000
v -0.02098002 0.00583400 0.08247500
v -0.02098002 0.00583400 0.08247500
v -0.02098002 0.00583400 0.08247500
v -0.02098002 0.00583400 0.08247500
v -0.01800372 -0.00425700 0.09353000
v -0.01800372 -0.00425700 0.09353000
v -0.01800372 -0.00425700 0.09353000
v -0.01800372 -0.00425700 0.09353000
v -0.01800372 -0.00425700 0.09353000
v -0.01904003 -0.00474200 0.08985600
v -0.01904003 -0.00474200 0.08985600
v -0.01904003 -0.00474200 0.08985600
v -0.01904003 -0.00474200 0.08985600
v -0.01904003 -0.00474200 0.08985600
v -0.01758640 -0.00414500 0.09487500
v -0.01758640 -0.00414500 0.09487500
v -0.01758640 -0.00414500 0.09487500
v -0.02030673 -0.00515800 0.08536200
v -0.02030673 -0.00515800 0.08536200
v -0.02030673 -0.00515800 0.08536200
v -0.02030673 -0.00515800 0.08536200
v -0.02111033 -0.00542300 0.08250400
v -0.02111033 -0.00542300 0.08250400
v -0.02111033 -0.00542300 0.08250400
v -0.02585131 -0.00665900 0.06571000
v -0.02585131 -0.00665900 0.06571000
v -0.02585131 -0.00665900 0.06571000
v -0.02585131 -0.00665900 0.06571000
v -0.01895626 0.00501400 0.08984700
v -0.01895626 0.00501400 0.08984700
v -0.01895626 0.00501400 0.08984700
v -0.01895626 0.00501400 0.08984700
v -0.01895626 0.00501400 0.08984700
v -0.01895626 0.00501400 0.08984700
v -0.01895626 0.00501400 0.08984700
v -0.01791840 0.00452600 0.09353000
v -0.01791840 0.00452600 0.09353000
v -0.01791840 0.00452600 0.09353000
v -0.01791840 0.00452600 0.09353000
v -0.01754296 0.00427800 0.09487500
v -0.01754296 0.00427800 0.09487500
v -0.01754296 0.00427800 0.09487500
v -0.01754296 0.00427800 0.09487500
v -0.02576521 0.00693000 0.06571000
v -0.02576521 0.00693000 0.06571000
v -0.02576521 0.00693000 0.06571000
v -0.02102889 0.00569800 0.08248700
v -0.02102889 0.00569800 0.08248700
v -0.02102889 0.00569800 0.08248700
v -0.02102889 0.00569800 0.08248700
v -0.02102889 0.00569800 0.08248700
v -0.01803785 -0.00412100 0.09352800
v -0.01803785 -0.00412100 0.09352800
v -0.01803785 -0.00412100 0.09352800
v -0.01803785 -0.00412100 0.09352800
v -0.01803785 -0.00412100 0.09352800
v -0.01803785 -0.00412100 0.09352800
v -0.01803785 -0.00412100 0.09352800
v -0.01762519 -0.00400900 0.09487500
v -0.01762519 -0.00400900 0.09487500
v -0.01762519 -0.00400900 0.09487500
v -0.01764768 -0.00392400 0.09487500
v -0.01764768 -0.00392400 0.09487500
v -0.01764768 -0.00392400 0.09487500
v -0.01764768 -0.00392400 0.09487500
v -0.01907261 -0.00460700 0.08985600
v -0.01907261 -0.00460700 0.08985600
v -0.01907261 -0.00460700 0.08985600
v -0.01907261 -0.00460700 0.08985600
v -0.01907261 -0.00460700 0.08985600
v -0.02114447 -0.00528800 0.08251000
v -0.02114447 -0.00528800 0.08251000
v -0.02114447 -0.00528800 0.08251000
v -0.02114447 -0.00528800 0.08251000
v -0.02114447 -0.00528800 0.08251000
v -0.02588544 -0.00652200 0.06571000
v -0.02588544 -0.00652200 0.06571000
v -0.02588544 -0.00652200 0.06571000
v -0.02026562 0.00529500 0.08536200
v -0.02026562 0.00529500 0.08536200
v -0.02026562 0.00529500 0.08536200
v -0.01900047 0.00487800 0.08985300
v -0.01900047 0.00487800 0.08985300
v -0.01900047 0.00487800 0.08985300
v -0.01900047 0.00487800 0.08985300
v -0.01796339 0.00439200 0.09353300
v -0.01796339 0.00439200 0.09353300
v -0.01796339 0.00439200 0.09353300
v -0.01796339 0.00439200 0.09353300
v -0.01796339 0.00439200 0.09353300
v -0.01796339 0.00439200 0.09353300
v -0.01796339 0.00439200 0.09353300
v -0.01796339 0.00439200 0.09353300
v -0.01796339 0.00439200 0.09353300
v -0.01755848 0.00423100 0.09487500
v -0.01755848 0.00423100 0.09487500
v -0.01755848 0.00423100 0.09487500
v -0.02579857 0.00683500 0.06571000
v -0.02579857 0.00683500 0.06571000
v -0.02579857 0.00683500 0.06571000
v -0.02579857 0.00683500 0.06571000
v -0.02107155 0.00556200 0.08249800
v -0.02107155 0.00556200 0.08249800
v -0.02107155 0.00556200 0.08249800
v -0.02107155 0.00556200 0.08249800
v -0.02107155 0.00556200 0.08249800
v -0.02107155 0.00556200 0.08249800
v -0.01806733 -0.00398500 0.09351900
v -0.01806733 -0.00398500 0.09351900
v -0.01806733 -0.00398500 0.09351900
v -0.01806733 -0.00398500 0.09351900
v -0.01806733 -0.00398500 0.09351900
v -0.01910054 -0.00446900 0.08985300
v -0.01910054 -0.00446900 0.08985300
v -0.01910054 -0.00446900 0.08985300
v -0.01910054 -0.00446900 0.08985300
v -0.01910054 -0.00446900 0.08985300
v -0.01765932 -0.00387500 0.09487500
v -0.01765932 -0.00387500 0.09487500
v -0.01765932 -0.00387500 0.09487500
v -0.01767638 -0.00379000 0.09487500
v -0.01767638 -0.00379000 0.09487500
v -0.01767638 -0.00379000 0.09487500
v -0.01767638 -0.00379000 0.09487500
v -0.02036878 -0.00488500 0.08535900
v -0.02036878 -0.00488500 0.08535900
v -0.02036878 -0.00488500 0.08535900
v -0.02036878 -0.00488500 0.08535900
v -0.02117084 -0.00514800 0.08251200
v -0.02117084 -0.00514800 0.08251200
v -0.02117084 -0.00514800 0.08251200
v -0.02117084 -0.00514800 0.08251200
v -0.02591337 -0.00638400 0.06571000
v -0.02591337 -0.00638400 0.06571000
v -0.02591337 -0.00638400 0.06571000
v -0.02591337 -0.00638400 0.06571000
v -0.02030673 0.00516000 0.08536200
v -0.02030673 0.00516000 0.08536200
v -0.02030673 0.00516000 0.08536200
v -0.02030673 0.00516000 0.08536200
v -0.01904003 0.00474200 0.08985600
v -0.01904003 0.00474200 0.08985600
v -0.01904003 0.00474200 0.08985600
v -0.01904003 0.00474200 0.08985600
v -0.01904003 0.00474200 0.08985600
v -0.01800372 0.00425800 0.09353000
v -0.01800372 0.00425800 0.09353000
v -0.01800372 0.00425800 0.09353000
v -0.01800372 0.00425800 0.09353000
v -0.01800372 0.00425800 0.09353000
v -0.01760114 0.00409700 0.09487500
v -0.01760114 0.00409700 0.09487500
v -0.01760114 0.00409700 0.09487500
v -0.01758640 0.00414400 0.09487500
v -0.01758640 0.00414400 0.09487500
v -0.01758640 0.00414400 0.09487500
v -0.02581175 0.00679500 0.06571000
v -0.02581175 0.00679500 0.06571000
v -0.02581175 0.00679500 0.06571000
v -0.02111034 0.00542600 0.08250400
v -0.02111034 0.00542600 0.08250400
v -0.02111034 0.00542600 0.08250400
v -0.01809060 -0.00385100 0.09351100
v -0.01809060 -0.00385100 0.09351100
v -0.01912614 -0.00433200 0.08985000
v -0.01912614 -0.00433200 0.08985000
v -0.01912614 -0.00433200 0.08985000
v -0.01912614 -0.00433200 0.08985000
v -0.01912614 -0.00433200 0.08985000
v -0.01912614 -0.00433200 0.08985000
v -0.01912614 -0.00433200 0.08985000
v -0.01768569 -0.00373900 0.09487500
v -0.01768569 -0.00373900 0.09487500
v -0.01768569 -0.00373900 0.09487500
v -0.01770663 -0.00360500 0.09487500
v -0.01770663 -0.00360500 0.09487500
v -0.01770663 -0.00360500 0.09487500
v -0.02039128 -0.00474800 0.08536200
v -0.02039128 -0.00474800 0.08536200
v -0.02039128 -0.00474800 0.08536200
v -0.02039128 -0.00474800 0.08536200
v -0.02119333 -0.00500900 0.08251200
v -0.02119333 -0.00500900 0.08251200
v -0.02593742 -0.00624500 0.06571000
v -0.02593742 -0.00624500 0.06571000
v -0.02593742 -0.00624500 0.06571000
v -0.02593742 -0.00624500 0.06571000
v -0.02593742 -0.00624500 0.06571000
v -0.02114447 0.00528700 0.08251000
v -0.02114447 0.00528700 0.08251000
v -0.02114447 0.00528700 0.08251000
v -0.02114447 0.00528700 0.08251000
v -0.02114447 0.00528700 0.08251000
v -0.01907261 0.00460400 0.08985600
v -0.01907261 0.00460400 0.08985600
v -0.01907261 0.00460400 0.08985600
v -0.01907261 0.00460400 0.08985600
v -0.01907261 0.00460400 0.08985600
v -0.01803785 0.00412200 0.09352800
v -0.01803785 0.00412200 0.09352800
v -0.01803785 0.00412200 0.09352800
v -0.01803785 0.00412200 0.09352800
v -0.01803785 0.00412200 0.09352800
v -0.01763837 0.00396300 0.09487500
v -0.01763837 0.00396300 0.09487500
v -0.01763837 0.00396300 0.09487500
v -0.01763837 0.00396300 0.09487500
v -0.01762519 0.00401200 0.09487500
v -0.01762519 0.00401200 0.09487500
v -0.01762519 0.00401200 0.09487500
v -0.02585131 0.00665900 0.06571000
v -0.02585131 0.00665900 0.06571000
v -0.02585131 0.00665900 0.06571000
v -0.02585131 0.00665900 0.06571000
v -0.01811077 -0.00371900 0.09349900
v -0.01811077 -0.00371900 0.09349900
v -0.01811077 -0.00371900 0.09349900
v -0.01811077 -0.00371900 0.09349900
v -0.01772448 -0.00346900 0.09487500
v -0.01772448 -0.00346900 0.09487500
v -0.01772448 -0.00346900 0.09487500
v -0.01914475 -0.00419700 0.08984200
v -0.01914475 -0.00419700 0.08984200
v -0.01914475 -0.00419700 0.08984200
v -0.01914475 -0.00419700 0.08984200
v -0.01914475 -0.00419700 0.08984200
v -0.02121195 -0.00487300 0.08251000
v -0.02121195 -0.00487300 0.08251000
v -0.02121195 -0.00487300 0.08251000
v -0.02121195 -0.00487300 0.08251000
v -0.02121195 -0.00487300 0.08251000
v -0.02121195 -0.00487300 0.08251000
v -0.02121195 -0.00487300 0.08251000
v -0.02595293 -0.00610900 0.06571000
v -0.02595293 -0.00610900 0.06571000
v -0.02595293 -0.00610900 0.06571000
v -0.02588544 0.00652100 0.06571000
v -0.02588544 0.00652100 0.06571000
v -0.02588544 0.00652100 0.06571000
v -0.02590561 0.00642500 0.06571000
v -0.02590561 0.00642500 0.06571000
v -0.02590561 0.00642500 0.06571000
v -0.02117084 0.00514800 0.08251200
v -0.02117084 0.00514800 0.08251200
v -0.02117084 0.00514800 0.08251200
v -0.02036878 0.00488500 0.08535900
v -0.02036878 0.00488500 0.08535900
v -0.02036878 0.00488500 0.08535900
v -0.02036878 0.00488500 0.08535900
v -0.01910054 0.00447000 0.08985300
v -0.01910054 0.00447000 0.08985300
v -0.01910054 0.00447000 0.08985300
v -0.01910054 0.00447000 0.08985300
v -0.01806733 0.00398800 0.09351900
v -0.01806733 0.00398800 0.09351900
v -0.01806733 0.00398800 0.09351900
v -0.01806733 0.00398800 0.09351900
v -0.01806733 0.00398800 0.09351900
v -0.01765932 0.00387600 0.09487500
v -0.01765932 0.00387600 0.09487500
v -0.01765932 0.00387600 0.09487500
v -0.01812628 -0.00358500 0.09348800
v -0.01812628 -0.00358500 0.09348800
v -0.01812628 -0.00358500 0.09348800
v -0.01812628 -0.00358500 0.09348800
v -0.01812628 -0.00358500 0.09348800
v -0.01812628 -0.00358500 0.09348800
v -0.01812628 -0.00358500 0.09348800
v -0.01773223 -0.00338600 0.09487500
v -0.01773223 -0.00338600 0.09487500
v -0.01773223 -0.00338600 0.09487500
v -0.01915794 -0.00406200 0.08983300
v -0.01915794 -0.00406200 0.08983300
v -0.01915794 -0.00406200 0.08983300
v -0.01915794 -0.00406200 0.08983300
v -0.02041920 -0.00447400 0.08536200
v -0.02041920 -0.00447400 0.08536200
v -0.02041920 -0.00447400 0.08536200
v -0.02041920 -0.00447400 0.08536200
v -0.02040834 -0.00461000 0.08535900
v -0.02040834 -0.00461000 0.08535900
v -0.02122358 -0.00473900 0.08250400
v -0.02122358 -0.00473900 0.08250400
v -0.02225137 -0.00499400 0.07887500
v -0.02225137 -0.00499400 0.07887500
v -0.02225137 -0.00499400 0.07887500
v -0.02225137 -0.00499400 0.07887500
v -0.02225137 -0.00499400 0.07887500
v -0.02225137 -0.00499400 0.07887500
v -0.02225137 -0.00499400 0.07887500
v -0.02595681 -0.00607000 0.06571000
v -0.02595681 -0.00607000 0.06571000
v -0.02595681 -0.00607000 0.06571000
v -0.02595681 -0.00607000 0.06571000
v -0.02591337 0.00638400 0.06571000
v -0.02591337 0.00638400 0.06571000
v -0.02591337 0.00638400 0.06571000
v -0.02119333 0.00501200 0.08251200
v -0.02119333 0.00501200 0.08251200
v -0.02039128 0.00474700 0.08536200
v -0.02039128 0.00474700 0.08536200
v -0.02039128 0.00474700 0.08536200
v -0.02039128 0.00474700 0.08536200
v -0.02593742 0.00624600 0.06571000
v -0.02593742 0.00624600 0.06571000
v -0.02593742 0.00624600 0.06571000
v -0.02593742 0.00624600 0.06571000
v -0.01912614 0.00433300 0.08985000
v -0.01912614 0.00433300 0.08985000
v -0.01912614 0.00433300 0.08985000
v -0.01912614 0.00433300 0.08985000
v -0.01912614 0.00433300 0.08985000
v -0.01912614 0.00433300 0.08985000
v -0.01809060 0.00385200 0.09351100
v -0.01809060 0.00385200 0.09351100
v -0.01809060 0.00385200 0.09351100
v -0.01771517 0.00355300 0.09487500
v -0.01771517 0.00355300 0.09487500
v -0.01771517 0.00355300 0.09487500
v -0.01771517 0.00355300 0.09487500
v -0.01768569 0.00374000 0.09487500
v -0.01768569 0.00374000 0.09487500
v -0.01768569 0.00374000 0.09487500
v -0.01880966 -0.00367300 0.09109200
v -0.01880966 -0.00367300 0.09109200
v -0.01880966 -0.00367300 0.09109200
v -0.01773456 -0.00333300 0.09487500
v -0.01773456 -0.00333300 0.09487500
v -0.01773456 -0.00333300 0.09487500
v -0.01773999 -0.00320800 0.09487500
v -0.01773999 -0.00320800 0.09487500
v -0.01773999 -0.00320800 0.09487500
v -0.01926576 -0.00386100 0.08947300
v -0.01926576 -0.00386100 0.08947300
v -0.01926576 -0.00386100 0.08947300
v -0.01926576 -0.00386100 0.08947300
v -0.01926576 -0.00386100 0.08947300
v -0.02042308 -0.00437900 0.08536200
v -0.02042308 -0.00437900 0.08536200
v -0.02042308 -0.00437900 0.08536200
v -0.02146172 -0.00455700 0.08169600
v -0.02146172 -0.00455700 0.08169600
v -0.02146172 -0.00455700 0.08169600
v -0.02146172 -0.00455700 0.08169600
v -0.02146172 -0.00455700 0.08169600
v -0.02597465 -0.00573700 0.06571000
v -0.02597465 -0.00573700 0.06571000
v -0.02597465 -0.00573700 0.06571000
v -0.02596999 -0.00585800 0.06571000
v -0.02596999 -0.00585800 0.06571000
v -0.02596999 -0.00585800 0.06571000
v -0.02596534 -0.00597200 0.06571000
v -0.02596534 -0.00597200 0.06571000
v -0.02596534 -0.00597200 0.06571000
v -0.02121195 0.00487400 0.08251000
v -0.02121195 0.00487400 0.08251000
v -0.02121195 0.00487400 0.08251000
v -0.02121195 0.00487400 0.08251000
v -0.02121195 0.00487400 0.08251000
v -0.02121195 0.00487400 0.08251000
v -0.02121195 0.00487400 0.08251000
v -0.02594905 0.00614900 0.06571000
v -0.02594905 0.00614900 0.06571000
v -0.02594905 0.00614900 0.06571000
v -0.01914475 0.00419700 0.08984200
v -0.01914475 0.00419700 0.08984200
v -0.01914475 0.00419700 0.08984200
v -0.01914475 0.00419700 0.08984200
v -0.01811077 0.00371600 0.09349900
v -0.01811077 0.00371600 0.09349900
v -0.01811077 0.00371600 0.09349900
v -0.01811077 0.00371600 0.09349900
v -0.01772448 0.00346800 0.09487500
v -0.01772448 0.00346800 0.09487500
v -0.01772448 0.00346800 0.09487500
v -0.01772448 0.00346800 0.09487500
v -0.01774309 -0.00309600 0.09487500
v -0.01774309 -0.00309600 0.09487500
v -0.01774309 -0.00309600 0.09487500
v -0.01774309 -0.00309600 0.09487500
v -0.02042696 -0.00423000 0.08536200
v -0.02042696 -0.00423000 0.08536200
v -0.02597465 0.00573900 0.06571000
v -0.02597465 0.00573900 0.06571000
v -0.02597465 0.00573900 0.06571000
v -0.02354521 -0.00291000 0.07432100
v -0.02490731 -0.00256600 0.06949300
v -0.02595293 0.00611000 0.06571000
v -0.02595293 0.00611000 0.06571000
v -0.02595293 0.00611000 0.06571000
v -0.02595293 0.00611000 0.06571000
v -0.02225137 0.00499500 0.07887500
v -0.02225137 0.00499500 0.07887500
v -0.02225137 0.00499500 0.07887500
v -0.02225137 0.00499500 0.07887500
v -0.02225137 0.00499500 0.07887500
v -0.02225137 0.00499500 0.07887500
v -0.02225137 0.00499500 0.07887500
v -0.02122359 0.00473900 0.08250400
v -0.02122359 0.00473900 0.08250400
v -0.02041920 0.00447500 0.08536200
v -0.02041920 0.00447500 0.08536200
v -0.02041920 0.00447500 0.08536200
v -0.02041920 0.00447500 0.08536200
v -0.02041222 0.00455900 0.08536200
v -0.02041222 0.00455900 0.08536200
v -0.01915794 0.00406100 0.08983300
v -0.01915794 0.00406100 0.08983300
v -0.01915794 0.00406100 0.08983300
v -0.01812628 0.00358400 0.09348800
v -0.01812628 0.00358400 0.09348800
v -0.01812628 0.00358400 0.09348800
v -0.01812628 0.00358400 0.09348800
v -0.01812628 0.00358400 0.09348800
v -0.01812628 0.00358400 0.09348800
v -0.01773456 0.00333400 0.09487500
v -0.01773456 0.00333400 0.09487500
v -0.01773456 0.00333400 0.09487500
v -0.01774309 0.00310900 0.09487500
v -0.01774309 0.00310900 0.09487500
v -0.01774309 0.00310900 0.09487500
v -0.01880966 0.00367100 0.09109800
v -0.01880966 0.00367100 0.09109800
v -0.01880966 0.00367100 0.09109800
v -0.01880966 0.00367100 0.09109800
v -0.02596999 0.00585700 0.06571000
v -0.02596999 0.00585700 0.06571000
v -0.02596999 0.00585700 0.06571000
v -0.02490731 -0.00234700 0.06949300
v -0.02354521 0.00306900 0.07432100
v -0.02225912 0.00475500 0.07887500
v -0.02225912 0.00475500 0.07887500
v -0.02225912 0.00475500 0.07887500
v -0.02596534 0.00597300 0.06571000
v -0.02596534 0.00597300 0.06571000
v -0.02596534 0.00597300 0.06571000
v -0.02146172 0.00455700 0.08169600
v -0.02146172 0.00455700 0.08169600
v -0.02146172 0.00455700 0.08169600
v -0.02042463 0.00435500 0.08536200
v -0.02042463 0.00435500 0.08536200
v -0.02042463 0.00435500 0.08536200
v -0.02042463 0.00435500 0.08536200
v -0.01982192 0.00406600 0.08750600
v -0.01982192 0.00406600 0.08750600
v -0.01982192 0.00406600 0.08750600
v -0.01774154 0.00318200 0.09487500
v -0.01774154 0.00318200 0.09487500
v -0.01774154 0.00318200 0.09487500
v -0.01774154 0.00318200 0.09487500
v -0.03164800 -0.00923100 0.04562001
v -0.03164800 -0.00923100 0.04562001
v -0.03164800 -0.00923100 0.04562001
v -0.03164490 -0.00936100 0.04562001
v -0.03164490 -0.00936100 0.04562001
v -0.03164490 -0.00936100 0.04562001
v -0.02597310 -0.00573300 0.06570300
v -0.02597310 -0.00573300 0.06570300
v -0.02597310 -0.00573300 0.06570300
v -0.02955831 -0.00727700 0.05302301
v -0.03164800 0.00927400 0.04562001
v -0.03164800 0.00927400 0.04562001
v -0.03164800 0.00927400 0.04562001
v -0.03164800 0.00927400 0.04562001
v -0.03163792 -0.00950000 0.04562001
v -0.03163792 -0.00950000 0.04562001
v -0.03163792 -0.00950000 0.04562001
v -0.02596689 -0.00596700 0.06570300
v -0.02596689 -0.00596700 0.06570300
v -0.02596689 -0.00596700 0.06570300
v -0.02596689 -0.00596700 0.06570300
v -0.02596689 -0.00596700 0.06570300
v -0.02597310 0.00573400 0.06570300
v -0.02597310 0.00573400 0.06570300
v -0.02597310 0.00573400 0.06570300
v -0.02903705 0.00699200 0.05486701
v -0.03163792 0.00950300 0.04562001
v -0.03163792 0.00950300 0.04562001
v -0.03163792 0.00950300 0.04562001
v -0.02596689 0.00597200 0.06570300
v -0.02596689 0.00597200 0.06570300
v -0.02596689 0.00597200 0.06570300
v -0.02596689 0.00597200 0.06570300
v -0.02596689 0.00597200 0.06570300
v -0.03163481 -0.00955200 0.04562001
v -0.03163481 -0.00955200 0.04562001
v -0.03163481 -0.00955200 0.04562001
v -0.02595526 -0.00610400 0.06570300
v -0.02595526 -0.00610400 0.06570300
v -0.02595526 -0.00610400 0.06570300
v -0.03163636 0.00952800 0.04562001
v -0.03163636 0.00952800 0.04562001
v -0.03163636 0.00952800 0.04562001
v -0.02595215 0.00614700 0.06570300
v -0.02595215 0.00614700 0.06570300
v -0.02595215 0.00614700 0.06570300
v -0.02595215 0.00614700 0.06570300
v -0.02595215 0.00614700 0.06570300
v -0.03163016 0.00960600 0.04562001
v -0.03163016 0.00960600 0.04562001
v -0.03163016 0.00960600 0.04562001
v -0.03162861 -0.00963000 0.04562001
v -0.03162861 -0.00963000 0.04562001
v -0.03162861 -0.00963000 0.04562001
v -0.02593897 -0.00624100 0.06570300
v -0.02593897 -0.00624100 0.06570300
v -0.02593897 -0.00624100 0.06570300
v -0.02593897 -0.00624100 0.06570300
v -0.02593897 -0.00624100 0.06570300
v -0.02593897 0.00624300 0.06570300
v -0.02593897 0.00624300 0.06570300
v -0.02593897 0.00624300 0.06570300
v -0.02593897 0.00624300 0.06570300
v -0.03161232 0.00976400 0.04562001
v -0.03161232 0.00976400 0.04562001
v -0.03161232 0.00976400 0.04562001
v -0.03161232 0.00976400 0.04562001
v -0.03162551 0.00965400 0.04562001
v -0.03162551 0.00965400 0.04562001
v -0.03162551 0.00965400 0.04562001
v -0.03161542 -0.00973800 0.04562001
v -0.03161542 -0.00973800 0.04562001
v -0.03161542 -0.00973800 0.04562001
v -0.02592268 -0.00633700 0.06570300
v -0.02592268 -0.00633700 0.06570300
v -0.02592268 -0.00633700 0.06570300
v -0.02592268 -0.00633700 0.06570300
v -0.03161232 -0.00976400 0.04562001
v -0.03161232 -0.00976400 0.04562001
v -0.03161232 -0.00976400 0.04562001
v -0.03159603 -0.00987500 0.04562001
v -0.03159603 -0.00987500 0.04562001
v -0.03159603 -0.00987500 0.04562001
v -0.03159603 -0.00987500 0.04562001
v -0.02590639 0.00642300 0.06570300
v -0.02590639 0.00642300 0.06570300
v -0.02590639 0.00642300 0.06570300
v -0.03158827 0.00992300 0.04562001
v -0.03158827 0.00992300 0.04562001
v -0.03158827 0.00992300 0.04562001
v -0.03158827 0.00992300 0.04562001
v -0.03159913 0.00984900 0.04562001
v -0.03159913 0.00984900 0.04562001
v -0.02589553 -0.00647900 0.06570300
v -0.02589553 -0.00647900 0.06570300
v -0.02589553 -0.00647900 0.06570300
v -0.02589553 -0.00647900 0.06570300
v -0.03158439 -0.00993900 0.04562001
v -0.03158439 -0.00993900 0.04562001
v -0.03158439 -0.00993900 0.04562001
v -0.02588700 0.00652000 0.06570300
v -0.02588700 0.00652000 0.06570300
v -0.02588700 0.00652000 0.06570300
v -0.02588700 0.00652000 0.06570300
v -0.03158439 0.00993900 0.04562001
v -0.03158439 0.00993900 0.04562001
v -0.02586295 -0.00661600 0.06570300
v -0.02586295 -0.00661600 0.06570300
v -0.02586295 -0.00661600 0.06570300
v -0.03156888 -0.01001900 0.04562001
v -0.03156888 -0.01001900 0.04562001
v -0.03156888 -0.01001900 0.04562001
v -0.03154871 -0.01010900 0.04562001
v -0.03154871 -0.01010900 0.04562001
v -0.03154871 -0.01010900 0.04562001
v -0.03154871 -0.01010900 0.04562001
v -0.03154871 -0.01010900 0.04562001
v -0.02585287 0.00665600 0.06570300
v -0.02585287 0.00665600 0.06570300
v -0.02585287 0.00665600 0.06570300
v -0.02585287 0.00665600 0.06570300
v -0.03153785 0.01015900 0.04562001
v -0.03153785 0.01015900 0.04562001
v -0.03153785 0.01015900 0.04562001
v -0.03153785 0.01015900 0.04562001
v -0.03156500 0.01003600 0.04562001
v -0.03156500 0.01003600 0.04562001
v -0.03156500 0.01003600 0.04562001
v -0.02585287 -0.00665600 0.06570300
v -0.02585287 -0.00665600 0.06570300
v -0.02585287 -0.00665600 0.06570300
v -0.02585287 -0.00665600 0.06570300
v -0.02585287 -0.00665600 0.06570300
v -0.03152622 -0.01020100 0.04562001
v -0.03152622 -0.01020100 0.04562001
v -0.03152622 -0.01020100 0.04562001
v -0.02581253 0.00679100 0.06570300
v -0.02581253 0.00679100 0.06570300
v -0.02581253 0.00679100 0.06570300
v -0.03149752 0.01030700 0.04562001
v -0.03149752 0.01030700 0.04562001
v -0.03149752 0.01030700 0.04562001
v -0.02581253 -0.00679300 0.06570300
v -0.02581253 -0.00679300 0.06570300
v -0.02581253 -0.00679300 0.06570300
v -0.02581253 -0.00679300 0.06570300
v -0.03150838 -0.01026700 0.04562001
v -0.03150838 -0.01026700 0.04562001
v -0.03150838 -0.01026700 0.04562001
v -0.03149054 -0.01032800 0.04562001
v -0.03149054 -0.01032800 0.04562001
v -0.03149054 -0.01032800 0.04562001
v -0.02576754 0.00692500 0.06570300
v -0.02576754 0.00692500 0.06570300
v -0.02576754 0.00692500 0.06570300
v -0.02576754 0.00692500 0.06570300
v -0.02576754 0.00692500 0.06570300
v -0.03147580 0.01037600 0.04562001
v -0.03147580 0.01037600 0.04562001
v -0.03147580 0.01037600 0.04562001
v -0.03147580 0.01037600 0.04562001
v -0.02576754 -0.00692700 0.06570300
v -0.02576754 -0.00692700 0.06570300
v -0.02576754 -0.00692700 0.06570300
v -0.02576754 -0.00692700 0.06570300
v -0.02576754 -0.00692700 0.06570300
v -0.03145175 -0.01044800 0.04562001
v -0.03145175 -0.01044800 0.04562001
v -0.03145175 -0.01044800 0.04562001
v -0.03145175 -0.01044800 0.04562001
v -0.02571557 0.00706000 0.06570300
v -0.02571557 0.00706000 0.06570300
v -0.02571557 0.00706000 0.06570300
v -0.02571557 0.00706000 0.06570300
v -0.03140986 0.01056500 0.04562001
v -0.03140986 0.01056500 0.04562001
v -0.03140986 0.01056500 0.04562001
v -0.03140986 0.01056500 0.04562001
v -0.03143391 0.01049800 0.04562001
v -0.03143391 0.01049800 0.04562001
v -0.03143391 0.01049800 0.04562001
v -0.02571557 -0.00706000 0.06570300
v -0.02571557 -0.00706000 0.06570300
v -0.02571557 -0.00706000 0.06570300
v -0.02571557 -0.00706000 0.06570300
v -0.03143701 -0.01048900 0.04562001
v -0.03143701 -0.01048900 0.04562001
v -0.03143701 -0.01048900 0.04562001
v -0.03141762 -0.01054000 0.04562001
v -0.03141762 -0.01054000 0.04562001
v -0.03141762 -0.01054000 0.04562001
v -0.03141762 -0.01054000 0.04562001
v -0.02565739 0.00719000 0.06570300
v -0.02565739 0.00719000 0.06570300
v -0.02565739 0.00719000 0.06570300
v -0.02565739 0.00719000 0.06570300
v -0.03136100 0.01068000 0.04562001
v -0.03136100 0.01068000 0.04562001
v -0.03136100 0.01068000 0.04562001
v -0.03136100 0.01068000 0.04562001
v -0.02565739 -0.00719200 0.06570300
v -0.02565739 -0.00719200 0.06570300
v -0.02565739 -0.00719200 0.06570300
v -0.02565739 -0.00719200 0.06570300
v -0.03135789 -0.01068900 0.04562001
v -0.03135789 -0.01068900 0.04562001
v -0.03135789 -0.01068900 0.04562001
v -0.03135789 -0.01068900 0.04562001
v -0.02559379 0.00731700 0.06570300
v -0.02559379 0.00731700 0.06570300
v -0.02559379 0.00731700 0.06570300
v -0.02559379 0.00731700 0.06570300
v -0.02559379 0.00731700 0.06570300
v -0.02559379 0.00731700 0.06570300
v -0.02559379 0.00731700 0.06570300
v -0.03130127 0.01080800 0.04562001
v -0.03130127 0.01080800 0.04562001
v -0.03130127 0.01080800 0.04562001
v -0.03132532 0.01075800 0.04562001
v -0.03132532 0.01075800 0.04562001
v -0.03132532 0.01075800 0.04562001
v -0.02559379 -0.00731900 0.06570300
v -0.02559379 -0.00731900 0.06570300
v -0.02559379 -0.00731900 0.06570300
v -0.02559379 -0.00731900 0.06570300
v -0.02559379 -0.00731900 0.06570300
v -0.02559379 -0.00731900 0.06570300
v -0.03133385 -0.01074300 0.04562001
v -0.03133385 -0.01074300 0.04562001
v -0.03133385 -0.01074300 0.04562001
v -0.03130127 -0.01081000 0.04562001
v -0.03130127 -0.01081000 0.04562001
v -0.03130127 -0.01081000 0.04562001
v -0.02552242 0.00744200 0.06570300
v -0.02552242 0.00744200 0.06570300
v -0.02552242 0.00744200 0.06570300
v -0.03121207 0.01097300 0.04562001
v -0.03121207 0.01097300 0.04562001
v -0.03121207 0.01097300 0.04562001
v -0.03121207 0.01097300 0.04562001
v -0.03121207 0.01097300 0.04562001
v -0.03123301 0.01093500 0.04562001
v -0.03123301 0.01093500 0.04562001
v -0.03123301 0.01093500 0.04562001
v -0.03124620 0.01091100 0.04562001
v -0.03124620 0.01091100 0.04562001
v -0.03124620 0.01091100 0.04562001
v -0.03129118 0.01082600 0.04562001
v -0.03129118 0.01082600 0.04562001
v -0.03129118 0.01082600 0.04562001
v -0.02552242 -0.00744400 0.06570300
v -0.02552242 -0.00744400 0.06570300
v -0.02552242 -0.00744400 0.06570300
v -0.02552242 -0.00744400 0.06570300
v -0.03127800 -0.01085200 0.04562001
v -0.03127800 -0.01085200 0.04562001
v -0.03127800 -0.01085200 0.04562001
v -0.03123301 -0.01093500 0.04562001
v -0.03123301 -0.01093500 0.04562001
v -0.03123301 -0.01093500 0.04562001
v -0.03121206 -0.01097200 0.04562001
v -0.03121206 -0.01097200 0.04562001
v -0.03121206 -0.01097200 0.04562001
v -0.03121206 -0.01097200 0.04562001
v -0.02550303 0.00747500 0.06570300
v -0.02550303 0.00747500 0.06570300
v -0.02550303 0.00747500 0.06570300
v -0.02550303 0.00747500 0.06570300
v -0.02550303 0.00747500 0.06570300
v -0.03117638 0.01103200 0.04562001
v -0.03117638 0.01103200 0.04562001
v -0.03117638 0.01103200 0.04562001
v -0.02544796 -0.00756200 0.06570300
v -0.02544796 -0.00756200 0.06570300
v -0.02544796 -0.00756200 0.06570300
v -0.02544796 -0.00756200 0.06570300
v -0.03117173 -0.01104100 0.04562001
v -0.03117173 -0.01104100 0.04562001
v -0.03117173 -0.01104100 0.04562001
v -0.03117173 -0.01104100 0.04562001
v -0.02544796 0.00756000 0.06570300
v -0.02544796 0.00756000 0.06570300
v -0.03111123 0.01113300 0.04562001
v -0.03111123 0.01113300 0.04562001
v -0.03111123 0.01113300 0.04562001
v -0.03111123 0.01113300 0.04562001
v -0.03115699 0.01106200 0.04562001
v -0.03115699 0.01106200 0.04562001
v -0.02537039 -0.00767800 0.06570300
v -0.02537039 -0.00767800 0.06570300
v -0.02537039 -0.00767800 0.06570300
v -0.02537039 -0.00767800 0.06570300
v -0.02537039 -0.00767800 0.06570300
v -0.02537039 -0.00767800 0.06570300
v -0.03111821 -0.01112300 0.04562001
v -0.03111821 -0.01112300 0.04562001
v -0.03111821 -0.01112300 0.04562001
v -0.03111821 -0.01112300 0.04562001
v -0.02537039 0.00767800 0.06570300
v -0.02537039 0.00767800 0.06570300
v -0.02537039 0.00767800 0.06570300
v -0.02537039 0.00767800 0.06570300
v -0.02537039 0.00767800 0.06570300
v -0.03103055 0.01124400 0.04562001
v -0.03103055 0.01124400 0.04562001
v -0.03103055 0.01124400 0.04562001
v -0.02528274 -0.00778900 0.06570300
v -0.02528274 -0.00778900 0.06570300
v -0.02528274 -0.00778900 0.06570300
v -0.03108563 -0.01117100 0.04562001
v -0.03108563 -0.01117100 0.04562001
v -0.03108563 -0.01117100 0.04562001
v -0.03102745 -0.01125100 0.04562001
v -0.03102745 -0.01125100 0.04562001
v -0.03102745 -0.01125100 0.04562001
v -0.03101426 -0.01126700 0.04562001
v -0.03101426 -0.01126700 0.04562001
v -0.03101426 -0.01126700 0.04562001
v -0.03101426 -0.01126700 0.04562001
v -0.03101426 -0.01126700 0.04562001
v -0.02528274 0.00778900 0.06570300
v -0.02528274 0.00778900 0.06570300
v -0.02528274 0.00778900 0.06570300
v -0.02528274 0.00778900 0.06570300
v -0.03101737 0.01126100 0.04562001
v -0.03101737 0.01126100 0.04562001
v -0.03101737 0.01126100 0.04562001
v -0.03101737 0.01126100 0.04562001
v -0.02519353 -0.00789500 0.06570300
v -0.02519353 -0.00789500 0.06570300
v -0.02519353 -0.00789500 0.06570300
v -0.02519353 -0.00789500 0.06570300
v -0.02519353 -0.00789500 0.06570300
v -0.02519353 -0.00789500 0.06570300
v -0.03096229 -0.01132900 0.04562001
v -0.03096229 -0.01132900 0.04562001
v -0.03096229 -0.01132900 0.04562001
v -0.02525792 0.00781800 0.06570300
v -0.02525792 0.00781800 0.06570300
v -0.02525792 0.00781800 0.06570300
v -0.03095066 0.01134300 0.04562001
v -0.03095066 0.01134300 0.04562001
v -0.03095066 0.01134300 0.04562001
v -0.03095066 0.01134300 0.04562001
v -0.03095066 0.01134300 0.04562001
v -0.02509968 -0.00799200 0.06570300
v -0.02509968 -0.00799200 0.06570300
v -0.02509968 -0.00799200 0.06570300
v -0.02509968 -0.00799200 0.06570300
v -0.03091498 -0.01138300 0.04562001
v -0.03091498 -0.01138300 0.04562001
v -0.03091498 -0.01138300 0.04562001
v -0.03086688 -0.01143500 0.04562001
v -0.03086688 -0.01143500 0.04562001
v -0.03086688 -0.01143500 0.04562001
v -0.03086688 -0.01143500 0.04562001
v -0.02519353 0.00789100 0.06570300
v -0.02519353 0.00789100 0.06570300
v -0.02519353 0.00789100 0.06570300
v -0.02519353 0.00789100 0.06570300
v -0.02519353 0.00789100 0.06570300
v -0.02519353 0.00789100 0.06570300
v -0.03091498 0.01138300 0.04562001
v -0.03091498 0.01138300 0.04562001
v -0.03091498 0.01138300 0.04562001
v -0.02500039 -0.00808600 0.06570300
v -0.02500039 -0.00808600 0.06570300
v -0.02500039 -0.00808600 0.06570300
v -0.02500039 -0.00808600 0.06570300
v -0.03080638 -0.01149600 0.04562001
v -0.03080638 -0.01149600 0.04562001
v -0.03080638 -0.01149600 0.04562001
v -0.02509968 0.00799000 0.06570300
v -0.02509968 0.00799000 0.06570300
v -0.02509968 0.00799000 0.06570300
v -0.02509968 0.00799000 0.06570300
v -0.03083586 0.01146800 0.04562001
v -0.03083586 0.01146800 0.04562001
v -0.03083586 0.01146800 0.04562001
v -0.03083586 0.01146800 0.04562001
v -0.03087154 0.01143100 0.04562001
v -0.03087154 0.01143100 0.04562001
v -0.03087154 0.01143100 0.04562001
v -0.02490032 -0.00816900 0.06570300
v -0.02490032 -0.00816900 0.06570300
v -0.02490032 -0.00816900 0.06570300
v -0.02490032 -0.00816900 0.06570300
v -0.03076449 -0.01153600 0.04562001
v -0.03076449 -0.01153600 0.04562001
v -0.03076449 -0.01153600 0.04562001
v -0.03070322 -0.01159100 0.04562001
v -0.03070322 -0.01159100 0.04562001
v -0.03070322 -0.01159100 0.04562001
v -0.03070322 -0.01159100 0.04562001
v -0.02500039 0.00808400 0.06570300
v -0.02500039 0.00808400 0.06570300
v -0.02500039 0.00808400 0.06570300
v -0.02500039 0.00808400 0.06570300
v -0.03079087 0.01151300 0.04562001
v -0.03079087 0.01151300 0.04562001
v -0.03079087 0.01151300 0.04562001
v -0.03079087 0.01151300 0.04562001
v -0.02482198 -0.00822800 0.06570300
v -0.02482198 -0.00822800 0.06570300
v -0.02482198 -0.00822800 0.06570300
v -0.02482198 -0.00822800 0.06570300
v -0.03061556 -0.01166100 0.04562001
v -0.03061556 -0.01166100 0.04562001
v -0.03061556 -0.01166100 0.04562001
v -0.03061556 -0.01166100 0.04562001
v -0.02487395 0.00819000 0.06570300
v -0.02487395 0.00819000 0.06570300
v -0.02487395 0.00819000 0.06570300
v -0.02487395 0.00819000 0.06570300
v -0.03067219 0.01161700 0.04562001
v -0.03067219 0.01161700 0.04562001
v -0.03067219 0.01161700 0.04562001
v -0.03070787 0.01158600 0.04562001
v -0.03070787 0.01158600 0.04562001
v -0.03070787 0.01158600 0.04562001
v -0.02468934 -0.00832000 0.06570300
v -0.02468934 -0.00832000 0.06570300
v -0.02468934 -0.00832000 0.06570300
v -0.02468934 -0.00832000 0.06570300
v -0.03057988 -0.01168700 0.04562001
v -0.03057988 -0.01168700 0.04562001
v -0.03057988 -0.01168700 0.04562001
v -0.03051162 -0.01173500 0.04562001
v -0.03051162 -0.01173500 0.04562001
v -0.03051162 -0.01173500 0.04562001
v -0.02479483 0.00824900 0.06570300
v -0.02479483 0.00824900 0.06570300
v -0.02479483 0.00824900 0.06570300
v -0.02479483 0.00824900 0.06570300
v -0.03061556 0.01166200 0.04562001
v -0.03061556 0.01166200 0.04562001
v -0.03061556 0.01166200 0.04562001
v -0.03061556 0.01166200 0.04562001
v -0.02457764 -0.00838600 0.06570300
v -0.02457764 -0.00838600 0.06570300
v -0.02457764 -0.00838600 0.06570300
v -0.02457764 -0.00838600 0.06570300
v -0.03039837 -0.01180500 0.04562001
v -0.03039837 -0.01180500 0.04562001
v -0.03039837 -0.01180500 0.04562001
v -0.03039837 -0.01180500 0.04562001
v -0.02468934 0.00832000 0.06570300
v -0.02468934 0.00832000 0.06570300
v -0.02468934 0.00832000 0.06570300
v -0.02468934 0.00832000 0.06570300
v -0.02468934 0.00832000 0.06570300
v -0.03056359 0.01170000 0.04562001
v -0.03056359 0.01170000 0.04562001
v -0.03056359 0.01170000 0.04562001
v -0.03056359 0.01170000 0.04562001
v -0.02446749 -0.00844300 0.06570300
v -0.02446749 -0.00844300 0.06570300
v -0.02446749 -0.00844300 0.06570300
v -0.02446749 -0.00844300 0.06570300
v -0.02446749 -0.00844300 0.06570300
v -0.03035105 -0.01183100 0.04562001
v -0.03035105 -0.01183100 0.04562001
v -0.03035105 -0.01183100 0.04562001
v -0.03035105 -0.01183100 0.04562001
v -0.02466141 0.00833700 0.06570300
v -0.02466141 0.00833700 0.06570300
v -0.02466141 0.00833700 0.06570300
v -0.03039837 0.01180600 0.04562001
v -0.03039837 0.01180600 0.04562001
v -0.03039837 0.01180600 0.04562001
v -0.03039837 0.01180600 0.04562001
v -0.03039837 0.01180600 0.04562001
v -0.03047749 0.01175600 0.04562001
v -0.03047749 0.01175600 0.04562001
v -0.03047749 0.01175600 0.04562001
v -0.02435424 -0.00849200 0.06570300
v -0.02435424 -0.00849200 0.06570300
v -0.02435424 -0.00849200 0.06570300
v -0.02435424 -0.00849200 0.06570300
v -0.03028667 -0.01186400 0.04562001
v -0.03028667 -0.01186400 0.04562001
v -0.03028667 -0.01186400 0.04562001
v -0.03020522 -0.01190200 0.04562001
v -0.03020522 -0.01190200 0.04562001
v -0.03020522 -0.01190200 0.04562001
v -0.03020522 -0.01190200 0.04562001
v -0.02457764 0.00838400 0.06570300
v -0.02457764 0.00838400 0.06570300
v -0.02457764 0.00838400 0.06570300
v -0.02457764 0.00838400 0.06570300
v -0.03027349 0.01187200 0.04562001
v -0.03027349 0.01187200 0.04562001
v -0.03027349 0.01187200 0.04562001
v -0.03027349 0.01187200 0.04562001
v -0.02424022 -0.00853500 0.06570300
v -0.02424022 -0.00853500 0.06570300
v -0.02424022 -0.00853500 0.06570300
v -0.03015015 -0.01192600 0.04562001
v -0.03015015 -0.01192600 0.04562001
v -0.03015015 -0.01192600 0.04562001
v -0.02446749 0.00844100 0.06570300
v -0.02446749 0.00844100 0.06570300
v -0.02446749 0.00844100 0.06570300
v -0.03021531 0.01189800 0.04562001
v -0.03021531 0.01189800 0.04562001
v -0.03021531 0.01189800 0.04562001
v -0.02432942 0.00850200 0.06570300
v -0.02432942 0.00850200 0.06570300
v -0.02432942 0.00850200 0.06570300
v -0.02432942 0.00850200 0.06570300
v -0.02432942 0.00850200 0.06570300
v -0.02412852 -0.00857200 0.06570300
v -0.02412852 -0.00857200 0.06570300
v -0.02412852 -0.00857200 0.06570300
v -0.02412852 -0.00857200 0.06570300
v -0.03008732 -0.01194900 0.04562001
v -0.03008732 -0.01194900 0.04562001
v -0.03008732 -0.01194900 0.04562001
v -0.03008732 -0.01194900 0.04562001
v -0.03016799 0.01191700 0.04562001
v -0.03016799 0.01191700 0.04562001
v -0.02421772 0.00854200 0.06570300
v -0.02421772 0.00854200 0.06570300
v -0.02421772 0.00854200 0.06570300
v -0.03007879 0.01195200 0.04562001
v -0.03007879 0.01195200 0.04562001
v -0.03007879 0.01195200 0.04562001
v -0.03007879 0.01195200 0.04562001
v -0.03010283 0.01194300 0.04562001
v -0.03010283 0.01194300 0.04562001
v -0.03010283 0.01194300 0.04562001
v -0.02401527 -0.00859800 0.06570300
v -0.02401527 -0.00859800 0.06570300
v -0.02401527 -0.00859800 0.06570300
v -0.02998803 -0.01197800 0.04562001
v -0.02998803 -0.01197800 0.04562001
v -0.02998803 -0.01197800 0.04562001
v -0.02998803 -0.01197800 0.04562001
v -0.02998803 -0.01197800 0.04562001
v -0.02412852 0.00857000 0.06570300
v -0.02412852 0.00857000 0.06570300
v -0.02412852 0.00857000 0.06570300
v -0.03002682 0.01196900 0.04562001
v -0.03002682 0.01196900 0.04562001
v -0.02390357 -0.00862200 0.06570300
v -0.02390357 -0.00862200 0.06570300
v -0.02390357 -0.00862200 0.06570300
v -0.02390357 -0.00862200 0.06570300
v -0.02390357 -0.00862200 0.06570300
v -0.02988409 -0.01199900 0.04562001
v -0.02988409 -0.01199900 0.04562001
v -0.02401527 0.00859900 0.06570300
v -0.02401527 0.00859900 0.06570300
v -0.02401527 0.00859900 0.06570300
v -0.02401527 0.00859900 0.06570300
v -0.02401527 0.00859900 0.06570300
v -0.02998958 0.01198000 0.04562001
v -0.02998958 0.01198000 0.04562001
v -0.02998958 0.01198000 0.04562001
v -0.02998958 0.01198000 0.04562001
v -0.02378954 -0.00863600 0.06570300
v -0.02378954 -0.00863600 0.06570300
v -0.02378954 -0.00863600 0.06570300
v -0.02378954 -0.00863600 0.06570300
v -0.02977937 -0.01202000 0.04562001
v -0.02977937 -0.01202000 0.04562001
v -0.02977937 -0.01202000 0.04562001
v -0.02967543 -0.01203700 0.04562001
v -0.02967543 -0.01203700 0.04562001
v -0.02967543 -0.01203700 0.04562001
v -0.02967543 -0.01203700 0.04562001
v -0.02388030 0.00862200 0.06570300
v -0.02388030 0.00862200 0.06570300
v -0.02388030 0.00862200 0.06570300
v -0.02978093 0.01202300 0.04562001
v -0.02978093 0.01202300 0.04562001
v -0.02978093 0.01202300 0.04562001
v -0.02978093 0.01202300 0.04562001
v -0.02978093 0.01202300 0.04562001
v -0.02981816 0.01201600 0.04562001
v -0.02981816 0.01201600 0.04562001
v -0.02981816 0.01201600 0.04562001
v -0.02367940 -0.00864300 0.06570300
v -0.02367940 -0.00864300 0.06570300
v -0.02367940 -0.00864300 0.06570300
v -0.02367940 -0.00864300 0.06570300
v -0.02957149 -0.01204600 0.04562001
v -0.02957149 -0.01204600 0.04562001
v -0.02957149 -0.01204600 0.04562001
v -0.02957149 -0.01204600 0.04562001
v -0.02378954 0.00863600 0.06570300
v -0.02378954 0.00863600 0.06570300
v -0.02378954 0.00863600 0.06570300
v -0.02378954 0.00863600 0.06570300
v -0.02378954 0.00863600 0.06570300
v -0.02378954 0.00863600 0.06570300
v -0.02971732 0.01203200 0.04562001
v -0.02971732 0.01203200 0.04562001
v -0.02971732 0.01203200 0.04562001
v -0.02224360 -0.00866000 0.06570300
v -0.02224360 -0.00866000 0.06570300
v -0.02224360 -0.00866000 0.06570300
v -0.02946755 -0.01204800 0.04562001
v -0.02946755 -0.01204800 0.04562001
v -0.02946755 -0.01204800 0.04562001
v -0.02946755 -0.01204800 0.04562001
v -0.02367940 0.00864300 0.06570300
v -0.02367940 0.00864300 0.06570300
v -0.02367940 0.00864300 0.06570300
v -0.02957149 0.01204700 0.04562001
v -0.02957149 0.01204700 0.04562001
v -0.02957149 0.01204700 0.04562001
v -0.02957149 0.01204700 0.04562001
v -0.02957149 0.01204700 0.04562001
v -0.02967543 0.01203700 0.04562001
v -0.02967543 0.01203700 0.04562001
v -0.02967543 0.01203700 0.04562001
v -0.01839232 -0.00867600 0.06570300
v -0.01839232 -0.00867600 0.06570300
v -0.01839232 -0.00867600 0.06570300
v -0.02589552 -0.01205600 0.04562000
v -0.02589552 -0.01205600 0.04562000
v -0.02214276 0.00866200 0.06570300
v -0.02214276 0.00866200 0.06570300
v -0.02214276 0.00866200 0.06570300
v -0.01718457 0.01205400 0.04562000
v -0.01718457 0.01205400 0.04562000
v -0.01718457 0.01205400 0.04562000
v -0.01584264 -0.00862900 0.06570300
v -0.01584264 -0.00862900 0.06570300
v -0.01584264 -0.00862900 0.06570300
v -0.01718457 -0.01205600 0.04562000
v -0.01718457 -0.01205600 0.04562000
v -0.01718457 -0.01205600 0.04562000
v -0.01718457 -0.01205600 0.04562000
v -0.01718457 -0.01205600 0.04562000
v -0.01718457 -0.01205600 0.04562000
v -0.01718457 -0.01205600 0.04562000
v -0.02212492 0.00866200 0.06570300
v -0.02212492 0.00866200 0.06570300
v -0.01714035 0.01205100 0.04562000
v -0.01714035 0.01205100 0.04562000
v -0.01714035 0.01205100 0.04562000
v -0.01714035 0.01205100 0.04562000
v -0.01586824 0.00863200 0.06570300
v -0.01586824 0.00863200 0.06570300
v -0.01586824 0.00863200 0.06570300
v -0.01582325 0.00862900 0.06570300
v -0.01582325 0.00862900 0.06570300
v -0.01582325 0.00862900 0.06570300
v -0.01582325 0.00862900 0.06570300
v -0.01579998 -0.00862700 0.06570300
v -0.01579998 -0.00862700 0.06570300
v -0.01579998 -0.00862700 0.06570300
v -0.01579998 -0.00862700 0.06570300
v -0.01579998 -0.00862700 0.06570300
v -0.01711941 -0.01204800 0.04562000
v -0.01711941 -0.01204800 0.04562000
v -0.01711941 -0.01204800 0.04562000
v -0.01581316 -0.01187600 0.04606600
v -0.01581316 -0.01187600 0.04606600
v -0.01581316 -0.01187600 0.04606600
v -0.01581316 -0.01187600 0.04606600
v -0.01584263 -0.01187900 0.04606600
v -0.01584263 -0.01187900 0.04606600
v -0.01708373 0.01204400 0.04562000
v -0.01708373 0.01204400 0.04562000
v -0.01708373 0.01204400 0.04562000
v -0.01708373 0.01204400 0.04562000
v -0.01708373 0.01204400 0.04562000
v -0.01582091 0.01187900 0.04606600
v -0.01582091 0.01187900 0.04606600
v -0.01582091 0.01187900 0.04606600
v -0.01582091 0.01187900 0.04606600
v -0.01582091 0.01187900 0.04606600
v -0.01579998 0.00862700 0.06570300
v -0.01579998 0.00862700 0.06570300
v -0.01579998 0.00862700 0.06570300
v -0.01579998 0.00862700 0.06570300
v -0.01575034 -0.00862000 0.06570300
v -0.01575034 -0.00862000 0.06570300
v -0.01575034 -0.00862000 0.06570300
v -0.01575034 -0.00862000 0.06570300
v -0.01574877 -0.01186900 0.04606600
v -0.01574877 -0.01186900 0.04606600
v -0.01574877 -0.01186900 0.04606600
v -0.01574877 -0.01186900 0.04606600
v -0.01574877 -0.01186900 0.04606600
v -0.01574877 -0.01186900 0.04606600
v -0.01574877 -0.01186900 0.04606600
v -0.01710312 -0.01204600 0.04562000
v -0.01710312 -0.01204600 0.04562000
v -0.01710312 -0.01204600 0.04562000
v -0.01704184 0.01203500 0.04562000
v -0.01704184 0.01203500 0.04562000
v -0.01704184 0.01203500 0.04562000
v -0.01704184 0.01203500 0.04562000
v -0.01580307 0.01187700 0.04606600
v -0.01580307 0.01187700 0.04606600
v -0.01580307 0.01187700 0.04606600
v -0.01580307 0.01187700 0.04606600
v -0.01580307 0.01187700 0.04606600
v -0.01574335 0.01186700 0.04606600
v -0.01574335 0.01186700 0.04606600
v -0.01574335 0.01186700 0.04606600
v -0.01574335 0.01186700 0.04606600
v -0.01574335 0.01186700 0.04606600
v -0.01573250 0.00861800 0.06570300
v -0.01573250 0.00861800 0.06570300
v -0.01573250 0.00861800 0.06570300
v -0.01573250 0.00861800 0.06570300
v -0.01573250 0.00861800 0.06570300
v -0.01573250 0.00861800 0.06570300
v -0.01573250 -0.00861500 0.06570300
v -0.01573250 -0.00861500 0.06570300
v -0.01573250 -0.00861500 0.06570300
v -0.01569137 -0.01185500 0.04606600
v -0.01569137 -0.01185500 0.04606600
v -0.01569137 -0.01185500 0.04606600
v -0.01569137 -0.01185500 0.04606600
v -0.01569137 -0.01185500 0.04606600
v -0.01569137 -0.01185500 0.04606600
v -0.01569137 -0.01185500 0.04606600
v -0.01569137 -0.01185500 0.04606600
v -0.01569137 -0.01185500 0.04606600
v -0.01706279 -0.01203900 0.04562000
v -0.01706279 -0.01203900 0.04562000
v -0.01706279 -0.01203900 0.04562000
v -0.01706279 -0.01203900 0.04562000
v -0.01699297 0.01202100 0.04562000
v -0.01699297 0.01202100 0.04562000
v -0.01699297 0.01202100 0.04562000
v -0.01699297 0.01202100 0.04562000
v -0.01572395 0.01186200 0.04606600
v -0.01572395 0.01186200 0.04606600
v -0.01572395 0.01186200 0.04606600
v -0.01572395 0.01186200 0.04606600
v -0.01566579 0.00859600 0.06570300
v -0.01566579 0.00859600 0.06570300
v -0.01566579 0.00859600 0.06570300
v -0.01568362 0.01185100 0.04606600
v -0.01568362 0.01185100 0.04606600
v -0.01568362 0.01185100 0.04606600
v -0.01568362 0.01185100 0.04606600
v -0.01568362 0.01185100 0.04606600
v -0.01568362 0.01185100 0.04606600
v -0.01566579 -0.00859600 0.06570300
v -0.01566579 -0.00859600 0.06570300
v -0.01566579 -0.00859600 0.06570300
v -0.01702090 -0.01202700 0.04562000
v -0.01702090 -0.01202700 0.04562000
v -0.01702090 -0.01202700 0.04562000
v -0.01695419 -0.01200400 0.04562000
v -0.01695419 -0.01200400 0.04562000
v -0.01695419 -0.01200400 0.04562000
v -0.01695419 -0.01200400 0.04562000
v -0.01695419 -0.01200400 0.04562000
v -0.01565569 -0.01184100 0.04606600
v -0.01565569 -0.01184100 0.04606600
v -0.01565569 -0.01184100 0.04606600
v -0.01565569 -0.01184100 0.04606600
v -0.01561227 -0.00857700 0.06570300
v -0.01561227 -0.00857700 0.06570300
v -0.01561227 -0.00857700 0.06570300
v -0.01561227 -0.00857700 0.06570300
v -0.01561227 -0.00857700 0.06570300
v -0.01561227 -0.00857700 0.06570300
v -0.01695574 0.01200400 0.04562000
v -0.01695574 0.01200400 0.04562000
v -0.01695574 0.01200400 0.04562000
v -0.01562544 0.01182900 0.04606600
v -0.01562544 0.01182900 0.04606600
v -0.01562544 0.01182900 0.04606600
v -0.01562544 0.01182900 0.04606600
v -0.01562544 0.01182900 0.04606600
v -0.01562544 0.01182900 0.04606600
v -0.01562544 0.01182900 0.04606600
v -0.01563011 0.00858400 0.06570300
v -0.01563011 0.00858400 0.06570300
v -0.01563011 0.00858400 0.06570300
v -0.01563011 0.00858400 0.06570300
v -0.01691385 -0.01198500 0.04562000
v -0.01691385 -0.01198500 0.04562000
v -0.01691385 -0.01198500 0.04562000
v -0.01691385 -0.01198500 0.04562000
v -0.01563320 -0.01183100 0.04606600
v -0.01563320 -0.01183100 0.04606600
v -0.01563320 -0.01183100 0.04606600
v -0.01563320 -0.01183100 0.04606600
v -0.01563320 -0.01183100 0.04606600
v -0.01560218 -0.00857200 0.06570300
v -0.01560218 -0.00857200 0.06570300
v -0.01560218 -0.00857200 0.06570300
v -0.01690067 0.01197800 0.04562000
v -0.01690067 0.01197800 0.04562000
v -0.01690067 0.01197800 0.04562000
v -0.01690067 0.01197800 0.04562000
v -0.01556882 0.01179900 0.04606600
v -0.01556882 0.01179900 0.04606600
v -0.01556882 0.01179900 0.04606600
v -0.01556882 0.01179900 0.04606600
v -0.01556882 0.01179900 0.04606600
v -0.01560218 0.00857000 0.06570300
v -0.01560218 0.00857000 0.06570300
v -0.01560218 0.00857000 0.06570300
v -0.01554090 0.00853700 0.06570300
v -0.01554090 0.00853700 0.06570300
v -0.01554090 0.00853700 0.06570300
v -0.01554090 0.00853700 0.06570300
v -0.01688593 -0.01197100 0.04562000
v -0.01688593 -0.01197100 0.04562000
v -0.01688593 -0.01197100 0.04562000
v -0.01688593 -0.01197100 0.04562000
v -0.01557502 -0.01180300 0.04606600
v -0.01557502 -0.01180300 0.04606600
v -0.01557502 -0.01180300 0.04606600
v -0.01557502 -0.01180300 0.04606600
v -0.01557502 -0.01180300 0.04606600
v -0.01557502 -0.01180300 0.04606600
v -0.01557502 -0.01180300 0.04606600
v -0.01554090 -0.00853700 0.06570300
v -0.01554090 -0.00853700 0.06570300
v -0.01554090 -0.00853700 0.06570300
v -0.01554090 -0.00853700 0.06570300
v -0.01684870 0.01194700 0.04562000
v -0.01684870 0.01194700 0.04562000
v -0.01684870 0.01194700 0.04562000
v -0.01684870 0.01194700 0.04562000
v -0.01684870 0.01194700 0.04562000
v -0.01553779 0.01178000 0.04606600
v -0.01553779 0.01178000 0.04606600
v -0.01553779 0.01178000 0.04606600
v -0.01553779 0.01178000 0.04606600
v -0.01553779 0.01178000 0.04606600
v -0.01548118 0.00849700 0.06570300
v -0.01548118 0.00849700 0.06570300
v -0.01548118 0.00849700 0.06570300
v -0.01548118 0.00849700 0.06570300
v -0.01548118 0.00849700 0.06570300
v -0.01683473 -0.01193800 0.04562000
v -0.01683473 -0.01193800 0.04562000
v -0.01683473 -0.01193800 0.04562000
v -0.01551684 -0.01176800 0.04606600
v -0.01551684 -0.01176800 0.04606600
v -0.01551684 -0.01176800 0.04606600
v -0.01551684 -0.01176800 0.04606600
v -0.01551684 -0.01176800 0.04606600
v -0.01551684 -0.01176800 0.04606600
v -0.01551684 -0.01176800 0.04606600
v -0.01548118 -0.00849700 0.06570300
v -0.01548118 -0.00849700 0.06570300
v -0.01548118 -0.00849700 0.06570300
v -0.01548118 -0.00849700 0.06570300
v -0.01681146 0.01192100 0.04562000
v -0.01681146 0.01192100 0.04562000
v -0.01681146 0.01192100 0.04562000
v -0.01681146 0.01192100 0.04562000
v -0.01551374 0.01176300 0.04606600
v -0.01551374 0.01176300 0.04606600
v -0.01551374 0.01176300 0.04606600
v -0.01551374 0.01176300 0.04606600
v -0.01551374 0.01176300 0.04606600
v -0.01542610 0.00845200 0.06570300
v -0.01542610 0.00845200 0.06570300
v -0.01542610 0.00845200 0.06570300
v -0.01542610 0.00845200 0.06570300
v -0.01542610 0.00845200 0.06570300
v -0.01546022 0.01172300 0.04606600
v -0.01546022 0.01172300 0.04606600
v -0.01546022 0.01172300 0.04606600
v -0.01546022 0.01172300 0.04606600
v -0.01546022 0.01172300 0.04606600
v -0.01546022 0.01172300 0.04606600
v -0.01679905 -0.01191200 0.04562000
v -0.01679905 -0.01191200 0.04562000
v -0.01679905 -0.01191200 0.04562000
v -0.01679905 -0.01191200 0.04562000
v -0.01546177 -0.01172500 0.04606600
v -0.01546177 -0.01172500 0.04606600
v -0.01546177 -0.01172500 0.04606600
v -0.01546177 -0.01172500 0.04606600
v -0.01546177 -0.01172500 0.04606600
v -0.01546177 -0.01172500 0.04606600
v -0.01546177 -0.01172500 0.04606600
v -0.01544006 -0.00846400 0.06570300
v -0.01544006 -0.00846400 0.06570300
v -0.01544006 -0.00846400 0.06570300
v -0.01678276 0.01189800 0.04562000
v -0.01678276 0.01189800 0.04562000
v -0.01678276 0.01189800 0.04562000
v -0.01678276 0.01189800 0.04562000
v -0.01541136 0.00843800 0.06570300
v -0.01541136 0.00843800 0.06570300
v -0.01541136 0.00843800 0.06570300
v -0.01540825 0.01167600 0.04606600
v -0.01540825 0.01167600 0.04606600
v -0.01540825 0.01167600 0.04606600
v -0.01540825 0.01167600 0.04606600
v -0.01540825 0.01167600 0.04606600
v -0.01540825 0.01167600 0.04606600
v -0.01540825 0.01167600 0.04606600
v -0.01540825 0.01167600 0.04606600
v -0.01545169 0.01171600 0.04606600
v -0.01545169 0.01171600 0.04606600
v -0.01545169 0.01171600 0.04606600
v -0.01545169 0.01171600 0.04606600
v -0.01674553 -0.01186400 0.04562000
v -0.01674553 -0.01186400 0.04562000
v -0.01674553 -0.01186400 0.04562000
v -0.01674553 -0.01186400 0.04562000
v -0.01539972 -0.01166900 0.04606600
v -0.01539972 -0.01166900 0.04606600
v -0.01539972 -0.01166900 0.04606600
v -0.01539972 -0.01166900 0.04606600
v -0.01539972 -0.01166900 0.04606600
v -0.01539972 -0.01166900 0.04606600
v -0.01539972 -0.01166900 0.04606600
v -0.01540128 -0.00842800 0.06570300
v -0.01540128 -0.00842800 0.06570300
v -0.01540128 -0.00842800 0.06570300
v -0.01540128 -0.00842800 0.06570300
v -0.01676958 0.01188600 0.04562000
v -0.01676958 0.01188600 0.04562000
v -0.01676958 0.01188600 0.04562000
v -0.01537103 0.00839800 0.06570300
v -0.01537103 0.00839800 0.06570300
v -0.01537103 0.00839800 0.06570300
v -0.01537103 0.00839800 0.06570300
v -0.01535783 0.01162200 0.04606600
v -0.01535783 0.01162200 0.04606600
v -0.01535783 0.01162200 0.04606600
v -0.01535783 0.01162200 0.04606600
v -0.01535783 0.01162200 0.04606600
v -0.01535783 0.01162200 0.04606600
v -0.01669977 0.01181800 0.04562000
v -0.01669977 0.01181800 0.04562000
v -0.01669977 0.01181800 0.04562000
v -0.01673390 0.01185300 0.04562000
v -0.01673390 0.01185300 0.04562000
v -0.01673390 0.01185300 0.04562000
v -0.01672459 -0.01184300 0.04562000
v -0.01672459 -0.01184300 0.04562000
v -0.01671295 -0.01183100 0.04562000
v -0.01671295 -0.01183100 0.04562000
v -0.01671295 -0.01183100 0.04562000
v -0.01667882 -0.01179400 0.04562000
v -0.01667882 -0.01179400 0.04562000
v -0.01667882 -0.01179400 0.04562000
v -0.01535783 -0.01162100 0.04606600
v -0.01535783 -0.01162100 0.04606600
v -0.01535783 -0.01162100 0.04606600
v -0.01535783 -0.01162100 0.04606600
v -0.01531906 -0.00833900 0.06570300
v -0.01531906 -0.00833900 0.06570300
v -0.01531906 -0.00833900 0.06570300
v -0.01531906 -0.00833900 0.06570300
v -0.01531906 -0.00833900 0.06570300
v -0.01531906 -0.00833900 0.06570300
v -0.01537103 -0.00839500 0.06570300
v -0.01537103 -0.00839500 0.06570300
v -0.01537103 -0.00839500 0.06570300
v -0.01533845 0.00836000 0.06570300
v -0.01533845 0.00836000 0.06570300
v -0.01533845 0.00836000 0.06570300
v -0.01533689 0.01159600 0.04606600
v -0.01533689 0.01159600 0.04606600
v -0.01533689 0.01159600 0.04606600
v -0.01533689 0.01159600 0.04606600
v -0.01533689 0.01159600 0.04606600
v -0.01666719 0.01178000 0.04562000
v -0.01666719 0.01178000 0.04562000
v -0.01666719 0.01178000 0.04562000
v -0.01668658 0.01180300 0.04562000
v -0.01668658 0.01180300 0.04562000
v -0.01668658 0.01180300 0.04562000
v -0.01531906 0.00833700 0.06570300
v -0.01531906 0.00833700 0.06570300
v -0.01531906 0.00833700 0.06570300
v -0.01531906 0.00833700 0.06570300
v -0.01664624 -0.01175300 0.04562000
v -0.01664624 -0.01175300 0.04562000
v -0.01664624 -0.01175300 0.04562000
v -0.01532680 -0.01158400 0.04606600
v -0.01532680 -0.01158400 0.04606600
v -0.01532680 -0.01158400 0.04606600
v -0.01532680 -0.01158400 0.04606600
v -0.01532680 -0.01158400 0.04606600
v -0.01527484 -0.00827300 0.06570300
v -0.01527484 -0.00827300 0.06570300
v -0.01527484 -0.00827300 0.06570300
v -0.01527484 -0.00827300 0.06570300
v -0.01531051 -0.01156000 0.04606600
v -0.01531051 -0.01156000 0.04606600
v -0.01531051 -0.01156000 0.04606600
v -0.01531051 -0.01156000 0.04606600
v -0.01531051 -0.01156000 0.04606600
v -0.01531206 0.01156300 0.04606600
v -0.01531206 0.01156300 0.04606600
v -0.01531206 0.01156300 0.04606600
v -0.01531206 0.01156300 0.04606600
v -0.01531206 0.01156300 0.04606600
v -0.01663150 0.01173500 0.04562000
v -0.01663150 0.01173500 0.04562000
v -0.01663150 0.01173500 0.04562000
v -0.01663150 0.01173500 0.04562000
v -0.01665633 0.01176600 0.04562000
v -0.01665633 0.01176600 0.04562000
v -0.01665633 0.01176600 0.04562000
v -0.01527484 0.00827500 0.06570300
v -0.01527484 0.00827500 0.06570300
v -0.01527484 0.00827500 0.06570300
v -0.01527484 0.00827500 0.06570300
v -0.01662530 -0.01172500 0.04562000
v -0.01662530 -0.01172500 0.04562000
v -0.01662530 -0.01172500 0.04562000
v -0.01662530 -0.01172500 0.04562000
v -0.01662530 -0.01172500 0.04562000
v -0.01523296 -0.00820400 0.06570300
v -0.01523296 -0.00820400 0.06570300
v -0.01523296 -0.00820400 0.06570300
v -0.01523296 -0.00820400 0.06570300
v -0.01523296 -0.00820400 0.06570300
v -0.01527328 -0.01150300 0.04606600
v -0.01527328 -0.01150300 0.04606600
v -0.01527328 -0.01150300 0.04606600
v -0.01527328 -0.01150300 0.04606600
v -0.01527328 -0.01150300 0.04606600
v -0.01527018 0.01149900 0.04606600
v -0.01527018 0.01149900 0.04606600
v -0.01527018 0.01149900 0.04606600
v -0.01527018 0.01149900 0.04606600
v -0.01527018 0.01149900 0.04606600
v -0.01527018 0.01149900 0.04606600
v -0.01659117 0.01167400 0.04562000
v -0.01659117 0.01167400 0.04562000
v -0.01659117 0.01167400 0.04562000
v -0.01521512 0.00817100 0.06570300
v -0.01521512 0.00817100 0.06570300
v -0.01521512 0.00817100 0.06570300
v -0.01521512 0.00817100 0.06570300
v -0.01521512 0.00817100 0.06570300
v -0.01658031 -0.01165200 0.04562000
v -0.01658031 -0.01165200 0.04562000
v -0.01658031 -0.01165200 0.04562000
v -0.01519727 -0.00812900 0.06570300
v -0.01519727 -0.00812900 0.06570300
v -0.01519727 -0.00812900 0.06570300
v -0.01526242 -0.01148400 0.04606600
v -0.01526242 -0.01148400 0.04606600
v -0.01526242 -0.01148400 0.04606600
v -0.01526242 -0.01148400 0.04606600
v -0.01526242 -0.01148400 0.04606600
v -0.01523294 -0.01143000 0.04606600
v -0.01523294 -0.01143000 0.04606600
v -0.01523294 -0.01143000 0.04606600
v -0.01523294 -0.01143000 0.04606600
v -0.01523294 -0.01143000 0.04606600
v -0.01526397 0.01148700 0.04606600
v -0.01526397 0.01148700 0.04606600
v -0.01526397 0.01148700 0.04606600
v -0.01526397 0.01148700 0.04606600
v -0.01655394 0.01160800 0.04562000
v -0.01655394 0.01160800 0.04562000
v -0.01655394 0.01160800 0.04562000
v -0.01655394 0.01160800 0.04562000
v -0.01655394 0.01160800 0.04562000
v -0.01518952 0.00811700 0.06570300
v -0.01518952 0.00811700 0.06570300
v -0.01518952 0.00811700 0.06570300
v -0.01518952 0.00811700 0.06570300
v -0.01518952 0.00811700 0.06570300
v -0.01521355 0.01139300 0.04606600
v -0.01521355 0.01139300 0.04606600
v -0.01521355 0.01139300 0.04606600
v -0.01521355 0.01139300 0.04606600
v -0.01521355 0.01139300 0.04606600
v -0.01521355 0.01139300 0.04606600
v -0.01521355 0.01139300 0.04606600
v -0.01654463 -0.01158800 0.04562000
v -0.01654463 -0.01158800 0.04562000
v -0.01654463 -0.01158800 0.04562000
v -0.01654463 -0.01158800 0.04562000
v -0.01518409 -0.00809800 0.06570300
v -0.01518409 -0.00809800 0.06570300
v -0.01518409 -0.00809800 0.06570300
v -0.01519726 -0.01135500 0.04606600
v -0.01519726 -0.01135500 0.04606600
v -0.01519726 -0.01135500 0.04606600
v -0.01519726 -0.01135500 0.04606600
v -0.01519726 -0.01135500 0.04606600
v -0.01519726 -0.01135500 0.04606600
v -0.01519726 -0.01135500 0.04606600
v -0.01519726 -0.01135500 0.04606600
v -0.01653610 -0.01157200 0.04562000
v -0.01653610 -0.01157200 0.04562000
v -0.01653610 -0.01157200 0.04562000
v -0.01653610 -0.01157200 0.04562000
v -0.01652446 0.01154600 0.04562000
v -0.01652446 0.01154600 0.04562000
v -0.01652446 0.01154600 0.04562000
v -0.01516625 0.00805300 0.06570300
v -0.01516625 0.00805300 0.06570300
v -0.01516625 0.00805300 0.06570300
v -0.01516779 0.01128000 0.04606600
v -0.01516779 0.01128000 0.04606600
v -0.01516779 0.01128000 0.04606600
v -0.01516779 0.01128000 0.04606600
v -0.01516779 0.01128000 0.04606600
v -0.01519106 0.01134100 0.04606600
v -0.01519106 0.01134100 0.04606600
v -0.01519106 0.01134100 0.04606600
v -0.01519106 0.01134100 0.04606600
v -0.01516625 -0.00805300 0.06570300
v -0.01516625 -0.00805300 0.06570300
v -0.01516625 -0.00805300 0.06570300
v -0.01516625 -0.00805300 0.06570300
v -0.01652446 -0.01154600 0.04562000
v -0.01652446 -0.01154600 0.04562000
v -0.01652446 -0.01154600 0.04562000
v -0.01650507 -0.01150100 0.04562000
v -0.01650507 -0.01150100 0.04562000
v -0.01650507 -0.01150100 0.04562000
v -0.01650507 -0.01150100 0.04562000
v -0.01516003 -0.01126000 0.04606600
v -0.01516003 -0.01126000 0.04606600
v -0.01516003 -0.01126000 0.04606600
v -0.01516003 -0.01126000 0.04606600
v -0.01516003 -0.01126000 0.04606600
v -0.01516003 -0.01126000 0.04606600
v -0.01651360 0.01152000 0.04562000
v -0.01651360 0.01152000 0.04562000
v -0.01651360 0.01152000 0.04562000
v -0.01651360 0.01152000 0.04562000
v -0.01513755 0.00797100 0.06570300
v -0.01513755 0.00797100 0.06570300
v -0.01513755 0.00797100 0.06570300
v -0.01513755 0.00797100 0.06570300
v -0.01513755 0.00797100 0.06570300
v -0.01513755 0.00797100 0.06570300
v -0.01516158 0.01126100 0.04606600
v -0.01516158 0.01126100 0.04606600
v -0.01516158 0.01126100 0.04606600
v -0.01516158 0.01126100 0.04606600
v -0.01649266 0.01146400 0.04562000
v -0.01649266 0.01146400 0.04562000
v -0.01649266 0.01146400 0.04562000
v -0.01513755 -0.00797100 0.06570300
v -0.01513755 -0.00797100 0.06570300
v -0.01513755 -0.00797100 0.06570300
v -0.01513755 -0.00797100 0.06570300
v -0.01513755 -0.00797100 0.06570300
v -0.01647792 -0.01142500 0.04562000
v -0.01647792 -0.01142500 0.04562000
v -0.01647792 -0.01142500 0.04562000
v -0.01646008 -0.01136600 0.04562000
v -0.01646008 -0.01136600 0.04562000
v -0.01646008 -0.01136600 0.04562000
v -0.01513909 -0.01118900 0.04606600
v -0.01513909 -0.01118900 0.04606600
v -0.01513909 -0.01118900 0.04606600
v -0.01513909 -0.01118900 0.04606600
v -0.01513909 -0.01118900 0.04606600
v -0.01511971 0.00788800 0.06570300
v -0.01511971 0.00788800 0.06570300
v -0.01511971 0.00788800 0.06570300
v -0.01511582 0.01109100 0.04606600
v -0.01511582 0.01109100 0.04606600
v -0.01511582 0.01109100 0.04606600
v -0.01511582 0.01109100 0.04606600
v -0.01511582 0.01109100 0.04606600
v -0.01511582 0.01109100 0.04606600
v -0.01511582 0.01109100 0.04606600
v -0.01513598 0.01117800 0.04606600
v -0.01513598 0.01117800 0.04606600
v -0.01513598 0.01117800 0.04606600
v -0.01513598 0.01117800 0.04606600
v -0.01513598 0.01117800 0.04606600
v -0.01514839 0.01122100 0.04606600
v -0.01514839 0.01122100 0.04606600
v -0.01514839 0.01122100 0.04606600
v -0.01514839 0.01122100 0.04606600
v -0.01646628 0.01138800 0.04562000
v -0.01646628 0.01138800 0.04562000
v -0.01646628 0.01138800 0.04562000
v -0.01646628 0.01138800 0.04562000
v -0.01511272 -0.00786200 0.06570300
v -0.01511272 -0.00786200 0.06570300
v -0.01511272 -0.00786200 0.06570300
v -0.01511272 -0.00786200 0.06570300
v -0.01511814 -0.01110200 0.04606600
v -0.01511814 -0.01110200 0.04606600
v -0.01511814 -0.01110200 0.04606600
v -0.01511814 -0.01110200 0.04606600
v -0.01511814 -0.01110200 0.04606600
v -0.01511814 -0.01110200 0.04606600
v -0.01644999 -0.01132900 0.04562000
v -0.01644999 -0.01132900 0.04562000
v -0.01644999 -0.01132900 0.04562000
v -0.01644379 -0.01130300 0.04562000
v -0.01644379 -0.01130300 0.04562000
v -0.01644379 -0.01130300 0.04562000
v -0.01510497 0.00780300 0.06570300
v -0.01510497 0.00780300 0.06570300
v -0.01510497 0.00780300 0.06570300
v -0.01510497 0.00780300 0.06570300
v -0.01510497 0.00780300 0.06570300
v -0.01510185 0.01100100 0.04606600
v -0.01510185 0.01100100 0.04606600
v -0.01510185 0.01100100 0.04606600
v -0.01642285 0.01118500 0.04562000
v -0.01642285 0.01118500 0.04562000
v -0.01642285 0.01118500 0.04562000
v -0.01642285 0.01118500 0.04562000
v -0.01642595 0.01120400 0.04562000
v -0.01642595 0.01120400 0.04562000
v -0.01643758 0.01126800 0.04562000
v -0.01643758 0.01126800 0.04562000
v -0.01643758 0.01126800 0.04562000
v -0.01645155 0.01133400 0.04562000
v -0.01645155 0.01133400 0.04562000
v -0.01645155 0.01133400 0.04562000
v -0.01646008 0.01136700 0.04562000
v -0.01646008 0.01136700 0.04562000
v -0.01646008 0.01136700 0.04562000
v -0.01510497 -0.00780100 0.06570300
v -0.01510497 -0.00780100 0.06570300
v -0.01510497 -0.00780100 0.06570300
v -0.01510340 -0.01101000 0.04606600
v -0.01510340 -0.01101000 0.04606600
v -0.01510340 -0.01101000 0.04606600
v -0.01510340 -0.01101000 0.04606600
v -0.01510340 -0.01101000 0.04606600
v -0.01510340 -0.01101000 0.04606600
v -0.01643215 -0.01124800 0.04562000
v -0.01643215 -0.01124800 0.04562000
v -0.01643215 -0.01124800 0.04562000
v -0.01510031 0.00776800 0.06570300
v -0.01510031 0.00776800 0.06570300
v -0.01510031 0.00776800 0.06570300
v -0.01509642 0.01097000 0.04606600
v -0.01509642 0.01097000 0.04606600
v -0.01509642 0.01097000 0.04606600
v -0.01509642 0.01097000 0.04606600
v -0.01509642 0.01097000 0.04606600
v -0.01509642 0.01097000 0.04606600
v -0.01509642 0.01097000 0.04606600
v -0.01641974 0.01115500 0.04562000
v -0.01641974 0.01115500 0.04562000
v -0.01641974 0.01115500 0.04562000
v -0.01509644 -0.00773700 0.06570300
v -0.01509644 -0.00773700 0.06570300
v -0.01509644 -0.00773700 0.06570300
v -0.01509644 -0.00773700 0.06570300
v -0.01641819 -0.01114700 0.04562000
v -0.01641819 -0.01114700 0.04562000
v -0.01641819 -0.01114700 0.04562000
v -0.01509332 -0.01091800 0.04606600
v -0.01509332 -0.01091800 0.04606600
v -0.01509332 -0.01091800 0.04606600
v -0.01509332 -0.01091800 0.04606600
v -0.01509488 0.00771400 0.06570300
v -0.01509488 0.00771400 0.06570300
v -0.01509488 0.00771400 0.06570300
v -0.01509488 0.00771400 0.06570300
v -0.01509177 0.01090900 0.04606600
v -0.01509177 0.01090900 0.04606600
v -0.01509177 0.01090900 0.04606600
v -0.01509177 0.01090900 0.04606600
v -0.01509177 0.01090900 0.04606600
v -0.01509177 0.01090900 0.04606600
v -0.01641276 0.01108400 0.04562000
v -0.01641276 0.01108400 0.04562000
v -0.01641276 0.01108400 0.04562000
v -0.01641819 0.01113800 0.04562000
v -0.01641819 0.01113800 0.04562000
v -0.01509178 -0.00767800 0.06570300
v -0.01509178 -0.00767800 0.06570300
v -0.01509178 -0.00767800 0.06570300
v -0.01509178 -0.00767800 0.06570300
v -0.01509178 -0.00767800 0.06570300
v -0.01641276 -0.01108800 0.04562000
v -0.01641276 -0.01108800 0.04562000
v -0.01641276 -0.01108800 0.04562000
v -0.01509022 -0.01087600 0.04606600
v -0.01509022 -0.01087600 0.04606600
v -0.01509022 -0.01087600 0.04606600
v -0.01509022 -0.01087600 0.04606600
v -0.01509022 -0.01087600 0.04606600
v -0.01509178 0.00764500 0.06570300
v -0.01509178 0.00764500 0.06570300
v -0.01509178 0.00764500 0.06570300
v -0.01509178 0.00764500 0.06570300
v -0.01508867 0.01082200 0.04606600
v -0.01508867 0.01082200 0.04606600
v -0.01508867 0.01082200 0.04606600
v -0.01508867 0.01082200 0.04606600
v -0.01640966 0.01102700 0.04562000
v -0.01640966 0.01102700 0.04562000
v -0.01640966 0.01102700 0.04562000
v -0.01640966 0.01102700 0.04562000
v -0.01508867 -0.01082100 0.04606600
v -0.01508867 -0.01082100 0.04606600
v -0.01508867 -0.01082100 0.04606600
v -0.01508867 -0.01082100 0.04606600
v -0.01508867 -0.00884400 0.05486700
v -0.01641121 -0.01106200 0.04562000
v -0.01641121 -0.01106200 0.04562000
v -0.01641121 -0.01106200 0.04562000
v -0.01508867 0.00885100 0.05486700
v -0.01640966 -0.01100300 0.04562000
v -0.01640966 -0.01100300 0.04562000
v -0.01640966 -0.01100300 0.04562000
v -0.01167646 -0.00000000 0.10537499
v -0.01167646 -0.00000000 0.10537499
v -0.01167646 -0.00000000 0.10537499
v -0.01167646 -0.00000000 0.10537499
v -0.01167646 -0.00000000 0.10537499
v -0.01167646 -0.00000000 0.10537499
v -0.01314871 0.00005100 0.10537199
v -0.01314871 0.00005100 0.10537199
v -0.01314871 0.00005100 0.10537199
v -0.01314871 0.00005100 0.10537199
v -0.01314871 -0.00000000 0.10537499
v -0.01314871 -0.00000000 0.10537499
v -0.01314871 -0.00000000 0.10537499
v -0.01314871 -0.00000000 0.10537499
v -0.01314871 -0.00000000 0.10537499
v -0.01165242 -0.00007500 0.10536999
v -0.01165242 -0.00007500 0.10536999
v -0.01165242 -0.00007500 0.10536999
v -0.01165242 -0.00007500 0.10536999
v -0.01165242 -0.00007500 0.10536999
v -0.01165242 -0.00007500 0.10536999
v -0.01162992 -0.00000000 0.10537299
v -0.01162992 -0.00000000 0.10537299
v -0.01162992 -0.00000000 0.10537299
v -0.01162992 -0.00000000 0.10537299
v -0.01162992 -0.00000000 0.10537299
v -0.01162992 0.00007600 0.10536899
v -0.01162992 0.00007600 0.10536899
v -0.01162992 0.00007600 0.10536899
v -0.01162992 0.00007600 0.10536899
v -0.01162992 0.00007600 0.10536899
v -0.01162992 0.00007600 0.10536899
v -0.01167646 0.00022700 0.10535899
v -0.01167646 0.00022700 0.10535899
v -0.01167646 0.00022700 0.10535899
v -0.01167646 0.00022700 0.10535899
v -0.01167646 0.00022700 0.10535899
v -0.01167646 0.00022700 0.10535899
v -0.01167646 0.00022700 0.10535899
v -0.01314949 0.00017300 0.10536399
v -0.01314949 0.00017300 0.10536399
v -0.01314949 0.00017300 0.10536399
v -0.01314949 0.00017300 0.10536399
v -0.01323326 -0.00000000 0.10537299
v -0.01323326 -0.00000000 0.10537299
v -0.01323326 -0.00000000 0.10537299
v -0.01323326 -0.00000000 0.10537299
v -0.01323326 -0.00000000 0.10537299
v -0.01323326 -0.00000000 0.10537299
v -0.01323404 0.00017000 0.10536199
v -0.01323404 0.00017000 0.10536199
v -0.01323404 0.00017000 0.10536199
v -0.01323404 0.00017000 0.10536199
v -0.01323404 0.00017000 0.10536199
v -0.01323404 0.00017000 0.10536199
v -0.01323404 -0.00016900 0.10536199
v -0.01323404 -0.00016900 0.10536199
v -0.01323404 -0.00016900 0.10536199
v -0.01323404 -0.00016900 0.10536199
v -0.01323404 -0.00016900 0.10536199
v -0.01314949 -0.00019400 0.10536199
v -0.01314949 -0.00019400 0.10536199
v -0.01314949 -0.00019400 0.10536199
v -0.01314949 -0.00019400 0.10536199
v -0.01314949 -0.00019400 0.10536199
v -0.01314949 -0.00019400 0.10536199
v -0.01167646 -0.00027000 0.10535299
v -0.01167646 -0.00027000 0.10535299
v -0.01167646 -0.00027000 0.10535299
v -0.01167646 -0.00027000 0.10535299
v -0.01165242 -0.00027900 0.10535199
v -0.01165242 -0.00027900 0.10535199
v -0.01165242 -0.00027900 0.10535199
v -0.01165242 -0.00027900 0.10535199
v -0.01165242 -0.00027900 0.10535199
v -0.01165242 -0.00027900 0.10535199
v -0.01165242 -0.00027900 0.10535199
v -0.01160432 -0.00007500 0.10536699
v -0.01160432 -0.00007500 0.10536699
v -0.01160432 -0.00007500 0.10536699
v -0.01160432 -0.00007500 0.10536699
v -0.01160432 -0.00007500 0.10536699
v -0.01160432 -0.00007500 0.10536699
v -0.01160898 -0.00000000 0.10537099
v -0.01160898 -0.00000000 0.10537099
v -0.01160898 -0.00000000 0.10537099
v -0.01160898 -0.00000000 0.10537099
v -0.01160898 -0.00000000 0.10537099
v -0.01158105 0.00007500 0.10536399
v -0.01158105 0.00007500 0.10536399
v -0.01158105 0.00007500 0.10536399
v -0.01158105 0.00007500 0.10536399
v -0.01158105 0.00007500 0.10536399
v -0.01158105 0.00007500 0.10536399
v -0.01158105 0.00007500 0.10536399
v -0.01158105 0.00007500 0.10536399
v -0.01162992 0.00028000 0.10535099
v -0.01162992 0.00028000 0.10535099
v -0.01162992 0.00028000 0.10535099
v -0.01162992 0.00028000 0.10535099
v -0.01162992 0.00028000 0.10535099
v -0.01162992 0.00028000 0.10535099
v -0.01162992 0.00028000 0.10535099
v -0.01167646 0.00028000 0.10535199
v -0.01167646 0.00028000 0.10535199
v -0.01167646 0.00028000 0.10535199
v -0.01167646 0.00028000 0.10535199
v -0.01167646 0.00028000 0.10535199
v -0.01315026 0.00032500 0.10534699
v -0.01315026 0.00032500 0.10534699
v -0.01315026 0.00032500 0.10534699
v -0.01315026 0.00032500 0.10534699
v -0.01315026 0.00032500 0.10534699
v -0.01315026 0.00032500 0.10534699
v -0.01315026 0.00032500 0.10534699
v -0.01314949 0.00022700 0.10535899
v -0.01314949 0.00022700 0.10535899
v -0.01314949 0.00022700 0.10535899
v -0.01314949 0.00022700 0.10535899
v -0.01314949 0.00022700 0.10535899
v -0.01333100 -0.00000000 0.10536499
v -0.01333100 -0.00000000 0.10536499
v -0.01333100 -0.00000000 0.10536499
v -0.01333100 -0.00000000 0.10536499
v -0.01333100 -0.00000000 0.10536499
v -0.01333100 -0.00000000 0.10536499
v -0.01331859 -0.00016600 0.10535699
v -0.01331859 -0.00016600 0.10535699
v -0.01331859 -0.00016600 0.10535699
v -0.01331859 -0.00016600 0.10535699
v -0.01331859 -0.00016600 0.10535699
v -0.01331859 -0.00016600 0.10535699
v -0.01331859 0.00016500 0.10535699
v -0.01331859 0.00016500 0.10535699
v -0.01331859 0.00016500 0.10535699
v -0.01331859 0.00016500 0.10535699
v -0.01331859 0.00016500 0.10535699
v -0.01331859 0.00016500 0.10535699
v -0.01323404 0.00029700 0.10534799
v -0.01323404 0.00029700 0.10534799
v -0.01323404 0.00029700 0.10534799
v -0.01323404 0.00029700 0.10534799
v -0.01323404 0.00029700 0.10534799
v -0.01323404 -0.00029700 0.10534799
v -0.01323404 -0.00029700 0.10534799
v -0.01323404 -0.00029700 0.10534799
v -0.01323404 -0.00029700 0.10534799
v -0.01323404 -0.00029700 0.10534799
v -0.01323404 -0.00029700 0.10534799
v -0.01314949 -0.00027000 0.10535299
v -0.01314949 -0.00027000 0.10535299
v -0.01314949 -0.00027000 0.10535299
v -0.01314949 -0.00027000 0.10535299
v -0.01314949 -0.00027000 0.10535299
v -0.01160432 -0.00027900 0.10534799
v -0.01160432 -0.00027900 0.10534799
v -0.01160432 -0.00027900 0.10534799
v -0.01160432 -0.00027900 0.10534799
v -0.01160432 -0.00027900 0.10534799
v -0.01167646 -0.00027900 0.10535199
v -0.01167646 -0.00027900 0.10535199
v -0.01315026 -0.00044100 0.10532999
v -0.01315026 -0.00044100 0.10532999
v -0.01315026 -0.00044100 0.10532999
v -0.01315026 -0.00044100 0.10532999
v -0.01315026 -0.00044100 0.10532999
v -0.01315026 -0.00044100 0.10532999
v -0.01315026 -0.00044100 0.10532999
v -0.01165242 -0.00048000 0.10532199
v -0.01165242 -0.00048000 0.10532199
v -0.01165242 -0.00048000 0.10532199
v -0.01165242 -0.00048000 0.10532199
v -0.01160432 -0.00048000 0.10531799
v -0.01160432 -0.00048000 0.10531799
v -0.01160432 -0.00048000 0.10531799
v -0.01160432 -0.00048000 0.10531799
v -0.01160432 -0.00048000 0.10531799
v -0.01155778 -0.00007500 0.10535999
v -0.01155778 -0.00007500 0.10535999
v -0.01155778 -0.00007500 0.10535999
v -0.01155778 -0.00007500 0.10535999
v -0.01155778 -0.00007500 0.10535999
v -0.01155778 -0.00007500 0.10535999
v -0.01155778 -0.00007500 0.10535999
v -0.01158105 -0.00000000 0.10536699
v -0.01158105 -0.00000000 0.10536699
v -0.01158105 -0.00000000 0.10536699
v -0.01158105 -0.00000000 0.10536699
v -0.01154537 -0.00000000 0.10535999
v -0.01154537 -0.00000000 0.10535999
v -0.01154537 -0.00000000 0.10535999
v -0.01154537 -0.00000000 0.10535999
v -0.01154537 -0.00000000 0.10535999
v -0.01153218 0.00007500 0.10535299
v -0.01153218 0.00007500 0.10535299
v -0.01153218 0.00007500 0.10535299
v -0.01153218 0.00007500 0.10535299
v -0.01153218 0.00007500 0.10535299
v -0.01153218 0.00027700 0.10533599
v -0.01153218 0.00027700 0.10533599
v -0.01153218 0.00027700 0.10533599
v -0.01153218 0.00027700 0.10533599
v -0.01153218 0.00027700 0.10533599
v -0.01153218 0.00027700 0.10533599
v -0.01153218 0.00027700 0.10533599
v -0.01153218 0.00027700 0.10533599
v -0.01158105 0.00027900 0.10534499
v -0.01158105 0.00027900 0.10534499
v -0.01158105 0.00027900 0.10534499
v -0.01158105 0.00027900 0.10534499
v -0.01158105 0.00037800 0.10533199
v -0.01158105 0.00037800 0.10533199
v -0.01158105 0.00037800 0.10533199
v -0.01158105 0.00037800 0.10533199
v -0.01158105 0.00037800 0.10533199
v -0.01158105 0.00037800 0.10533199
v -0.01158105 0.00037800 0.10533199
v -0.01162992 0.00037900 0.10533699
v -0.01162992 0.00037900 0.10533699
v -0.01162992 0.00037900 0.10533699
v -0.01162992 0.00037900 0.10533699
v -0.01162992 0.00037900 0.10533699
v -0.01167646 0.00048000 0.10532299
v -0.01167646 0.00048000 0.10532299
v -0.01167646 0.00048000 0.10532299
v -0.01167646 0.00048000 0.10532299
v -0.01167646 0.00048000 0.10532299
v -0.01167646 0.00048000 0.10532299
v -0.01167646 0.00048000 0.10532299
v -0.01167646 0.00048000 0.10532299
v -0.01315026 0.00045000 0.10532799
v -0.01315026 0.00045000 0.10532799
v -0.01315026 0.00045000 0.10532799
v -0.01315026 0.00045000 0.10532799
v -0.01323481 0.00044300 0.10532699
v -0.01323481 0.00044300 0.10532699
v -0.01323481 0.00044300 0.10532699
v -0.01323481 0.00044300 0.10532699
v -0.01323481 0.00044300 0.10532699
v -0.01323481 0.00044300 0.10532699
v -0.01349001 -0.00000000 0.10534199
v -0.01349001 -0.00000000 0.10534199
v -0.01349001 -0.00000000 0.10534199
v -0.01349001 -0.00000000 0.10534199
v -0.01349001 -0.00000000 0.10534199
v -0.01349001 -0.00000000 0.10534199
v -0.01340469 -0.00016100 0.10534599
v -0.01340469 -0.00016100 0.10534599
v -0.01340469 -0.00016100 0.10534599
v -0.01340469 -0.00016100 0.10534599
v -0.01340469 -0.00016100 0.10534599
v -0.01340469 0.00016100 0.10534599
v -0.01340469 0.00016100 0.10534599
v -0.01340469 0.00016100 0.10534599
v -0.01340469 0.00016100 0.10534599
v -0.01340469 0.00016100 0.10534599
v -0.01340546 -0.00028500 0.10533399
v -0.01340546 -0.00028500 0.10533399
v -0.01340546 -0.00028500 0.10533399
v -0.01340546 -0.00028500 0.10533399
v -0.01340546 -0.00028500 0.10533399
v -0.01340546 -0.00028500 0.10533399
v -0.01340546 -0.00028500 0.10533399
v -0.01340546 -0.00028500 0.10533399
v -0.01331936 -0.00029100 0.10534299
v -0.01331936 -0.00029100 0.10534299
v -0.01331936 -0.00029100 0.10534299
v -0.01331936 -0.00029100 0.10534299
v -0.01331936 0.00029100 0.10534299
v -0.01331936 0.00029100 0.10534299
v -0.01331936 0.00029100 0.10534299
v -0.01331936 0.00029100 0.10534299
v -0.01340546 0.00028600 0.10533399
v -0.01340546 0.00028600 0.10533399
v -0.01340546 0.00028600 0.10533399
v -0.01340546 0.00028600 0.10533399
v -0.01340546 0.00028600 0.10533399
v -0.01340546 0.00028600 0.10533399
v -0.01340546 0.00028600 0.10533399
v -0.01340546 0.00028600 0.10533399
v -0.01332014 0.00043400 0.10532299
v -0.01332014 0.00043400 0.10532299
v -0.01332014 0.00043400 0.10532299
v -0.01332014 0.00043400 0.10532299
v -0.01332014 0.00043400 0.10532299
v -0.01332014 0.00043400 0.10532299
v -0.01332014 -0.00043500 0.10532299
v -0.01332014 -0.00043500 0.10532299
v -0.01332014 -0.00043500 0.10532299
v -0.01332014 -0.00043500 0.10532299
v -0.01332014 -0.00043500 0.10532299
v -0.01332014 -0.00043500 0.10532299
v -0.01323481 -0.00044200 0.10532699
v -0.01323481 -0.00044200 0.10532699
v -0.01323481 -0.00044200 0.10532699
v -0.01323481 -0.00044200 0.10532699
v -0.01323481 -0.00044200 0.10532699
v -0.01323481 -0.00044200 0.10532699
v -0.01155778 -0.00027800 0.10534099
v -0.01155778 -0.00027800 0.10534099
v -0.01155778 -0.00027800 0.10534099
v -0.01155778 -0.00027800 0.10534099
v -0.01315026 -0.00054900 0.10530899
v -0.01315026 -0.00054900 0.10530899
v -0.01315026 -0.00054900 0.10530899
v -0.01315026 -0.00054900 0.10530899
v -0.01315026 -0.00054900 0.10530899
v -0.01167646 -0.00054900 0.10530899
v -0.01167646 -0.00054900 0.10530899
v -0.01167646 -0.00054900 0.10530899
v -0.01167646 -0.00054900 0.10530899
v -0.01165242 -0.00068100 0.10527899
v -0.01165242 -0.00068100 0.10527899
v -0.01165242 -0.00068100 0.10527899
v -0.01165242 -0.00068100 0.10527899
v -0.01165242 -0.00068100 0.10527899
v -0.01160432 -0.00068000 0.10527499
v -0.01160432 -0.00068000 0.10527499
v -0.01160432 -0.00068000 0.10527499
v -0.01160432 -0.00068000 0.10527499
v -0.01160432 -0.00068000 0.10527499
v -0.01155778 -0.00047900 0.10531099
v -0.01155778 -0.00047900 0.10531099
v -0.01155778 -0.00047900 0.10531099
v -0.01155778 -0.00047900 0.10531099
v -0.01155778 -0.00047900 0.10531099
v -0.01151124 -0.00007400 0.10534799
v -0.01151124 -0.00007400 0.10534799
v -0.01151124 -0.00007400 0.10534799
v -0.01151124 -0.00007400 0.10534799
v -0.01151124 -0.00007400 0.10534799
v -0.01151124 -0.00007400 0.10534799
v -0.01151124 -0.00000000 0.10535099
v -0.01151124 -0.00000000 0.10535099
v -0.01151124 -0.00000000 0.10535099
v -0.01151124 -0.00000000 0.10535099
v -0.01148176 -0.00000000 0.10534299
v -0.01148176 -0.00000000 0.10534299
v -0.01148176 -0.00000000 0.10534299
v -0.01148176 -0.00000000 0.10534299
v -0.01148176 -0.00000000 0.10534299
v -0.01148176 -0.00000000 0.10534299
v -0.01148487 0.00007300 0.10533999
v -0.01148487 0.00007300 0.10533999
v -0.01148487 0.00007300 0.10533999
v -0.01148487 0.00007300 0.10533999
v -0.01148487 0.00007300 0.10533999
v -0.01148487 0.00027600 0.10532199
v -0.01148487 0.00027600 0.10532199
v -0.01148487 0.00027600 0.10532199
v -0.01148487 0.00027600 0.10532199
v -0.01148487 0.00027600 0.10532199
v -0.01148487 0.00047400 0.10529199
v -0.01148487 0.00047400 0.10529199
v -0.01148487 0.00047400 0.10529199
v -0.01148487 0.00047400 0.10529199
v -0.01148487 0.00047400 0.10529199
v -0.01148487 0.00047400 0.10529199
v -0.01153218 0.00047700 0.10530499
v -0.01153218 0.00047700 0.10530499
v -0.01153218 0.00047700 0.10530499
v -0.01153218 0.00047700 0.10530499
v -0.01153218 0.00047700 0.10530499
v -0.01158105 0.00047900 0.10531499
v -0.01158105 0.00047900 0.10531499
v -0.01158105 0.00047900 0.10531499
v -0.01158105 0.00047900 0.10531499
v -0.01158105 0.00047900 0.10531499
v -0.01162992 0.00048000 0.10532099
v -0.01162992 0.00048000 0.10532099
v -0.01162992 0.00048000 0.10532099
v -0.01162992 0.00048000 0.10532099
v -0.01162992 0.00048000 0.10532099
v -0.01162992 0.00058100 0.10530099
v -0.01162992 0.00058100 0.10530099
v -0.01162992 0.00058100 0.10530099
v -0.01162992 0.00058100 0.10530099
v -0.01162992 0.00058100 0.10530099
v -0.01162992 0.00058100 0.10530099
v -0.01162992 0.00058100 0.10530099
v -0.01167646 0.00050100 0.10531799
v -0.01167646 0.00050100 0.10531799
v -0.01167646 0.00050100 0.10531799
v -0.01167646 0.00050100 0.10531799
v -0.01315026 0.00050100 0.10531799
v -0.01315026 0.00050100 0.10531799
v -0.01315026 0.00050100 0.10531799
v -0.01323559 0.00060600 0.10529499
v -0.01323559 0.00060600 0.10529499
v -0.01323559 0.00060600 0.10529499
v -0.01323559 0.00060600 0.10529499
v -0.01323559 0.00060600 0.10529499
v -0.01332169 0.00059500 0.10529199
v -0.01332169 0.00059500 0.10529199
v -0.01332169 0.00059500 0.10529199
v -0.01332169 0.00059500 0.10529199
v -0.01332169 0.00059500 0.10529199
v -0.01332169 0.00059500 0.10529199
v -0.01353035 -0.00000000 0.10533399
v -0.01353035 -0.00000000 0.10533399
v -0.01353035 -0.00000000 0.10533399
v -0.01353035 -0.00000000 0.10533399
v -0.01353035 -0.00000000 0.10533399
v -0.01353035 -0.00000000 0.10533399
v -0.01349079 -0.00015600 0.10533299
v -0.01349079 -0.00015600 0.10533299
v -0.01349079 -0.00015600 0.10533299
v -0.01349079 -0.00015600 0.10533299
v -0.01349079 -0.00015600 0.10533299
v -0.01349079 -0.00015600 0.10533299
v -0.01349079 0.00015700 0.10533299
v -0.01349079 0.00015700 0.10533299
v -0.01349079 0.00015700 0.10533299
v -0.01349079 0.00015700 0.10533299
v -0.01349079 0.00015700 0.10533299
v -0.01349079 0.00015700 0.10533299
v -0.01349157 -0.00027800 0.10531899
v -0.01349157 -0.00027800 0.10531899
v -0.01349157 -0.00027800 0.10531899
v -0.01349157 -0.00027800 0.10531899
v -0.01349157 -0.00027800 0.10531899
v -0.01349312 -0.00041800 0.10529999
v -0.01349312 -0.00041800 0.10529999
v -0.01349312 -0.00041800 0.10529999
v -0.01349312 -0.00041800 0.10529999
v -0.01349312 -0.00041800 0.10529999
v -0.01349312 -0.00041800 0.10529999
v -0.01340546 -0.00042600 0.10531299
v -0.01340546 -0.00042600 0.10531299
v -0.01340546 -0.00042600 0.10531299
v -0.01340546 -0.00042600 0.10531299
v -0.01340624 0.00042600 0.10531299
v -0.01340624 0.00042600 0.10531299
v -0.01340624 0.00042600 0.10531299
v -0.01340624 0.00042600 0.10531299
v -0.01349312 0.00041700 0.10529999
v -0.01349312 0.00041700 0.10529999
v -0.01349312 0.00041700 0.10529999
v -0.01349312 0.00041700 0.10529999
v -0.01349312 0.00041700 0.10529999
v -0.01349312 0.00041700 0.10529999
v -0.01349157 0.00027900 0.10531899
v -0.01349157 0.00027900 0.10531899
v -0.01349157 0.00027900 0.10531899
v -0.01349157 0.00027900 0.10531899
v -0.01349157 0.00027900 0.10531899
v -0.01340702 0.00058400 0.10528399
v -0.01340702 0.00058400 0.10528399
v -0.01340702 0.00058400 0.10528399
v -0.01340702 0.00058400 0.10528399
v -0.01340702 0.00058400 0.10528399
v -0.01340702 0.00058400 0.10528399
v -0.01340702 -0.00058400 0.10528399
v -0.01340702 -0.00058400 0.10528399
v -0.01340702 -0.00058400 0.10528399
v -0.01340702 -0.00058400 0.10528399
v -0.01340702 -0.00058400 0.10528399
v -0.01340702 -0.00058400 0.10528399
v -0.01332169 -0.00059500 0.10529199
v -0.01332169 -0.00059500 0.10529199
v -0.01332169 -0.00059500 0.10529199
v -0.01332169 -0.00059500 0.10529199
v -0.01332169 -0.00059500 0.10529199
v -0.01332169 -0.00059500 0.10529199
v -0.01323559 -0.00060500 0.10529499
v -0.01323559 -0.00060500 0.10529499
v -0.01323559 -0.00060500 0.10529499
v -0.01323559 -0.00060500 0.10529499
v -0.01323559 -0.00060500 0.10529499
v -0.01151124 -0.00027700 0.10532999
v -0.01151124 -0.00027700 0.10532999
v -0.01151124 -0.00027700 0.10532999
v -0.01151124 -0.00027700 0.10532999
v -0.01151124 -0.00027700 0.10532999
v -0.01151124 -0.00027700 0.10532999
v -0.01151124 -0.00027700 0.10532999
v -0.01315182 -0.00069200 0.10527699
v -0.01315182 -0.00069200 0.10527699
v -0.01315182 -0.00069200 0.10527699
v -0.01315182 -0.00069200 0.10527699
v -0.01315182 -0.00069200 0.10527699
v -0.01165242 -0.00078200 0.10525299
v -0.01165242 -0.00078200 0.10525299
v -0.01165242 -0.00078200 0.10525299
v -0.01165242 -0.00078200 0.10525299
v -0.01155778 -0.00067900 0.10526799
v -0.01155778 -0.00067900 0.10526799
v -0.01155778 -0.00067900 0.10526799
v -0.01155778 -0.00067900 0.10526799
v -0.01160432 -0.00078100 0.10524899
v -0.01160432 -0.00078100 0.10524899
v -0.01160432 -0.00078100 0.10524899
v -0.01160432 -0.00078100 0.10524899
v -0.01151124 -0.00047600 0.10529999
v -0.01151124 -0.00047600 0.10529999
v -0.01151124 -0.00047600 0.10529999
v -0.01151124 -0.00047600 0.10529999
v -0.01146548 -0.00027500 0.10531499
v -0.01146548 -0.00027500 0.10531499
v -0.01146548 -0.00027500 0.10531499
v -0.01146548 -0.00027500 0.10531499
v -0.01146548 -0.00027500 0.10531499
v -0.01146548 -0.00027500 0.10531499
v -0.01146548 -0.00007300 0.10533299
v -0.01146548 -0.00007300 0.10533299
v -0.01146548 -0.00007300 0.10533299
v -0.01146548 -0.00007300 0.10533299
v -0.01146548 -0.00007300 0.10533299
v -0.01143755 -0.00000000 0.10532599
v -0.01143755 -0.00000000 0.10532599
v -0.01143755 -0.00000000 0.10532599
v -0.01143755 -0.00000000 0.10532599
v -0.01143755 -0.00000000 0.10532599
v -0.01143755 0.00007200 0.10532299
v -0.01143755 0.00007200 0.10532299
v -0.01143755 0.00007200 0.10532299
v -0.01143755 0.00007200 0.10532299
v -0.01143755 0.00007200 0.10532299
v -0.01143755 0.00007200 0.10532299
v -0.01143755 0.00007200 0.10532299
v -0.01143755 0.00007200 0.10532299
v -0.01143755 0.00007200 0.10532299
v -0.01143755 0.00027400 0.10530399
v -0.01143755 0.00027400 0.10530399
v -0.01143755 0.00027400 0.10530399
v -0.01143755 0.00027400 0.10530399
v -0.01143755 0.00047200 0.10527399
v -0.01143755 0.00047200 0.10527399
v -0.01143755 0.00047200 0.10527399
v -0.01143755 0.00047200 0.10527399
v -0.01143755 0.00047200 0.10527399
v -0.01143755 0.00047200 0.10527399
v -0.01148487 0.00057500 0.10527199
v -0.01148487 0.00057500 0.10527199
v -0.01148487 0.00057500 0.10527199
v -0.01148487 0.00057500 0.10527199
v -0.01148487 0.00057500 0.10527199
v -0.01148487 0.00057500 0.10527199
v -0.01153218 0.00057700 0.10528599
v -0.01153218 0.00057700 0.10528599
v -0.01153218 0.00057700 0.10528599
v -0.01153218 0.00057700 0.10528599
v -0.01153218 0.00057700 0.10528599
v -0.01153218 0.00057700 0.10528599
v -0.01158105 0.00058000 0.10529499
v -0.01158105 0.00058000 0.10529499
v -0.01158105 0.00058000 0.10529499
v -0.01158105 0.00058000 0.10529499
v -0.01158105 0.00067900 0.10527199
v -0.01158105 0.00067900 0.10527199
v -0.01158105 0.00067900 0.10527199
v -0.01158105 0.00067900 0.10527199
v -0.01158105 0.00067900 0.10527199
v -0.01158105 0.00067900 0.10527199
v -0.01162992 0.00068100 0.10527699
v -0.01162992 0.00068100 0.10527699
v -0.01162992 0.00068100 0.10527699
v -0.01162992 0.00068100 0.10527699
v -0.01167646 0.00068200 0.10527899
v -0.01167646 0.00068200 0.10527899
v -0.01167646 0.00068200 0.10527899
v -0.01167646 0.00068200 0.10527899
v -0.01167646 0.00068200 0.10527899
v -0.01315026 0.00056200 0.10530599
v -0.01315026 0.00056200 0.10530599
v -0.01315026 0.00056200 0.10530599
v -0.01315026 0.00056200 0.10530599
v -0.01315104 0.00061400 0.10529499
v -0.01315104 0.00061400 0.10529499
v -0.01315104 0.00061400 0.10529499
v -0.01315104 0.00061400 0.10529499
v -0.01315182 0.00076800 0.10525699
v -0.01315182 0.00076800 0.10525699
v -0.01315182 0.00076800 0.10525699
v -0.01315182 0.00076800 0.10525699
v -0.01315182 0.00076800 0.10525699
v -0.01323714 0.00077700 0.10525299
v -0.01323714 0.00077700 0.10525299
v -0.01323714 0.00077700 0.10525299
v -0.01323714 0.00077700 0.10525299
v -0.01323714 0.00077700 0.10525299
v -0.01323714 0.00077700 0.10525299
v -0.01332247 0.00076500 0.10524999
v -0.01332247 0.00076500 0.10524999
v -0.01332247 0.00076500 0.10524999
v -0.01332247 0.00076500 0.10524999
v -0.01332247 0.00076500 0.10524999
v -0.01340934 0.00075100 0.10524199
v -0.01340934 0.00075100 0.10524199
v -0.01340934 0.00075100 0.10524199
v -0.01340934 0.00075100 0.10524199
v -0.01340934 0.00075100 0.10524199
v -0.01340934 0.00075100 0.10524199
v -0.01357767 0.00015100 0.10531399
v -0.01357767 0.00015100 0.10531399
v -0.01357767 0.00015100 0.10531399
v -0.01357767 0.00015100 0.10531399
v -0.01357767 0.00015100 0.10531399
v -0.01357767 0.00015100 0.10531399
v -0.01357767 0.00015100 0.10531399
v -0.01366377 -0.00000000 0.10529999
v -0.01366377 -0.00000000 0.10529999
v -0.01366377 -0.00000000 0.10529999
v -0.01366377 -0.00000000 0.10529999
v -0.01366377 -0.00000000 0.10529999
v -0.01357689 -0.00015200 0.10531399
v -0.01357689 -0.00015200 0.10531399
v -0.01357689 -0.00015200 0.10531399
v -0.01357689 -0.00015200 0.10531399
v -0.01357689 -0.00015200 0.10531399
v -0.01357689 -0.00015200 0.10531399
v -0.01357922 -0.00040700 0.10528199
v -0.01357922 -0.00040700 0.10528199
v -0.01357922 -0.00040700 0.10528199
v -0.01357922 -0.00040700 0.10528199
v -0.01357922 -0.00040700 0.10528199
v -0.01358077 -0.00055900 0.10525499
v -0.01358077 -0.00055900 0.10525499
v -0.01358077 -0.00055900 0.10525499
v -0.01358077 -0.00055900 0.10525499
v -0.01358077 -0.00055900 0.10525499
v -0.01358077 -0.00055900 0.10525499
v -0.01358077 -0.00055900 0.10525499
v -0.01349389 -0.00057200 0.10527099
v -0.01349389 -0.00057200 0.10527099
v -0.01349389 -0.00057200 0.10527099
v -0.01349389 -0.00057200 0.10527099
v -0.01349389 0.00057300 0.10527099
v -0.01349389 0.00057300 0.10527099
v -0.01349389 0.00057300 0.10527099
v -0.01349389 0.00057300 0.10527099
v -0.01357922 0.00040700 0.10528199
v -0.01357922 0.00040700 0.10528199
v -0.01357922 0.00040700 0.10528199
v -0.01357922 0.00040700 0.10528199
v -0.01357922 0.00040700 0.10528199
v -0.01358077 0.00056000 0.10525499
v -0.01358077 0.00056000 0.10525499
v -0.01358077 0.00056000 0.10525499
v -0.01358077 0.00056000 0.10525499
v -0.01358077 0.00056000 0.10525499
v -0.01358077 0.00056000 0.10525499
v -0.01358077 0.00056000 0.10525499
v -0.01349544 0.00073700 0.10523099
v -0.01349544 0.00073700 0.10523099
v -0.01349544 0.00073700 0.10523099
v -0.01349544 0.00073700 0.10523099
v -0.01349544 0.00073700 0.10523099
v -0.01349544 0.00073700 0.10523099
v -0.01349544 -0.00073600 0.10523099
v -0.01349544 -0.00073600 0.10523099
v -0.01349544 -0.00073600 0.10523099
v -0.01349544 -0.00073600 0.10523099
v -0.01349544 -0.00073600 0.10523099
v -0.01349544 -0.00073600 0.10523099
v -0.01340934 -0.00075200 0.10524199
v -0.01340934 -0.00075200 0.10524199
v -0.01340934 -0.00075200 0.10524199
v -0.01340934 -0.00075200 0.10524199
v -0.01340934 -0.00075200 0.10524199
v -0.01340934 -0.00075200 0.10524199
v -0.01340934 -0.00075200 0.10524199
v -0.01332247 -0.00076400 0.10524999
v -0.01332247 -0.00076400 0.10524999
v -0.01332247 -0.00076400 0.10524999
v -0.01332247 -0.00076400 0.10524999
v -0.01323714 -0.00077600 0.10525299
v -0.01323714 -0.00077600 0.10525299
v -0.01323714 -0.00077600 0.10525299
v -0.01323714 -0.00077600 0.10525299
v -0.01323714 -0.00077600 0.10525299
v -0.01323714 -0.00077600 0.10525299
v -0.01323714 -0.00077600 0.10525299
v -0.01315182 -0.00078800 0.10525199
v -0.01315182 -0.00078800 0.10525199
v -0.01315182 -0.00078800 0.10525199
v -0.01315182 -0.00078800 0.10525199
v -0.01315182 -0.00078800 0.10525199
v -0.01167646 -0.00081500 0.10524299
v -0.01167646 -0.00081500 0.10524299
v -0.01165242 -0.00088200 0.10522299
v -0.01165242 -0.00088200 0.10522299
v -0.01165242 -0.00088200 0.10522299
v -0.01165242 -0.00088200 0.10522299
v -0.01165242 -0.00088200 0.10522299
v -0.01165242 -0.00088200 0.10522299
v -0.01151124 -0.00067500 0.10525699
v -0.01151124 -0.00067500 0.10525699
v -0.01151124 -0.00067500 0.10525699
v -0.01151124 -0.00067500 0.10525699
v -0.01151124 -0.00067500 0.10525699
v -0.01151124 -0.00067500 0.10525699
v -0.01155778 -0.00078000 0.10524099
v -0.01155778 -0.00078000 0.10524099
v -0.01155778 -0.00078000 0.10524099
v -0.01155778 -0.00078000 0.10524099
v -0.01155778 -0.00078000 0.10524099
v -0.01155778 -0.00078000 0.10524099
v -0.01155778 -0.00078000 0.10524099
v -0.01160432 -0.00088100 0.10521899
v -0.01160432 -0.00088100 0.10521899
v -0.01160432 -0.00088100 0.10521899
v -0.01160432 -0.00088100 0.10521899
v -0.01160432 -0.00088100 0.10521899
v -0.01146548 -0.00047400 0.10528599
v -0.01146548 -0.00047400 0.10528599
v -0.01146548 -0.00047400 0.10528599
v -0.01146548 -0.00047400 0.10528599
v -0.01146548 -0.00047400 0.10528599
v -0.01146548 -0.00047400 0.10528599
v -0.01146548 -0.00047400 0.10528599
v -0.01146548 -0.00047400 0.10528599
v -0.01141971 -0.00027300 0.10529699
v -0.01141971 -0.00027300 0.10529699
v -0.01141971 -0.00027300 0.10529699
v -0.01141971 -0.00027300 0.10529699
v -0.01141971 -0.00027300 0.10529699
v -0.01141971 -0.00027300 0.10529699
v -0.01141971 -0.00007200 0.10531399
v -0.01141971 -0.00007200 0.10531399
v -0.01141971 -0.00007200 0.10531399
v -0.01141971 -0.00007200 0.10531399
v -0.01141971 -0.00007200 0.10531399
v -0.01141971 -0.00007200 0.10531399
v -0.01141971 -0.00007200 0.10531399
v -0.01142049 -0.00000000 0.10531799
v -0.01142049 -0.00000000 0.10531799
v -0.01142049 -0.00000000 0.10531799
v -0.01142049 -0.00000000 0.10531799
v -0.01139179 -0.00000000 0.10530499
v -0.01139179 -0.00000000 0.10530499
v -0.01139179 -0.00000000 0.10530499
v -0.01139179 -0.00000000 0.10530499
v -0.01139179 -0.00000000 0.10530499
v -0.01139179 -0.00000000 0.10530499
v -0.01139179 0.00007100 0.10530099
v -0.01139179 0.00007100 0.10530099
v -0.01139179 0.00007100 0.10530099
v -0.01139179 0.00007100 0.10530099
v -0.01139179 0.00007100 0.10530099
v -0.01139179 0.00027200 0.10528399
v -0.01139179 0.00027200 0.10528399
v -0.01139179 0.00027200 0.10528399
v -0.01139179 0.00027200 0.10528399
v -0.01139179 0.00027200 0.10528399
v -0.01139179 0.00027200 0.10528399
v -0.01139179 0.00046700 0.10525399
v -0.01139179 0.00046700 0.10525399
v -0.01139179 0.00046700 0.10525399
v -0.01139179 0.00046700 0.10525399
v -0.01139179 0.00046700 0.10525399
v -0.01143755 0.00067000 0.10523199
v -0.01143755 0.00067000 0.10523199
v -0.01143755 0.00067000 0.10523199
v -0.01143755 0.00067000 0.10523199
v -0.01143755 0.00067000 0.10523199
v -0.01148487 0.00067300 0.10524999
v -0.01148487 0.00067300 0.10524999
v -0.01148487 0.00067300 0.10524999
v -0.01148487 0.00067300 0.10524999
v -0.01148487 0.00067300 0.10524999
v -0.01153218 0.00067700 0.10526299
v -0.01153218 0.00067700 0.10526299
v -0.01153218 0.00067700 0.10526299
v -0.01153218 0.00067700 0.10526299
v -0.01153218 0.00067700 0.10526299
v -0.01158105 0.00078000 0.10524499
v -0.01158105 0.00078000 0.10524499
v -0.01158105 0.00078000 0.10524499
v -0.01158105 0.00078000 0.10524499
v -0.01158105 0.00078000 0.10524499
v -0.01162992 0.00078100 0.10525099
v -0.01162992 0.00078100 0.10525099
v -0.01162992 0.00078100 0.10525099
v -0.01162992 0.00078100 0.10525099
v -0.01162992 0.00078100 0.10525099
v -0.01167646 0.00076800 0.10525699
v -0.01167646 0.00076800 0.10525699
v -0.01167646 0.00076800 0.10525699
v -0.01167646 0.00076800 0.10525699
v -0.01167646 0.00076800 0.10525699
v -0.01315259 0.00081400 0.10524299
v -0.01315259 0.00081400 0.10524299
v -0.01315259 0.00081400 0.10524299
v -0.01315259 0.00081400 0.10524299
v -0.01323792 0.00094200 0.10520099
v -0.01323792 0.00094200 0.10520099
v -0.01323792 0.00094200 0.10520099
v -0.01323792 0.00094200 0.10520099
v -0.01323792 0.00094200 0.10520099
v -0.01332402 0.00092700 0.10519999
v -0.01332402 0.00092700 0.10519999
v -0.01332402 0.00092700 0.10519999
v -0.01332402 0.00092700 0.10519999
v -0.01332402 0.00092700 0.10519999
v -0.01341089 0.00091100 0.10519399
v -0.01341089 0.00091100 0.10519399
v -0.01341089 0.00091100 0.10519399
v -0.01341089 0.00091100 0.10519399
v -0.01341089 0.00091100 0.10519399
v -0.01341089 0.00091100 0.10519399
v -0.01349777 0.00089400 0.10518499
v -0.01349777 0.00089400 0.10518499
v -0.01349777 0.00089400 0.10518499
v -0.01349777 0.00089400 0.10518499
v -0.01349777 0.00089400 0.10518499
v -0.01349777 0.00089400 0.10518499
v -0.01366454 0.00014500 0.10529199
v -0.01366454 0.00014500 0.10529199
v -0.01366454 0.00014500 0.10529199
v -0.01366454 0.00014500 0.10529199
v -0.01366454 0.00014500 0.10529199
v -0.01366454 0.00014500 0.10529199
v -0.01366609 0.00039700 0.10526099
v -0.01366609 0.00039700 0.10526099
v -0.01366609 0.00039700 0.10526099
v -0.01366609 0.00039700 0.10526099
v -0.01366609 0.00039700 0.10526099
v -0.01366609 0.00039700 0.10526099
v -0.01366609 0.00039700 0.10526099
v -0.01370565 -0.00000000 0.10528799
v -0.01370565 -0.00000000 0.10528799
v -0.01370565 -0.00000000 0.10528799
v -0.01370565 -0.00000000 0.10528799
v -0.01370565 -0.00000000 0.10528799
v -0.01370565 -0.00000000 0.10528799
v -0.01366454 -0.00014600 0.10529199
v -0.01366454 -0.00014600 0.10529199
v -0.01366454 -0.00014600 0.10529199
v -0.01366454 -0.00014600 0.10529199
v -0.01366454 -0.00014600 0.10529199
v -0.01366454 -0.00014600 0.10529199
v -0.01366609 -0.00039600 0.10526099
v -0.01366609 -0.00039600 0.10526099
v -0.01366609 -0.00039600 0.10526099
v -0.01366609 -0.00039600 0.10526099
v -0.01366609 -0.00039600 0.10526099
v -0.01366609 -0.00039600 0.10526099
v -0.01366609 -0.00039600 0.10526099
v -0.01366765 -0.00054500 0.10523299
v -0.01366765 -0.00054500 0.10523299
v -0.01366765 -0.00054500 0.10523299
v -0.01366765 -0.00054500 0.10523299
v -0.01366997 -0.00070400 0.10519599
v -0.01366997 -0.00070400 0.10519599
v -0.01366997 -0.00070400 0.10519599
v -0.01366997 -0.00070400 0.10519599
v -0.01366997 -0.00070400 0.10519599
v -0.01366997 -0.00070400 0.10519599
v -0.01358232 -0.00072000 0.10521599
v -0.01358232 -0.00072000 0.10521599
v -0.01358232 -0.00072000 0.10521599
v -0.01358232 -0.00072000 0.10521599
v -0.01358232 -0.00072000 0.10521599
v -0.01358232 0.00072000 0.10521599
v -0.01358232 0.00072000 0.10521599
v -0.01358232 0.00072000 0.10521599
v -0.01358232 0.00072000 0.10521599
v -0.01358232 0.00072000 0.10521599
v -0.01366997 0.00070400 0.10519599
v -0.01366997 0.00070400 0.10519599
v -0.01366997 0.00070400 0.10519599
v -0.01366997 0.00070400 0.10519599
v -0.01366997 0.00070400 0.10519599
v -0.01366765 0.00054600 0.10523299
v -0.01366765 0.00054600 0.10523299
v -0.01366765 0.00054600 0.10523299
v -0.01366765 0.00054600 0.10523299
v -0.01358542 0.00087500 0.10516999
v -0.01358542 0.00087500 0.10516999
v -0.01358542 0.00087500 0.10516999
v -0.01358542 0.00087500 0.10516999
v -0.01358542 0.00087500 0.10516999
v -0.01358542 0.00087500 0.10516999
v -0.01358465 -0.00087600 0.10516999
v -0.01358465 -0.00087600 0.10516999
v -0.01358465 -0.00087600 0.10516999
v -0.01358465 -0.00087600 0.10516999
v -0.01358465 -0.00087600 0.10516999
v -0.01349777 -0.00089500 0.10518499
v -0.01349777 -0.00089500 0.10518499
v -0.01349777 -0.00089500 0.10518499
v -0.01349777 -0.00089500 0.10518499
v -0.01349777 -0.00089500 0.10518499
v -0.01349777 -0.00089500 0.10518499
v -0.01341012 -0.00091100 0.10519399
v -0.01341012 -0.00091100 0.10519399
v -0.01341012 -0.00091100 0.10519399
v -0.01341012 -0.00091100 0.10519399
v -0.01332402 -0.00092700 0.10519999
v -0.01332402 -0.00092700 0.10519999
v -0.01332402 -0.00092700 0.10519999
v -0.01332402 -0.00092700 0.10519999
v -0.01332402 -0.00092700 0.10519999
v -0.01332402 -0.00092700 0.10519999
v -0.01323792 -0.00094100 0.10520099
v -0.01323792 -0.00094100 0.10520099
v -0.01323792 -0.00094100 0.10520099
v -0.01323792 -0.00094100 0.10520099
v -0.01323792 -0.00094100 0.10520099
v -0.01315259 -0.00081500 0.10524299
v -0.01315259 -0.00081500 0.10524299
v -0.01315259 -0.00081500 0.10524299
v -0.01315259 -0.00081500 0.10524299
v -0.01315259 -0.00081500 0.10524299
v -0.01167646 -0.00088200 0.10522299
v -0.01167646 -0.00088200 0.10522299
v -0.01167646 -0.00088200 0.10522299
v -0.01315414 -0.00096400 0.10519599
v -0.01315414 -0.00096400 0.10519599
v -0.01315414 -0.00096400 0.10519599
v -0.01315414 -0.00096400 0.10519599
v -0.01315414 -0.00096400 0.10519599
v -0.01315414 -0.00096400 0.10519599
v -0.01165242 -0.00098400 0.10518899
v -0.01165242 -0.00098400 0.10518899
v -0.01165242 -0.00098400 0.10518899
v -0.01165242 -0.00098400 0.10518899
v -0.01165242 -0.00098400 0.10518899
v -0.01160432 -0.00098200 0.10518599
v -0.01160432 -0.00098200 0.10518599
v -0.01160432 -0.00098200 0.10518599
v -0.01160432 -0.00098200 0.10518599
v -0.01160432 -0.00098200 0.10518599
v -0.01160432 -0.00098200 0.10518599
v -0.01160432 -0.00098200 0.10518599
v -0.01146548 -0.00067200 0.10524199
v -0.01146548 -0.00067200 0.10524199
v -0.01146548 -0.00067200 0.10524199
v -0.01146548 -0.00067200 0.10524199
v -0.01146548 -0.00067200 0.10524199
v -0.01151124 -0.00087600 0.10520099
v -0.01151124 -0.00087600 0.10520099
v -0.01151124 -0.00087600 0.10520099
v -0.01151124 -0.00087600 0.10520099
v -0.01151124 -0.00087600 0.10520099
v -0.01151124 -0.00087600 0.10520099
v -0.01151124 -0.00087600 0.10520099
v -0.01155778 -0.00087800 0.10521199
v -0.01155778 -0.00087800 0.10521199
v -0.01155778 -0.00087800 0.10521199
v -0.01155778 -0.00087800 0.10521199
v -0.01155778 -0.00087800 0.10521199
v -0.01141971 -0.00047000 0.10526699
v -0.01141971 -0.00047000 0.10526699
v -0.01141971 -0.00047000 0.10526699
v -0.01141971 -0.00047000 0.10526699
v -0.01141971 -0.00066800 0.10522499
v -0.01141971 -0.00066800 0.10522499
v -0.01141971 -0.00066800 0.10522499
v -0.01141971 -0.00066800 0.10522499
v -0.01141971 -0.00066800 0.10522499
v -0.01141971 -0.00066800 0.10522499
v -0.01141971 -0.00066800 0.10522499
v -0.01141971 -0.00066800 0.10522499
v -0.01137550 -0.00027000 0.10527499
v -0.01137550 -0.00027000 0.10527499
v -0.01137550 -0.00027000 0.10527499
v -0.01137550 -0.00027000 0.10527499
v -0.01137550 -0.00027000 0.10527499
v -0.01137550 -0.00027000 0.10527499
v -0.01137550 -0.00007100 0.10529299
v -0.01137550 -0.00007100 0.10529299
v -0.01137550 -0.00007100 0.10529299
v -0.01137550 -0.00007100 0.10529299
v -0.01137550 -0.00007100 0.10529299
v -0.01137550 -0.00007100 0.10529299
v -0.01136076 -0.00000000 0.10528899
v -0.01136076 -0.00000000 0.10528899
v -0.01136076 -0.00000000 0.10528899
v -0.01136076 -0.00000000 0.10528899
v -0.01136076 -0.00000000 0.10528899
v -0.01136076 -0.00000000 0.10528899
v -0.01134680 0.00007000 0.10527599
v -0.01134680 0.00007000 0.10527599
v -0.01134680 0.00007000 0.10527599
v -0.01134680 0.00007000 0.10527599
v -0.01134680 0.00007000 0.10527599
v -0.01134680 0.00026800 0.10525899
v -0.01134680 0.00026800 0.10525899
v -0.01134680 0.00026800 0.10525899
v -0.01134680 0.00026800 0.10525899
v -0.01134680 0.00026800 0.10525899
v -0.01134680 0.00026800 0.10525899
v -0.01134680 0.00046400 0.10522899
v -0.01134680 0.00046400 0.10522899
v -0.01134680 0.00046400 0.10522899
v -0.01134680 0.00046400 0.10522899
v -0.01134680 0.00065800 0.10518799
v -0.01134680 0.00065800 0.10518799
v -0.01134680 0.00065800 0.10518799
v -0.01134680 0.00065800 0.10518799
v -0.01134680 0.00065800 0.10518799
v -0.01134680 0.00065800 0.10518799
v -0.01134680 0.00065800 0.10518799
v -0.01134680 0.00065800 0.10518799
v -0.01139179 0.00066400 0.10521199
v -0.01139179 0.00066400 0.10521199
v -0.01139179 0.00066400 0.10521199
v -0.01139179 0.00066400 0.10521199
v -0.01139179 0.00066400 0.10521199
v -0.01143755 0.00077000 0.10520599
v -0.01143755 0.00077000 0.10520599
v -0.01143755 0.00077000 0.10520599
v -0.01143755 0.00077000 0.10520599
v -0.01143755 0.00077000 0.10520599
v -0.01143755 0.00077000 0.10520599
v -0.01143755 0.00077000 0.10520599
v -0.01148487 0.00077400 0.10522299
v -0.01148487 0.00077400 0.10522299
v -0.01148487 0.00077400 0.10522299
v -0.01148487 0.00077400 0.10522299
v -0.01148487 0.00077400 0.10522299
v -0.01153218 0.00077800 0.10523599
v -0.01153218 0.00077800 0.10523599
v -0.01153218 0.00077800 0.10523599
v -0.01153218 0.00077800 0.10523599
v -0.01158105 0.00088000 0.10521599
v -0.01158105 0.00088000 0.10521599
v -0.01158105 0.00088000 0.10521599
v -0.01158105 0.00088000 0.10521599
v -0.01162992 0.00088200 0.10522199
v -0.01162992 0.00088200 0.10522199
v -0.01162992 0.00088200 0.10522199
v -0.01162992 0.00088200 0.10522199
v -0.01162992 0.00088200 0.10522199
v -0.01162992 0.00088200 0.10522199
v -0.01167646 0.00088200 0.10522299
v -0.01167646 0.00088200 0.10522299
v -0.01167646 0.00088200 0.10522299
v -0.01167646 0.00088200 0.10522299
v -0.01167646 0.00088200 0.10522299
v -0.01315337 0.00095500 0.10519899
v -0.01315337 0.00095500 0.10519899
v -0.01315337 0.00095500 0.10519899
v -0.01315337 0.00095500 0.10519899
v -0.01315337 0.00095500 0.10519899
v -0.01315492 0.00103600 0.10516999
v -0.01315492 0.00103600 0.10516999
v -0.01315492 0.00103600 0.10516999
v -0.01315492 0.00103600 0.10516999
v -0.01324024 0.00108700 0.10514899
v -0.01324024 0.00108700 0.10514899
v -0.01324024 0.00108700 0.10514899
v -0.01324024 0.00108700 0.10514899
v -0.01324024 0.00108700 0.10514899
v -0.01324024 0.00108700 0.10514899
v -0.01332634 0.00107100 0.10514899
v -0.01332634 0.00107100 0.10514899
v -0.01332634 0.00107100 0.10514899
v -0.01332634 0.00107100 0.10514899
v -0.01332634 0.00107100 0.10514899
v -0.01341322 0.00105300 0.10514399
v -0.01341322 0.00105300 0.10514399
v -0.01341322 0.00105300 0.10514399
v -0.01341322 0.00105300 0.10514399
v -0.01341322 0.00105300 0.10514399
v -0.01350010 0.00103400 0.10513599
v -0.01350010 0.00103400 0.10513599
v -0.01350010 0.00103400 0.10513599
v -0.01350010 0.00103400 0.10513599
v -0.01350010 0.00103400 0.10513599
v -0.01350010 0.00103400 0.10513599
v -0.01358697 0.00101200 0.10512299
v -0.01358697 0.00101200 0.10512299
v -0.01358697 0.00101200 0.10512299
v -0.01358697 0.00101200 0.10512299
v -0.01358697 0.00101200 0.10512299
v -0.01358697 0.00101200 0.10512299
v -0.01375297 0.00038500 0.10523399
v -0.01375297 0.00038500 0.10523399
v -0.01375297 0.00038500 0.10523399
v -0.01375297 0.00038500 0.10523399
v -0.01375297 0.00038500 0.10523399
v -0.01375064 0.00013900 0.10526399
v -0.01375064 0.00013900 0.10526399
v -0.01375064 0.00013900 0.10526399
v -0.01375064 0.00013900 0.10526399
v -0.01375064 0.00013900 0.10526399
v -0.01375064 0.00013900 0.10526399
v -0.01375452 0.00053100 0.10520899
v -0.01375452 0.00053100 0.10520899
v -0.01375452 0.00053100 0.10520899
v -0.01375452 0.00053100 0.10520899
v -0.01375452 0.00053100 0.10520899
v -0.01375452 0.00053100 0.10520899
v -0.01383675 -0.00000000 0.10523999
v -0.01383675 -0.00000000 0.10523999
v -0.01383675 -0.00000000 0.10523999
v -0.01383675 -0.00000000 0.10523999
v -0.01383675 -0.00000000 0.10523999
v -0.01383675 -0.00000000 0.10523999
v -0.01375064 -0.00014000 0.10526399
v -0.01375064 -0.00014000 0.10526399
v -0.01375064 -0.00014000 0.10526399
v -0.01375064 -0.00014000 0.10526399
v -0.01375064 -0.00014000 0.10526399
v -0.01375297 -0.00038500 0.10523499
v -0.01375297 -0.00038500 0.10523499
v -0.01375297 -0.00038500 0.10523499
v -0.01375297 -0.00038500 0.10523499
v -0.01375297 -0.00038500 0.10523499
v -0.01375452 -0.00053100 0.10520899
v -0.01375452 -0.00053100 0.10520899
v -0.01375452 -0.00053100 0.10520899
v -0.01375452 -0.00053100 0.10520899
v -0.01375452 -0.00053100 0.10520899
v -0.01375685 -0.00068500 0.10517299
v -0.01375685 -0.00068500 0.10517299
v -0.01375685 -0.00068500 0.10517299
v -0.01375685 -0.00068500 0.10517299
v -0.01375685 -0.00068500 0.10517299
v -0.01375918 -0.00083400 0.10512899
v -0.01375918 -0.00083400 0.10512899
v -0.01375918 -0.00083400 0.10512899
v -0.01375918 -0.00083400 0.10512899
v -0.01375918 -0.00083400 0.10512899
v -0.01375918 -0.00083400 0.10512899
v -0.01367230 -0.00085600 0.10515199
v -0.01367230 -0.00085600 0.10515199
v -0.01367230 -0.00085600 0.10515199
v -0.01367230 -0.00085600 0.10515199
v -0.01367230 -0.00085600 0.10515199
v -0.01367230 0.00085500 0.10515199
v -0.01367230 0.00085500 0.10515199
v -0.01367230 0.00085500 0.10515199
v -0.01367230 0.00085500 0.10515199
v -0.01367230 0.00085500 0.10515199
v -0.01367230 0.00085500 0.10515199
v -0.01375685 0.00068500 0.10517299
v -0.01375685 0.00068500 0.10517299
v -0.01375685 0.00068500 0.10517299
v -0.01375685 0.00068500 0.10517299
v -0.01375685 0.00068500 0.10517299
v -0.01375918 0.00083400 0.10512899
v -0.01375918 0.00083400 0.10512899
v -0.01375918 0.00083400 0.10512899
v -0.01375918 0.00083400 0.10512899
v -0.01375918 0.00083400 0.10512899
v -0.01367540 0.00099000 0.10510699
v -0.01367540 0.00099000 0.10510699
v -0.01367540 0.00099000 0.10510699
v -0.01367540 0.00099000 0.10510699
v -0.01367540 0.00099000 0.10510699
v -0.01367540 0.00099000 0.10510699
v -0.01367540 -0.00099000 0.10510699
v -0.01367540 -0.00099000 0.10510699
v -0.01367540 -0.00099000 0.10510699
v -0.01367540 -0.00099000 0.10510699
v -0.01367540 -0.00099000 0.10510699
v -0.01358697 -0.00101300 0.10512299
v -0.01358697 -0.00101300 0.10512299
v -0.01358697 -0.00101300 0.10512299
v -0.01358697 -0.00101300 0.10512299
v -0.01358697 -0.00101300 0.10512299
v -0.01358697 -0.00101300 0.10512299
v -0.01350010 -0.00103400 0.10513599
v -0.01350010 -0.00103400 0.10513599
v -0.01350010 -0.00103400 0.10513599
v -0.01350010 -0.00103400 0.10513599
v -0.01350010 -0.00103400 0.10513599
v -0.01341322 -0.00105300 0.10514399
v -0.01341322 -0.00105300 0.10514399
v -0.01341322 -0.00105300 0.10514399
v -0.01341322 -0.00105300 0.10514399
v -0.01341322 -0.00105300 0.10514399
v -0.01332634 -0.00107200 0.10514899
v -0.01332634 -0.00107200 0.10514899
v -0.01332634 -0.00107200 0.10514899
v -0.01332634 -0.00107200 0.10514899
v -0.01332634 -0.00107200 0.10514899
v -0.01324024 -0.00108700 0.10514899
v -0.01324024 -0.00108700 0.10514899
v -0.01324024 -0.00108700 0.10514899
v -0.01324024 -0.00108700 0.10514899
v -0.01324024 -0.00108700 0.10514899
v -0.01324024 -0.00108700 0.10514899
v -0.01315492 -0.00107300 0.10515699
v -0.01315492 -0.00107300 0.10515699
v -0.01315492 -0.00107300 0.10515699
v -0.01315492 -0.00107300 0.10515699
v -0.01167646 -0.00107300 0.10515699
v -0.01167646 -0.00107300 0.10515699
v -0.01167646 -0.00107300 0.10515699
v -0.01167646 -0.00107300 0.10515699
v -0.01167646 -0.00107300 0.10515699
v -0.01165242 -0.00108200 0.10515199
v -0.01165242 -0.00108200 0.10515199
v -0.01165242 -0.00108200 0.10515199
v -0.01165242 -0.00108200 0.10515199
v -0.01155778 -0.00097900 0.10517899
v -0.01155778 -0.00097900 0.10517899
v -0.01155778 -0.00097900 0.10517899
v -0.01155778 -0.00097900 0.10517899
v -0.01155778 -0.00097900 0.10517899
v -0.01155778 -0.00097900 0.10517899
v -0.01160432 -0.00108100 0.10514899
v -0.01160432 -0.00108100 0.10514899
v -0.01160432 -0.00108100 0.10514899
v -0.01160432 -0.00108100 0.10514899
v -0.01160432 -0.00108100 0.10514899
v -0.01155778 -0.00107900 0.10514199
v -0.01155778 -0.00107900 0.10514199
v -0.01155778 -0.00107900 0.10514199
v -0.01155778 -0.00107900 0.10514199
v -0.01155778 -0.00107900 0.10514199
v -0.01146548 -0.00087100 0.10518699
v -0.01146548 -0.00087100 0.10518699
v -0.01146548 -0.00087100 0.10518699
v -0.01146548 -0.00087100 0.10518699
v -0.01146548 -0.00087100 0.10518699
v -0.01146548 -0.00087100 0.10518699
v -0.01151124 -0.00097500 0.10516699
v -0.01151124 -0.00097500 0.10516699
v -0.01151124 -0.00097500 0.10516699
v -0.01151124 -0.00097500 0.10516699
v -0.01151124 -0.00097500 0.10516699
v -0.01137550 -0.00046700 0.10524499
v -0.01137550 -0.00046700 0.10524499
v -0.01137550 -0.00046700 0.10524499
v -0.01137550 -0.00046700 0.10524499
v -0.01137550 -0.00046700 0.10524499
v -0.01137550 -0.00066300 0.10520299
v -0.01137550 -0.00066300 0.10520299
v -0.01137550 -0.00066300 0.10520299
v -0.01137550 -0.00066300 0.10520299
v -0.01137550 -0.00066300 0.10520299
v -0.01141971 -0.00086500 0.10516899
v -0.01141971 -0.00086500 0.10516899
v -0.01141971 -0.00086500 0.10516899
v -0.01141971 -0.00086500 0.10516899
v -0.01141971 -0.00086500 0.10516899
v -0.01141971 -0.00086500 0.10516899
v -0.01137550 -0.00085800 0.10514899
v -0.01137550 -0.00085800 0.10514899
v -0.01137550 -0.00085800 0.10514899
v -0.01137550 -0.00085800 0.10514899
v -0.01137550 -0.00085800 0.10514899
v -0.01137550 -0.00085800 0.10514899
v -0.01133206 -0.00046200 0.10522099
v -0.01133206 -0.00046200 0.10522099
v -0.01133206 -0.00046200 0.10522099
v -0.01133206 -0.00046200 0.10522099
v -0.01133206 -0.00046200 0.10522099
v -0.01133206 -0.00046200 0.10522099
v -0.01133206 -0.00046200 0.10522099
v -0.01133206 -0.00046200 0.10522099
v -0.01133206 -0.00026800 0.10524999
v -0.01133206 -0.00026800 0.10524999
v -0.01133206 -0.00026800 0.10524999
v -0.01133206 -0.00026800 0.10524999
v -0.01133206 -0.00007000 0.10526699
v -0.01133206 -0.00007000 0.10526699
v -0.01133206 -0.00007000 0.10526699
v -0.01133206 -0.00007000 0.10526699
v -0.01133206 -0.00007000 0.10526699
v -0.01133206 -0.00007000 0.10526699
v -0.01133206 -0.00007000 0.10526699
v -0.01133206 -0.00000000 0.10527099
v -0.01133206 -0.00000000 0.10527099
v -0.01133206 -0.00000000 0.10527099
v -0.01133206 -0.00000000 0.10527099
v -0.01133206 -0.00000000 0.10527099
v -0.01130336 0.00006900 0.10524799
v -0.01130336 0.00006900 0.10524799
v -0.01130336 0.00006900 0.10524799
v -0.01130336 0.00006900 0.10524799
v -0.01130336 0.00006900 0.10524799
v -0.01130336 0.00006900 0.10524799
v -0.01130336 0.00026400 0.10522999
v -0.01130336 0.00026400 0.10522999
v -0.01130336 0.00026400 0.10522999
v -0.01130336 0.00026400 0.10522999
v -0.01130336 0.00045800 0.10520099
v -0.01130336 0.00045800 0.10520099
v -0.01130336 0.00045800 0.10520099
v -0.01130336 0.00045800 0.10520099
v -0.01130336 0.00045800 0.10520099
v -0.01130336 0.00045800 0.10520099
v -0.01130336 0.00045800 0.10520099
v -0.01130336 0.00065100 0.10515999
v -0.01130336 0.00065100 0.10515999
v -0.01130336 0.00065100 0.10515999
v -0.01130336 0.00065100 0.10515999
v -0.01130336 0.00084500 0.10510599
v -0.01130336 0.00084500 0.10510599
v -0.01130336 0.00084500 0.10510599
v -0.01130336 0.00084500 0.10510599
v -0.01130336 0.00084500 0.10510599
v -0.01130336 0.00084500 0.10510599
v -0.01130336 0.00084500 0.10510599
v -0.01130336 0.00084500 0.10510599
v -0.01134680 0.00085400 0.10513199
v -0.01134680 0.00085400 0.10513199
v -0.01134680 0.00085400 0.10513199
v -0.01134680 0.00085400 0.10513199
v -0.01139179 0.00086100 0.10515599
v -0.01139179 0.00086100 0.10515599
v -0.01139179 0.00086100 0.10515599
v -0.01139179 0.00086100 0.10515599
v -0.01139179 0.00086100 0.10515599
v -0.01139179 0.00086100 0.10515599
v -0.01139179 0.00086100 0.10515599
v -0.01143755 0.00086800 0.10517699
v -0.01143755 0.00086800 0.10517699
v -0.01143755 0.00086800 0.10517699
v -0.01143755 0.00086800 0.10517699
v -0.01143755 0.00086800 0.10517699
v -0.01148487 0.00087300 0.10519299
v -0.01148487 0.00087300 0.10519299
v -0.01148487 0.00087300 0.10519299
v -0.01148487 0.00087300 0.10519299
v -0.01148487 0.00087300 0.10519299
v -0.01153218 0.00087700 0.10520599
v -0.01153218 0.00087700 0.10520599
v -0.01153218 0.00087700 0.10520599
v -0.01153218 0.00087700 0.10520599
v -0.01153218 0.00087700 0.10520599
v -0.01153218 0.00087700 0.10520599
v -0.01153218 0.00087700 0.10520599
v -0.01153218 0.00087700 0.10520599
v -0.01158105 0.00098100 0.10518299
v -0.01158105 0.00098100 0.10518299
v -0.01158105 0.00098100 0.10518299
v -0.01158105 0.00098100 0.10518299
v -0.01158105 0.00098100 0.10518299
v -0.01158105 0.00098100 0.10518299
v -0.01162992 0.00098300 0.10518799
v -0.01162992 0.00098300 0.10518799
v -0.01162992 0.00098300 0.10518799
v -0.01162992 0.00098300 0.10518799
v -0.01162992 0.00098300 0.10518799
v -0.01167646 0.00103600 0.10516999
v -0.01167646 0.00103600 0.10516999
v -0.01167646 0.00103600 0.10516999
v -0.01167646 0.00103600 0.10516999
v -0.01167646 0.00103600 0.10516999
v -0.01315492 0.00105600 0.10516299
v -0.01315492 0.00105600 0.10516299
v -0.01315492 0.00105600 0.10516299
v -0.01315492 0.00105600 0.10516299
v -0.01315492 0.00105600 0.10516299
v -0.01315492 0.00105600 0.10516299
v -0.01324257 0.00121300 0.10509699
v -0.01324257 0.00121300 0.10509699
v -0.01324257 0.00121300 0.10509699
v -0.01324257 0.00121300 0.10509699
v -0.01324257 0.00121300 0.10509699
v -0.01324257 0.00121300 0.10509699
v -0.01324257 0.00121300 0.10509699
v -0.01332790 0.00119500 0.10509899
v -0.01332790 0.00119500 0.10509899
v -0.01332790 0.00119500 0.10509899
v -0.01332790 0.00119500 0.10509899
v -0.01332790 0.00119500 0.10509899
v -0.01332790 0.00119500 0.10509899
v -0.01341788 0.00128100 0.10504799
v -0.01341788 0.00128100 0.10504799
v -0.01341788 0.00128100 0.10504799
v -0.01341788 0.00128100 0.10504799
v -0.01341788 0.00128100 0.10504799
v -0.01350475 0.00125800 0.10504199
v -0.01350475 0.00125800 0.10504199
v -0.01350475 0.00125800 0.10504199
v -0.01350475 0.00125800 0.10504199
v -0.01350475 0.00125800 0.10504199
v -0.01350475 0.00125800 0.10504199
v -0.01359240 0.00123300 0.10503299
v -0.01359240 0.00123300 0.10503299
v -0.01359240 0.00123300 0.10503299
v -0.01359240 0.00123300 0.10503299
v -0.01359240 0.00123300 0.10503299
v -0.01368083 0.00120700 0.10501799
v -0.01368083 0.00120700 0.10501799
v -0.01368083 0.00120700 0.10501799
v -0.01368083 0.00120700 0.10501799
v -0.01368083 0.00120700 0.10501799
v -0.01368083 0.00120700 0.10501799
v -0.01383907 0.00037200 0.10520399
v -0.01383907 0.00037200 0.10520399
v -0.01383907 0.00037200 0.10520399
v -0.01383907 0.00037200 0.10520399
v -0.01383907 0.00037200 0.10520399
v -0.01383907 0.00037200 0.10520399
v -0.01383907 0.00037200 0.10520399
v -0.01383752 0.00013300 0.10523199
v -0.01383752 0.00013300 0.10523199
v -0.01383752 0.00013300 0.10523199
v -0.01383752 0.00013300 0.10523199
v -0.01383752 0.00013300 0.10523199
v -0.01384373 0.00066500 0.10514399
v -0.01384373 0.00066500 0.10514399
v -0.01384373 0.00066500 0.10514399
v -0.01384373 0.00066500 0.10514399
v -0.01384140 0.00051500 0.10517899
v -0.01384140 0.00051500 0.10517899
v -0.01384140 0.00051500 0.10517899
v -0.01384140 0.00051500 0.10517899
v -0.01384140 0.00051500 0.10517899
v -0.01388018 -0.00000000 0.10522299
v -0.01388018 -0.00000000 0.10522299
v -0.01388018 -0.00000000 0.10522299
v -0.01388018 -0.00000000 0.10522299
v -0.01388018 -0.00000000 0.10522299
v -0.01388018 -0.00000000 0.10522299
v -0.01383752 -0.00013300 0.10523199
v -0.01383752 -0.00013300 0.10523199
v -0.01383752 -0.00013300 0.10523199
v -0.01383752 -0.00013300 0.10523199
v -0.01383752 -0.00013300 0.10523199
v -0.01383907 -0.00037300 0.10520399
v -0.01383907 -0.00037300 0.10520399
v -0.01383907 -0.00037300 0.10520399
v -0.01383907 -0.00037300 0.10520399
v -0.01383907 -0.00037300 0.10520399
v -0.01384140 -0.00051500 0.10517899
v -0.01384140 -0.00051500 0.10517899
v -0.01384140 -0.00051500 0.10517899
v -0.01384140 -0.00051500 0.10517899
v -0.01384140 -0.00051500 0.10517899
v -0.01384373 -0.00066600 0.10514399
v -0.01384373 -0.00066600 0.10514399
v -0.01384373 -0.00066600 0.10514399
v -0.01384373 -0.00066600 0.10514399
v -0.01384683 -0.00081000 0.10510299
v -0.01384683 -0.00081000 0.10510299
v -0.01384683 -0.00081000 0.10510299
v -0.01384683 -0.00081000 0.10510299
v -0.01384683 -0.00081000 0.10510299
v -0.01384683 -0.00081000 0.10510299
v -0.01384993 -0.00093900 0.10505899
v -0.01384993 -0.00093900 0.10505899
v -0.01384993 -0.00093900 0.10505899
v -0.01384993 -0.00093900 0.10505899
v -0.01384993 -0.00093900 0.10505899
v -0.01384993 -0.00093900 0.10505899
v -0.01376306 -0.00096500 0.10508499
v -0.01376306 -0.00096500 0.10508499
v -0.01376306 -0.00096500 0.10508499
v -0.01376306 -0.00096500 0.10508499
v -0.01376306 -0.00096500 0.10508499
v -0.01376306 0.00096500 0.10508499
v -0.01376306 0.00096500 0.10508499
v -0.01376306 0.00096500 0.10508499
v -0.01376306 0.00096500 0.10508499
v -0.01376306 0.00096500 0.10508499
v -0.01376306 0.00096500 0.10508499
v -0.01384683 0.00081100 0.10510299
v -0.01384683 0.00081100 0.10510299
v -0.01384683 0.00081100 0.10510299
v -0.01384683 0.00081100 0.10510299
v -0.01384683 0.00081100 0.10510299
v -0.01384683 0.00081100 0.10510299
v -0.01384993 0.00094000 0.10505899
v -0.01384993 0.00094000 0.10505899
v -0.01384993 0.00094000 0.10505899
v -0.01384993 0.00094000 0.10505899
v -0.01384993 0.00094000 0.10505899
v -0.01384993 0.00094000 0.10505899
v -0.01376849 0.00117700 0.10499999
v -0.01376849 0.00117700 0.10499999
v -0.01376849 0.00117700 0.10499999
v -0.01376849 0.00117700 0.10499999
v -0.01376849 0.00117700 0.10499999
v -0.01376849 0.00117700 0.10499999
v -0.01376849 0.00117700 0.10499999
v -0.01376849 0.00117700 0.10499999
v -0.01376849 -0.00117700 0.10499999
v -0.01376849 -0.00117700 0.10499999
v -0.01376849 -0.00117700 0.10499999
v -0.01376849 -0.00117700 0.10499999
v -0.01376849 -0.00117700 0.10499999
v -0.01376849 -0.00117700 0.10499999
v -0.01368083 -0.00120600 0.10501799
v -0.01368083 -0.00120600 0.10501799
v -0.01368083 -0.00120600 0.10501799
v -0.01368083 -0.00120600 0.10501799
v -0.01368083 -0.00120600 0.10501799
v -0.01368083 -0.00120600 0.10501799
v -0.01359240 -0.00123300 0.10503299
v -0.01359240 -0.00123300 0.10503299
v -0.01359240 -0.00123300 0.10503299
v -0.01359240 -0.00123300 0.10503299
v -0.01359240 -0.00123300 0.10503299
v -0.01350475 -0.00125800 0.10504199
v -0.01350475 -0.00125800 0.10504199
v -0.01350475 -0.00125800 0.10504199
v -0.01350475 -0.00125800 0.10504199
v -0.01350475 -0.00125800 0.10504199
v -0.01341710 -0.00128000 0.10504799
v -0.01341710 -0.00128000 0.10504799
v -0.01341710 -0.00128000 0.10504799
v -0.01341710 -0.00128000 0.10504799
v -0.01341710 -0.00128000 0.10504799
v -0.01332790 -0.00119500 0.10509899
v -0.01332790 -0.00119500 0.10509899
v -0.01332790 -0.00119500 0.10509899
v -0.01332790 -0.00119500 0.10509899
v -0.01332790 -0.00119500 0.10509899
v -0.01332790 -0.00119500 0.10509899
v -0.01315492 -0.00110200 0.10514599
v -0.01315492 -0.00110200 0.10514599
v -0.01315492 -0.00110200 0.10514599
v -0.01315492 -0.00110200 0.10514599
v -0.01315492 -0.00110200 0.10514599
v -0.01315492 -0.00110200 0.10514599
v -0.01324257 -0.00121200 0.10509699
v -0.01324257 -0.00121200 0.10509699
v -0.01324257 -0.00121200 0.10509699
v -0.01324257 -0.00121200 0.10509699
v -0.01324257 -0.00121200 0.10509699
v -0.01324257 -0.00121200 0.10509699
v -0.01165242 -0.00118500 0.10511099
v -0.01165242 -0.00118500 0.10511099
v -0.01165242 -0.00118500 0.10511099
v -0.01165242 -0.00118500 0.10511099
v -0.01165242 -0.00118500 0.10511099
v -0.01165242 -0.00118500 0.10511099
v -0.01165242 -0.00118500 0.10511099
v -0.01151124 -0.00107500 0.10513099
v -0.01151124 -0.00107500 0.10513099
v -0.01151124 -0.00107500 0.10513099
v -0.01151124 -0.00107500 0.10513099
v -0.01151124 -0.00107500 0.10513099
v -0.01151124 -0.00107500 0.10513099
v -0.01160432 -0.00118300 0.10510799
v -0.01160432 -0.00118300 0.10510799
v -0.01160432 -0.00118300 0.10510799
v -0.01160432 -0.00118300 0.10510799
v -0.01160432 -0.00118300 0.10510799
v -0.01160432 -0.00118300 0.10510799
v -0.01155778 -0.00118100 0.10510099
v -0.01155778 -0.00118100 0.10510099
v -0.01155778 -0.00118100 0.10510099
v -0.01155778 -0.00118100 0.10510099
v -0.01155778 -0.00118100 0.10510099
v -0.01155778 -0.00118100 0.10510099
v -0.01146548 -0.00106900 0.10511799
v -0.01146548 -0.00106900 0.10511799
v -0.01146548 -0.00106900 0.10511799
v -0.01146548 -0.00106900 0.10511799
v -0.01146548 -0.00106900 0.10511799
v -0.01146548 -0.00106900 0.10511799
v -0.01133206 -0.00065700 0.10517899
v -0.01133206 -0.00065700 0.10517899
v -0.01133206 -0.00065700 0.10517899
v -0.01133206 -0.00065700 0.10517899
v -0.01133206 -0.00065700 0.10517899
v -0.01141971 -0.00106200 0.10510099
v -0.01141971 -0.00106200 0.10510099
v -0.01141971 -0.00106200 0.10510099
v -0.01141971 -0.00106200 0.10510099
v -0.01141971 -0.00106200 0.10510099
v -0.01137550 -0.00105500 0.10507999
v -0.01137550 -0.00105500 0.10507999
v -0.01137550 -0.00105500 0.10507999
v -0.01137550 -0.00105500 0.10507999
v -0.01137550 -0.00105500 0.10507999
v -0.01137550 -0.00105500 0.10507999
v -0.01133206 -0.00104600 0.10505599
v -0.01133206 -0.00104600 0.10505599
v -0.01133206 -0.00104600 0.10505599
v -0.01133206 -0.00104600 0.10505599
v -0.01133206 -0.00104600 0.10505599
v -0.01133206 -0.00104600 0.10505599
v -0.01133206 -0.00085100 0.10512399
v -0.01133206 -0.00085100 0.10512399
v -0.01133206 -0.00085100 0.10512399
v -0.01133206 -0.00085100 0.10512399
v -0.01133206 -0.00085100 0.10512399
v -0.01129017 -0.00065000 0.10515099
v -0.01129017 -0.00065000 0.10515099
v -0.01129017 -0.00065000 0.10515099
v -0.01129017 -0.00065000 0.10515099
v -0.01129017 -0.00065000 0.10515099
v -0.01129017 -0.00065000 0.10515099
v -0.01129017 -0.00065000 0.10515099
v -0.01129017 -0.00045600 0.10519199
v -0.01129017 -0.00045600 0.10519199
v -0.01129017 -0.00045600 0.10519199
v -0.01129017 -0.00045600 0.10519199
v -0.01129017 -0.00045600 0.10519199
v -0.01129017 -0.00026400 0.10522099
v -0.01129017 -0.00026400 0.10522099
v -0.01129017 -0.00026400 0.10522099
v -0.01129017 -0.00026400 0.10522099
v -0.01129017 -0.00026400 0.10522099
v -0.01129017 -0.00006700 0.10523799
v -0.01129017 -0.00006700 0.10523799
v -0.01129017 -0.00006700 0.10523799
v -0.01129017 -0.00006700 0.10523799
v -0.01130336 -0.00000000 0.10525199
v -0.01130336 -0.00000000 0.10525199
v -0.01130336 -0.00000000 0.10525199
v -0.01130336 -0.00000000 0.10525199
v -0.01130336 -0.00000000 0.10525199
v -0.01130336 -0.00000000 0.10525199
v -0.01130336 -0.00000000 0.10525199
v -0.01126069 0.00006600 0.10521599
v -0.01126069 0.00006600 0.10521599
v -0.01126069 0.00006600 0.10521599
v -0.01126069 0.00006600 0.10521599
v -0.01126069 0.00006600 0.10521599
v -0.01126069 0.00026100 0.10519799
v -0.01126069 0.00026100 0.10519799
v -0.01126069 0.00026100 0.10519799
v -0.01126069 0.00026100 0.10519799
v -0.01126069 0.00026100 0.10519799
v -0.01126069 0.00045200 0.10516899
v -0.01126069 0.00045200 0.10516899
v -0.01126069 0.00045200 0.10516899
v -0.01126069 0.00045200 0.10516899
v -0.01126069 0.00064400 0.10512899
v -0.01126069 0.00064400 0.10512899
v -0.01126069 0.00064400 0.10512899
v -0.01126069 0.00064400 0.10512899
v -0.01126069 0.00064400 0.10512899
v -0.01126069 0.00064400 0.10512899
v -0.01126069 0.00064400 0.10512899
v -0.01126069 0.00064400 0.10512899
v -0.01126069 0.00083500 0.10507499
v -0.01126069 0.00083500 0.10507499
v -0.01126069 0.00083500 0.10507499
v -0.01126069 0.00083500 0.10507499
v -0.01126069 0.00102600 0.10500799
v -0.01126069 0.00102600 0.10500799
v -0.01126069 0.00102600 0.10500799
v -0.01126069 0.00102600 0.10500799
v -0.01126069 0.00102600 0.10500799
v -0.01130336 0.00103800 0.10503799
v -0.01130336 0.00103800 0.10503799
v -0.01130336 0.00103800 0.10503799
v -0.01130336 0.00103800 0.10503799
v -0.01130336 0.00103800 0.10503799
v -0.01134680 0.00104900 0.10506499
v -0.01134680 0.00104900 0.10506499
v -0.01134680 0.00104900 0.10506499
v -0.01134680 0.00104900 0.10506499
v -0.01134680 0.00104900 0.10506499
v -0.01134680 0.00104900 0.10506499
v -0.01134680 0.00104900 0.10506499
v -0.01139179 0.00105800 0.10508699
v -0.01139179 0.00105800 0.10508699
v -0.01139179 0.00105800 0.10508699
v -0.01139179 0.00105800 0.10508699
v -0.01143755 0.00096800 0.10514399
v -0.01143755 0.00096800 0.10514399
v -0.01143755 0.00096800 0.10514399
v -0.01143755 0.00096800 0.10514399
v -0.01143755 0.00096800 0.10514399
v -0.01148487 0.00097400 0.10515999
v -0.01148487 0.00097400 0.10515999
v -0.01148487 0.00097400 0.10515999
v -0.01148487 0.00097400 0.10515999
v -0.01148487 0.00097400 0.10515999
v -0.01148487 0.00097400 0.10515999
v -0.01153218 0.00097700 0.10517399
v -0.01153218 0.00097700 0.10517399
v -0.01153218 0.00097700 0.10517399
v -0.01153218 0.00097700 0.10517399
v -0.01153218 0.00097700 0.10517399
v -0.01158105 0.00108000 0.10514599
v -0.01158105 0.00108000 0.10514599
v -0.01158105 0.00108000 0.10514599
v -0.01158105 0.00108000 0.10514599
v -0.01158105 0.00108000 0.10514599
v -0.01162992 0.00108300 0.10515099
v -0.01162992 0.00108300 0.10515099
v -0.01162992 0.00108300 0.10515099
v -0.01162992 0.00108300 0.10515099
v -0.01162992 0.00108300 0.10515099
v -0.01167646 0.00108300 0.10515299
v -0.01167646 0.00108300 0.10515299
v -0.01167646 0.00108300 0.10515299
v -0.01167646 0.00108300 0.10515299
v -0.01167646 0.00108300 0.10515299
v -0.01167646 0.00118400 0.10511099
v -0.01167646 0.00118400 0.10511099
v -0.01167646 0.00118400 0.10511099
v -0.01167646 0.00118400 0.10511099
v -0.01167646 0.00118400 0.10511099
v -0.01315802 0.00128100 0.10506899
v -0.01315802 0.00128100 0.10506899
v -0.01315802 0.00128100 0.10506899
v -0.01315802 0.00128100 0.10506899
v -0.01315802 0.00130500 0.10505699
v -0.01315802 0.00130500 0.10505699
v -0.01315802 0.00130500 0.10505699
v -0.01315802 0.00130500 0.10505699
v -0.01315802 0.00130500 0.10505699
v -0.01315802 0.00130500 0.10505699
v -0.01324412 0.00131900 0.10504799
v -0.01324412 0.00131900 0.10504799
v -0.01324412 0.00131900 0.10504799
v -0.01324412 0.00131900 0.10504799
v -0.01333100 0.00130200 0.10504999
v -0.01333100 0.00130200 0.10504999
v -0.01333100 0.00130200 0.10504999
v -0.01333100 0.00130200 0.10504999
v -0.01333100 0.00130200 0.10504999
v -0.01342253 0.00145400 0.10496199
v -0.01342253 0.00145400 0.10496199
v -0.01342253 0.00145400 0.10496199
v -0.01342253 0.00145400 0.10496199
v -0.01342253 0.00145400 0.10496199
v -0.01342253 0.00145400 0.10496199
v -0.01351018 0.00142800 0.10495799
v -0.01351018 0.00142800 0.10495799
v -0.01351018 0.00142800 0.10495799
v -0.01351018 0.00142800 0.10495799
v -0.01351018 0.00142800 0.10495799
v -0.01355440 0.00141500 0.10495499
v -0.01355440 0.00141500 0.10495499
v -0.01355440 0.00141500 0.10495499
v -0.01355440 0.00141500 0.10495499
v -0.01359861 0.00140100 0.10495099
v -0.01359861 0.00140100 0.10495099
v -0.01359861 0.00140100 0.10495099
v -0.01359861 0.00140100 0.10495099
v -0.01359861 0.00140100 0.10495099
v -0.01364282 0.00138700 0.10494399
v -0.01364282 0.00138700 0.10494399
v -0.01364282 0.00138700 0.10494399
v -0.01368704 0.00137200 0.10493799
v -0.01368704 0.00137200 0.10493799
v -0.01368704 0.00137200 0.10493799
v -0.01368704 0.00137200 0.10493799
v -0.01373125 0.00135700 0.10493099
v -0.01373125 0.00135700 0.10493099
v -0.01373125 0.00135700 0.10493099
v -0.01373125 0.00135700 0.10493099
v -0.01373125 0.00135700 0.10493099
v -0.01373125 0.00135700 0.10493099
v -0.01392517 0.00035900 0.10516799
v -0.01392517 0.00035900 0.10516799
v -0.01392517 0.00035900 0.10516799
v -0.01392517 0.00035900 0.10516799
v -0.01392285 0.00012600 0.10519599
v -0.01392285 0.00012600 0.10519599
v -0.01392285 0.00012600 0.10519599
v -0.01392285 0.00012600 0.10519599
v -0.01392285 0.00012600 0.10519599
v -0.01392285 0.00012600 0.10519599
v -0.01392285 0.00012600 0.10519599
v -0.01392750 0.00049800 0.10514399
v -0.01392750 0.00049800 0.10514399
v -0.01392750 0.00049800 0.10514399
v -0.01392750 0.00049800 0.10514399
v -0.01392983 0.00064500 0.10511099
v -0.01392983 0.00064500 0.10511099
v -0.01392983 0.00064500 0.10511099
v -0.01392983 0.00064500 0.10511099
v -0.01392983 0.00064500 0.10511099
v -0.01392983 0.00064500 0.10511099
v -0.01392983 0.00064500 0.10511099
v -0.01393293 0.00078600 0.10507099
v -0.01393293 0.00078600 0.10507099
v -0.01393293 0.00078600 0.10507099
v -0.01393293 0.00078600 0.10507099
v -0.01393293 0.00078600 0.10507099
v -0.01405161 -0.00000000 0.10513999
v -0.01405161 -0.00000000 0.10513999
v -0.01405161 -0.00000000 0.10513999
v -0.01405161 -0.00000000 0.10513999
v -0.01405161 -0.00000000 0.10513999
v -0.01405161 -0.00000000 0.10513999
v -0.01405161 -0.00000000 0.10513999
v -0.01405161 -0.00000000 0.10513999
v -0.01405161 -0.00000000 0.10513999
v -0.01392285 -0.00012700 0.10519599
v -0.01392285 -0.00012700 0.10519599
v -0.01392285 -0.00012700 0.10519599
v -0.01392285 -0.00012700 0.10519599
v -0.01392285 -0.00012700 0.10519599
v -0.01392285 -0.00012700 0.10519599
v -0.01392285 -0.00012700 0.10519599
v -0.01392517 -0.00036000 0.10516799
v -0.01392517 -0.00036000 0.10516799
v -0.01392517 -0.00036000 0.10516799
v -0.01392517 -0.00036000 0.10516799
v -0.01392517 -0.00036000 0.10516799
v -0.01392673 -0.00049800 0.10514399
v -0.01392673 -0.00049800 0.10514399
v -0.01392673 -0.00049800 0.10514399
v -0.01392673 -0.00049800 0.10514399
v -0.01392983 -0.00064500 0.10511099
v -0.01392983 -0.00064500 0.10511099
v -0.01392983 -0.00064500 0.10511099
v -0.01392983 -0.00064500 0.10511099
v -0.01392983 -0.00064500 0.10511099
v -0.01392983 -0.00064500 0.10511099
v -0.01392983 -0.00064500 0.10511099
v -0.01393293 -0.00078600 0.10507099
v -0.01393293 -0.00078600 0.10507099
v -0.01393293 -0.00078600 0.10507099
v -0.01393293 -0.00078600 0.10507099
v -0.01393293 -0.00078600 0.10507099
v -0.01393603 -0.00091100 0.10502999
v -0.01393603 -0.00091100 0.10502999
v -0.01393603 -0.00091100 0.10502999
v -0.01393603 -0.00091100 0.10502999
v -0.01393603 -0.00091100 0.10502999
v -0.01393603 -0.00091100 0.10502999
v -0.01394301 -0.00111400 0.10494999
v -0.01394301 -0.00111400 0.10494999
v -0.01394301 -0.00111400 0.10494999
v -0.01394301 -0.00111400 0.10494999
v -0.01394301 -0.00111400 0.10494999
v -0.01385614 -0.00114700 0.10497699
v -0.01385614 -0.00114700 0.10497699
v -0.01385614 -0.00114700 0.10497699
v -0.01385614 -0.00114700 0.10497699
v -0.01385614 -0.00114700 0.10497699
v -0.01385614 -0.00114700 0.10497699
v -0.01385614 0.00114700 0.10497699
v -0.01385614 0.00114700 0.10497699
v -0.01385614 0.00114700 0.10497699
v -0.01385614 0.00114700 0.10497699
v -0.01385614 0.00114700 0.10497699
v -0.01385614 0.00114700 0.10497699
v -0.01393603 0.00091100 0.10502999
v -0.01393603 0.00091100 0.10502999
v -0.01393603 0.00091100 0.10502999
v -0.01393603 0.00091100 0.10502999
v -0.01393603 0.00091100 0.10502999
v -0.01393603 0.00091100 0.10502999
v -0.01394301 0.00111400 0.10494999
v -0.01394301 0.00111400 0.10494999
v -0.01394301 0.00111400 0.10494999
v -0.01394301 0.00111400 0.10494999
v -0.01394301 0.00111400 0.10494999
v -0.01377469 0.00134000 0.10492199
v -0.01377469 0.00134000 0.10492199
v -0.01377469 0.00134000 0.10492199
v -0.01377469 0.00134000 0.10492199
v -0.01381890 0.00132300 0.10491299
v -0.01381890 0.00132300 0.10491299
v -0.01381890 0.00132300 0.10491299
v -0.01381890 0.00132300 0.10491299
v -0.01386312 0.00130500 0.10490199
v -0.01386312 0.00130500 0.10490199
v -0.01386312 0.00130500 0.10490199
v -0.01386312 0.00130500 0.10490199
v -0.01386312 0.00130500 0.10490199
v -0.01386312 0.00130500 0.10490199
v -0.01386312 -0.00130600 0.10490199
v -0.01386312 -0.00130600 0.10490199
v -0.01386312 -0.00130600 0.10490199
v -0.01386312 -0.00130600 0.10490199
v -0.01386312 -0.00130600 0.10490199
v -0.01386312 -0.00130600 0.10490199
v -0.01381890 -0.00132400 0.10491299
v -0.01381890 -0.00132400 0.10491299
v -0.01381890 -0.00132400 0.10491299
v -0.01381890 -0.00132400 0.10491299
v -0.01373125 -0.00135600 0.10493099
v -0.01373125 -0.00135600 0.10493099
v -0.01373125 -0.00135600 0.10493099
v -0.01373125 -0.00135600 0.10493099
v -0.01373125 -0.00135600 0.10493099
v -0.01373125 -0.00135600 0.10493099
v -0.01368704 -0.00137200 0.10493799
v -0.01368704 -0.00137200 0.10493799
v -0.01368704 -0.00137200 0.10493799
v -0.01368704 -0.00137200 0.10493799
v -0.01359861 -0.00140200 0.10495099
v -0.01359861 -0.00140200 0.10495099
v -0.01359861 -0.00140200 0.10495099
v -0.01359861 -0.00140200 0.10495099
v -0.01359861 -0.00140200 0.10495099
v -0.01351018 -0.00142900 0.10495799
v -0.01351018 -0.00142900 0.10495799
v -0.01351018 -0.00142900 0.10495799
v -0.01351018 -0.00142900 0.10495799
v -0.01351018 -0.00142900 0.10495799
v -0.01342253 -0.00145400 0.10496199
v -0.01342253 -0.00145400 0.10496199
v -0.01342253 -0.00145400 0.10496199
v -0.01342253 -0.00145400 0.10496199
v -0.01342253 -0.00145400 0.10496199
v -0.01333100 -0.00130100 0.10504999
v -0.01333100 -0.00130100 0.10504999
v -0.01333100 -0.00130100 0.10504999
v -0.01333100 -0.00130100 0.10504999
v -0.01333100 -0.00130100 0.10504999
v -0.01333100 -0.00130100 0.10504999
v -0.01315647 -0.00121700 0.10509699
v -0.01315647 -0.00121700 0.10509699
v -0.01315647 -0.00121700 0.10509699
v -0.01315647 -0.00121700 0.10509699
v -0.01315647 -0.00121700 0.10509699
v -0.01315647 -0.00121700 0.10509699
v -0.01324412 -0.00132000 0.10504799
v -0.01324412 -0.00132000 0.10504799
v -0.01324412 -0.00132000 0.10504799
v -0.01324412 -0.00132000 0.10504799
v -0.01324412 -0.00132000 0.10504799
v -0.01324412 -0.00132000 0.10504799
v -0.01165242 -0.00128500 0.10506699
v -0.01165242 -0.00128500 0.10506699
v -0.01165242 -0.00128500 0.10506699
v -0.01165242 -0.00128500 0.10506699
v -0.01165242 -0.00128500 0.10506699
v -0.01165242 -0.00128500 0.10506699
v -0.01165242 -0.00128500 0.10506699
v -0.01165242 -0.00128500 0.10506699
v -0.01151124 -0.00117600 0.10508999
v -0.01151124 -0.00117600 0.10508999
v -0.01151124 -0.00117600 0.10508999
v -0.01151124 -0.00117600 0.10508999
v -0.01160432 -0.00128400 0.10506299
v -0.01160432 -0.00128400 0.10506299
v -0.01160432 -0.00128400 0.10506299
v -0.01160432 -0.00128400 0.10506299
v -0.01160432 -0.00128400 0.10506299
v -0.01155778 -0.00128000 0.10505599
v -0.01155778 -0.00128000 0.10505599
v -0.01155778 -0.00128000 0.10505599
v -0.01155778 -0.00128000 0.10505599
v -0.01155778 -0.00128000 0.10505599
v -0.01146548 -0.00117000 0.10507699
v -0.01146548 -0.00117000 0.10507699
v -0.01146548 -0.00117000 0.10507699
v -0.01146548 -0.00117000 0.10507699
v -0.01146548 -0.00117000 0.10507699
v -0.01141971 -0.00126100 0.10501599
v -0.01141971 -0.00126100 0.10501599
v -0.01141971 -0.00126100 0.10501599
v -0.01141971 -0.00126100 0.10501599
v -0.01141971 -0.00126100 0.10501599
v -0.01137550 -0.00125200 0.10499599
v -0.01137550 -0.00125200 0.10499599
v -0.01137550 -0.00125200 0.10499599
v -0.01137550 -0.00125200 0.10499599
v -0.01133206 -0.00124100 0.10497299
v -0.01133206 -0.00124100 0.10497299
v -0.01133206 -0.00124100 0.10497299
v -0.01133206 -0.00124100 0.10497299
v -0.01133206 -0.00124100 0.10497299
v -0.01133206 -0.00124100 0.10497299
v -0.01129017 -0.00123000 0.10494599
v -0.01129017 -0.00123000 0.10494599
v -0.01129017 -0.00123000 0.10494599
v -0.01129017 -0.00123000 0.10494599
v -0.01129017 -0.00123000 0.10494599
v -0.01129017 -0.00123000 0.10494599
v -0.01129017 -0.00103500 0.10502899
v -0.01129017 -0.00103500 0.10502899
v -0.01129017 -0.00103500 0.10502899
v -0.01129017 -0.00103500 0.10502899
v -0.01129017 -0.00084200 0.10509599
v -0.01129017 -0.00084200 0.10509599
v -0.01129017 -0.00084200 0.10509599
v -0.01129017 -0.00084200 0.10509599
v -0.01129017 -0.00084200 0.10509599
v -0.01129017 -0.00084200 0.10509599
v -0.01124906 -0.00064100 0.10511899
v -0.01124906 -0.00064100 0.10511899
v -0.01124906 -0.00064100 0.10511899
v -0.01124906 -0.00064100 0.10511899
v -0.01124906 -0.00064100 0.10511899
v -0.01124906 -0.00064100 0.10511899
v -0.01124906 -0.00045000 0.10515999
v -0.01124906 -0.00045000 0.10515999
v -0.01124906 -0.00045000 0.10515999
v -0.01124906 -0.00045000 0.10515999
v -0.01124906 -0.00083200 0.10506599
v -0.01124906 -0.00083200 0.10506599
v -0.01124906 -0.00083200 0.10506599
v -0.01124906 -0.00083200 0.10506599
v -0.01124906 -0.00083200 0.10506599
v -0.01124906 -0.00026100 0.10518899
v -0.01124906 -0.00026100 0.10518899
v -0.01124906 -0.00026100 0.10518899
v -0.01124906 -0.00026100 0.10518899
v -0.01124906 -0.00026100 0.10518899
v -0.01124906 -0.00026100 0.10518899
v -0.01124906 -0.00026100 0.10518899
v -0.01124906 -0.00006600 0.10520599
v -0.01124906 -0.00006600 0.10520599
v -0.01124906 -0.00006600 0.10520599
v -0.01124906 -0.00006600 0.10520599
v -0.01124906 -0.00006600 0.10520599
v -0.01124906 -0.00006600 0.10520599
v -0.01124828 -0.00000000 0.10520899
v -0.01124828 -0.00000000 0.10520899
v -0.01124828 -0.00000000 0.10520899
v -0.01124828 -0.00000000 0.10520899
v -0.01124828 -0.00000000 0.10520899
v -0.01122113 0.00006400 0.10518099
v -0.01122113 0.00006400 0.10518099
v -0.01122113 0.00006400 0.10518099
v -0.01122113 0.00006400 0.10518099
v -0.01122113 0.00006400 0.10518099
v -0.01122113 0.00025700 0.10516299
v -0.01122113 0.00025700 0.10516299
v -0.01122113 0.00025700 0.10516299
v -0.01122113 0.00025700 0.10516299
v -0.01122113 0.00044600 0.10513599
v -0.01122113 0.00044600 0.10513599
v -0.01122113 0.00044600 0.10513599
v -0.01122113 0.00044600 0.10513599
v -0.01122113 0.00044600 0.10513599
v -0.01122113 0.00044600 0.10513599
v -0.01122113 0.00044600 0.10513599
v -0.01122113 0.00044600 0.10513599
v -0.01122113 0.00063600 0.10509399
v -0.01122113 0.00063600 0.10509399
v -0.01122113 0.00063600 0.10509399
v -0.01122113 0.00063600 0.10509399
v -0.01122113 0.00082500 0.10504199
v -0.01122113 0.00082500 0.10504199
v -0.01122113 0.00082500 0.10504199
v -0.01122113 0.00082500 0.10504199
v -0.01122113 0.00082500 0.10504199
v -0.01122113 0.00082500 0.10504199
v -0.01122113 0.00101500 0.10497499
v -0.01122113 0.00101500 0.10497499
v -0.01122113 0.00101500 0.10497499
v -0.01122113 0.00101500 0.10497499
v -0.01122113 0.00120600 0.10489399
v -0.01122113 0.00120600 0.10489399
v -0.01122113 0.00120600 0.10489399
v -0.01122113 0.00120600 0.10489399
v -0.01122113 0.00120600 0.10489399
v -0.01126069 0.00122000 0.10492599
v -0.01126069 0.00122000 0.10492599
v -0.01126069 0.00122000 0.10492599
v -0.01126069 0.00122000 0.10492599
v -0.01130336 0.00123400 0.10495499
v -0.01130336 0.00123400 0.10495499
v -0.01130336 0.00123400 0.10495499
v -0.01130336 0.00123400 0.10495499
v -0.01130336 0.00123400 0.10495499
v -0.01134680 0.00124500 0.10498099
v -0.01134680 0.00124500 0.10498099
v -0.01134680 0.00124500 0.10498099
v -0.01134680 0.00124500 0.10498099
v -0.01134680 0.00124500 0.10498099
v -0.01134680 0.00124500 0.10498099
v -0.01134680 0.00124500 0.10498099
v -0.01139179 0.00115800 0.10504699
v -0.01139179 0.00115800 0.10504699
v -0.01139179 0.00115800 0.10504699
v -0.01139179 0.00115800 0.10504699
v -0.01139179 0.00115800 0.10504699
v -0.01143755 0.00106500 0.10510799
v -0.01143755 0.00106500 0.10510799
v -0.01143755 0.00106500 0.10510799
v -0.01143755 0.00106500 0.10510799
v -0.01148487 0.00107200 0.10512399
v -0.01148487 0.00107200 0.10512399
v -0.01148487 0.00107200 0.10512399
v -0.01148487 0.00107200 0.10512399
v -0.01148487 0.00107200 0.10512399
v -0.01148487 0.00107200 0.10512399
v -0.01153218 0.00107700 0.10513699
v -0.01153218 0.00107700 0.10513699
v -0.01153218 0.00107700 0.10513699
v -0.01153218 0.00107700 0.10513699
v -0.01158105 0.00118200 0.10510499
v -0.01158105 0.00118200 0.10510499
v -0.01158105 0.00118200 0.10510499
v -0.01158105 0.00118200 0.10510499
v -0.01162992 0.00118400 0.10510999
v -0.01162992 0.00118400 0.10510999
v -0.01162992 0.00118400 0.10510999
v -0.01162992 0.00118400 0.10510999
v -0.01162992 0.00118400 0.10510999
v -0.01162992 0.00118400 0.10510999
v -0.01167646 0.00130500 0.10505699
v -0.01167646 0.00130500 0.10505699
v -0.01167646 0.00130500 0.10505699
v -0.01167646 0.00130500 0.10505699
v -0.01167646 0.00130500 0.10505699
v -0.01167646 0.00130500 0.10505699
v -0.01167646 0.00146900 0.10497499
v -0.01167646 0.00146900 0.10497499
v -0.01167646 0.00146900 0.10497499
v -0.01167646 0.00146900 0.10497499
v -0.01167646 0.00146900 0.10497499
v -0.01316267 0.00150200 0.10495699
v -0.01316267 0.00150200 0.10495699
v -0.01316267 0.00150200 0.10495699
v -0.01316267 0.00150200 0.10495699
v -0.01324878 0.00149700 0.10495799
v -0.01324878 0.00149700 0.10495799
v -0.01324878 0.00149700 0.10495799
v -0.01324878 0.00149700 0.10495799
v -0.01324878 0.00149700 0.10495799
v -0.01324878 0.00149700 0.10495799
v -0.01324878 0.00149700 0.10495799
v -0.01333565 0.00147600 0.10496199
v -0.01333565 0.00147600 0.10496199
v -0.01333565 0.00147600 0.10496199
v -0.01333565 0.00147600 0.10496199
v -0.01333565 0.00147600 0.10496199
v -0.01342796 0.00159300 0.10488299
v -0.01342796 0.00159300 0.10488299
v -0.01342796 0.00159300 0.10488299
v -0.01342796 0.00159300 0.10488299
v -0.01342796 0.00159300 0.10488299
v -0.01351639 0.00156800 0.10488099
v -0.01351639 0.00156800 0.10488099
v -0.01351639 0.00156800 0.10488099
v -0.01351639 0.00156800 0.10488099
v -0.01351639 0.00156800 0.10488099
v -0.01351639 0.00156800 0.10488099
v -0.01351639 0.00156800 0.10488099
v -0.01351639 0.00156800 0.10488099
v -0.01351639 0.00156800 0.10488099
v -0.01365524 0.00163600 0.10480299
v -0.01365524 0.00163600 0.10480299
v -0.01365524 0.00163600 0.10480299
v -0.01365524 0.00163600 0.10480299
v -0.01365524 0.00163600 0.10480299
v -0.01365524 0.00163600 0.10480299
v -0.01369945 0.00161900 0.10479699
v -0.01369945 0.00161900 0.10479699
v -0.01369945 0.00161900 0.10479699
v -0.01369945 0.00161900 0.10479699
v -0.01374366 0.00160200 0.10479199
v -0.01374366 0.00160200 0.10479199
v -0.01374366 0.00160200 0.10479199
v -0.01374366 0.00160200 0.10479199
v -0.01374366 0.00160200 0.10479199
v -0.01374366 0.00160200 0.10479199
v -0.01383209 0.00156400 0.10477799
v -0.01383209 0.00156400 0.10477799
v -0.01383209 0.00156400 0.10477799
v -0.01383209 0.00156400 0.10477799
v -0.01383209 0.00156400 0.10477799
v -0.01383209 0.00156400 0.10477799
v -0.01383209 0.00156400 0.10477799
v -0.01383209 0.00156400 0.10477799
v -0.01401050 0.00034700 0.10512899
v -0.01401050 0.00034700 0.10512899
v -0.01401050 0.00034700 0.10512899
v -0.01401050 0.00034700 0.10512899
v -0.01401050 0.00034700 0.10512899
v -0.01401050 0.00034700 0.10512899
v -0.01401283 0.00048000 0.10510599
v -0.01401283 0.00048000 0.10510599
v -0.01401283 0.00048000 0.10510599
v -0.01401283 0.00048000 0.10510599
v -0.01401283 0.00048000 0.10510599
v -0.01401283 0.00048000 0.10510599
v -0.01400817 0.00011900 0.10515499
v -0.01400817 0.00011900 0.10515499
v -0.01400817 0.00011900 0.10515499
v -0.01400817 0.00011900 0.10515499
v -0.01400817 0.00011900 0.10515499
v -0.01401826 0.00076000 0.10503499
v -0.01401826 0.00076000 0.10503499
v -0.01401826 0.00076000 0.10503499
v -0.01401826 0.00076000 0.10503499
v -0.01401826 0.00076000 0.10503499
v -0.01401826 0.00076000 0.10503499
v -0.01401826 0.00076000 0.10503499
v -0.01401826 0.00076000 0.10503499
v -0.01401515 0.00062300 0.10507299
v -0.01401515 0.00062300 0.10507299
v -0.01401515 0.00062300 0.10507299
v -0.01401515 0.00062300 0.10507299
v -0.01402213 0.00088200 0.10499599
v -0.01402213 0.00088200 0.10499599
v -0.01402213 0.00088200 0.10499599
v -0.01402213 0.00088200 0.10499599
v -0.01402213 0.00088200 0.10499599
v -0.01402213 0.00088200 0.10499599
v -0.01421683 -0.00000000 0.10503999
v -0.01421683 -0.00000000 0.10503999
v -0.01421683 -0.00000000 0.10503999
v -0.01421683 -0.00000000 0.10503999
v -0.01421683 -0.00000000 0.10503999
v -0.01421683 -0.00000000 0.10503999
v -0.01421683 -0.00000000 0.10503999
v -0.01409272 -0.00011200 0.10511099
v -0.01409272 -0.00011200 0.10511099
v -0.01409272 -0.00011200 0.10511099
v -0.01409272 -0.00011200 0.10511099
v -0.01409272 -0.00011200 0.10511099
v -0.01409272 -0.00011200 0.10511099
v -0.01400817 -0.00012000 0.10515499
v -0.01400817 -0.00012000 0.10515499
v -0.01400817 -0.00012000 0.10515499
v -0.01400817 -0.00012000 0.10515499
v -0.01409272 0.00011200 0.10510999
v -0.01409272 0.00011200 0.10510999
v -0.01409272 0.00011200 0.10510999
v -0.01409272 0.00011200 0.10510999
v -0.01417494 0.00010400 0.10506099
v -0.01417494 0.00010400 0.10506099
v -0.01417494 0.00010400 0.10506099
v -0.01417494 0.00010400 0.10506099
v -0.01417494 0.00010400 0.10506099
v -0.01417494 0.00010400 0.10506099
v -0.01401050 -0.00034600 0.10512899
v -0.01401050 -0.00034600 0.10512899
v -0.01401050 -0.00034600 0.10512899
v -0.01401050 -0.00034600 0.10512899
v -0.01401050 -0.00034600 0.10512899
v -0.01401283 -0.00048100 0.10510599
v -0.01401283 -0.00048100 0.10510599
v -0.01401283 -0.00048100 0.10510599
v -0.01401283 -0.00048100 0.10510599
v -0.01401283 -0.00048100 0.10510599
v -0.01401283 -0.00048100 0.10510599
v -0.01401283 -0.00048100 0.10510599
v -0.01401515 -0.00062300 0.10507299
v -0.01401515 -0.00062300 0.10507299
v -0.01401515 -0.00062300 0.10507299
v -0.01401515 -0.00062300 0.10507299
v -0.01401826 -0.00076000 0.10503499
v -0.01401826 -0.00076000 0.10503499
v -0.01401826 -0.00076000 0.10503499
v -0.01401826 -0.00076000 0.10503499
v -0.01401826 -0.00076000 0.10503499
v -0.01401826 -0.00076000 0.10503499
v -0.01401826 -0.00076000 0.10503499
v -0.01401826 -0.00076000 0.10503499
v -0.01402213 -0.00088200 0.10499599
v -0.01402213 -0.00088200 0.10499599
v -0.01402213 -0.00088200 0.10499599
v -0.01402213 -0.00088200 0.10499599
v -0.01402213 -0.00088200 0.10499599
v -0.01402213 -0.00088200 0.10499599
v -0.01402912 -0.00107900 0.10491899
v -0.01402912 -0.00107900 0.10491899
v -0.01402912 -0.00107900 0.10491899
v -0.01402912 -0.00107900 0.10491899
v -0.01402912 -0.00107900 0.10491899
v -0.01402912 -0.00107900 0.10491899
v -0.01402912 -0.00107900 0.10491899
v -0.01395000 -0.00127000 0.10487799
v -0.01395000 -0.00127000 0.10487799
v -0.01395000 -0.00127000 0.10487799
v -0.01395000 -0.00127000 0.10487799
v -0.01395000 -0.00127000 0.10487799
v -0.01395000 -0.00127000 0.10487799
v -0.01395000 -0.00127000 0.10487799
v -0.01395000 0.00126900 0.10487799
v -0.01395000 0.00126900 0.10487799
v -0.01395000 0.00126900 0.10487799
v -0.01395000 0.00126900 0.10487799
v -0.01395000 0.00126900 0.10487799
v -0.01395000 0.00126900 0.10487799
v -0.01395000 0.00126900 0.10487799
v -0.01402912 0.00107900 0.10491899
v -0.01402912 0.00107900 0.10491899
v -0.01402912 0.00107900 0.10491899
v -0.01402912 0.00107900 0.10491899
v -0.01402912 0.00107900 0.10491899
v -0.01402912 0.00107900 0.10491899
v -0.01402912 0.00107900 0.10491899
v -0.01387631 0.00154400 0.10476899
v -0.01387631 0.00154400 0.10476899
v -0.01387631 0.00154400 0.10476899
v -0.01387631 0.00154400 0.10476899
v -0.01387631 0.00154400 0.10476899
v -0.01396396 0.00150300 0.10474799
v -0.01396396 0.00150300 0.10474799
v -0.01396396 0.00150300 0.10474799
v -0.01396396 0.00150300 0.10474799
v -0.01396396 0.00150300 0.10474799
v -0.01396396 -0.00150300 0.10474799
v -0.01396396 -0.00150300 0.10474799
v -0.01396396 -0.00150300 0.10474799
v -0.01396396 -0.00150300 0.10474799
v -0.01396396 -0.00150300 0.10474799
v -0.01396396 -0.00150300 0.10474799
v -0.01387631 -0.00154400 0.10476899
v -0.01387631 -0.00154400 0.10476899
v -0.01387631 -0.00154400 0.10476899
v -0.01387631 -0.00154400 0.10476899
v -0.01387631 -0.00154400 0.10476899
v -0.01383209 -0.00156400 0.10477799
v -0.01383209 -0.00156400 0.10477799
v -0.01383209 -0.00156400 0.10477799
v -0.01383209 -0.00156400 0.10477799
v -0.01383209 -0.00156400 0.10477799
v -0.01383209 -0.00156400 0.10477799
v -0.01383209 -0.00156400 0.10477799
v -0.01383209 -0.00156400 0.10477799
v -0.01369324 -0.00150600 0.10486499
v -0.01369324 -0.00150600 0.10486499
v -0.01369324 -0.00150600 0.10486499
v -0.01369324 -0.00150600 0.10486499
v -0.01369324 -0.00150600 0.10486499
v -0.01369324 -0.00150600 0.10486499
v -0.01360482 -0.00153800 0.10487599
v -0.01360482 -0.00153800 0.10487599
v -0.01360482 -0.00153800 0.10487599
v -0.01360482 -0.00153800 0.10487599
v -0.01360482 -0.00153800 0.10487599
v -0.01351561 -0.00156700 0.10488099
v -0.01351561 -0.00156700 0.10488099
v -0.01351561 -0.00156700 0.10488099
v -0.01351561 -0.00156700 0.10488099
v -0.01351561 -0.00156700 0.10488099
v -0.01342796 -0.00159400 0.10488299
v -0.01342796 -0.00159400 0.10488299
v -0.01342796 -0.00159400 0.10488299
v -0.01342796 -0.00159400 0.10488299
v -0.01342796 -0.00159400 0.10488299
v -0.01342796 -0.00159400 0.10488299
v -0.01333488 -0.00147600 0.10496199
v -0.01333488 -0.00147600 0.10496199
v -0.01333488 -0.00147600 0.10496199
v -0.01333488 -0.00147600 0.10496199
v -0.01333488 -0.00147600 0.10496199
v -0.01333488 -0.00147600 0.10496199
v -0.01315880 -0.00133600 0.10504199
v -0.01315880 -0.00133600 0.10504199
v -0.01315880 -0.00133600 0.10504199
v -0.01315880 -0.00133600 0.10504199
v -0.01315880 -0.00133600 0.10504199
v -0.01324878 -0.00149700 0.10495799
v -0.01324878 -0.00149700 0.10495799
v -0.01324878 -0.00149700 0.10495799
v -0.01324878 -0.00149700 0.10495799
v -0.01324878 -0.00149700 0.10495799
v -0.01316112 -0.00146500 0.10497699
v -0.01316112 -0.00146500 0.10497699
v -0.01316112 -0.00146500 0.10497699
v -0.01316112 -0.00146500 0.10497699
v -0.01167646 -0.00132600 0.10504699
v -0.01167646 -0.00132600 0.10504699
v -0.01167646 -0.00132600 0.10504699
v -0.01167646 -0.00132600 0.10504699
v -0.01165242 -0.00146900 0.10497399
v -0.01165242 -0.00146900 0.10497399
v -0.01165242 -0.00146900 0.10497399
v -0.01165242 -0.00146900 0.10497399
v -0.01165242 -0.00146900 0.10497399
v -0.01160432 -0.00146600 0.10497099
v -0.01160432 -0.00146600 0.10497099
v -0.01160432 -0.00146600 0.10497099
v -0.01160432 -0.00146600 0.10497099
v -0.01160432 -0.00146600 0.10497099
v -0.01160432 -0.00146600 0.10497099
v -0.01151124 -0.00127500 0.10504599
v -0.01151124 -0.00127500 0.10504599
v -0.01151124 -0.00127500 0.10504599
v -0.01151124 -0.00127500 0.10504599
v -0.01151124 -0.00127500 0.10504599
v -0.01155778 -0.00146300 0.10496499
v -0.01155778 -0.00146300 0.10496499
v -0.01155778 -0.00146300 0.10496499
v -0.01155778 -0.00146300 0.10496499
v -0.01155778 -0.00146300 0.10496499
v -0.01155778 -0.00146300 0.10496499
v -0.01146548 -0.00127000 0.10503299
v -0.01146548 -0.00127000 0.10503299
v -0.01146548 -0.00127000 0.10503299
v -0.01146548 -0.00127000 0.10503299
v -0.01146548 -0.00127000 0.10503299
v -0.01146548 -0.00127000 0.10503299
v -0.01141971 -0.00144200 0.10492599
v -0.01141971 -0.00144200 0.10492599
v -0.01141971 -0.00144200 0.10492599
v -0.01141971 -0.00144200 0.10492599
v -0.01141971 -0.00144200 0.10492599
v -0.01137550 -0.00143300 0.10490599
v -0.01137550 -0.00143300 0.10490599
v -0.01137550 -0.00143300 0.10490599
v -0.01137550 -0.00143300 0.10490599
v -0.01137550 -0.00143300 0.10490599
v -0.01137550 -0.00143300 0.10490599
v -0.01137550 -0.00143300 0.10490599
v -0.01133206 -0.00142000 0.10488399
v -0.01133206 -0.00142000 0.10488399
v -0.01133206 -0.00142000 0.10488399
v -0.01133206 -0.00142000 0.10488399
v -0.01133206 -0.00142000 0.10488399
v -0.01124906 -0.00121600 0.10491699
v -0.01124906 -0.00121600 0.10491699
v -0.01124906 -0.00121600 0.10491699
v -0.01124906 -0.00121600 0.10491699
v -0.01124906 -0.00121600 0.10491699
v -0.01124906 -0.00102300 0.10499899
v -0.01124906 -0.00102300 0.10499899
v -0.01124906 -0.00102300 0.10499899
v -0.01124906 -0.00102300 0.10499899
v -0.01124906 -0.00102300 0.10499899
v -0.01129017 -0.00140600 0.10485799
v -0.01129017 -0.00140600 0.10485799
v -0.01129017 -0.00140600 0.10485799
v -0.01129017 -0.00140600 0.10485799
v -0.01124906 -0.00139000 0.10482899
v -0.01124906 -0.00139000 0.10482899
v -0.01124906 -0.00139000 0.10482899
v -0.01124906 -0.00139000 0.10482899
v -0.01124906 -0.00139000 0.10482899
v -0.01124906 -0.00139000 0.10482899
v -0.01121027 -0.00063300 0.10508399
v -0.01121027 -0.00063300 0.10508399
v -0.01121027 -0.00063300 0.10508399
v -0.01121027 -0.00063300 0.10508399
v -0.01121027 -0.00044500 0.10512499
v -0.01121027 -0.00044500 0.10512499
v -0.01121027 -0.00044500 0.10512499
v -0.01121027 -0.00044500 0.10512499
v -0.01121027 -0.00044500 0.10512499
v -0.01121027 -0.00044500 0.10512499
v -0.01121027 -0.00044500 0.10512499
v -0.01121027 -0.00044500 0.10512499
v -0.01121027 -0.00082200 0.10503199
v -0.01121027 -0.00082200 0.10503199
v -0.01121027 -0.00082200 0.10503199
v -0.01121027 -0.00082200 0.10503199
v -0.01121027 -0.00082200 0.10503199
v -0.01121027 -0.00082200 0.10503199
v -0.01121027 -0.00101100 0.10496599
v -0.01121027 -0.00101100 0.10496599
v -0.01121027 -0.00101100 0.10496599
v -0.01121027 -0.00101100 0.10496599
v -0.01121027 -0.00101100 0.10496599
v -0.01121027 -0.00101100 0.10496599
v -0.01121027 -0.00025600 0.10515299
v -0.01121027 -0.00025600 0.10515299
v -0.01121027 -0.00025600 0.10515299
v -0.01121027 -0.00025600 0.10515299
v -0.01121027 -0.00006400 0.10516999
v -0.01121027 -0.00006400 0.10516999
v -0.01121027 -0.00006400 0.10516999
v -0.01121027 -0.00006400 0.10516999
v -0.01121027 -0.00006400 0.10516999
v -0.01121027 -0.00006400 0.10516999
v -0.01121027 -0.00006400 0.10516999
v -0.01122113 -0.00000000 0.10518399
v -0.01122113 -0.00000000 0.10518399
v -0.01122113 -0.00000000 0.10518399
v -0.01122113 -0.00000000 0.10518399
v -0.01122113 -0.00000000 0.10518399
v -0.01118235 0.00006200 0.10514299
v -0.01118235 0.00006200 0.10514299
v -0.01118235 0.00006200 0.10514299
v -0.01118235 0.00006200 0.10514299
v -0.01118235 0.00006200 0.10514299
v -0.01118235 0.00006200 0.10514299
v -0.01119709 -0.00000000 0.10515999
v -0.01119709 -0.00000000 0.10515999
v -0.01119709 -0.00000000 0.10515999
v -0.01119709 -0.00000000 0.10515999
v -0.01118235 0.00025300 0.10512499
v -0.01118235 0.00025300 0.10512499
v -0.01118235 0.00025300 0.10512499
v -0.01118235 0.00025300 0.10512499
v -0.01118235 0.00025300 0.10512499
v -0.01118235 0.00043900 0.10509699
v -0.01118235 0.00043900 0.10509699
v -0.01118235 0.00043900 0.10509699
v -0.01118235 0.00043900 0.10509699
v -0.01118235 0.00043900 0.10509699
v -0.01118235 0.00062700 0.10505699
v -0.01118235 0.00062700 0.10505699
v -0.01118235 0.00062700 0.10505699
v -0.01118235 0.00062700 0.10505699
v -0.01118235 0.00062700 0.10505699
v -0.01118235 0.00062700 0.10505699
v -0.01118235 0.00062700 0.10505699
v -0.01118235 0.00062700 0.10505699
v -0.01118235 0.00081300 0.10500499
v -0.01118235 0.00081300 0.10500499
v -0.01118235 0.00081300 0.10500499
v -0.01118235 0.00081300 0.10500499
v -0.01118235 0.00100000 0.10493899
v -0.01118235 0.00100000 0.10493899
v -0.01118235 0.00100000 0.10493899
v -0.01118235 0.00100000 0.10493899
v -0.01118235 0.00118900 0.10485899
v -0.01118235 0.00118900 0.10485899
v -0.01118235 0.00118900 0.10485899
v -0.01118235 0.00118900 0.10485899
v -0.01118235 0.00136100 0.10477399
v -0.01118235 0.00136100 0.10477399
v -0.01118235 0.00136100 0.10477399
v -0.01118235 0.00136100 0.10477399
v -0.01118235 0.00136100 0.10477399
v -0.01122113 0.00137900 0.10480799
v -0.01122113 0.00137900 0.10480799
v -0.01122113 0.00137900 0.10480799
v -0.01122113 0.00137900 0.10480799
v -0.01122113 0.00137900 0.10480799
v -0.01122113 0.00137900 0.10480799
v -0.01126069 0.00139500 0.10483899
v -0.01126069 0.00139500 0.10483899
v -0.01126069 0.00139500 0.10483899
v -0.01126069 0.00139500 0.10483899
v -0.01126069 0.00139500 0.10483899
v -0.01130336 0.00141100 0.10486599
v -0.01130336 0.00141100 0.10486599
v -0.01130336 0.00141100 0.10486599
v -0.01130336 0.00141100 0.10486599
v -0.01130336 0.00141100 0.10486599
v -0.01130336 0.00141100 0.10486599
v -0.01139178 0.00125600 0.10500399
v -0.01139178 0.00125600 0.10500399
v -0.01139178 0.00125600 0.10500399
v -0.01139178 0.00125600 0.10500399
v -0.01139178 0.00125600 0.10500399
v -0.01139178 0.00125600 0.10500399
v -0.01134680 0.00142400 0.10489099
v -0.01134680 0.00142400 0.10489099
v -0.01134680 0.00142400 0.10489099
v -0.01134680 0.00142400 0.10489099
v -0.01139178 0.00143600 0.10491399
v -0.01139178 0.00143600 0.10491399
v -0.01139178 0.00143600 0.10491399
v -0.01139178 0.00143600 0.10491399
v -0.01139178 0.00143600 0.10491399
v -0.01139178 0.00143600 0.10491399
v -0.01139178 0.00143600 0.10491399
v -0.01143755 0.00116600 0.10506699
v -0.01143755 0.00116600 0.10506699
v -0.01143755 0.00116600 0.10506699
v -0.01143755 0.00116600 0.10506699
v -0.01143755 0.00116600 0.10506699
v -0.01143755 0.00116600 0.10506699
v -0.01148487 0.00117300 0.10508299
v -0.01148487 0.00117300 0.10508299
v -0.01148487 0.00117300 0.10508299
v -0.01148487 0.00117300 0.10508299
v -0.01153218 0.00117900 0.10509499
v -0.01153218 0.00117900 0.10509499
v -0.01153218 0.00117900 0.10509499
v -0.01153218 0.00117900 0.10509499
v -0.01153218 0.00117900 0.10509499
v -0.01153218 0.00117900 0.10509499
v -0.01158105 0.00128200 0.10506099
v -0.01158105 0.00128200 0.10506099
v -0.01158105 0.00128200 0.10506099
v -0.01158105 0.00128200 0.10506099
v -0.01158105 0.00128200 0.10506099
v -0.01162992 0.00128400 0.10506599
v -0.01162992 0.00128400 0.10506599
v -0.01162992 0.00128400 0.10506599
v -0.01162992 0.00128400 0.10506599
v -0.01162992 0.00128400 0.10506599
v -0.01162992 0.00146800 0.10497299
v -0.01162992 0.00146800 0.10497299
v -0.01162992 0.00146800 0.10497299
v -0.01162992 0.00146800 0.10497299
v -0.01162992 0.00146800 0.10497299
v -0.01167646 0.00156800 0.10491999
v -0.01167646 0.00156800 0.10491999
v -0.01167646 0.00156800 0.10491999
v -0.01167646 0.00156800 0.10491999
v -0.01167646 0.00156800 0.10491999
v -0.01316423 0.00156800 0.10491999
v -0.01316423 0.00156800 0.10491999
v -0.01316423 0.00156800 0.10491999
v -0.01316423 0.00156800 0.10491999
v -0.01316423 0.00156800 0.10491999
v -0.01325265 0.00163900 0.10487599
v -0.01325265 0.00163900 0.10487599
v -0.01325265 0.00163900 0.10487599
v -0.01325265 0.00163900 0.10487599
v -0.01325265 0.00163900 0.10487599
v -0.01325265 0.00163900 0.10487599
v -0.01334031 0.00161800 0.10488099
v -0.01334031 0.00161800 0.10488099
v -0.01334031 0.00161800 0.10488099
v -0.01334031 0.00161800 0.10488099
v -0.01334031 0.00161800 0.10488099
v -0.01343339 0.00171100 0.10480999
v -0.01343339 0.00171100 0.10480999
v -0.01343339 0.00171100 0.10480999
v -0.01343339 0.00171100 0.10480999
v -0.01343339 0.00171100 0.10480999
v -0.01352182 0.00168300 0.10480999
v -0.01352182 0.00168300 0.10480999
v -0.01352182 0.00168300 0.10480999
v -0.01352182 0.00168300 0.10480999
v -0.01356603 0.00166800 0.10480899
v -0.01356603 0.00166800 0.10480899
v -0.01356603 0.00166800 0.10480899
v -0.01356603 0.00166800 0.10480899
v -0.01356603 0.00166800 0.10480899
v -0.01361102 0.00165200 0.10480599
v -0.01361102 0.00165200 0.10480599
v -0.01361102 0.00165200 0.10480599
v -0.01362266 0.00183800 0.10467999
v -0.01362266 0.00183800 0.10467999
v -0.01362266 0.00183800 0.10467999
v -0.01362266 0.00183800 0.10467999
v -0.01362266 0.00183800 0.10467999
v -0.01371186 0.00180300 0.10467499
v -0.01371186 0.00180300 0.10467499
v -0.01371186 0.00180300 0.10467499
v -0.01371186 0.00180300 0.10467499
v -0.01371186 0.00180300 0.10467499
v -0.01380184 0.00176500 0.10466599
v -0.01380184 0.00176500 0.10466599
v -0.01380184 0.00176500 0.10466599
v -0.01380184 0.00176500 0.10466599
v -0.01380184 0.00176500 0.10466599
v -0.01380184 0.00176500 0.10466599
v -0.01389027 0.00172200 0.10465199
v -0.01389027 0.00172200 0.10465199
v -0.01389027 0.00172200 0.10465199
v -0.01389027 0.00172200 0.10465199
v -0.01389027 0.00172200 0.10465199
v -0.01389027 0.00172200 0.10465199
v -0.01409505 0.00033100 0.10508499
v -0.01409505 0.00033100 0.10508499
v -0.01409505 0.00033100 0.10508499
v -0.01409505 0.00033100 0.10508499
v -0.01409505 0.00033100 0.10508499
v -0.01409660 0.00046300 0.10506299
v -0.01409660 0.00046300 0.10506299
v -0.01409660 0.00046300 0.10506299
v -0.01409660 0.00046300 0.10506299
v -0.01409660 0.00046300 0.10506299
v -0.01409660 0.00046300 0.10506299
v -0.01409660 0.00046300 0.10506299
v -0.01405782 0.00061100 0.10505299
v -0.01405782 0.00061100 0.10505299
v -0.01405782 0.00061100 0.10505299
v -0.01405782 0.00061100 0.10505299
v -0.01409970 0.00060000 0.10503199
v -0.01409970 0.00060000 0.10503199
v -0.01409970 0.00060000 0.10503199
v -0.01409970 0.00060000 0.10503199
v -0.01409970 0.00060000 0.10503199
v -0.01409970 0.00060000 0.10503199
v -0.01406480 0.00086700 0.10497599
v -0.01406480 0.00086700 0.10497599
v -0.01406480 0.00086700 0.10497599
v -0.01406480 0.00086700 0.10497599
v -0.01410746 0.00085200 0.10495699
v -0.01410746 0.00085200 0.10495699
v -0.01410746 0.00085200 0.10495699
v -0.01410746 0.00085200 0.10495699
v -0.01410746 0.00085200 0.10495699
v -0.01411444 0.00104300 0.10488299
v -0.01411444 0.00104300 0.10488299
v -0.01411444 0.00104300 0.10488299
v -0.01411444 0.00104300 0.10488299
v -0.01411444 0.00104300 0.10488299
v -0.01411444 0.00104300 0.10488299
v -0.01425717 0.00009600 0.10500699
v -0.01425717 0.00009600 0.10500699
v -0.01425717 0.00009600 0.10500699
v -0.01425717 0.00009600 0.10500699
v -0.01425717 0.00009600 0.10500699
v -0.01425717 0.00009600 0.10500699
v -0.01425717 0.00009600 0.10500699
v -0.01437197 -0.00000000 0.10492499
v -0.01437197 -0.00000000 0.10492499
v -0.01437197 -0.00000000 0.10492499
v -0.01437197 -0.00000000 0.10492499
v -0.01437197 -0.00000000 0.10492499
v -0.01437197 -0.00000000 0.10492499
v -0.01437197 -0.00000000 0.10492499
v -0.01437197 -0.00000000 0.10492499
v -0.01425717 -0.00009600 0.10500699
v -0.01425717 -0.00009600 0.10500699
v -0.01425717 -0.00009600 0.10500699
v -0.01425717 -0.00009600 0.10500699
v -0.01425717 -0.00009600 0.10500699
v -0.01425717 -0.00009600 0.10500699
v -0.01425717 -0.00009600 0.10500699
v -0.01417494 -0.00010500 0.10506099
v -0.01417494 -0.00010500 0.10506099
v -0.01417494 -0.00010500 0.10506099
v -0.01417494 -0.00010500 0.10506099
v -0.01417494 -0.00010500 0.10506099
v -0.01417805 -0.00031700 0.10503699
v -0.01417805 -0.00031700 0.10503699
v -0.01417805 -0.00031700 0.10503699
v -0.01417805 -0.00031700 0.10503699
v -0.01417805 -0.00031700 0.10503699
v -0.01417805 -0.00031700 0.10503699
v -0.01409505 -0.00033200 0.10508499
v -0.01409505 -0.00033200 0.10508499
v -0.01409505 -0.00033200 0.10508499
v -0.01409505 -0.00033200 0.10508499
v -0.01417805 0.00031600 0.10503699
v -0.01417805 0.00031600 0.10503699
v -0.01417805 0.00031600 0.10503699
v -0.01417805 0.00031600 0.10503699
v -0.01417805 0.00031600 0.10503699
v -0.01421916 0.00030900 0.10501099
v -0.01421916 0.00030900 0.10501099
v -0.01421916 0.00030900 0.10501099
v -0.01421916 0.00030900 0.10501099
v -0.01421916 0.00030900 0.10501099
v -0.01421916 0.00030900 0.10501099
v -0.01409660 -0.00046200 0.10506299
v -0.01409660 -0.00046200 0.10506299
v -0.01409660 -0.00046200 0.10506299
v -0.01409660 -0.00046200 0.10506299
v -0.01409660 -0.00046200 0.10506299
v -0.01409660 -0.00046200 0.10506299
v -0.01405782 -0.00061100 0.10505299
v -0.01405782 -0.00061100 0.10505299
v -0.01405782 -0.00061100 0.10505299
v -0.01405782 -0.00061100 0.10505299
v -0.01410746 -0.00085100 0.10495699
v -0.01410746 -0.00085100 0.10495699
v -0.01410746 -0.00085100 0.10495699
v -0.01410746 -0.00085100 0.10495699
v -0.01410746 -0.00085100 0.10495699
v -0.01406480 -0.00086600 0.10497599
v -0.01406480 -0.00086600 0.10497599
v -0.01406480 -0.00086600 0.10497599
v -0.01406480 -0.00086600 0.10497599
v -0.01409970 -0.00060000 0.10503199
v -0.01409970 -0.00060000 0.10503199
v -0.01409970 -0.00060000 0.10503199
v -0.01409970 -0.00060000 0.10503199
v -0.01409970 -0.00060000 0.10503199
v -0.01409970 -0.00060000 0.10503199
v -0.01411444 -0.00104200 0.10488299
v -0.01411444 -0.00104200 0.10488299
v -0.01411444 -0.00104200 0.10488299
v -0.01411444 -0.00104200 0.10488299
v -0.01411444 -0.00104200 0.10488299
v -0.01412220 -0.00119000 0.10481499
v -0.01412220 -0.00119000 0.10481499
v -0.01412220 -0.00119000 0.10481499
v -0.01412220 -0.00119000 0.10481499
v -0.01412220 -0.00119000 0.10481499
v -0.01412220 -0.00119000 0.10481499
v -0.01403687 -0.00123100 0.10484799
v -0.01403687 -0.00123100 0.10484799
v -0.01403687 -0.00123100 0.10484799
v -0.01403687 -0.00123100 0.10484799
v -0.01403687 -0.00123100 0.10484799
v -0.01405161 -0.00145800 0.10472299
v -0.01405161 -0.00145800 0.10472299
v -0.01405161 -0.00145800 0.10472299
v -0.01405161 -0.00145800 0.10472299
v -0.01405161 -0.00145800 0.10472299
v -0.01403687 0.00123000 0.10484799
v -0.01403687 0.00123000 0.10484799
v -0.01403687 0.00123000 0.10484799
v -0.01403687 0.00123000 0.10484799
v -0.01405161 0.00145900 0.10472299
v -0.01405161 0.00145900 0.10472299
v -0.01405161 0.00145900 0.10472299
v -0.01405161 0.00145900 0.10472299
v -0.01405161 0.00145900 0.10472299
v -0.01405161 0.00145900 0.10472299
v -0.01412220 0.00119000 0.10481499
v -0.01412220 0.00119000 0.10481499
v -0.01412220 0.00119000 0.10481499
v -0.01412220 0.00119000 0.10481499
v -0.01412220 0.00119000 0.10481499
v -0.01412220 0.00119000 0.10481499
v -0.01397870 0.00167800 0.10463499
v -0.01397870 0.00167800 0.10463499
v -0.01397870 0.00167800 0.10463499
v -0.01397870 0.00167800 0.10463499
v -0.01397870 0.00167800 0.10463499
v -0.01397870 0.00167800 0.10463499
v -0.01406635 0.00163000 0.10461299
v -0.01406635 0.00163000 0.10461299
v -0.01406635 0.00163000 0.10461299
v -0.01406635 0.00163000 0.10461299
v -0.01406635 0.00163000 0.10461299
v -0.01406635 -0.00163100 0.10461299
v -0.01406635 -0.00163100 0.10461299
v -0.01406635 -0.00163100 0.10461299
v -0.01406635 -0.00163100 0.10461299
v -0.01406635 -0.00163100 0.10461299
v -0.01406635 -0.00163100 0.10461299
v -0.01397870 -0.00167700 0.10463499
v -0.01397870 -0.00167700 0.10463499
v -0.01397870 -0.00167700 0.10463499
v -0.01397870 -0.00167700 0.10463499
v -0.01397870 -0.00167700 0.10463499
v -0.01397870 -0.00167700 0.10463499
v -0.01389027 -0.00172200 0.10465199
v -0.01389027 -0.00172200 0.10465199
v -0.01389027 -0.00172200 0.10465199
v -0.01389027 -0.00172200 0.10465199
v -0.01389027 -0.00172200 0.10465199
v -0.01389027 -0.00172200 0.10465199
v -0.01374366 -0.00160100 0.10479199
v -0.01374366 -0.00160100 0.10479199
v -0.01374366 -0.00160100 0.10479199
v -0.01374366 -0.00160100 0.10479199
v -0.01374366 -0.00160100 0.10479199
v -0.01380184 -0.00176400 0.10466599
v -0.01380184 -0.00176400 0.10466599
v -0.01380184 -0.00176400 0.10466599
v -0.01380184 -0.00176400 0.10466599
v -0.01380184 -0.00176400 0.10466599
v -0.01380184 -0.00176400 0.10466599
v -0.01369945 -0.00161900 0.10479699
v -0.01369945 -0.00161900 0.10479699
v -0.01369945 -0.00161900 0.10479699
v -0.01369945 -0.00161900 0.10479699
v -0.01361102 -0.00165300 0.10480599
v -0.01361102 -0.00165300 0.10480599
v -0.01361102 -0.00165300 0.10480599
v -0.01361102 -0.00165300 0.10480599
v -0.01361102 -0.00165300 0.10480599
v -0.01361102 -0.00165300 0.10480599
v -0.01352182 -0.00168300 0.10480999
v -0.01352182 -0.00168300 0.10480999
v -0.01352182 -0.00168300 0.10480999
v -0.01352182 -0.00168300 0.10480999
v -0.01352182 -0.00168300 0.10480999
v -0.01352182 -0.00168300 0.10480999
v -0.01343339 -0.00171100 0.10480999
v -0.01343339 -0.00171100 0.10480999
v -0.01343339 -0.00171100 0.10480999
v -0.01343339 -0.00171100 0.10480999
v -0.01343339 -0.00171100 0.10480999
v -0.01334031 -0.00161800 0.10488099
v -0.01334031 -0.00161800 0.10488099
v -0.01334031 -0.00161800 0.10488099
v -0.01334031 -0.00161800 0.10488099
v -0.01316500 -0.00158500 0.10490999
v -0.01316500 -0.00158500 0.10490999
v -0.01316500 -0.00158500 0.10490999
v -0.01316500 -0.00158500 0.10490999
v -0.01316500 -0.00158500 0.10490999
v -0.01325265 -0.00164000 0.10487599
v -0.01325265 -0.00164000 0.10487599
v -0.01325265 -0.00164000 0.10487599
v -0.01325265 -0.00164000 0.10487599
v -0.01325265 -0.00164000 0.10487599
v -0.01325265 -0.00164000 0.10487599
v -0.01167646 -0.00158500 0.10490999
v -0.01167646 -0.00158500 0.10490999
v -0.01167646 -0.00158500 0.10490999
v -0.01167646 -0.00158500 0.10490999
v -0.01167646 -0.00158500 0.10490999
v -0.01167646 -0.00158500 0.10490999
v -0.01167646 -0.00146900 0.10497499
v -0.01167646 -0.00146900 0.10497499
v -0.01167646 -0.00146900 0.10497499
v -0.01167646 -0.00146900 0.10497499
v -0.01160432 -0.00165500 0.10486299
v -0.01160432 -0.00165500 0.10486299
v -0.01160432 -0.00165500 0.10486299
v -0.01160432 -0.00165500 0.10486299
v -0.01160432 -0.00165500 0.10486299
v -0.01160432 -0.00165500 0.10486299
v -0.01151124 -0.00145800 0.10495499
v -0.01151124 -0.00145800 0.10495499
v -0.01151124 -0.00145800 0.10495499
v -0.01151124 -0.00145800 0.10495499
v -0.01151124 -0.00145800 0.10495499
v -0.01155778 -0.00165200 0.10485599
v -0.01155778 -0.00165200 0.10485599
v -0.01155778 -0.00165200 0.10485599
v -0.01155778 -0.00165200 0.10485599
v -0.01155778 -0.00165200 0.10485599
v -0.01151124 -0.00164600 0.10484699
v -0.01151124 -0.00164600 0.10484699
v -0.01151124 -0.00164600 0.10484699
v -0.01151124 -0.00164600 0.10484699
v -0.01146548 -0.00145100 0.10494099
v -0.01146548 -0.00145100 0.10494099
v -0.01146548 -0.00145100 0.10494099
v -0.01146548 -0.00145100 0.10494099
v -0.01141971 -0.00162800 0.10481899
v -0.01141971 -0.00162800 0.10481899
v -0.01141971 -0.00162800 0.10481899
v -0.01141971 -0.00162800 0.10481899
v -0.01141971 -0.00162800 0.10481899
v -0.01141971 -0.00162800 0.10481899
v -0.01141971 -0.00162800 0.10481899
v -0.01137550 -0.00161600 0.10479899
v -0.01137550 -0.00161600 0.10479899
v -0.01137550 -0.00161600 0.10479899
v -0.01137550 -0.00161600 0.10479899
v -0.01133206 -0.00160400 0.10477799
v -0.01133206 -0.00160400 0.10477799
v -0.01133206 -0.00160400 0.10477799
v -0.01133206 -0.00160400 0.10477799
v -0.01133206 -0.00160400 0.10477799
v -0.01133206 -0.00160400 0.10477799
v -0.01129017 -0.00158800 0.10475299
v -0.01129017 -0.00158800 0.10475299
v -0.01129017 -0.00158800 0.10475299
v -0.01129017 -0.00158800 0.10475299
v -0.01129017 -0.00158800 0.10475299
v -0.01129017 -0.00158800 0.10475299
v -0.01129017 -0.00158800 0.10475299
v -0.01121027 -0.00120000 0.10488499
v -0.01121027 -0.00120000 0.10488499
v -0.01121027 -0.00120000 0.10488499
v -0.01121027 -0.00120000 0.10488499
v -0.01121027 -0.00137400 0.10479799
v -0.01121027 -0.00137400 0.10479799
v -0.01121027 -0.00137400 0.10479799
v -0.01121027 -0.00137400 0.10479799
v -0.01121027 -0.00137400 0.10479799
v -0.01121027 -0.00137400 0.10479799
v -0.01121027 -0.00137400 0.10479799
v -0.01124906 -0.00157100 0.10472499
v -0.01124906 -0.00157100 0.10472499
v -0.01124906 -0.00157100 0.10472499
v -0.01124906 -0.00157100 0.10472499
v -0.01117227 -0.00062400 0.10504699
v -0.01117227 -0.00062400 0.10504699
v -0.01117227 -0.00062400 0.10504699
v -0.01117227 -0.00062400 0.10504699
v -0.01117227 -0.00062400 0.10504699
v -0.01117227 -0.00062400 0.10504699
v -0.01117227 -0.00043800 0.10508599
v -0.01117227 -0.00043800 0.10508599
v -0.01117227 -0.00043800 0.10508599
v -0.01117227 -0.00043800 0.10508599
v -0.01117227 -0.00025100 0.10511499
v -0.01117227 -0.00025100 0.10511499
v -0.01117227 -0.00025100 0.10511499
v -0.01117227 -0.00025100 0.10511499
v -0.01117227 -0.00025100 0.10511499
v -0.01117227 -0.00025100 0.10511499
v -0.01117227 -0.00025100 0.10511499
v -0.01117227 -0.00025100 0.10511499
v -0.01117227 -0.00081000 0.10499499
v -0.01117227 -0.00081000 0.10499499
v -0.01117227 -0.00081000 0.10499499
v -0.01117227 -0.00081000 0.10499499
v -0.01117227 -0.00081000 0.10499499
v -0.01117227 -0.00118400 0.10484999
v -0.01117227 -0.00118400 0.10484999
v -0.01117227 -0.00118400 0.10484999
v -0.01117227 -0.00118400 0.10484999
v -0.01117227 -0.00118400 0.10484999
v -0.01117227 -0.00118400 0.10484999
v -0.01117227 -0.00118400 0.10484999
v -0.01117227 -0.00099700 0.10492899
v -0.01117227 -0.00099700 0.10492899
v -0.01117227 -0.00099700 0.10492899
v -0.01117227 -0.00099700 0.10492899
v -0.01117227 -0.00006100 0.10513099
v -0.01117227 -0.00006100 0.10513099
v -0.01117227 -0.00006100 0.10513099
v -0.01117227 -0.00006100 0.10513099
v -0.01114667 0.00005900 0.10510199
v -0.01114667 0.00005900 0.10510199
v -0.01114667 0.00005900 0.10510199
v -0.01114667 0.00005900 0.10510199
v -0.01114667 0.00024800 0.10508499
v -0.01114667 0.00024800 0.10508499
v -0.01114667 0.00024800 0.10508499
v -0.01114667 0.00024800 0.10508499
v -0.01114667 0.00024800 0.10508499
v -0.01114667 0.00024800 0.10508499
v -0.01114667 0.00024800 0.10508499
v -0.01117227 -0.00000000 0.10513499
v -0.01117227 -0.00000000 0.10513499
v -0.01117227 -0.00000000 0.10513499
v -0.01117227 -0.00000000 0.10513499
v -0.01114822 -0.00000000 0.10510699
v -0.01114822 -0.00000000 0.10510699
v -0.01114822 -0.00000000 0.10510699
v -0.01114822 -0.00000000 0.10510699
v -0.01114822 -0.00000000 0.10510699
v -0.01114667 0.00043200 0.10505699
v -0.01114667 0.00043200 0.10505699
v -0.01114667 0.00043200 0.10505699
v -0.01114667 0.00043200 0.10505699
v -0.01114667 0.00043200 0.10505699
v -0.01114667 0.00043200 0.10505699
v -0.01114667 0.00061700 0.10501699
v -0.01114667 0.00061700 0.10501699
v -0.01114667 0.00061700 0.10501699
v -0.01114667 0.00061700 0.10501699
v -0.01114667 0.00080100 0.10496599
v -0.01114667 0.00080100 0.10496599
v -0.01114667 0.00080100 0.10496599
v -0.01114667 0.00080100 0.10496599
v -0.01114667 0.00080100 0.10496599
v -0.01114667 0.00080100 0.10496599
v -0.01114667 0.00080100 0.10496599
v -0.01114667 0.00098500 0.10490099
v -0.01114667 0.00098500 0.10490099
v -0.01114667 0.00098500 0.10490099
v -0.01114667 0.00098500 0.10490099
v -0.01114667 0.00117200 0.10482199
v -0.01114667 0.00117200 0.10482199
v -0.01114667 0.00117200 0.10482199
v -0.01114667 0.00117200 0.10482199
v -0.01114667 0.00117200 0.10482199
v -0.01114667 0.00151600 0.10463699
v -0.01114667 0.00151600 0.10463699
v -0.01114667 0.00151600 0.10463699
v -0.01114667 0.00151600 0.10463699
v -0.01114667 0.00151600 0.10463699
v -0.01114667 0.00151600 0.10463699
v -0.01118235 0.00153700 0.10467199
v -0.01118235 0.00153700 0.10467199
v -0.01118235 0.00153700 0.10467199
v -0.01118235 0.00153700 0.10467199
v -0.01118235 0.00153700 0.10467199
v -0.01114667 0.00134200 0.10473799
v -0.01114667 0.00134200 0.10473799
v -0.01114667 0.00134200 0.10473799
v -0.01114667 0.00134200 0.10473799
v -0.01122113 0.00155700 0.10470399
v -0.01122113 0.00155700 0.10470399
v -0.01122113 0.00155700 0.10470399
v -0.01122113 0.00155700 0.10470399
v -0.01122113 0.00155700 0.10470399
v -0.01126069 0.00157600 0.10473499
v -0.01126069 0.00157600 0.10473499
v -0.01126069 0.00157600 0.10473499
v -0.01126069 0.00157600 0.10473499
v -0.01126069 0.00157600 0.10473499
v -0.01126069 0.00157600 0.10473499
v -0.01126069 0.00157600 0.10473499
v -0.01126069 0.00157600 0.10473499
v -0.01130336 0.00159200 0.10476099
v -0.01130336 0.00159200 0.10476099
v -0.01130336 0.00159200 0.10476099
v -0.01130336 0.00159200 0.10476099
v -0.01134680 0.00160800 0.10478599
v -0.01134680 0.00160800 0.10478599
v -0.01134680 0.00160800 0.10478599
v -0.01134680 0.00160800 0.10478599
v -0.01134680 0.00160800 0.10478599
v -0.01134680 0.00160800 0.10478599
v -0.01134680 0.00160800 0.10478599
v -0.01143755 0.00126400 0.10502199
v -0.01143755 0.00126400 0.10502199
v -0.01143755 0.00126400 0.10502199
v -0.01143755 0.00126400 0.10502199
v -0.01143755 0.00144600 0.10493199
v -0.01143755 0.00144600 0.10493199
v -0.01143755 0.00144600 0.10493199
v -0.01143755 0.00144600 0.10493199
v -0.01143755 0.00144600 0.10493199
v -0.01143755 0.00144600 0.10493199
v -0.01139178 0.00162000 0.10480699
v -0.01139178 0.00162000 0.10480699
v -0.01139178 0.00162000 0.10480699
v -0.01139178 0.00162000 0.10480699
v -0.01143755 0.00163200 0.10482499
v -0.01143755 0.00163200 0.10482499
v -0.01143755 0.00163200 0.10482499
v -0.01143755 0.00163200 0.10482499
v -0.01143755 0.00163200 0.10482499
v -0.01143755 0.00163200 0.10482499
v -0.01143755 0.00163200 0.10482499
v -0.01143755 0.00163200 0.10482499
v -0.01148487 0.00127200 0.10503899
v -0.01148487 0.00127200 0.10503899
v -0.01148487 0.00127200 0.10503899
v -0.01148487 0.00127200 0.10503899
v -0.01148487 0.00127200 0.10503899
v -0.01148487 0.00127200 0.10503899
v -0.01148487 0.00127200 0.10503899
v -0.01153218 0.00127800 0.10505099
v -0.01153218 0.00127800 0.10505099
v -0.01153218 0.00127800 0.10505099
v -0.01153218 0.00127800 0.10505099
v -0.01153218 0.00146100 0.10495999
v -0.01153218 0.00146100 0.10495999
v -0.01153218 0.00146100 0.10495999
v -0.01153218 0.00146100 0.10495999
v -0.01153218 0.00146100 0.10495999
v -0.01153218 0.00146100 0.10495999
v -0.01153218 0.00146100 0.10495999
v -0.01158105 0.00146600 0.10496799
v -0.01158105 0.00146600 0.10496799
v -0.01158105 0.00146600 0.10496799
v -0.01158105 0.00146600 0.10496799
v -0.01158105 0.00146600 0.10496799
v -0.01162992 0.00165700 0.10486499
v -0.01162992 0.00165700 0.10486499
v -0.01162992 0.00165700 0.10486499
v -0.01162992 0.00165700 0.10486499
v -0.01162992 0.00165700 0.10486499
v -0.01162992 0.00165700 0.10486499
v -0.01162992 0.00165700 0.10486499
v -0.01162992 0.00165700 0.10486499
v -0.01167646 0.00165800 0.10486599
v -0.01167646 0.00165800 0.10486599
v -0.01167646 0.00165800 0.10486599
v -0.01167646 0.00165800 0.10486599
v -0.01167646 0.00165800 0.10486599
v -0.01167646 0.00165800 0.10486599
v -0.01316966 0.00172000 0.10482699
v -0.01316966 0.00172000 0.10482699
v -0.01316966 0.00172000 0.10482699
v -0.01325808 0.00175900 0.10479899
v -0.01325808 0.00175900 0.10479899
v -0.01325808 0.00175900 0.10479899
v -0.01325808 0.00175900 0.10479899
v -0.01325808 0.00175900 0.10479899
v -0.01334574 0.00173600 0.10480699
v -0.01334574 0.00173600 0.10480699
v -0.01334574 0.00173600 0.10480699
v -0.01334574 0.00173600 0.10480699
v -0.01334574 0.00173600 0.10480699
v -0.01334574 0.00173600 0.10480699
v -0.01344425 0.00190200 0.10467899
v -0.01344425 0.00190200 0.10467899
v -0.01344425 0.00190200 0.10467899
v -0.01344425 0.00190200 0.10467899
v -0.01344425 0.00190200 0.10467899
v -0.01344425 0.00190200 0.10467899
v -0.01353345 0.00187100 0.10468099
v -0.01353345 0.00187100 0.10468099
v -0.01353345 0.00187100 0.10468099
v -0.01353345 0.00187100 0.10468099
v -0.01353345 0.00187100 0.10468099
v -0.01353345 0.00187100 0.10468099
v -0.01353345 0.00187100 0.10468099
v -0.01363584 0.00199000 0.10456699
v -0.01363584 0.00199000 0.10456699
v -0.01363584 0.00199000 0.10456699
v -0.01363584 0.00199000 0.10456699
v -0.01363584 0.00199000 0.10456699
v -0.01363584 0.00199000 0.10456699
v -0.01372505 0.00195200 0.10456399
v -0.01372505 0.00195200 0.10456399
v -0.01372505 0.00195200 0.10456399
v -0.01372505 0.00195200 0.10456399
v -0.01372505 0.00195200 0.10456399
v -0.01372505 0.00195200 0.10456399
v -0.01381503 0.00191100 0.10455699
v -0.01381503 0.00191100 0.10455699
v -0.01381503 0.00191100 0.10455699
v -0.01381503 0.00191100 0.10455699
v -0.01381503 0.00191100 0.10455699
v -0.01390423 0.00186800 0.10454699
v -0.01390423 0.00186800 0.10454699
v -0.01390423 0.00186800 0.10454699
v -0.01390423 0.00186800 0.10454699
v -0.01390423 0.00186800 0.10454699
v -0.01390423 0.00186800 0.10454699
v -0.01399266 0.00182100 0.10453099
v -0.01399266 0.00182100 0.10453099
v -0.01399266 0.00182100 0.10453099
v -0.01399266 0.00182100 0.10453099
v -0.01399266 0.00182100 0.10453099
v -0.01399266 0.00182100 0.10453099
v -0.01414159 0.00058800 0.10500899
v -0.01414159 0.00058800 0.10500899
v -0.01414159 0.00058800 0.10500899
v -0.01414159 0.00058800 0.10500899
v -0.01418348 0.00057600 0.10498499
v -0.01418348 0.00057600 0.10498499
v -0.01418348 0.00057600 0.10498499
v -0.01418348 0.00057600 0.10498499
v -0.01418348 0.00057600 0.10498499
v -0.01418037 0.00044300 0.10501399
v -0.01418037 0.00044300 0.10501399
v -0.01418037 0.00044300 0.10501399
v -0.01418037 0.00044300 0.10501399
v -0.01414935 0.00083500 0.10493599
v -0.01414935 0.00083500 0.10493599
v -0.01414935 0.00083500 0.10493599
v -0.01414935 0.00083500 0.10493599
v -0.01414935 0.00083500 0.10493599
v -0.01414935 0.00083500 0.10493599
v -0.01419899 0.00100400 0.10484299
v -0.01419899 0.00100400 0.10484299
v -0.01419899 0.00100400 0.10484299
v -0.01419899 0.00100400 0.10484299
v -0.01419899 0.00100400 0.10484299
v -0.01419899 0.00100400 0.10484299
v -0.01420675 0.00114700 0.10477799
v -0.01420675 0.00114700 0.10477799
v -0.01420675 0.00114700 0.10477799
v -0.01420675 0.00114700 0.10477799
v -0.01420675 0.00114700 0.10477799
v -0.01420675 0.00114700 0.10477799
v -0.01420675 0.00114700 0.10477799
v -0.01425949 0.00030100 0.10498299
v -0.01425949 0.00030100 0.10498299
v -0.01425949 0.00030100 0.10498299
v -0.01425949 0.00030100 0.10498299
v -0.01433861 0.00028400 0.10492699
v -0.01433861 0.00028400 0.10492699
v -0.01433861 0.00028400 0.10492699
v -0.01433861 0.00028400 0.10492699
v -0.01433861 0.00028400 0.10492699
v -0.01433861 0.00028400 0.10492699
v -0.01433861 0.00028400 0.10492699
v -0.01433861 0.00028400 0.10492699
v -0.01433629 0.00008800 0.10494799
v -0.01433629 0.00008800 0.10494799
v -0.01433629 0.00008800 0.10494799
v -0.01433629 0.00008800 0.10494799
v -0.01441463 0.00007900 0.10488699
v -0.01441463 0.00007900 0.10488699
v -0.01441463 0.00007900 0.10488699
v -0.01441463 0.00007900 0.10488699
v -0.01441463 0.00007900 0.10488699
v -0.01441463 0.00007900 0.10488699
v -0.01441463 0.00007900 0.10488699
v -0.01451935 -0.00000000 0.10479799
v -0.01451935 -0.00000000 0.10479799
v -0.01451935 -0.00000000 0.10479799
v -0.01451935 -0.00000000 0.10479799
v -0.01451935 -0.00000000 0.10479799
v -0.01451935 -0.00000000 0.10479799
v -0.01451935 -0.00000000 0.10479799
v -0.01451935 -0.00000000 0.10479799
v -0.01441463 -0.00007900 0.10488699
v -0.01441463 -0.00007900 0.10488699
v -0.01441463 -0.00007900 0.10488699
v -0.01441463 -0.00007900 0.10488699
v -0.01441463 -0.00007900 0.10488699
v -0.01441463 -0.00007900 0.10488699
v -0.01441463 -0.00007900 0.10488699
v -0.01433629 -0.00008700 0.10494799
v -0.01433629 -0.00008700 0.10494799
v -0.01433629 -0.00008700 0.10494799
v -0.01433629 -0.00008700 0.10494799
v -0.01433861 -0.00028500 0.10492699
v -0.01433861 -0.00028500 0.10492699
v -0.01433861 -0.00028500 0.10492699
v -0.01433861 -0.00028500 0.10492699
v -0.01433861 -0.00028500 0.10492699
v -0.01433861 -0.00028500 0.10492699
v -0.01433861 -0.00028500 0.10492699
v -0.01433861 -0.00028500 0.10492699
v -0.01425949 -0.00030000 0.10498299
v -0.01425949 -0.00030000 0.10498299
v -0.01425949 -0.00030000 0.10498299
v -0.01425949 -0.00030000 0.10498299
v -0.01421916 -0.00030900 0.10501099
v -0.01421916 -0.00030900 0.10501099
v -0.01421916 -0.00030900 0.10501099
v -0.01421916 -0.00030900 0.10501099
v -0.01421916 -0.00030900 0.10501099
v -0.01421916 -0.00030900 0.10501099
v -0.01418037 -0.00044200 0.10501399
v -0.01418037 -0.00044200 0.10501399
v -0.01418037 -0.00044200 0.10501399
v -0.01418037 -0.00044200 0.10501399
v -0.01426492 0.00055000 0.10493499
v -0.01426492 0.00055000 0.10493499
v -0.01426492 0.00055000 0.10493499
v -0.01426492 0.00055000 0.10493499
v -0.01426492 0.00055000 0.10493499
v -0.01426492 0.00055000 0.10493499
v -0.01426492 0.00055000 0.10493499
v -0.01418348 -0.00057600 0.10498499
v -0.01418348 -0.00057600 0.10498499
v -0.01418348 -0.00057600 0.10498499
v -0.01418348 -0.00057600 0.10498499
v -0.01418348 -0.00057600 0.10498499
v -0.01414159 -0.00058800 0.10500899
v -0.01414159 -0.00058800 0.10500899
v -0.01414159 -0.00058800 0.10500899
v -0.01414159 -0.00058800 0.10500899
v -0.01414935 -0.00083500 0.10493599
v -0.01414935 -0.00083500 0.10493599
v -0.01414935 -0.00083500 0.10493599
v -0.01414935 -0.00083500 0.10493599
v -0.01414935 -0.00083500 0.10493599
v -0.01419899 -0.00100400 0.10484299
v -0.01419899 -0.00100400 0.10484299
v -0.01419899 -0.00100400 0.10484299
v -0.01419899 -0.00100400 0.10484299
v -0.01419899 -0.00100400 0.10484299
v -0.01419899 -0.00100400 0.10484299
v -0.01420597 -0.00114700 0.10477799
v -0.01420597 -0.00114700 0.10477799
v -0.01420597 -0.00114700 0.10477799
v -0.01420597 -0.00114700 0.10477799
v -0.01420597 -0.00114700 0.10477799
v -0.01420597 -0.00114700 0.10477799
v -0.01418037 -0.00138800 0.10467799
v -0.01418037 -0.00138800 0.10467799
v -0.01418037 -0.00138800 0.10467799
v -0.01413694 -0.00141300 0.10469499
v -0.01413694 -0.00141300 0.10469499
v -0.01413694 -0.00141300 0.10469499
v -0.01413694 -0.00141300 0.10469499
v -0.01413694 -0.00141300 0.10469499
v -0.01415245 -0.00158000 0.10458799
v -0.01415245 -0.00158000 0.10458799
v -0.01415245 -0.00158000 0.10458799
v -0.01415245 -0.00158000 0.10458799
v -0.01415245 -0.00158000 0.10458799
v -0.01415245 -0.00158000 0.10458799
v -0.01415245 -0.00158000 0.10458799
v -0.01415245 0.00158100 0.10458799
v -0.01415245 0.00158100 0.10458799
v -0.01415245 0.00158100 0.10458799
v -0.01415245 0.00158100 0.10458799
v -0.01415245 0.00158100 0.10458799
v -0.01415245 0.00158100 0.10458799
v -0.01415245 0.00158100 0.10458799
v -0.01415245 0.00158100 0.10458799
v -0.01415245 0.00158100 0.10458799
v -0.01413694 0.00141200 0.10469399
v -0.01413694 0.00141200 0.10469399
v -0.01413694 0.00141200 0.10469399
v -0.01413694 0.00141200 0.10469399
v -0.01418037 0.00138800 0.10467799
v -0.01418037 0.00138800 0.10467799
v -0.01418037 0.00138800 0.10467799
v -0.01418037 0.00138800 0.10467799
v -0.01408031 0.00177000 0.10451299
v -0.01408031 0.00177000 0.10451299
v -0.01408031 0.00177000 0.10451299
v -0.01408031 0.00177000 0.10451299
v -0.01408031 0.00177000 0.10451299
v -0.01408031 0.00177000 0.10451299
v -0.01416719 0.00171800 0.10448999
v -0.01416719 0.00171800 0.10448999
v -0.01416719 0.00171800 0.10448999
v -0.01416719 0.00171800 0.10448999
v -0.01416719 0.00171800 0.10448999
v -0.01416719 -0.00171700 0.10448999
v -0.01416719 -0.00171700 0.10448999
v -0.01416719 -0.00171700 0.10448999
v -0.01416719 -0.00171700 0.10448999
v -0.01416719 -0.00171700 0.10448999
v -0.01416719 -0.00171700 0.10448999
v -0.01408031 -0.00177000 0.10451299
v -0.01408031 -0.00177000 0.10451299
v -0.01408031 -0.00177000 0.10451299
v -0.01408031 -0.00177000 0.10451299
v -0.01408031 -0.00177000 0.10451299
v -0.01408031 -0.00177000 0.10451299
v -0.01399266 -0.00182000 0.10453099
v -0.01399266 -0.00182000 0.10453099
v -0.01399266 -0.00182000 0.10453099
v -0.01399266 -0.00182000 0.10453099
v -0.01399266 -0.00182000 0.10453099
v -0.01399266 -0.00182000 0.10453099
v -0.01390423 -0.00186700 0.10454699
v -0.01390423 -0.00186700 0.10454699
v -0.01390423 -0.00186700 0.10454699
v -0.01390423 -0.00186700 0.10454699
v -0.01390423 -0.00186700 0.10454699
v -0.01390423 -0.00186700 0.10454699
v -0.01371186 -0.00180300 0.10467499
v -0.01371186 -0.00180300 0.10467499
v -0.01371186 -0.00180300 0.10467499
v -0.01371186 -0.00180300 0.10467499
v -0.01371186 -0.00180300 0.10467499
v -0.01371186 -0.00180300 0.10467499
v -0.01371186 -0.00180300 0.10467499
v -0.01381503 -0.00191200 0.10455699
v -0.01381503 -0.00191200 0.10455699
v -0.01381503 -0.00191200 0.10455699
v -0.01381503 -0.00191200 0.10455699
v -0.01381503 -0.00191200 0.10455699
v -0.01381503 -0.00191200 0.10455699
v -0.01362266 -0.00183900 0.10467999
v -0.01362266 -0.00183900 0.10467999
v -0.01362266 -0.00183900 0.10467999
v -0.01362266 -0.00183900 0.10467999
v -0.01362266 -0.00183900 0.10467999
v -0.01353345 -0.00187200 0.10468099
v -0.01353345 -0.00187200 0.10468099
v -0.01353345 -0.00187200 0.10468099
v -0.01353345 -0.00187200 0.10468099
v -0.01353345 -0.00187200 0.10468099
v -0.01353345 -0.00187200 0.10468099
v -0.01334574 -0.00173600 0.10480699
v -0.01334574 -0.00173600 0.10480699
v -0.01334574 -0.00173600 0.10480699
v -0.01334574 -0.00173600 0.10480699
v -0.01334574 -0.00173600 0.10480699
v -0.01334574 -0.00173600 0.10480699
v -0.01344425 -0.00190100 0.10467899
v -0.01344425 -0.00190100 0.10467899
v -0.01344425 -0.00190100 0.10467899
v -0.01344425 -0.00190100 0.10467899
v -0.01344425 -0.00190100 0.10467899
v -0.01344425 -0.00190100 0.10467899
v -0.01316733 -0.00165900 0.10486599
v -0.01316733 -0.00165900 0.10486599
v -0.01316733 -0.00165900 0.10486599
v -0.01316733 -0.00165900 0.10486599
v -0.01316733 -0.00165900 0.10486599
v -0.01325808 -0.00175800 0.10479899
v -0.01325808 -0.00175800 0.10479899
v -0.01325808 -0.00175800 0.10479899
v -0.01325808 -0.00175800 0.10479899
v -0.01325808 -0.00175800 0.10479899
v -0.01316966 -0.00171500 0.10482999
v -0.01316966 -0.00171500 0.10482999
v -0.01165242 -0.00165800 0.10486599
v -0.01165242 -0.00165800 0.10486599
v -0.01165242 -0.00165800 0.10486599
v -0.01165242 -0.00165800 0.10486599
v -0.01165242 -0.00165800 0.10486599
v -0.01165242 -0.00165800 0.10486599
v -0.01165242 -0.00165800 0.10486599
v -0.01160432 -0.00184500 0.10473899
v -0.01160432 -0.00184500 0.10473899
v -0.01160432 -0.00184500 0.10473899
v -0.01160432 -0.00184500 0.10473899
v -0.01160432 -0.00184500 0.10473899
v -0.01160432 -0.00184500 0.10473899
v -0.01155778 -0.00184000 0.10473299
v -0.01155778 -0.00184000 0.10473299
v -0.01155778 -0.00184000 0.10473299
v -0.01155778 -0.00184000 0.10473299
v -0.01155778 -0.00184000 0.10473299
v -0.01146547 -0.00163800 0.10483399
v -0.01146547 -0.00163800 0.10483399
v -0.01146547 -0.00163800 0.10483399
v -0.01146547 -0.00163800 0.10483399
v -0.01151124 -0.00183400 0.10472299
v -0.01151124 -0.00183400 0.10472299
v -0.01151124 -0.00183400 0.10472299
v -0.01151124 -0.00183400 0.10472299
v -0.01151124 -0.00183400 0.10472299
v -0.01146547 -0.00182500 0.10471099
v -0.01146547 -0.00182500 0.10471099
v -0.01146547 -0.00182500 0.10471099
v -0.01146547 -0.00182500 0.10471099
v -0.01146547 -0.00182500 0.10471099
v -0.01141971 -0.00181500 0.10469599
v -0.01141971 -0.00181500 0.10469599
v -0.01141971 -0.00181500 0.10469599
v -0.01141971 -0.00181500 0.10469599
v -0.01137550 -0.00180200 0.10467799
v -0.01137550 -0.00180200 0.10467799
v -0.01137550 -0.00180200 0.10467799
v -0.01137550 -0.00180200 0.10467799
v -0.01137550 -0.00180200 0.10467799
v -0.01137550 -0.00180200 0.10467799
v -0.01137550 -0.00180200 0.10467799
v -0.01137550 -0.00180200 0.10467799
v -0.01133206 -0.00178800 0.10465699
v -0.01133206 -0.00178800 0.10465699
v -0.01133206 -0.00178800 0.10465699
v -0.01133206 -0.00178800 0.10465699
v -0.01129017 -0.00177100 0.10463299
v -0.01129017 -0.00177100 0.10463299
v -0.01129017 -0.00177100 0.10463299
v -0.01129017 -0.00177100 0.10463299
v -0.01129017 -0.00177100 0.10463299
v -0.01129017 -0.00177100 0.10463299
v -0.01124906 -0.00175200 0.10460599
v -0.01124906 -0.00175200 0.10460599
v -0.01124906 -0.00175200 0.10460599
v -0.01124906 -0.00175200 0.10460599
v -0.01124906 -0.00175200 0.10460599
v -0.01124906 -0.00175200 0.10460599
v -0.01121027 -0.00155200 0.10469599
v -0.01121027 -0.00155200 0.10469599
v -0.01121027 -0.00155200 0.10469599
v -0.01121027 -0.00155200 0.10469599
v -0.01121027 -0.00155200 0.10469599
v -0.01121027 -0.00155200 0.10469599
v -0.01117227 -0.00153200 0.10466299
v -0.01117227 -0.00153200 0.10466299
v -0.01117227 -0.00153200 0.10466299
v -0.01117227 -0.00153200 0.10466299
v -0.01117227 -0.00153200 0.10466299
v -0.01117227 -0.00153200 0.10466299
v -0.01117227 -0.00135500 0.10476299
v -0.01117227 -0.00135500 0.10476299
v -0.01117227 -0.00135500 0.10476299
v -0.01117227 -0.00135500 0.10476299
v -0.01113658 -0.00061400 0.10500599
v -0.01113658 -0.00061400 0.10500599
v -0.01113658 -0.00061400 0.10500599
v -0.01113658 -0.00061400 0.10500599
v -0.01113658 -0.00061400 0.10500599
v -0.01113658 -0.00061400 0.10500599
v -0.01113658 -0.00043000 0.10504499
v -0.01113658 -0.00043000 0.10504499
v -0.01113658 -0.00043000 0.10504499
v -0.01113658 -0.00043000 0.10504499
v -0.01113658 -0.00043000 0.10504499
v -0.01113658 -0.00079700 0.10495499
v -0.01113658 -0.00079700 0.10495499
v -0.01113658 -0.00079700 0.10495499
v -0.01113658 -0.00079700 0.10495499
v -0.01113658 -0.00024600 0.10507299
v -0.01113658 -0.00024600 0.10507299
v -0.01113658 -0.00024600 0.10507299
v -0.01113658 -0.00024600 0.10507299
v -0.01113658 -0.00024600 0.10507299
v -0.01113658 -0.00005900 0.10508999
v -0.01113658 -0.00005900 0.10508999
v -0.01113658 -0.00005900 0.10508999
v -0.01113658 -0.00005900 0.10508999
v -0.01113658 -0.00005900 0.10508999
v -0.01113658 -0.00005900 0.10508999
v -0.01113658 -0.00098100 0.10488999
v -0.01113658 -0.00098100 0.10488999
v -0.01113658 -0.00098100 0.10488999
v -0.01113658 -0.00098100 0.10488999
v -0.01113658 -0.00116600 0.10481199
v -0.01113658 -0.00116600 0.10481199
v -0.01113658 -0.00116600 0.10481199
v -0.01113658 -0.00116600 0.10481199
v -0.01113658 -0.00116600 0.10481199
v -0.01113658 -0.00116600 0.10481199
v -0.01113658 -0.00133600 0.10472599
v -0.01113658 -0.00133600 0.10472599
v -0.01113658 -0.00133600 0.10472599
v -0.01113658 -0.00133600 0.10472599
v -0.01113658 -0.00133600 0.10472599
v -0.01113658 -0.00133600 0.10472599
v -0.01111254 0.00005700 0.10505799
v -0.01111254 0.00005700 0.10505799
v -0.01111254 0.00005700 0.10505799
v -0.01111254 0.00005700 0.10505799
v -0.01111254 0.00005700 0.10505799
v -0.01111254 0.00005700 0.10505799
v -0.01111254 0.00005700 0.10505799
v -0.01111254 0.00024200 0.10504099
v -0.01111254 0.00024200 0.10504099
v -0.01111254 0.00024200 0.10504099
v -0.01111254 0.00024200 0.10504099
v -0.01111254 0.00042400 0.10501399
v -0.01111254 0.00042400 0.10501399
v -0.01111254 0.00042400 0.10501399
v -0.01111254 0.00042400 0.10501399
v -0.01111254 0.00042400 0.10501399
v -0.01111254 0.00042400 0.10501399
v -0.01110788 -0.00000000 0.10505399
v -0.01110788 -0.00000000 0.10505399
v -0.01110788 -0.00000000 0.10505399
v -0.01110788 -0.00000000 0.10505399
v -0.01110788 -0.00000000 0.10505399
v -0.01111254 0.00060700 0.10497499
v -0.01111254 0.00060700 0.10497499
v -0.01111254 0.00060700 0.10497499
v -0.01111254 0.00060700 0.10497499
v -0.01111254 0.00060700 0.10497499
v -0.01111254 0.00060700 0.10497499
v -0.01111254 0.00060700 0.10497499
v -0.01111254 0.00078800 0.10492399
v -0.01111254 0.00078800 0.10492399
v -0.01111254 0.00078800 0.10492399
v -0.01111254 0.00078800 0.10492399
v -0.01111254 0.00097000 0.10485999
v -0.01111254 0.00097000 0.10485999
v -0.01111254 0.00097000 0.10485999
v -0.01111254 0.00097000 0.10485999
v -0.01111254 0.00097000 0.10485999
v -0.01111254 0.00097000 0.10485999
v -0.01111254 0.00097000 0.10485999
v -0.01111254 0.00097000 0.10485999
v -0.01111254 0.00115300 0.10478199
v -0.01111254 0.00115300 0.10478199
v -0.01111254 0.00115300 0.10478199
v -0.01111254 0.00115300 0.10478199
v -0.01111254 0.00132000 0.10469899
v -0.01111254 0.00132000 0.10469899
v -0.01111254 0.00132000 0.10469899
v -0.01111254 0.00132000 0.10469899
v -0.01111254 0.00132000 0.10469899
v -0.01111254 0.00149300 0.10459899
v -0.01111254 0.00149300 0.10459899
v -0.01111254 0.00149300 0.10459899
v -0.01111254 0.00149300 0.10459899
v -0.01111254 0.00166700 0.10448499
v -0.01111254 0.00166700 0.10448499
v -0.01111254 0.00166700 0.10448499
v -0.01111254 0.00166700 0.10448499
v -0.01111254 0.00166700 0.10448499
v -0.01111254 0.00166700 0.10448499
v -0.01111254 0.00166700 0.10448499
v -0.01114667 0.00169200 0.10452099
v -0.01114667 0.00169200 0.10452099
v -0.01114667 0.00169200 0.10452099
v -0.01114667 0.00169200 0.10452099
v -0.01118235 0.00171700 0.10455499
v -0.01118235 0.00171700 0.10455499
v -0.01118235 0.00171700 0.10455499
v -0.01118235 0.00171700 0.10455499
v -0.01118235 0.00171700 0.10455499
v -0.01118235 0.00171700 0.10455499
v -0.01118235 0.00171700 0.10455499
v -0.01118235 0.00171700 0.10455499
v -0.01122113 0.00173800 0.10458599
v -0.01122113 0.00173800 0.10458599
v -0.01122113 0.00173800 0.10458599
v -0.01122113 0.00173800 0.10458599
v -0.01122113 0.00173800 0.10458599
v -0.01126069 0.00175800 0.10461399
v -0.01126069 0.00175800 0.10461399
v -0.01126069 0.00175800 0.10461399
v -0.01126069 0.00175800 0.10461399
v -0.01126069 0.00175800 0.10461399
v -0.01130336 0.00177600 0.10464099
v -0.01130336 0.00177600 0.10464099
v -0.01130336 0.00177600 0.10464099
v -0.01130336 0.00177600 0.10464099
v -0.01130336 0.00177600 0.10464099
v -0.01130336 0.00177600 0.10464099
v -0.01130336 0.00177600 0.10464099
v -0.01134680 0.00179300 0.10466399
v -0.01134680 0.00179300 0.10466399
v -0.01134680 0.00179300 0.10466399
v -0.01134680 0.00179300 0.10466399
v -0.01134680 0.00179300 0.10466399
v -0.01139178 0.00180700 0.10468399
v -0.01139178 0.00180700 0.10468399
v -0.01139178 0.00180700 0.10468399
v -0.01139178 0.00180700 0.10468399
v -0.01139178 0.00180700 0.10468399
v -0.01139178 0.00180700 0.10468399
v -0.01148487 0.00145400 0.10494699
v -0.01148487 0.00145400 0.10494699
v -0.01148487 0.00145400 0.10494699
v -0.01148487 0.00145400 0.10494699
v -0.01148487 0.00145400 0.10494699
v -0.01148487 0.00164200 0.10483999
v -0.01148487 0.00164200 0.10483999
v -0.01148487 0.00164200 0.10483999
v -0.01148487 0.00164200 0.10483999
v -0.01148487 0.00164200 0.10483999
v -0.01143755 0.00182000 0.10470199
v -0.01143755 0.00182000 0.10470199
v -0.01143755 0.00182000 0.10470199
v -0.01143755 0.00182000 0.10470199
v -0.01153218 0.00164900 0.10485199
v -0.01153218 0.00164900 0.10485199
v -0.01153218 0.00164900 0.10485199
v -0.01153218 0.00164900 0.10485199
v -0.01153218 0.00164900 0.10485199
v -0.01153218 0.00164900 0.10485199
v -0.01158105 0.00165300 0.10485999
v -0.01158105 0.00165300 0.10485999
v -0.01158105 0.00165300 0.10485999
v -0.01158105 0.00165300 0.10485999
v -0.01158105 0.00184300 0.10473599
v -0.01158105 0.00184300 0.10473599
v -0.01158105 0.00184300 0.10473599
v -0.01158105 0.00184300 0.10473599
v -0.01158105 0.00184300 0.10473599
v -0.01158105 0.00184300 0.10473599
v -0.01158105 0.00184300 0.10473599
v -0.01162992 0.00184500 0.10474099
v -0.01162992 0.00184500 0.10474099
v -0.01162992 0.00184500 0.10474099
v -0.01162992 0.00184500 0.10474099
v -0.01162992 0.00184500 0.10474099
v -0.01167646 0.00182000 0.10475999
v -0.01167646 0.00182000 0.10475999
v -0.01167646 0.00182000 0.10475999
v -0.01167646 0.00182000 0.10475999
v -0.01167646 0.00182000 0.10475999
v -0.01317198 0.00177900 0.10478899
v -0.01317198 0.00177900 0.10478899
v -0.01317198 0.00177900 0.10478899
v -0.01317198 0.00177900 0.10478899
v -0.01317198 0.00177900 0.10478899
v -0.01317198 0.00177900 0.10478899
v -0.01326817 0.00195200 0.10466399
v -0.01326817 0.00195200 0.10466399
v -0.01326817 0.00195200 0.10466399
v -0.01326817 0.00195200 0.10466399
v -0.01326817 0.00195200 0.10466399
v -0.01326817 0.00195200 0.10466399
v -0.01326817 0.00195200 0.10466399
v -0.01326817 0.00195200 0.10466399
v -0.01335660 0.00192700 0.10467299
v -0.01335660 0.00192700 0.10467299
v -0.01335660 0.00192700 0.10467299
v -0.01335660 0.00192700 0.10467299
v -0.01335660 0.00192700 0.10467299
v -0.01335660 0.00192700 0.10467299
v -0.01345666 0.00205500 0.10456099
v -0.01345666 0.00205500 0.10456099
v -0.01345666 0.00205500 0.10456099
v -0.01345666 0.00205500 0.10456099
v -0.01345666 0.00205500 0.10456099
v -0.01345666 0.00205500 0.10456099
v -0.01354586 0.00202400 0.10456599
v -0.01354586 0.00202400 0.10456599
v -0.01354586 0.00202400 0.10456599
v -0.01354586 0.00202400 0.10456599
v -0.01354586 0.00202400 0.10456599
v -0.01354586 0.00202400 0.10456599
v -0.01366066 0.00223100 0.10436299
v -0.01366066 0.00223100 0.10436299
v -0.01366066 0.00223100 0.10436299
v -0.01366066 0.00223100 0.10436299
v -0.01366066 0.00223100 0.10436299
v -0.01366066 0.00223100 0.10436299
v -0.01366066 0.00223100 0.10436299
v -0.01375142 0.00219100 0.10436399
v -0.01375142 0.00219100 0.10436399
v -0.01375142 0.00219100 0.10436399
v -0.01375142 0.00219100 0.10436399
v -0.01375142 0.00219100 0.10436399
v -0.01375142 0.00219100 0.10436399
v -0.01375142 0.00219100 0.10436399
v -0.01384140 0.00214800 0.10436099
v -0.01384140 0.00214800 0.10436099
v -0.01384140 0.00214800 0.10436099
v -0.01384140 0.00214800 0.10436099
v -0.01384140 0.00214800 0.10436099
v -0.01384140 0.00214800 0.10436099
v -0.01393138 0.00210100 0.10435399
v -0.01393138 0.00210100 0.10435399
v -0.01393138 0.00210100 0.10435399
v -0.01393138 0.00210100 0.10435399
v -0.01393138 0.00210100 0.10435399
v -0.01393138 0.00210100 0.10435399
v -0.01402136 0.00205100 0.10434299
v -0.01402136 0.00205100 0.10434299
v -0.01402136 0.00205100 0.10434299
v -0.01402136 0.00205100 0.10434299
v -0.01402136 0.00205100 0.10434299
v -0.01402136 0.00205100 0.10434299
v -0.01410979 0.00199700 0.10432899
v -0.01410979 0.00199700 0.10432899
v -0.01410979 0.00199700 0.10432899
v -0.01410979 0.00199700 0.10432899
v -0.01410979 0.00199700 0.10432899
v -0.01410979 0.00199700 0.10432899
v -0.01422459 0.00056300 0.10496099
v -0.01422459 0.00056300 0.10496099
v -0.01422459 0.00056300 0.10496099
v -0.01422459 0.00056300 0.10496099
v -0.01419046 0.00081900 0.10491399
v -0.01419046 0.00081900 0.10491399
v -0.01419046 0.00081900 0.10491399
v -0.01419046 0.00081900 0.10491399
v -0.01419046 0.00081900 0.10491399
v -0.01427346 0.00078500 0.10486599
v -0.01427346 0.00078500 0.10486599
v -0.01427346 0.00078500 0.10486599
v -0.01427346 0.00078500 0.10486599
v -0.01427346 0.00078500 0.10486599
v -0.01427346 0.00078500 0.10486599
v -0.01428121 0.00096400 0.10479799
v -0.01428121 0.00096400 0.10479799
v -0.01428121 0.00096400 0.10479799
v -0.01428121 0.00096400 0.10479799
v -0.01428121 0.00096400 0.10479799
v -0.01428121 0.00096400 0.10479799
v -0.01428897 0.00110200 0.10473599
v -0.01428897 0.00110200 0.10473599
v -0.01428897 0.00110200 0.10473599
v -0.01428897 0.00110200 0.10473599
v -0.01428897 0.00110200 0.10473599
v -0.01428897 0.00110200 0.10473599
v -0.01428897 0.00110200 0.10473599
v -0.01422226 0.00136400 0.10466099
v -0.01422226 0.00136400 0.10466099
v -0.01422226 0.00136400 0.10466099
v -0.01422226 0.00136400 0.10466099
v -0.01422226 0.00136400 0.10466099
v -0.01422226 0.00136400 0.10466099
v -0.01426415 0.00133800 0.10464199
v -0.01426415 0.00133800 0.10464199
v -0.01426415 0.00133800 0.10464199
v -0.01426415 0.00133800 0.10464199
v -0.01430526 0.00131200 0.10462299
v -0.01430526 0.00131200 0.10462299
v -0.01430526 0.00131200 0.10462299
v -0.01430526 0.00131200 0.10462299
v -0.01430526 0.00131200 0.10462299
v -0.01441773 0.00026800 0.10486499
v -0.01441773 0.00026800 0.10486499
v -0.01441773 0.00026800 0.10486499
v -0.01441773 0.00026800 0.10486499
v -0.01434482 0.00052500 0.10487999
v -0.01434482 0.00052500 0.10487999
v -0.01434482 0.00052500 0.10487999
v -0.01434482 0.00052500 0.10487999
v -0.01442316 0.00049800 0.10482099
v -0.01442316 0.00049800 0.10482099
v -0.01442316 0.00049800 0.10482099
v -0.01442316 0.00049800 0.10482099
v -0.01442316 0.00049800 0.10482099
v -0.01449453 0.00025000 0.10479999
v -0.01449453 0.00025000 0.10479999
v -0.01449453 0.00025000 0.10479999
v -0.01449453 0.00025000 0.10479999
v -0.01449453 0.00025000 0.10479999
v -0.01449065 0.00007000 0.10481999
v -0.01449065 0.00007000 0.10481999
v -0.01449065 0.00007000 0.10481999
v -0.01449065 0.00007000 0.10481999
v -0.01449065 0.00007000 0.10481999
v -0.01456434 -0.00000000 0.10475399
v -0.01456434 -0.00000000 0.10475399
v -0.01456434 -0.00000000 0.10475399
v -0.01456434 -0.00000000 0.10475399
v -0.01456511 -0.00006100 0.10474999
v -0.01456511 -0.00006100 0.10474999
v -0.01456511 -0.00006100 0.10474999
v -0.01456511 -0.00006100 0.10474999
v -0.01456511 -0.00006100 0.10474999
v -0.01456511 -0.00006100 0.10474999
v -0.01449065 -0.00007000 0.10481999
v -0.01449065 -0.00007000 0.10481999
v -0.01449065 -0.00007000 0.10481999
v -0.01449065 -0.00007000 0.10481999
v -0.01449065 -0.00007000 0.10481999
v -0.01456511 0.00006100 0.10474999
v -0.01456511 0.00006100 0.10474999
v -0.01456511 0.00006100 0.10474999
v -0.01456511 0.00006100 0.10474999
v -0.01456511 0.00006100 0.10474999
v -0.01456511 0.00006100 0.10474999
v -0.01449453 -0.00025000 0.10479999
v -0.01449453 -0.00025000 0.10479999
v -0.01449453 -0.00025000 0.10479999
v -0.01449453 -0.00025000 0.10479999
v -0.01449453 -0.00025000 0.10479999
v -0.01441773 -0.00026800 0.10486499
v -0.01441773 -0.00026800 0.10486499
v -0.01441773 -0.00026800 0.10486499
v -0.01441773 -0.00026800 0.10486499
v -0.01442316 -0.00049700 0.10482099
v -0.01442316 -0.00049700 0.10482099
v -0.01442316 -0.00049700 0.10482099
v -0.01442316 -0.00049700 0.10482099
v -0.01442316 -0.00049700 0.10482099
v -0.01434482 -0.00052400 0.10487999
v -0.01434482 -0.00052400 0.10487999
v -0.01434482 -0.00052400 0.10487999
v -0.01434482 -0.00052400 0.10487999
v -0.01426492 -0.00055100 0.10493499
v -0.01426492 -0.00055100 0.10493499
v -0.01426492 -0.00055100 0.10493499
v -0.01426492 -0.00055100 0.10493499
v -0.01426492 -0.00055100 0.10493499
v -0.01426492 -0.00055100 0.10493499
v -0.01426492 -0.00055100 0.10493499
v -0.01422459 -0.00056300 0.10496099
v -0.01422459 -0.00056300 0.10496099
v -0.01422459 -0.00056300 0.10496099
v -0.01422459 -0.00056300 0.10496099
v -0.01435258 0.00075000 0.10481499
v -0.01435258 0.00075000 0.10481499
v -0.01435258 0.00075000 0.10481499
v -0.01435258 0.00075000 0.10481499
v -0.01435258 0.00075000 0.10481499
v -0.01427346 -0.00078400 0.10486599
v -0.01427346 -0.00078400 0.10486599
v -0.01427346 -0.00078400 0.10486599
v -0.01427346 -0.00078400 0.10486599
v -0.01427346 -0.00078400 0.10486599
v -0.01427346 -0.00078400 0.10486599
v -0.01419046 -0.00081800 0.10491399
v -0.01419046 -0.00081800 0.10491399
v -0.01419046 -0.00081800 0.10491399
v -0.01419046 -0.00081800 0.10491399
v -0.01419046 -0.00081800 0.10491399
v -0.01428897 -0.00110200 0.10473599
v -0.01428897 -0.00110200 0.10473599
v -0.01428897 -0.00110200 0.10473599
v -0.01428897 -0.00110200 0.10473599
v -0.01428897 -0.00110200 0.10473599
v -0.01428897 -0.00110200 0.10473599
v -0.01428121 -0.00096400 0.10479799
v -0.01428121 -0.00096400 0.10479799
v -0.01428121 -0.00096400 0.10479799
v -0.01428121 -0.00096400 0.10479799
v -0.01428121 -0.00096400 0.10479799
v -0.01428121 -0.00096400 0.10479799
v -0.01430526 -0.00131200 0.10462399
v -0.01430526 -0.00131200 0.10462399
v -0.01430526 -0.00131200 0.10462399
v -0.01430526 -0.00131200 0.10462399
v -0.01430526 -0.00131200 0.10462399
v -0.01430526 -0.00131200 0.10462399
v -0.01426415 -0.00133900 0.10464199
v -0.01426415 -0.00133900 0.10464199
v -0.01426415 -0.00133900 0.10464199
v -0.01426415 -0.00133900 0.10464199
v -0.01422226 -0.00136300 0.10466099
v -0.01422226 -0.00136300 0.10466099
v -0.01422226 -0.00136300 0.10466099
v -0.01422226 -0.00136300 0.10466099
v -0.01422226 -0.00136300 0.10466099
v -0.01429440 -0.00163200 0.10444699
v -0.01429440 -0.00163200 0.10444699
v -0.01429440 -0.00163200 0.10444699
v -0.01429440 -0.00163200 0.10444699
v -0.01429440 -0.00163200 0.10444699
v -0.01429440 -0.00163200 0.10444699
v -0.01429440 -0.00163200 0.10444699
v -0.01425251 -0.00166100 0.10446199
v -0.01425251 -0.00166100 0.10446199
v -0.01425251 -0.00166100 0.10446199
v -0.01425251 -0.00166100 0.10446199
v -0.01420985 -0.00168900 0.10447699
v -0.01420985 -0.00168900 0.10447699
v -0.01420985 -0.00168900 0.10447699
v -0.01420985 -0.00168900 0.10447699
v -0.01420985 0.00169000 0.10447699
v -0.01420985 0.00169000 0.10447699
v -0.01420985 0.00169000 0.10447699
v -0.01420985 0.00169000 0.10447699
v -0.01425251 0.00166100 0.10446199
v -0.01425251 0.00166100 0.10446199
v -0.01425251 0.00166100 0.10446199
v -0.01425251 0.00166100 0.10446199
v -0.01429440 0.00163200 0.10444699
v -0.01429440 0.00163200 0.10444699
v -0.01429440 0.00163200 0.10444699
v -0.01429440 0.00163200 0.10444699
v -0.01429440 0.00163200 0.10444699
v -0.01419666 0.00193900 0.10430999
v -0.01419666 0.00193900 0.10430999
v -0.01419666 0.00193900 0.10430999
v -0.01419666 0.00193900 0.10430999
v -0.01419666 0.00193900 0.10430999
v -0.01419666 0.00193900 0.10430999
v -0.01428276 0.00187800 0.10428799
v -0.01428276 0.00187800 0.10428799
v -0.01428276 0.00187800 0.10428799
v -0.01428276 0.00187800 0.10428799
v -0.01428276 0.00187800 0.10428799
v -0.01428276 0.00187800 0.10428799
v -0.01428276 -0.00187900 0.10428799
v -0.01428276 -0.00187900 0.10428799
v -0.01428276 -0.00187900 0.10428799
v -0.01428276 -0.00187900 0.10428799
v -0.01428276 -0.00187900 0.10428799
v -0.01428276 -0.00187900 0.10428799
v -0.01428276 -0.00187900 0.10428799
v -0.01428276 -0.00187900 0.10428799
v -0.01419666 -0.00193900 0.10430999
v -0.01419666 -0.00193900 0.10430999
v -0.01419666 -0.00193900 0.10430999
v -0.01419666 -0.00193900 0.10430999
v -0.01419666 -0.00193900 0.10430999
v -0.01419666 -0.00193900 0.10430999
v -0.01410979 -0.00199600 0.10432899
v -0.01410979 -0.00199600 0.10432899
v -0.01410979 -0.00199600 0.10432899
v -0.01410979 -0.00199600 0.10432899
v -0.01410979 -0.00199600 0.10432899
v -0.01410979 -0.00199600 0.10432899
v -0.01402136 -0.00205000 0.10434299
v -0.01402136 -0.00205000 0.10434299
v -0.01402136 -0.00205000 0.10434299
v -0.01402136 -0.00205000 0.10434299
v -0.01402136 -0.00205000 0.10434299
v -0.01402136 -0.00205000 0.10434299
v -0.01393138 -0.00210100 0.10435399
v -0.01393138 -0.00210100 0.10435399
v -0.01393138 -0.00210100 0.10435399
v -0.01393138 -0.00210100 0.10435399
v -0.01393138 -0.00210100 0.10435399
v -0.01372505 -0.00195200 0.10456399
v -0.01372505 -0.00195200 0.10456399
v -0.01372505 -0.00195200 0.10456399
v -0.01372505 -0.00195200 0.10456399
v -0.01372505 -0.00195200 0.10456399
v -0.01384140 -0.00214700 0.10436099
v -0.01384140 -0.00214700 0.10436099
v -0.01384140 -0.00214700 0.10436099
v -0.01384140 -0.00214700 0.10436099
v -0.01384140 -0.00214700 0.10436099
v -0.01384140 -0.00214700 0.10436099
v -0.01384140 -0.00214700 0.10436099
v -0.01363584 -0.00198900 0.10456699
v -0.01363584 -0.00198900 0.10456699
v -0.01363584 -0.00198900 0.10456699
v -0.01363584 -0.00198900 0.10456699
v -0.01363584 -0.00198900 0.10456699
v -0.01363584 -0.00198900 0.10456699
v -0.01354586 -0.00202300 0.10456599
v -0.01354586 -0.00202300 0.10456599
v -0.01354586 -0.00202300 0.10456599
v -0.01354586 -0.00202300 0.10456599
v -0.01354586 -0.00202300 0.10456599
v -0.01354586 -0.00202300 0.10456599
v -0.01335660 -0.00192800 0.10467299
v -0.01335660 -0.00192800 0.10467299
v -0.01335660 -0.00192800 0.10467299
v -0.01335660 -0.00192800 0.10467299
v -0.01335660 -0.00192800 0.10467299
v -0.01345666 -0.00205500 0.10456099
v -0.01345666 -0.00205500 0.10456099
v -0.01345666 -0.00205500 0.10456099
v -0.01345666 -0.00205500 0.10456099
v -0.01345666 -0.00205500 0.10456099
v -0.01345666 -0.00205500 0.10456099
v -0.01326817 -0.00195200 0.10466399
v -0.01326817 -0.00195200 0.10466399
v -0.01326817 -0.00195200 0.10466399
v -0.01326817 -0.00195200 0.10466399
v -0.01326817 -0.00195200 0.10466399
v -0.01326817 -0.00195200 0.10466399
v -0.01317431 -0.00183800 0.10474799
v -0.01317431 -0.00183800 0.10474799
v -0.01317431 -0.00183800 0.10474799
v -0.01317431 -0.00183800 0.10474799
v -0.01317431 -0.00183800 0.10474799
v -0.01317198 -0.00177800 0.10478899
v -0.01317198 -0.00177800 0.10478899
v -0.01317198 -0.00177800 0.10478899
v -0.01317198 -0.00177800 0.10478899
v -0.01317198 -0.00177800 0.10478899
v -0.01167646 -0.00183800 0.10474799
v -0.01167646 -0.00183800 0.10474799
v -0.01167646 -0.00183800 0.10474799
v -0.01167646 -0.00183800 0.10474799
v -0.01167646 -0.00183800 0.10474799
v -0.01165242 -0.00184600 0.10474199
v -0.01165242 -0.00184600 0.10474199
v -0.01165242 -0.00184600 0.10474199
v -0.01165242 -0.00184600 0.10474199
v -0.01160432 -0.00203700 0.10459599
v -0.01160432 -0.00203700 0.10459599
v -0.01160432 -0.00203700 0.10459599
v -0.01160432 -0.00203700 0.10459599
v -0.01160432 -0.00203700 0.10459599
v -0.01155778 -0.00203300 0.10458999
v -0.01155778 -0.00203300 0.10458999
v -0.01155778 -0.00203300 0.10458999
v -0.01155778 -0.00203300 0.10458999
v -0.01155778 -0.00203300 0.10458999
v -0.01155778 -0.00203300 0.10458999
v -0.01151124 -0.00202600 0.10458099
v -0.01151124 -0.00202600 0.10458099
v -0.01151124 -0.00202600 0.10458099
v -0.01151124 -0.00202600 0.10458099
v -0.01151124 -0.00202600 0.10458099
v -0.01146547 -0.00201600 0.10456899
v -0.01146547 -0.00201600 0.10456899
v -0.01146547 -0.00201600 0.10456899
v -0.01146547 -0.00201600 0.10456899
v -0.01141971 -0.00200400 0.10455499
v -0.01141971 -0.00200400 0.10455499
v -0.01141971 -0.00200400 0.10455499
v -0.01141971 -0.00200400 0.10455499
v -0.01141971 -0.00200400 0.10455499
v -0.01141971 -0.00200400 0.10455499
v -0.01141971 -0.00200400 0.10455499
v -0.01137550 -0.00199000 0.10453699
v -0.01137550 -0.00199000 0.10453699
v -0.01137550 -0.00199000 0.10453699
v -0.01137550 -0.00199000 0.10453699
v -0.01133206 -0.00197500 0.10451799
v -0.01133206 -0.00197500 0.10451799
v -0.01133206 -0.00197500 0.10451799
v -0.01133206 -0.00197500 0.10451799
v -0.01133206 -0.00197500 0.10451799
v -0.01133206 -0.00197500 0.10451799
v -0.01133206 -0.00197500 0.10451799
v -0.01133206 -0.00197500 0.10451799
v -0.01129017 -0.00195800 0.10449399
v -0.01129017 -0.00195800 0.10449399
v -0.01129017 -0.00195800 0.10449399
v -0.01129017 -0.00195800 0.10449399
v -0.01124906 -0.00193800 0.10446999
v -0.01124906 -0.00193800 0.10446999
v -0.01124906 -0.00193800 0.10446999
v -0.01124906 -0.00193800 0.10446999
v -0.01124906 -0.00193800 0.10446999
v -0.01124906 -0.00193800 0.10446999
v -0.01124906 -0.00193800 0.10446999
v -0.01124906 -0.00193800 0.10446999
v -0.01121027 -0.00173100 0.10457699
v -0.01121027 -0.00173100 0.10457699
v -0.01121027 -0.00173100 0.10457699
v -0.01121027 -0.00173100 0.10457699
v -0.01121027 -0.00173100 0.10457699
v -0.01117227 -0.00171000 0.10454599
v -0.01117227 -0.00171000 0.10454599
v -0.01117227 -0.00171000 0.10454599
v -0.01117227 -0.00171000 0.10454599
v -0.01117227 -0.00171000 0.10454599
v -0.01117227 -0.00171000 0.10454599
v -0.01117227 -0.00171000 0.10454599
v -0.01113658 -0.00151000 0.10462699
v -0.01113658 -0.00151000 0.10462699
v -0.01113658 -0.00151000 0.10462699
v -0.01113658 -0.00151000 0.10462699
v -0.01113658 -0.00151000 0.10462699
v -0.01113658 -0.00168600 0.10451199
v -0.01113658 -0.00168600 0.10451199
v -0.01113658 -0.00168600 0.10451199
v -0.01113658 -0.00168600 0.10451199
v -0.01113658 -0.00168600 0.10451199
v -0.01110323 -0.00060300 0.10496299
v -0.01110323 -0.00060300 0.10496299
v -0.01110323 -0.00060300 0.10496299
v -0.01110323 -0.00060300 0.10496299
v -0.01110323 -0.00060300 0.10496299
v -0.01110323 -0.00042200 0.10500199
v -0.01110323 -0.00042200 0.10500199
v -0.01110323 -0.00042200 0.10500199
v -0.01110323 -0.00042200 0.10500199
v -0.01110323 -0.00042200 0.10500199
v -0.01110323 -0.00042200 0.10500199
v -0.01110323 -0.00042200 0.10500199
v -0.01110323 -0.00078400 0.10491299
v -0.01110323 -0.00078400 0.10491299
v -0.01110323 -0.00078400 0.10491299
v -0.01110323 -0.00078400 0.10491299
v -0.01110323 -0.00078400 0.10491299
v -0.01110323 -0.00078400 0.10491299
v -0.01110323 -0.00024100 0.10502899
v -0.01110323 -0.00024100 0.10502899
v -0.01110323 -0.00024100 0.10502899
v -0.01110323 -0.00024100 0.10502899
v -0.01110323 -0.00005700 0.10504499
v -0.01110323 -0.00005700 0.10504499
v -0.01110323 -0.00005700 0.10504499
v -0.01110323 -0.00005700 0.10504499
v -0.01110323 -0.00005700 0.10504499
v -0.01110323 -0.00096500 0.10484899
v -0.01110323 -0.00096500 0.10484899
v -0.01110323 -0.00096500 0.10484899
v -0.01110323 -0.00096500 0.10484899
v -0.01110323 -0.00096500 0.10484899
v -0.01110323 -0.00096500 0.10484899
v -0.01110323 -0.00114800 0.10477099
v -0.01110323 -0.00114800 0.10477099
v -0.01110323 -0.00114800 0.10477099
v -0.01110323 -0.00114800 0.10477099
v -0.01110323 -0.00131500 0.10468699
v -0.01110323 -0.00131500 0.10468699
v -0.01110323 -0.00131500 0.10468699
v -0.01110323 -0.00131500 0.10468699
v -0.01110323 -0.00131500 0.10468699
v -0.01110323 -0.00131500 0.10468699
v -0.01110323 -0.00131500 0.10468699
v -0.01107996 0.00005500 0.10501099
v -0.01107996 0.00005500 0.10501099
v -0.01107996 0.00005500 0.10501099
v -0.01107996 0.00005500 0.10501099
v -0.01107996 0.00023600 0.10499599
v -0.01107996 0.00023600 0.10499599
v -0.01107996 0.00023600 0.10499599
v -0.01107996 0.00023600 0.10499599
v -0.01107996 0.00023600 0.10499599
v -0.01107996 0.00023600 0.10499599
v -0.01107996 0.00023600 0.10499599
v -0.01107996 0.00023600 0.10499599
v -0.01107996 -0.00000000 0.10501399
v -0.01107996 -0.00000000 0.10501399
v -0.01107996 -0.00000000 0.10501399
v -0.01107996 -0.00000000 0.10501399
v -0.01107996 -0.00000000 0.10501399
v -0.01107996 -0.00000000 0.10501399
v -0.01107996 0.00041600 0.10496799
v -0.01107996 0.00041600 0.10496799
v -0.01107996 0.00041600 0.10496799
v -0.01107996 0.00041600 0.10496799
v -0.01107996 0.00059500 0.10492999
v -0.01107996 0.00059500 0.10492999
v -0.01107996 0.00059500 0.10492999
v -0.01107996 0.00059500 0.10492999
v -0.01107996 0.00059500 0.10492999
v -0.01107996 0.00059500 0.10492999
v -0.01107996 0.00077400 0.10487999
v -0.01107996 0.00077400 0.10487999
v -0.01107996 0.00077400 0.10487999
v -0.01107996 0.00077400 0.10487999
v -0.01107996 0.00077400 0.10487999
v -0.01107996 0.00077400 0.10487999
v -0.01107996 0.00077400 0.10487999
v -0.01107996 0.00095200 0.10481699
v -0.01107996 0.00095200 0.10481699
v -0.01107996 0.00095200 0.10481699
v -0.01107996 0.00095200 0.10481699
v -0.01107996 0.00113400 0.10473999
v -0.01107996 0.00113400 0.10473999
v -0.01107996 0.00113400 0.10473999
v -0.01107996 0.00113400 0.10473999
v -0.01107996 0.00113400 0.10473999
v -0.01107996 0.00129900 0.10465799
v -0.01107996 0.00129900 0.10465799
v -0.01107996 0.00129900 0.10465799
v -0.01107996 0.00129900 0.10465799
v -0.01107996 0.00129900 0.10465799
v -0.01107996 0.00146900 0.10455999
v -0.01107996 0.00146900 0.10455999
v -0.01107996 0.00146900 0.10455999
v -0.01107996 0.00146900 0.10455999
v -0.01107996 0.00146900 0.10455999
v -0.01107996 0.00146900 0.10455999
v -0.01107996 0.00146900 0.10455999
v -0.01107996 0.00164000 0.10444699
v -0.01107996 0.00164000 0.10444699
v -0.01107996 0.00164000 0.10444699
v -0.01107996 0.00164000 0.10444699
v -0.01107996 0.00181600 0.10431599
v -0.01107996 0.00181600 0.10431599
v -0.01107996 0.00181600 0.10431599
v -0.01107996 0.00181600 0.10431599
v -0.01107996 0.00181600 0.10431599
v -0.01111254 0.00184500 0.10435199
v -0.01111254 0.00184500 0.10435199
v -0.01111254 0.00184500 0.10435199
v -0.01111254 0.00184500 0.10435199
v -0.01114667 0.00187200 0.10438699
v -0.01114667 0.00187200 0.10438699
v -0.01114667 0.00187200 0.10438699
v -0.01114667 0.00187200 0.10438699
v -0.01114667 0.00187200 0.10438699
v -0.01114667 0.00187200 0.10438699
v -0.01118235 0.00189800 0.10441899
v -0.01118235 0.00189800 0.10441899
v -0.01118235 0.00189800 0.10441899
v -0.01118235 0.00189800 0.10441899
v -0.01118235 0.00189800 0.10441899
v -0.01122113 0.00192200 0.10444899
v -0.01122113 0.00192200 0.10444899
v -0.01122113 0.00192200 0.10444899
v -0.01122113 0.00192200 0.10444899
v -0.01122113 0.00192200 0.10444899
v -0.01122113 0.00192200 0.10444899
v -0.01126069 0.00194300 0.10447699
v -0.01126069 0.00194300 0.10447699
v -0.01126069 0.00194300 0.10447699
v -0.01126069 0.00194300 0.10447699
v -0.01126069 0.00194300 0.10447699
v -0.01126069 0.00194300 0.10447699
v -0.01130336 0.00196300 0.10450199
v -0.01130336 0.00196300 0.10450199
v -0.01130336 0.00196300 0.10450199
v -0.01130336 0.00196300 0.10450199
v -0.01130336 0.00196300 0.10450199
v -0.01134679 0.00198000 0.10452399
v -0.01134679 0.00198000 0.10452399
v -0.01134679 0.00198000 0.10452399
v -0.01134679 0.00198000 0.10452399
v -0.01139178 0.00199700 0.10454399
v -0.01139178 0.00199700 0.10454399
v -0.01139178 0.00199700 0.10454399
v -0.01139178 0.00199700 0.10454399
v -0.01139178 0.00199700 0.10454399
v -0.01139178 0.00199700 0.10454399
v -0.01148487 0.00182900 0.10471599
v -0.01148487 0.00182900 0.10471599
v -0.01148487 0.00182900 0.10471599
v -0.01148487 0.00182900 0.10471599
v -0.01148487 0.00182900 0.10471599
v -0.01148487 0.00182900 0.10471599
v -0.01148487 0.00182900 0.10471599
v -0.01143755 0.00201000 0.10456099
v -0.01143755 0.00201000 0.10456099
v -0.01143755 0.00201000 0.10456099
v -0.01143755 0.00201000 0.10456099
v -0.01143755 0.00201000 0.10456099
v -0.01143755 0.00201000 0.10456099
v -0.01143755 0.00201000 0.10456099
v -0.01143755 0.00201000 0.10456099
v -0.01153218 0.00183700 0.10472799
v -0.01153218 0.00183700 0.10472799
v -0.01153218 0.00183700 0.10472799
v -0.01153218 0.00183700 0.10472799
v -0.01153218 0.00202800 0.10458599
v -0.01153218 0.00202800 0.10458599
v -0.01153218 0.00202800 0.10458599
v -0.01153218 0.00202800 0.10458599
v -0.01153218 0.00202800 0.10458599
v -0.01153218 0.00202800 0.10458599
v -0.01158105 0.00203400 0.10459299
v -0.01158105 0.00203400 0.10459299
v -0.01158105 0.00203400 0.10459299
v -0.01158105 0.00203400 0.10459299
v -0.01162992 0.00203900 0.10459699
v -0.01162992 0.00203900 0.10459699
v -0.01162992 0.00203900 0.10459699
v -0.01162992 0.00203900 0.10459699
v -0.01162992 0.00203900 0.10459699
v -0.01167646 0.00203900 0.10459899
v -0.01167646 0.00203900 0.10459899
v -0.01167646 0.00203900 0.10459899
v -0.01167646 0.00203900 0.10459899
v -0.01167646 0.00203900 0.10459899
v -0.01317974 0.00193900 0.10467499
v -0.01317974 0.00193900 0.10467499
v -0.01317974 0.00193900 0.10467499
v -0.01317974 0.00193900 0.10467499
v -0.01317974 0.00193900 0.10467499
v -0.01317431 0.00182000 0.10475999
v -0.01317431 0.00182000 0.10475999
v -0.01317431 0.00182000 0.10475999
v -0.01318905 0.00208000 0.10456599
v -0.01318905 0.00208000 0.10456599
v -0.01318905 0.00208000 0.10456599
v -0.01318905 0.00208000 0.10456599
v -0.01318905 0.00208000 0.10456599
v -0.01318905 0.00208000 0.10456599
v -0.01327980 0.00210700 0.10454099
v -0.01327980 0.00210700 0.10454099
v -0.01327980 0.00210700 0.10454099
v -0.01327980 0.00210700 0.10454099
v -0.01327980 0.00210700 0.10454099
v -0.01336746 0.00208200 0.10455299
v -0.01336746 0.00208200 0.10455299
v -0.01336746 0.00208200 0.10455299
v -0.01336746 0.00208200 0.10455299
v -0.01336746 0.00208200 0.10455299
v -0.01336746 0.00208200 0.10455299
v -0.01336746 0.00208200 0.10455299
v -0.01348071 0.00229900 0.10434899
v -0.01348071 0.00229900 0.10434899
v -0.01348071 0.00229900 0.10434899
v -0.01348071 0.00229900 0.10434899
v -0.01348071 0.00229900 0.10434899
v -0.01348071 0.00229900 0.10434899
v -0.01357146 0.00226600 0.10435799
v -0.01357146 0.00226600 0.10435799
v -0.01357146 0.00226600 0.10435799
v -0.01357146 0.00226600 0.10435799
v -0.01357146 0.00226600 0.10435799
v -0.01357146 0.00226600 0.10435799
v -0.01364205 0.00244300 0.10417299
v -0.01364205 0.00244300 0.10417299
v -0.01364205 0.00244300 0.10417299
v -0.01364205 0.00244300 0.10417299
v -0.01364205 0.00244300 0.10417299
v -0.01368781 0.00242400 0.10417599
v -0.01368781 0.00242400 0.10417599
v -0.01368781 0.00242400 0.10417599
v -0.01368781 0.00242400 0.10417599
v -0.01373358 0.00240400 0.10417899
v -0.01373358 0.00240400 0.10417899
v -0.01373358 0.00240400 0.10417899
v -0.01373358 0.00240400 0.10417899
v -0.01373358 0.00240400 0.10417899
v -0.01373358 0.00240400 0.10417899
v -0.01377857 0.00238300 0.10417999
v -0.01377857 0.00238300 0.10417999
v -0.01377857 0.00238300 0.10417999
v -0.01377857 0.00238300 0.10417999
v -0.01382433 0.00236100 0.10418099
v -0.01382433 0.00236100 0.10418099
v -0.01382433 0.00236100 0.10418099
v -0.01382433 0.00236100 0.10418099
v -0.01387010 0.00233800 0.10418099
v -0.01387010 0.00233800 0.10418099
v -0.01387010 0.00233800 0.10418099
v -0.01387010 0.00233800 0.10418099
v -0.01391509 0.00231400 0.10417999
v -0.01391509 0.00231400 0.10417999
v -0.01391509 0.00231400 0.10417999
v -0.01391509 0.00231400 0.10417999
v -0.01391509 0.00231400 0.10417999
v -0.01391509 0.00231400 0.10417999
v -0.01396008 0.00228800 0.10417799
v -0.01396008 0.00228800 0.10417799
v -0.01396008 0.00228800 0.10417799
v -0.01396008 0.00228800 0.10417799
v -0.01396008 0.00228800 0.10417799
v -0.01396008 0.00228800 0.10417799
v -0.01405006 0.00223600 0.10416999
v -0.01405006 0.00223600 0.10416999
v -0.01405006 0.00223600 0.10416999
v -0.01405006 0.00223600 0.10416999
v -0.01405006 0.00223600 0.10416999
v -0.01405006 0.00223600 0.10416999
v -0.01413926 0.00217900 0.10415899
v -0.01413926 0.00217900 0.10415899
v -0.01413926 0.00217900 0.10415899
v -0.01413926 0.00217900 0.10415899
v -0.01413926 0.00217900 0.10415899
v -0.01422691 0.00212000 0.10414399
v -0.01422691 0.00212000 0.10414399
v -0.01422691 0.00212000 0.10414399
v -0.01422691 0.00212000 0.10414399
v -0.01422691 0.00212000 0.10414399
v -0.01422691 0.00212000 0.10414399
v -0.01436188 0.00092200 0.10474999
v -0.01436188 0.00092200 0.10474999
v -0.01436188 0.00092200 0.10474999
v -0.01436188 0.00092200 0.10474999
v -0.01436188 0.00092200 0.10474999
v -0.01436188 0.00092200 0.10474999
v -0.01436964 0.00105600 0.10468899
v -0.01436964 0.00105600 0.10468899
v -0.01436964 0.00105600 0.10468899
v -0.01436964 0.00105600 0.10468899
v -0.01436964 0.00105600 0.10468899
v -0.01434560 0.00128600 0.10460299
v -0.01434560 0.00128600 0.10460299
v -0.01434560 0.00128600 0.10460299
v -0.01434560 0.00128600 0.10460299
v -0.01438593 0.00125900 0.10458199
v -0.01438593 0.00125900 0.10458199
v -0.01438593 0.00125900 0.10458199
v -0.01438593 0.00125900 0.10458199
v -0.01438593 0.00125900 0.10458199
v -0.01438593 0.00125900 0.10458199
v -0.01433629 0.00160300 0.10443199
v -0.01433629 0.00160300 0.10443199
v -0.01433629 0.00160300 0.10443199
v -0.01433629 0.00160300 0.10443199
v -0.01433629 0.00160300 0.10443199
v -0.01433629 0.00160300 0.10443199
v -0.01433629 0.00160300 0.10443199
v -0.01449996 0.00047000 0.10475799
v -0.01449996 0.00047000 0.10475799
v -0.01449996 0.00047000 0.10475799
v -0.01449996 0.00047000 0.10475799
v -0.01449996 0.00047000 0.10475799
v -0.01443170 0.00071300 0.10475899
v -0.01443170 0.00071300 0.10475899
v -0.01443170 0.00071300 0.10475899
v -0.01443170 0.00071300 0.10475899
v -0.01443170 0.00071300 0.10475899
v -0.01450849 0.00067600 0.10469999
v -0.01450849 0.00067600 0.10469999
v -0.01450849 0.00067600 0.10469999
v -0.01450849 0.00067600 0.10469999
v -0.01456822 0.00023300 0.10473199
v -0.01456822 0.00023300 0.10473199
v -0.01456822 0.00023300 0.10473199
v -0.01456822 0.00023300 0.10473199
v -0.01456822 0.00023300 0.10473199
v -0.01457442 0.00044100 0.10469199
v -0.01457442 0.00044100 0.10469199
v -0.01457442 0.00044100 0.10469199
v -0.01457442 0.00044100 0.10469199
v -0.01457442 0.00044100 0.10469199
v -0.01465897 -0.00000000 0.10465599
v -0.01465897 -0.00000000 0.10465599
v -0.01465897 -0.00000000 0.10465599
v -0.01465897 -0.00000000 0.10465599
v -0.01465897 -0.00000000 0.10465599
v -0.01465897 -0.00000000 0.10465599
v -0.01465897 -0.00000000 0.10465599
v -0.01465897 -0.00000000 0.10465599
v -0.01464036 -0.00021500 0.10465899
v -0.01464036 -0.00021500 0.10465899
v -0.01464036 -0.00021500 0.10465899
v -0.01464036 -0.00021500 0.10465899
v -0.01464036 -0.00021500 0.10465899
v -0.01456822 -0.00023200 0.10473199
v -0.01456822 -0.00023200 0.10473199
v -0.01456822 -0.00023200 0.10473199
v -0.01456822 -0.00023200 0.10473199
v -0.01456822 -0.00023200 0.10473199
v -0.01464036 0.00021400 0.10465899
v -0.01464036 0.00021400 0.10465899
v -0.01464036 0.00021400 0.10465899
v -0.01464036 0.00021400 0.10465899
v -0.01464036 0.00021400 0.10465899
v -0.01464036 0.00021400 0.10465899
v -0.01457442 -0.00044100 0.10469199
v -0.01457442 -0.00044100 0.10469199
v -0.01457442 -0.00044100 0.10469199
v -0.01457442 -0.00044100 0.10469199
v -0.01457442 -0.00044100 0.10469199
v -0.01457442 -0.00044100 0.10469199
v -0.01449996 -0.00046900 0.10475799
v -0.01449996 -0.00046900 0.10475799
v -0.01449996 -0.00046900 0.10475799
v -0.01449996 -0.00046900 0.10475799
v -0.01450849 -0.00067500 0.10469999
v -0.01450849 -0.00067500 0.10469999
v -0.01450849 -0.00067500 0.10469999
v -0.01450849 -0.00067500 0.10469999
v -0.01443170 -0.00071300 0.10475899
v -0.01443170 -0.00071300 0.10475899
v -0.01443170 -0.00071300 0.10475899
v -0.01443170 -0.00071300 0.10475899
v -0.01443170 -0.00071300 0.10475899
v -0.01435258 -0.00074900 0.10481499
v -0.01435258 -0.00074900 0.10481499
v -0.01435258 -0.00074900 0.10481499
v -0.01435258 -0.00074900 0.10481499
v -0.01435258 -0.00074900 0.10481499
v -0.01436188 -0.00092200 0.10474999
v -0.01436188 -0.00092200 0.10474999
v -0.01436188 -0.00092200 0.10474999
v -0.01436188 -0.00092200 0.10474999
v -0.01436188 -0.00092200 0.10474999
v -0.01436188 -0.00092200 0.10474999
v -0.01436964 -0.00105500 0.10468899
v -0.01436964 -0.00105500 0.10468899
v -0.01436964 -0.00105500 0.10468899
v -0.01436964 -0.00105500 0.10468899
v -0.01436964 -0.00105500 0.10468899
v -0.01436964 -0.00105500 0.10468899
v -0.01438593 -0.00125900 0.10458199
v -0.01438593 -0.00125900 0.10458199
v -0.01438593 -0.00125900 0.10458199
v -0.01438593 -0.00125900 0.10458199
v -0.01438593 -0.00125900 0.10458199
v -0.01438593 -0.00125900 0.10458199
v -0.01434560 -0.00128600 0.10460299
v -0.01434560 -0.00128600 0.10460299
v -0.01437662 -0.00157200 0.10441399
v -0.01437662 -0.00157200 0.10441399
v -0.01437662 -0.00157200 0.10441399
v -0.01437662 -0.00157200 0.10441399
v -0.01433551 -0.00160200 0.10443199
v -0.01433551 -0.00160200 0.10443199
v -0.01433551 -0.00160200 0.10443199
v -0.01433551 -0.00160200 0.10443199
v -0.01433551 -0.00160200 0.10443199
v -0.01436654 -0.00181500 0.10426099
v -0.01436654 -0.00181500 0.10426099
v -0.01436654 -0.00181500 0.10426099
v -0.01436654 -0.00181500 0.10426099
v -0.01436654 -0.00181500 0.10426099
v -0.01436654 -0.00181500 0.10426099
v -0.01436654 0.00181500 0.10426099
v -0.01436654 0.00181500 0.10426099
v -0.01436654 0.00181500 0.10426099
v -0.01436654 0.00181500 0.10426099
v -0.01436654 0.00181500 0.10426099
v -0.01436654 0.00181500 0.10426099
v -0.01431302 0.00205600 0.10412499
v -0.01431302 0.00205600 0.10412499
v -0.01431302 0.00205600 0.10412499
v -0.01431302 0.00205600 0.10412499
v -0.01431302 0.00205600 0.10412499
v -0.01431302 0.00205600 0.10412499
v -0.01439679 0.00199000 0.10410199
v -0.01439679 0.00199000 0.10410199
v -0.01439679 0.00199000 0.10410199
v -0.01439679 0.00199000 0.10410199
v -0.01439679 0.00199000 0.10410199
v -0.01439679 -0.00198900 0.10410199
v -0.01439679 -0.00198900 0.10410199
v -0.01439679 -0.00198900 0.10410199
v -0.01439679 -0.00198900 0.10410199
v -0.01439679 -0.00198900 0.10410199
v -0.01439679 -0.00198900 0.10410199
v -0.01431302 -0.00205600 0.10412499
v -0.01431302 -0.00205600 0.10412499
v -0.01431302 -0.00205600 0.10412499
v -0.01431302 -0.00205600 0.10412499
v -0.01431302 -0.00205600 0.10412499
v -0.01431302 -0.00205600 0.10412499
v -0.01422691 -0.00211900 0.10414399
v -0.01422691 -0.00211900 0.10414399
v -0.01422691 -0.00211900 0.10414399
v -0.01422691 -0.00211900 0.10414399
v -0.01422691 -0.00211900 0.10414399
v -0.01422691 -0.00211900 0.10414399
v -0.01413926 -0.00218000 0.10415899
v -0.01413926 -0.00218000 0.10415899
v -0.01413926 -0.00218000 0.10415899
v -0.01413926 -0.00218000 0.10415899
v -0.01413926 -0.00218000 0.10415899
v -0.01413926 -0.00218000 0.10415899
v -0.01405006 -0.00223600 0.10416999
v -0.01405006 -0.00223600 0.10416999
v -0.01405006 -0.00223600 0.10416999
v -0.01405006 -0.00223600 0.10416999
v -0.01405006 -0.00223600 0.10416999
v -0.01405006 -0.00223600 0.10416999
v -0.01396008 -0.00228900 0.10417799
v -0.01396008 -0.00228900 0.10417799
v -0.01396008 -0.00228900 0.10417799
v -0.01396008 -0.00228900 0.10417799
v -0.01396008 -0.00228900 0.10417799
v -0.01396008 -0.00228900 0.10417799
v -0.01396008 -0.00228900 0.10417799
v -0.01396008 -0.00228900 0.10417799
v -0.01375142 -0.00219100 0.10436399
v -0.01375142 -0.00219100 0.10436399
v -0.01375142 -0.00219100 0.10436399
v -0.01375142 -0.00219100 0.10436399
v -0.01375142 -0.00219100 0.10436399
v -0.01375142 -0.00219100 0.10436399
v -0.01375142 -0.00219100 0.10436399
v -0.01391509 -0.00231400 0.10417999
v -0.01391509 -0.00231400 0.10417999
v -0.01391509 -0.00231400 0.10417999
v -0.01387010 -0.00233800 0.10418099
v -0.01387010 -0.00233800 0.10418099
v -0.01387010 -0.00233800 0.10418099
v -0.01387010 -0.00233800 0.10418099
v -0.01387010 -0.00233800 0.10418099
v -0.01387010 -0.00233800 0.10418099
v -0.01387010 -0.00233800 0.10418099
v -0.01387010 -0.00233800 0.10418099
v -0.01366066 -0.00223100 0.10436299
v -0.01366066 -0.00223100 0.10436299
v -0.01366066 -0.00223100 0.10436299
v -0.01366066 -0.00223100 0.10436299
v -0.01366066 -0.00223100 0.10436299
v -0.01366066 -0.00223100 0.10436299
v -0.01357069 -0.00226700 0.10435799
v -0.01357069 -0.00226700 0.10435799
v -0.01357069 -0.00226700 0.10435799
v -0.01357069 -0.00226700 0.10435799
v -0.01357069 -0.00226700 0.10435799
v -0.01357069 -0.00226700 0.10435799
v -0.01336746 -0.00208300 0.10455299
v -0.01336746 -0.00208300 0.10455299
v -0.01336746 -0.00208300 0.10455299
v -0.01336746 -0.00208300 0.10455299
v -0.01336746 -0.00208300 0.10455299
v -0.01336746 -0.00208300 0.10455299
v -0.01336746 -0.00208300 0.10455299
v -0.01348071 -0.00230000 0.10434899
v -0.01348071 -0.00230000 0.10434899
v -0.01348071 -0.00230000 0.10434899
v -0.01348071 -0.00230000 0.10434899
v -0.01348071 -0.00230000 0.10434899
v -0.01348071 -0.00230000 0.10434899
v -0.01327980 -0.00210800 0.10454099
v -0.01327980 -0.00210800 0.10454099
v -0.01327980 -0.00210800 0.10454099
v -0.01327980 -0.00210800 0.10454099
v -0.01327980 -0.00210800 0.10454099
v -0.01327980 -0.00210800 0.10454099
v -0.01318207 -0.00197200 0.10465099
v -0.01318207 -0.00197200 0.10465099
v -0.01318207 -0.00197200 0.10465099
v -0.01318207 -0.00197200 0.10465099
v -0.01318207 -0.00197200 0.10465099
v -0.01318207 -0.00197200 0.10465099
v -0.01165242 -0.00204000 0.10459799
v -0.01165242 -0.00204000 0.10459799
v -0.01165242 -0.00204000 0.10459799
v -0.01165242 -0.00204000 0.10459799
v -0.01165242 -0.00204000 0.10459799
v -0.01165241 -0.00224000 0.10442999
v -0.01165241 -0.00224000 0.10442999
v -0.01165241 -0.00224000 0.10442999
v -0.01165241 -0.00224000 0.10442999
v -0.01165241 -0.00224000 0.10442999
v -0.01160432 -0.00223800 0.10442699
v -0.01160432 -0.00223800 0.10442699
v -0.01160432 -0.00223800 0.10442699
v -0.01160432 -0.00223800 0.10442699
v -0.01160432 -0.00223800 0.10442699
v -0.01160432 -0.00223800 0.10442699
v -0.01155778 -0.00223200 0.10442199
v -0.01155778 -0.00223200 0.10442199
v -0.01155778 -0.00223200 0.10442199
v -0.01155778 -0.00223200 0.10442199
v -0.01151124 -0.00222500 0.10441399
v -0.01151124 -0.00222500 0.10441399
v -0.01151124 -0.00222500 0.10441399
v -0.01151124 -0.00222500 0.10441399
v -0.01151124 -0.00222500 0.10441399
v -0.01151124 -0.00222500 0.10441399
v -0.01146547 -0.00221500 0.10440299
v -0.01146547 -0.00221500 0.10440299
v -0.01146547 -0.00221500 0.10440299
v -0.01146547 -0.00221500 0.10440299
v -0.01146547 -0.00221500 0.10440299
v -0.01146547 -0.00221500 0.10440299
v -0.01146547 -0.00221500 0.10440299
v -0.01146547 -0.00221500 0.10440299
v -0.01141971 -0.00220200 0.10438799
v -0.01141971 -0.00220200 0.10438799
v -0.01141971 -0.00220200 0.10438799
v -0.01141971 -0.00220200 0.10438799
v -0.01137550 -0.00218800 0.10437199
v -0.01137550 -0.00218800 0.10437199
v -0.01137550 -0.00218800 0.10437199
v -0.01137550 -0.00218800 0.10437199
v -0.01137550 -0.00218800 0.10437199
v -0.01137550 -0.00218800 0.10437199
v -0.01133206 -0.00217100 0.10435299
v -0.01133206 -0.00217100 0.10435299
v -0.01133206 -0.00217100 0.10435299
v -0.01133206 -0.00217100 0.10435299
v -0.01129017 -0.00215200 0.10433199
v -0.01129017 -0.00215200 0.10433199
v -0.01129017 -0.00215200 0.10433199
v -0.01129017 -0.00215200 0.10433199
v -0.01129017 -0.00215200 0.10433199
v -0.01129017 -0.00215200 0.10433199
v -0.01129017 -0.00215200 0.10433199
v -0.01129017 -0.00215200 0.10433199
v -0.01124906 -0.00213000 0.10430699
v -0.01124906 -0.00213000 0.10430699
v -0.01124906 -0.00213000 0.10430699
v -0.01124906 -0.00213000 0.10430699
v -0.01121027 -0.00210600 0.10427999
v -0.01121027 -0.00210600 0.10427999
v -0.01121027 -0.00210600 0.10427999
v -0.01121027 -0.00210600 0.10427999
v -0.01121027 -0.00210600 0.10427999
v -0.01121027 -0.00210600 0.10427999
v -0.01121027 -0.00191500 0.10444099
v -0.01121027 -0.00191500 0.10444099
v -0.01121027 -0.00191500 0.10444099
v -0.01121027 -0.00191500 0.10444099
v -0.01121027 -0.00191500 0.10444099
v -0.01121027 -0.00191500 0.10444099
v -0.01117227 -0.00189100 0.10441099
v -0.01117227 -0.00189100 0.10441099
v -0.01117227 -0.00189100 0.10441099
v -0.01117227 -0.00189100 0.10441099
v -0.01113658 -0.00186500 0.10437799
v -0.01113658 -0.00186500 0.10437799
v -0.01113658 -0.00186500 0.10437799
v -0.01113658 -0.00186500 0.10437799
v -0.01113658 -0.00186500 0.10437799
v -0.01113658 -0.00186500 0.10437799
v -0.01113658 -0.00186500 0.10437799
v -0.01110323 -0.00148600 0.10458899
v -0.01110323 -0.00148600 0.10458899
v -0.01110323 -0.00148600 0.10458899
v -0.01110323 -0.00148600 0.10458899
v -0.01110323 -0.00183700 0.10434299
v -0.01110323 -0.00183700 0.10434299
v -0.01110323 -0.00183700 0.10434299
v -0.01110323 -0.00183700 0.10434299
v -0.01110323 -0.00183700 0.10434299
v -0.01110323 -0.00166000 0.10447499
v -0.01110323 -0.00166000 0.10447499
v -0.01110323 -0.00166000 0.10447499
v -0.01110323 -0.00166000 0.10447499
v -0.01110323 -0.00166000 0.10447499
v -0.01107143 -0.00059200 0.10491699
v -0.01107143 -0.00059200 0.10491699
v -0.01107143 -0.00059200 0.10491699
v -0.01107143 -0.00059200 0.10491699
v -0.01107143 -0.00059200 0.10491699
v -0.01107143 -0.00059200 0.10491699
v -0.01107143 -0.00077000 0.10486699
v -0.01107143 -0.00077000 0.10486699
v -0.01107143 -0.00077000 0.10486699
v -0.01107143 -0.00077000 0.10486699
v -0.01107143 -0.00077000 0.10486699
v -0.01107143 -0.00077000 0.10486699
v -0.01107143 -0.00041400 0.10495499
v -0.01107143 -0.00041400 0.10495499
v -0.01107143 -0.00041400 0.10495499
v -0.01107143 -0.00041400 0.10495499
v -0.01107143 -0.00023500 0.10498199
v -0.01107143 -0.00023500 0.10498199
v -0.01107143 -0.00023500 0.10498199
v -0.01107143 -0.00023500 0.10498199
v -0.01107143 -0.00094800 0.10480499
v -0.01107143 -0.00094800 0.10480499
v -0.01107143 -0.00094800 0.10480499
v -0.01107143 -0.00094800 0.10480499
v -0.01107143 -0.00094800 0.10480499
v -0.01107143 -0.00005300 0.10499799
v -0.01107143 -0.00005300 0.10499799
v -0.01107143 -0.00005300 0.10499799
v -0.01107143 -0.00005300 0.10499799
v -0.01107143 -0.00005300 0.10499799
v -0.01107143 -0.00112800 0.10472899
v -0.01107143 -0.00112800 0.10472899
v -0.01107143 -0.00112800 0.10472899
v -0.01107143 -0.00112800 0.10472899
v -0.01107143 -0.00112800 0.10472899
v -0.01107143 -0.00112800 0.10472899
v -0.01107143 -0.00146200 0.10454899
v -0.01107143 -0.00146200 0.10454899
v -0.01107143 -0.00146200 0.10454899
v -0.01107143 -0.00146200 0.10454899
v -0.01107143 -0.00146200 0.10454899
v -0.01107143 -0.00129200 0.10464599
v -0.01107143 -0.00129200 0.10464599
v -0.01107143 -0.00129200 0.10464599
v -0.01107143 -0.00129200 0.10464599
v -0.01107143 -0.00129200 0.10464599
v -0.01105048 0.00005100 0.10496299
v -0.01105048 0.00005100 0.10496299
v -0.01105048 0.00005100 0.10496299
v -0.01105048 0.00005100 0.10496299
v -0.01105048 0.00005100 0.10496299
v -0.01105048 0.00005100 0.10496299
v -0.01105048 0.00005100 0.10496299
v -0.01106600 -0.00000000 0.10499199
v -0.01106600 -0.00000000 0.10499199
v -0.01106600 -0.00000000 0.10499199
v -0.01106600 -0.00000000 0.10499199
v -0.01106600 -0.00000000 0.10499199
v -0.01105048 0.00023200 0.10494599
v -0.01105048 0.00023200 0.10494599
v -0.01105048 0.00023200 0.10494599
v -0.01105048 0.00023200 0.10494599
v -0.01105048 0.00040700 0.10492099
v -0.01105048 0.00040700 0.10492099
v -0.01105048 0.00040700 0.10492099
v -0.01105048 0.00040700 0.10492099
v -0.01105048 0.00040700 0.10492099
v -0.01105048 0.00040700 0.10492099
v -0.01105048 0.00040700 0.10492099
v -0.01105048 0.00040700 0.10492099
v -0.01105048 0.00058300 0.10488299
v -0.01105048 0.00058300 0.10488299
v -0.01105048 0.00058300 0.10488299
v -0.01105048 0.00058300 0.10488299
v -0.01105048 0.00058300 0.10488299
v -0.01105048 0.00075900 0.10483299
v -0.01105048 0.00075900 0.10483299
v -0.01105048 0.00075900 0.10483299
v -0.01105048 0.00075900 0.10483299
v -0.01105048 0.00075900 0.10483299
v -0.01105048 0.00093500 0.10477199
v -0.01105048 0.00093500 0.10477199
v -0.01105048 0.00093500 0.10477199
v -0.01105048 0.00093500 0.10477199
v -0.01105048 0.00093500 0.10477199
v -0.01105048 0.00111300 0.10469599
v -0.01105048 0.00111300 0.10469599
v -0.01105048 0.00111300 0.10469599
v -0.01105048 0.00111300 0.10469599
v -0.01105048 0.00111300 0.10469599
v -0.01105048 0.00111300 0.10469599
v -0.01105048 0.00127600 0.10461399
v -0.01105048 0.00127600 0.10461399
v -0.01105048 0.00127600 0.10461399
v -0.01105048 0.00127600 0.10461399
v -0.01105048 0.00127600 0.10461399
v -0.01105048 0.00144300 0.10451799
v -0.01105048 0.00144300 0.10451799
v -0.01105048 0.00144300 0.10451799
v -0.01105048 0.00144300 0.10451799
v -0.01105048 0.00144300 0.10451799
v -0.01105048 0.00161200 0.10440699
v -0.01105048 0.00161200 0.10440699
v -0.01105048 0.00161200 0.10440699
v -0.01105048 0.00161200 0.10440699
v -0.01105048 0.00178600 0.10427799
v -0.01105048 0.00178600 0.10427799
v -0.01105048 0.00178600 0.10427799
v -0.01105048 0.00178600 0.10427799
v -0.01105048 0.00196900 0.10412499
v -0.01105048 0.00196900 0.10412499
v -0.01105048 0.00196900 0.10412499
v -0.01105048 0.00196900 0.10412499
v -0.01105048 0.00196900 0.10412499
v -0.01105048 0.00196900 0.10412499
v -0.01105048 0.00196900 0.10412499
v -0.01107996 0.00200100 0.10416099
v -0.01107996 0.00200100 0.10416099
v -0.01107996 0.00200100 0.10416099
v -0.01107996 0.00200100 0.10416099
v -0.01107996 0.00200100 0.10416099
v -0.01111254 0.00203200 0.10419599
v -0.01111254 0.00203200 0.10419599
v -0.01111254 0.00203200 0.10419599
v -0.01111254 0.00203200 0.10419599
v -0.01114667 0.00206100 0.10422899
v -0.01114667 0.00206100 0.10422899
v -0.01114667 0.00206100 0.10422899
v -0.01114667 0.00206100 0.10422899
v -0.01114667 0.00206100 0.10422899
v -0.01114667 0.00206100 0.10422899
v -0.01118235 0.00208800 0.10425999
v -0.01118235 0.00208800 0.10425999
v -0.01118235 0.00208800 0.10425999
v -0.01118235 0.00208800 0.10425999
v -0.01122113 0.00211400 0.10428899
v -0.01122113 0.00211400 0.10428899
v -0.01122113 0.00211400 0.10428899
v -0.01122113 0.00211400 0.10428899
v -0.01122113 0.00211400 0.10428899
v -0.01122113 0.00211400 0.10428899
v -0.01126069 0.00213700 0.10431399
v -0.01126069 0.00213700 0.10431399
v -0.01126069 0.00213700 0.10431399
v -0.01126069 0.00213700 0.10431399
v -0.01130336 0.00215800 0.10433799
v -0.01130336 0.00215800 0.10433799
v -0.01130336 0.00215800 0.10433799
v -0.01130336 0.00215800 0.10433799
v -0.01130336 0.00215800 0.10433799
v -0.01134679 0.00217700 0.10435999
v -0.01134679 0.00217700 0.10435999
v -0.01134679 0.00217700 0.10435999
v -0.01134679 0.00217700 0.10435999
v -0.01134679 0.00217700 0.10435999
v -0.01134679 0.00217700 0.10435999
v -0.01134679 0.00217700 0.10435999
v -0.01139178 0.00219400 0.10437799
v -0.01139178 0.00219400 0.10437799
v -0.01139178 0.00219400 0.10437799
v -0.01139178 0.00219400 0.10437799
v -0.01139178 0.00219400 0.10437799
v -0.01148487 0.00202000 0.10457399
v -0.01148487 0.00202000 0.10457399
v -0.01148487 0.00202000 0.10457399
v -0.01148487 0.00202000 0.10457399
v -0.01143755 0.00220800 0.10439499
v -0.01143755 0.00220800 0.10439499
v -0.01143755 0.00220800 0.10439499
v -0.01143755 0.00220800 0.10439499
v -0.01143755 0.00220800 0.10439499
v -0.01143755 0.00220800 0.10439499
v -0.01148487 0.00221900 0.10440799
v -0.01148487 0.00221900 0.10440799
v -0.01148487 0.00221900 0.10440799
v -0.01148487 0.00221900 0.10440799
v -0.01148487 0.00221900 0.10440799
v -0.01148487 0.00221900 0.10440799
v -0.01153218 0.00222900 0.10441799
v -0.01153218 0.00222900 0.10441799
v -0.01153218 0.00222900 0.10441799
v -0.01153218 0.00222900 0.10441799
v -0.01153218 0.00222900 0.10441799
v -0.01158105 0.00223500 0.10442499
v -0.01158105 0.00223500 0.10442499
v -0.01158105 0.00223500 0.10442499
v -0.01158105 0.00223500 0.10442499
v -0.01162992 0.00223900 0.10442899
v -0.01162992 0.00223900 0.10442899
v -0.01162992 0.00223900 0.10442899
v -0.01162992 0.00223900 0.10442899
v -0.01162992 0.00223900 0.10442899
v -0.01162992 0.00223900 0.10442899
v -0.01162992 0.00223900 0.10442899
v -0.01167646 0.00208000 0.10456599
v -0.01167646 0.00208000 0.10456599
v -0.01167646 0.00208000 0.10456599
v -0.01167646 0.00208000 0.10456599
v -0.01167646 0.00208000 0.10456599
v -0.01167646 0.00208000 0.10456599
v -0.01319603 0.00217100 0.10448999
v -0.01319603 0.00217100 0.10448999
v -0.01319603 0.00217100 0.10448999
v -0.01319603 0.00217100 0.10448999
v -0.01319603 0.00217100 0.10448999
v -0.01319603 0.00217100 0.10448999
v -0.01329144 0.00223900 0.10442799
v -0.01329144 0.00223900 0.10442799
v -0.01329144 0.00223900 0.10442799
v -0.01329144 0.00223900 0.10442799
v -0.01329144 0.00223900 0.10442799
v -0.01329144 0.00223900 0.10442799
v -0.01339150 0.00232800 0.10433799
v -0.01339150 0.00232800 0.10433799
v -0.01339150 0.00232800 0.10433799
v -0.01339150 0.00232800 0.10433799
v -0.01339150 0.00232800 0.10433799
v -0.01339150 0.00232800 0.10433799
v -0.01350630 0.00249500 0.10415699
v -0.01350630 0.00249500 0.10415699
v -0.01350630 0.00249500 0.10415699
v -0.01350630 0.00249500 0.10415699
v -0.01350630 0.00249500 0.10415699
v -0.01350630 0.00249500 0.10415699
v -0.01359706 0.00246200 0.10416799
v -0.01359706 0.00246200 0.10416799
v -0.01359706 0.00246200 0.10416799
v -0.01359706 0.00246200 0.10416799
v -0.01359706 0.00246200 0.10416799
v -0.01362421 0.00262700 0.10399099
v -0.01362421 0.00262700 0.10399099
v -0.01362421 0.00262700 0.10399099
v -0.01362421 0.00262700 0.10399099
v -0.01362421 0.00262700 0.10399099
v -0.01362421 0.00262700 0.10399099
v -0.01362421 0.00262700 0.10399099
v -0.01362421 0.00262700 0.10399099
v -0.01362421 0.00262700 0.10399099
v -0.01362421 0.00262700 0.10399099
v -0.01362421 0.00262700 0.10399099
v -0.01383519 0.00269200 0.10384199
v -0.01383519 0.00269200 0.10384199
v -0.01383519 0.00269200 0.10384199
v -0.01383519 0.00269200 0.10384199
v -0.01383519 0.00269200 0.10384199
v -0.01383519 0.00269200 0.10384199
v -0.01388096 0.00266800 0.10384499
v -0.01388096 0.00266800 0.10384499
v -0.01388096 0.00266800 0.10384499
v -0.01388096 0.00266800 0.10384499
v -0.01388096 0.00266800 0.10384499
v -0.01392672 0.00264400 0.10384799
v -0.01392672 0.00264400 0.10384799
v -0.01392672 0.00264400 0.10384799
v -0.01392672 0.00264400 0.10384799
v -0.01392672 0.00264400 0.10384799
v -0.01397249 0.00261900 0.10384899
v -0.01397249 0.00261900 0.10384899
v -0.01397249 0.00261900 0.10384899
v -0.01397249 0.00261900 0.10384899
v -0.01397249 0.00261900 0.10384899
v -0.01397249 0.00261900 0.10384899
v -0.01397249 0.00261900 0.10384899
v -0.01406325 0.00256500 0.10384899
v -0.01406325 0.00256500 0.10384899
v -0.01406325 0.00256500 0.10384899
v -0.01406325 0.00256500 0.10384899
v -0.01406325 0.00256500 0.10384899
v -0.01406325 0.00256500 0.10384899
v -0.01400507 0.00226300 0.10417399
v -0.01400507 0.00226300 0.10417399
v -0.01400507 0.00226300 0.10417399
v -0.01410901 0.00253700 0.10384799
v -0.01410901 0.00253700 0.10384799
v -0.01410901 0.00253700 0.10384799
v -0.01410901 0.00253700 0.10384799
v -0.01410901 0.00253700 0.10384799
v -0.01410901 0.00253700 0.10384799
v -0.01410901 0.00253700 0.10384799
v -0.01410901 0.00253700 0.10384799
v -0.01419899 0.00247700 0.10384199
v -0.01419899 0.00247700 0.10384199
v -0.01419899 0.00247700 0.10384199
v -0.01419899 0.00247700 0.10384199
v -0.01419899 0.00247700 0.10384199
v -0.01419899 0.00247700 0.10384199
v -0.01419899 0.00247700 0.10384199
v -0.01428742 0.00241300 0.10383199
v -0.01428742 0.00241300 0.10383199
v -0.01428742 0.00241300 0.10383199
v -0.01428742 0.00241300 0.10383199
v -0.01428742 0.00241300 0.10383199
v -0.01428742 0.00241300 0.10383199
v -0.01437352 0.00234500 0.10381899
v -0.01437352 0.00234500 0.10381899
v -0.01437352 0.00234500 0.10381899
v -0.01437352 0.00234500 0.10381899
v -0.01437352 0.00234500 0.10381899
v -0.01437352 0.00234500 0.10381899
v -0.01444876 0.00100800 0.10463899
v -0.01444876 0.00100800 0.10463899
v -0.01444876 0.00100800 0.10463899
v -0.01444876 0.00100800 0.10463899
v -0.01444876 0.00100800 0.10463899
v -0.01444876 0.00100800 0.10463899
v -0.01444876 0.00100800 0.10463899
v -0.01444100 0.00087900 0.10469699
v -0.01444100 0.00087900 0.10469699
v -0.01444100 0.00087900 0.10469699
v -0.01444100 0.00087900 0.10469699
v -0.01444100 0.00087900 0.10469699
v -0.01442627 0.00123100 0.10455899
v -0.01442627 0.00123100 0.10455899
v -0.01442627 0.00123100 0.10455899
v -0.01442627 0.00123100 0.10455899
v -0.01437662 0.00157200 0.10441399
v -0.01437662 0.00157200 0.10441399
v -0.01437662 0.00157200 0.10441399
v -0.01441773 0.00154100 0.10439599
v -0.01441773 0.00154100 0.10439599
v -0.01441773 0.00154100 0.10439599
v -0.01441773 0.00154100 0.10439599
v -0.01445807 0.00150900 0.10437599
v -0.01445807 0.00150900 0.10437599
v -0.01445807 0.00150900 0.10437599
v -0.01445807 0.00150900 0.10437599
v -0.01449763 0.00147600 0.10435599
v -0.01449763 0.00147600 0.10435599
v -0.01449763 0.00147600 0.10435599
v -0.01449763 0.00147600 0.10435599
v -0.01444876 0.00174800 0.10422999
v -0.01444876 0.00174800 0.10422999
v -0.01444876 0.00174800 0.10422999
v -0.01444876 0.00174800 0.10422999
v -0.01444876 0.00174800 0.10422999
v -0.01454572 0.00065600 0.10466799
v -0.01454572 0.00065600 0.10466799
v -0.01454572 0.00065600 0.10466799
v -0.01454572 0.00065600 0.10466799
v -0.01458295 0.00063700 0.10463599
v -0.01458295 0.00063700 0.10463599
v -0.01458295 0.00063700 0.10463599
v -0.01458295 0.00063700 0.10463599
v -0.01458295 0.00063700 0.10463599
v -0.01458295 0.00063700 0.10463599
v -0.01451702 0.00083400 0.10463999
v -0.01451702 0.00083400 0.10463999
v -0.01451702 0.00083400 0.10463999
v -0.01451702 0.00083400 0.10463999
v -0.01451702 0.00083400 0.10463999
v -0.01451702 0.00083400 0.10463999
v -0.01451702 0.00083400 0.10463999
v -0.01464656 0.00041100 0.10462099
v -0.01464656 0.00041100 0.10462099
v -0.01464656 0.00041100 0.10462099
v -0.01464656 0.00041100 0.10462099
v -0.01464656 0.00041100 0.10462099
v -0.01461941 0.00061700 0.10460199
v -0.01461941 0.00061700 0.10460199
v -0.01461941 0.00061700 0.10460199
v -0.01461941 0.00061700 0.10460199
v -0.01465509 0.00059700 0.10456799
v -0.01465509 0.00059700 0.10456799
v -0.01465509 0.00059700 0.10456799
v -0.01465509 0.00059700 0.10456799
v -0.01477377 -0.00000000 0.10452099
v -0.01477377 -0.00000000 0.10452099
v -0.01477377 -0.00000000 0.10452099
v -0.01477377 -0.00000000 0.10452099
v -0.01477377 -0.00000000 0.10452099
v -0.01477377 -0.00000000 0.10452099
v -0.01471017 -0.00019600 0.10458299
v -0.01471017 -0.00019600 0.10458299
v -0.01471017 -0.00019600 0.10458299
v -0.01471017 -0.00019600 0.10458299
v -0.01471017 -0.00019600 0.10458299
v -0.01471017 -0.00019600 0.10458299
v -0.01471017 0.00019500 0.10458299
v -0.01471017 0.00019500 0.10458299
v -0.01471017 0.00019500 0.10458299
v -0.01471017 0.00019500 0.10458299
v -0.01471017 0.00019500 0.10458299
v -0.01471017 0.00019500 0.10458299
v -0.01471560 -0.00038100 0.10454699
v -0.01471560 -0.00038100 0.10454699
v -0.01471560 -0.00038100 0.10454699
v -0.01471560 -0.00038100 0.10454699
v -0.01471560 -0.00038100 0.10454699
v -0.01464656 -0.00041200 0.10462099
v -0.01464656 -0.00041200 0.10462099
v -0.01464656 -0.00041200 0.10462099
v -0.01464656 -0.00041200 0.10462099
v -0.01464656 -0.00041200 0.10462099
v -0.01464656 -0.00041200 0.10462099
v -0.01471560 0.00038200 0.10454699
v -0.01471560 0.00038200 0.10454699
v -0.01471560 0.00038200 0.10454699
v -0.01471560 0.00038200 0.10454699
v -0.01471560 0.00038200 0.10454699
v -0.01471560 0.00038200 0.10454699
v -0.01461941 -0.00061700 0.10460199
v -0.01461941 -0.00061700 0.10460199
v -0.01461941 -0.00061700 0.10460199
v -0.01461941 -0.00061700 0.10460199
v -0.01461941 -0.00061700 0.10460199
v -0.01458295 -0.00063700 0.10463599
v -0.01458295 -0.00063700 0.10463599
v -0.01458295 -0.00063700 0.10463599
v -0.01458295 -0.00063700 0.10463599
v -0.01454572 -0.00065700 0.10466799
v -0.01454572 -0.00065700 0.10466799
v -0.01454572 -0.00065700 0.10466799
v -0.01454572 -0.00065700 0.10466799
v -0.01451702 -0.00083400 0.10463999
v -0.01451702 -0.00083400 0.10463999
v -0.01451702 -0.00083400 0.10463999
v -0.01451702 -0.00083400 0.10463999
v -0.01451702 -0.00083400 0.10463999
v -0.01451702 -0.00083400 0.10463999
v -0.01444100 -0.00087800 0.10469699
v -0.01444100 -0.00087800 0.10469699
v -0.01444100 -0.00087800 0.10469699
v -0.01444100 -0.00087800 0.10469699
v -0.01444100 -0.00087800 0.10469699
v -0.01444876 -0.00100700 0.10463899
v -0.01444876 -0.00100700 0.10463899
v -0.01444876 -0.00100700 0.10463899
v -0.01444876 -0.00100700 0.10463899
v -0.01444876 -0.00100700 0.10463899
v -0.01444876 -0.00100700 0.10463899
v -0.01446505 -0.00120400 0.10453499
v -0.01446505 -0.00120400 0.10453499
v -0.01446505 -0.00120400 0.10453499
v -0.01446505 -0.00120400 0.10453499
v -0.01446505 -0.00120400 0.10453499
v -0.01446505 -0.00120400 0.10453499
v -0.01446505 -0.00120400 0.10453499
v -0.01442627 -0.00123100 0.10455899
v -0.01442627 -0.00123100 0.10455899
v -0.01442627 -0.00123100 0.10455899
v -0.01449763 -0.00147700 0.10435599
v -0.01449763 -0.00147700 0.10435599
v -0.01449763 -0.00147700 0.10435599
v -0.01449763 -0.00147700 0.10435599
v -0.01449763 -0.00147700 0.10435599
v -0.01449763 -0.00147700 0.10435599
v -0.01445807 -0.00150900 0.10437599
v -0.01445807 -0.00150900 0.10437599
v -0.01445807 -0.00150900 0.10437599
v -0.01441773 -0.00154000 0.10439599
v -0.01441773 -0.00154000 0.10439599
v -0.01441773 -0.00154000 0.10439599
v -0.01441773 -0.00154000 0.10439599
v -0.01441773 -0.00154000 0.10439599
v -0.01444876 -0.00174900 0.10422999
v -0.01444876 -0.00174900 0.10422999
v -0.01444876 -0.00174900 0.10422999
v -0.01444876 -0.00174900 0.10422999
v -0.01444876 -0.00174900 0.10422999
v -0.01444876 -0.00174900 0.10422999
v -0.01447979 -0.00191900 0.10407499
v -0.01447979 -0.00191900 0.10407499
v -0.01447979 -0.00191900 0.10407499
v -0.01447979 -0.00191900 0.10407499
v -0.01447979 -0.00191900 0.10407499
v -0.01447979 0.00191900 0.10407499
v -0.01447979 0.00191900 0.10407499
v -0.01447979 0.00191900 0.10407499
v -0.01447979 0.00191900 0.10407499
v -0.01447979 0.00191900 0.10407499
v -0.01445884 0.00227300 0.10380299
v -0.01445884 0.00227300 0.10380299
v -0.01445884 0.00227300 0.10380299
v -0.01445884 0.00227300 0.10380299
v -0.01445884 0.00227300 0.10380299
v -0.01454262 0.00219800 0.10378199
v -0.01454262 0.00219800 0.10378199
v -0.01454262 0.00219800 0.10378199
v -0.01454262 0.00219800 0.10378199
v -0.01454262 0.00219800 0.10378199
v -0.01454262 0.00219800 0.10378199
v -0.01454262 0.00219800 0.10378199
v -0.01454184 -0.00219800 0.10378199
v -0.01454184 -0.00219800 0.10378199
v -0.01454184 -0.00219800 0.10378199
v -0.01454184 -0.00219800 0.10378199
v -0.01454184 -0.00219800 0.10378199
v -0.01454184 -0.00219800 0.10378199
v -0.01454184 -0.00219800 0.10378199
v -0.01445884 -0.00227400 0.10380299
v -0.01445884 -0.00227400 0.10380299
v -0.01445884 -0.00227400 0.10380299
v -0.01445884 -0.00227400 0.10380299
v -0.01445884 -0.00227400 0.10380299
v -0.01445884 -0.00227400 0.10380299
v -0.01437352 -0.00234500 0.10381899
v -0.01437352 -0.00234500 0.10381899
v -0.01437352 -0.00234500 0.10381899
v -0.01437352 -0.00234500 0.10381899
v -0.01437352 -0.00234500 0.10381899
v -0.01437352 -0.00234500 0.10381899
v -0.01428742 -0.00241200 0.10383199
v -0.01428742 -0.00241200 0.10383199
v -0.01428742 -0.00241200 0.10383199
v -0.01428742 -0.00241200 0.10383199
v -0.01428742 -0.00241200 0.10383199
v -0.01428742 -0.00241200 0.10383199
v -0.01419899 -0.00247700 0.10384199
v -0.01419899 -0.00247700 0.10384199
v -0.01419899 -0.00247700 0.10384199
v -0.01419899 -0.00247700 0.10384199
v -0.01419899 -0.00247700 0.10384199
v -0.01419899 -0.00247700 0.10384199
v -0.01400507 -0.00226300 0.10417399
v -0.01400507 -0.00226300 0.10417399
v -0.01400507 -0.00226300 0.10417399
v -0.01410901 -0.00253600 0.10384799
v -0.01410901 -0.00253600 0.10384799
v -0.01410901 -0.00253600 0.10384799
v -0.01410901 -0.00253600 0.10384799
v -0.01410901 -0.00253600 0.10384799
v -0.01410901 -0.00253600 0.10384799
v -0.01410901 -0.00253600 0.10384799
v -0.01410901 -0.00253600 0.10384799
v -0.01406325 -0.00256500 0.10384899
v -0.01406325 -0.00256500 0.10384899
v -0.01406325 -0.00256500 0.10384899
v -0.01406325 -0.00256500 0.10384899
v -0.01401826 -0.00259300 0.10384899
v -0.01401826 -0.00259300 0.10384899
v -0.01401826 -0.00259300 0.10384899
v -0.01401826 -0.00259300 0.10384899
v -0.01401826 -0.00259300 0.10384899
v -0.01382433 -0.00236100 0.10418099
v -0.01382433 -0.00236100 0.10418099
v -0.01382433 -0.00236100 0.10418099
v -0.01382433 -0.00236100 0.10418099
v -0.01377857 -0.00238300 0.10417999
v -0.01377857 -0.00238300 0.10417999
v -0.01377857 -0.00238300 0.10417999
v -0.01377857 -0.00238300 0.10417999
v -0.01377857 -0.00238300 0.10417999
v -0.01397249 -0.00261900 0.10384899
v -0.01397249 -0.00261900 0.10384899
v -0.01397249 -0.00261900 0.10384899
v -0.01397249 -0.00261900 0.10384899
v -0.01392672 -0.00264400 0.10384799
v -0.01392672 -0.00264400 0.10384799
v -0.01392672 -0.00264400 0.10384799
v -0.01392672 -0.00264400 0.10384799
v -0.01392672 -0.00264400 0.10384799
v -0.01392672 -0.00264400 0.10384799
v -0.01392672 -0.00264400 0.10384799
v -0.01380727 -0.00254700 0.10400699
v -0.01380727 -0.00254700 0.10400699
v -0.01380727 -0.00254700 0.10400699
v -0.01380727 -0.00254700 0.10400699
v -0.01380727 -0.00254700 0.10400699
v -0.01380727 -0.00254700 0.10400699
v -0.01380727 -0.00254700 0.10400699
v -0.01380727 -0.00254700 0.10400699
v -0.01368781 -0.00242400 0.10417599
v -0.01368781 -0.00242400 0.10417599
v -0.01368781 -0.00242400 0.10417599
v -0.01368781 -0.00242400 0.10417599
v -0.01368781 -0.00242400 0.10417599
v -0.01368781 -0.00242400 0.10417599
v -0.01359706 -0.00246100 0.10416799
v -0.01359706 -0.00246100 0.10416799
v -0.01359706 -0.00246100 0.10416799
v -0.01359706 -0.00246100 0.10416799
v -0.01359706 -0.00246100 0.10416799
v -0.01359706 -0.00246100 0.10416799
v -0.01339150 -0.00232800 0.10433799
v -0.01339150 -0.00232800 0.10433799
v -0.01339150 -0.00232800 0.10433799
v -0.01339150 -0.00232800 0.10433799
v -0.01339150 -0.00232800 0.10433799
v -0.01339150 -0.00232800 0.10433799
v -0.01329144 -0.00223900 0.10442799
v -0.01329144 -0.00223900 0.10442799
v -0.01329144 -0.00223900 0.10442799
v -0.01329144 -0.00223900 0.10442799
v -0.01329144 -0.00223900 0.10442799
v -0.01350630 -0.00249500 0.10415699
v -0.01350630 -0.00249500 0.10415699
v -0.01350630 -0.00249500 0.10415699
v -0.01350630 -0.00249500 0.10415699
v -0.01350630 -0.00249500 0.10415699
v -0.01350630 -0.00249500 0.10415699
v -0.01320146 -0.00223200 0.10443899
v -0.01320146 -0.00223200 0.10443899
v -0.01320146 -0.00223200 0.10443899
v -0.01320146 -0.00223200 0.10443899
v -0.01320146 -0.00223200 0.10443899
v -0.01320146 -0.00223200 0.10443899
v -0.01320146 -0.00223200 0.10443899
v -0.01320146 -0.00223200 0.10443899
v -0.01319293 -0.00212900 0.10452599
v -0.01319293 -0.00212900 0.10452599
v -0.01319293 -0.00212900 0.10452599
v -0.01319293 -0.00212900 0.10452599
v -0.01319293 -0.00212900 0.10452599
v -0.01167646 -0.00209700 0.10455199
v -0.01167646 -0.00209700 0.10455199
v -0.01167646 -0.00209700 0.10455199
v -0.01167646 -0.00209700 0.10455199
v -0.01167646 -0.00236500 0.10431499
v -0.01167646 -0.00236500 0.10431499
v -0.01167646 -0.00236500 0.10431499
v -0.01167646 -0.00236500 0.10431499
v -0.01167646 -0.00236500 0.10431499
v -0.01167646 -0.00236500 0.10431499
v -0.01160432 -0.00244400 0.10423199
v -0.01160432 -0.00244400 0.10423199
v -0.01160432 -0.00244400 0.10423199
v -0.01160432 -0.00244400 0.10423199
v -0.01160432 -0.00244400 0.10423199
v -0.01155778 -0.00243900 0.10422699
v -0.01155778 -0.00243900 0.10422699
v -0.01155778 -0.00243900 0.10422699
v -0.01155778 -0.00243900 0.10422699
v -0.01155778 -0.00243900 0.10422699
v -0.01155778 -0.00243900 0.10422699
v -0.01155778 -0.00243900 0.10422699
v -0.01155778 -0.00243900 0.10422699
v -0.01151124 -0.00243100 0.10421899
v -0.01151124 -0.00243100 0.10421899
v -0.01151124 -0.00243100 0.10421899
v -0.01151124 -0.00243100 0.10421899
v -0.01151124 -0.00243100 0.10421899
v -0.01146547 -0.00242000 0.10420799
v -0.01146547 -0.00242000 0.10420799
v -0.01146547 -0.00242000 0.10420799
v -0.01146547 -0.00242000 0.10420799
v -0.01141971 -0.00240800 0.10419499
v -0.01141971 -0.00240800 0.10419499
v -0.01141971 -0.00240800 0.10419499
v -0.01141971 -0.00240800 0.10419499
v -0.01141971 -0.00240800 0.10419499
v -0.01137550 -0.00239200 0.10417999
v -0.01137550 -0.00239200 0.10417999
v -0.01137550 -0.00239200 0.10417999
v -0.01137550 -0.00239200 0.10417999
v -0.01133206 -0.00237500 0.10416099
v -0.01133206 -0.00237500 0.10416099
v -0.01133206 -0.00237500 0.10416099
v -0.01133206 -0.00237500 0.10416099
v -0.01133206 -0.00237500 0.10416099
v -0.01129017 -0.00235400 0.10414099
v -0.01129017 -0.00235400 0.10414099
v -0.01129017 -0.00235400 0.10414099
v -0.01129017 -0.00235400 0.10414099
v -0.01129017 -0.00235400 0.10414099
v -0.01129017 -0.00235400 0.10414099
v -0.01124906 -0.00233000 0.10411799
v -0.01124906 -0.00233000 0.10411799
v -0.01124906 -0.00233000 0.10411799
v -0.01124906 -0.00233000 0.10411799
v -0.01124906 -0.00233000 0.10411799
v -0.01117227 -0.00208100 0.10425199
v -0.01117227 -0.00208100 0.10425199
v -0.01117227 -0.00208100 0.10425199
v -0.01117227 -0.00208100 0.10425199
v -0.01117227 -0.00208100 0.10425199
v -0.01117227 -0.00208100 0.10425199
v -0.01121027 -0.00230600 0.10409199
v -0.01121027 -0.00230600 0.10409199
v -0.01121027 -0.00230600 0.10409199
v -0.01121027 -0.00230600 0.10409199
v -0.01117227 -0.00227900 0.10406599
v -0.01117227 -0.00227900 0.10406599
v -0.01117227 -0.00227900 0.10406599
v -0.01117227 -0.00227900 0.10406599
v -0.01117227 -0.00227900 0.10406599
v -0.01117227 -0.00227900 0.10406599
v -0.01117227 -0.00227900 0.10406599
v -0.01117227 -0.00227900 0.10406599
v -0.01113658 -0.00205200 0.10421999
v -0.01113658 -0.00205200 0.10421999
v -0.01113658 -0.00205200 0.10421999
v -0.01113658 -0.00205200 0.10421999
v -0.01113658 -0.00205200 0.10421999
v -0.01110323 -0.00202300 0.10418699
v -0.01110323 -0.00202300 0.10418699
v -0.01110323 -0.00202300 0.10418699
v -0.01110323 -0.00202300 0.10418699
v -0.01110323 -0.00202300 0.10418699
v -0.01110323 -0.00202300 0.10418699
v -0.01107143 -0.00180800 0.10430599
v -0.01107143 -0.00180800 0.10430599
v -0.01107143 -0.00180800 0.10430599
v -0.01107143 -0.00180800 0.10430599
v -0.01107143 -0.00180800 0.10430599
v -0.01107143 -0.00199200 0.10415199
v -0.01107143 -0.00199200 0.10415199
v -0.01107143 -0.00199200 0.10415199
v -0.01107143 -0.00199200 0.10415199
v -0.01107143 -0.00199200 0.10415199
v -0.01107143 -0.00199200 0.10415199
v -0.01107143 -0.00163300 0.10443599
v -0.01107143 -0.00163300 0.10443599
v -0.01107143 -0.00163300 0.10443599
v -0.01107143 -0.00163300 0.10443599
v -0.01104273 -0.00058000 0.10486799
v -0.01104273 -0.00058000 0.10486799
v -0.01104273 -0.00058000 0.10486799
v -0.01104273 -0.00058000 0.10486799
v -0.01104273 -0.00040500 0.10490599
v -0.01104273 -0.00040500 0.10490599
v -0.01104273 -0.00040500 0.10490599
v -0.01104273 -0.00040500 0.10490599
v -0.01104273 -0.00040500 0.10490599
v -0.01104273 -0.00093000 0.10475799
v -0.01104273 -0.00093000 0.10475799
v -0.01104273 -0.00093000 0.10475799
v -0.01104273 -0.00093000 0.10475799
v -0.01104273 -0.00093000 0.10475799
v -0.01104273 -0.00093000 0.10475799
v -0.01104273 -0.00075500 0.10481899
v -0.01104273 -0.00075500 0.10481899
v -0.01104273 -0.00075500 0.10481899
v -0.01104273 -0.00075500 0.10481899
v -0.01104273 -0.00022900 0.10493199
v -0.01104273 -0.00022900 0.10493199
v -0.01104273 -0.00022900 0.10493199
v -0.01104273 -0.00022900 0.10493199
v -0.01104273 -0.00005100 0.10494799
v -0.01104273 -0.00005100 0.10494799
v -0.01104273 -0.00005100 0.10494799
v -0.01104273 -0.00005100 0.10494799
v -0.01104273 -0.00110700 0.10468299
v -0.01104273 -0.00110700 0.10468299
v -0.01104273 -0.00110700 0.10468299
v -0.01104273 -0.00110700 0.10468299
v -0.01104273 -0.00110700 0.10468299
v -0.01105048 -0.00000000 0.10496599
v -0.01105048 -0.00000000 0.10496599
v -0.01105048 -0.00000000 0.10496599
v -0.01105048 -0.00000000 0.10496599
v -0.01105048 -0.00000000 0.10496599
v -0.01104273 -0.00160500 0.10439599
v -0.01104273 -0.00160500 0.10439599
v -0.01104273 -0.00160500 0.10439599
v -0.01104273 -0.00160500 0.10439599
v -0.01104273 -0.00160500 0.10439599
v -0.01104273 -0.00160500 0.10439599
v -0.01104273 -0.00160500 0.10439599
v -0.01104273 -0.00143600 0.10450599
v -0.01104273 -0.00143600 0.10450599
v -0.01104273 -0.00143600 0.10450599
v -0.01104273 -0.00143600 0.10450599
v -0.01104273 -0.00126800 0.10460199
v -0.01104273 -0.00126800 0.10460199
v -0.01104273 -0.00126800 0.10460199
v -0.01104273 -0.00126800 0.10460199
v -0.01104273 -0.00126800 0.10460199
v -0.01102333 0.00004800 0.10491099
v -0.01102333 0.00004800 0.10491099
v -0.01102333 0.00004800 0.10491099
v -0.01102333 0.00004800 0.10491099
v -0.01102333 0.00022500 0.10489599
v -0.01102333 0.00022500 0.10489599
v -0.01102333 0.00022500 0.10489599
v -0.01102333 0.00022500 0.10489599
v -0.01102333 0.00022500 0.10489599
v -0.01102333 0.00022500 0.10489599
v -0.01102876 -0.00000000 0.10492499
v -0.01102876 -0.00000000 0.10492499
v -0.01102876 -0.00000000 0.10492499
v -0.01102876 -0.00000000 0.10492499
v -0.01102876 -0.00000000 0.10492499
v -0.01102876 -0.00000000 0.10492499
v -0.01102333 0.00039800 0.10486999
v -0.01102333 0.00039800 0.10486999
v -0.01102333 0.00039800 0.10486999
v -0.01102333 0.00039800 0.10486999
v -0.01102333 0.00039800 0.10486999
v -0.01102333 0.00039800 0.10486999
v -0.01102333 0.00057200 0.10483299
v -0.01102333 0.00057200 0.10483299
v -0.01102333 0.00057200 0.10483299
v -0.01102333 0.00057200 0.10483299
v -0.01102333 0.00057200 0.10483299
v -0.01102333 0.00074400 0.10478499
v -0.01102333 0.00074400 0.10478499
v -0.01102333 0.00074400 0.10478499
v -0.01102333 0.00074400 0.10478499
v -0.01102333 0.00074400 0.10478499
v -0.01102333 0.00074400 0.10478499
v -0.01102333 0.00091700 0.10472399
v -0.01102333 0.00091700 0.10472399
v -0.01102333 0.00091700 0.10472399
v -0.01102333 0.00091700 0.10472399
v -0.01102333 0.00091700 0.10472399
v -0.01102333 0.00109200 0.10464899
v -0.01102333 0.00109200 0.10464899
v -0.01102333 0.00109200 0.10464899
v -0.01102333 0.00109200 0.10464899
v -0.01102333 0.00125100 0.10456999
v -0.01102333 0.00125100 0.10456999
v -0.01102333 0.00125100 0.10456999
v -0.01102333 0.00125100 0.10456999
v -0.01102333 0.00125100 0.10456999
v -0.01102333 0.00125100 0.10456999
v -0.01102333 0.00125100 0.10456999
v -0.01102333 0.00141700 0.10447499
v -0.01102333 0.00141700 0.10447499
v -0.01102333 0.00141700 0.10447499
v -0.01102333 0.00141700 0.10447499
v -0.01102333 0.00158400 0.10436499
v -0.01102333 0.00158400 0.10436499
v -0.01102333 0.00158400 0.10436499
v -0.01102333 0.00158400 0.10436499
v -0.01102333 0.00158400 0.10436499
v -0.01102333 0.00175400 0.10423799
v -0.01102333 0.00175400 0.10423799
v -0.01102333 0.00175400 0.10423799
v -0.01102333 0.00175400 0.10423799
v -0.01102333 0.00175400 0.10423799
v -0.01102333 0.00193500 0.10408699
v -0.01102333 0.00193500 0.10408699
v -0.01102333 0.00193500 0.10408699
v -0.01102333 0.00193500 0.10408699
v -0.01102333 0.00193500 0.10408699
v -0.01102333 0.00212300 0.10390899
v -0.01102333 0.00212300 0.10390899
v -0.01102333 0.00212300 0.10390899
v -0.01102333 0.00212300 0.10390899
v -0.01102333 0.00212300 0.10390899
v -0.01102333 0.00212300 0.10390899
v -0.01105048 0.00215800 0.10394499
v -0.01105048 0.00215800 0.10394499
v -0.01105048 0.00215800 0.10394499
v -0.01105048 0.00215800 0.10394499
v -0.01107996 0.00219400 0.10397999
v -0.01107996 0.00219400 0.10397999
v -0.01107996 0.00219400 0.10397999
v -0.01107996 0.00219400 0.10397999
v -0.01107996 0.00219400 0.10397999
v -0.01107996 0.00219400 0.10397999
v -0.01107996 0.00219400 0.10397999
v -0.01111254 0.00222600 0.10401299
v -0.01111254 0.00222600 0.10401299
v -0.01111254 0.00222600 0.10401299
v -0.01111254 0.00222600 0.10401299
v -0.01111254 0.00222600 0.10401299
v -0.01111254 0.00222600 0.10401299
v -0.01111254 0.00222600 0.10401299
v -0.01114667 0.00225700 0.10404399
v -0.01114667 0.00225700 0.10404399
v -0.01114667 0.00225700 0.10404399
v -0.01114667 0.00225700 0.10404399
v -0.01118235 0.00228600 0.10407299
v -0.01118235 0.00228600 0.10407299
v -0.01118235 0.00228600 0.10407299
v -0.01118235 0.00228600 0.10407299
v -0.01118235 0.00228600 0.10407299
v -0.01118235 0.00228600 0.10407299
v -0.01122113 0.00231300 0.10410099
v -0.01122113 0.00231300 0.10410099
v -0.01122113 0.00231300 0.10410099
v -0.01122113 0.00231300 0.10410099
v -0.01122113 0.00231300 0.10410099
v -0.01122113 0.00231300 0.10410099
v -0.01126069 0.00233800 0.10412499
v -0.01126069 0.00233800 0.10412499
v -0.01126069 0.00233800 0.10412499
v -0.01126069 0.00233800 0.10412499
v -0.01130336 0.00236000 0.10414799
v -0.01130336 0.00236000 0.10414799
v -0.01130336 0.00236000 0.10414799
v -0.01130336 0.00236000 0.10414799
v -0.01134679 0.00238100 0.10416699
v -0.01134679 0.00238100 0.10416699
v -0.01134679 0.00238100 0.10416699
v -0.01134679 0.00238100 0.10416699
v -0.01134679 0.00238100 0.10416699
v -0.01134679 0.00238100 0.10416699
v -0.01139178 0.00239900 0.10418599
v -0.01139178 0.00239900 0.10418599
v -0.01139178 0.00239900 0.10418599
v -0.01139178 0.00239900 0.10418599
v -0.01139178 0.00239900 0.10418599
v -0.01139178 0.00239900 0.10418599
v -0.01139178 0.00239900 0.10418599
v -0.01139178 0.00239900 0.10418599
v -0.01143755 0.00241300 0.10419999
v -0.01143755 0.00241300 0.10419999
v -0.01143755 0.00241300 0.10419999
v -0.01143755 0.00241300 0.10419999
v -0.01148487 0.00242600 0.10421299
v -0.01148487 0.00242600 0.10421299
v -0.01148487 0.00242600 0.10421299
v -0.01148487 0.00242600 0.10421299
v -0.01148487 0.00242600 0.10421299
v -0.01148487 0.00242600 0.10421299
v -0.01153218 0.00243500 0.10422299
v -0.01153218 0.00243500 0.10422299
v -0.01153218 0.00243500 0.10422299
v -0.01153218 0.00243500 0.10422299
v -0.01158105 0.00244200 0.10422999
v -0.01158105 0.00244200 0.10422999
v -0.01158105 0.00244200 0.10422999
v -0.01158105 0.00244200 0.10422999
v -0.01158105 0.00244200 0.10422999
v -0.01158105 0.00244200 0.10422999
v -0.01167646 0.00224000 0.10442999
v -0.01167646 0.00224000 0.10442999
v -0.01167646 0.00224000 0.10442999
v -0.01167646 0.00224000 0.10442999
v -0.01167646 0.00224000 0.10442999
v -0.01162992 0.00244700 0.10423299
v -0.01162992 0.00244700 0.10423299
v -0.01162992 0.00244700 0.10423299
v -0.01162992 0.00244700 0.10423299
v -0.01162992 0.00244700 0.10423299
v -0.01162992 0.00244700 0.10423299
v -0.01162992 0.00244700 0.10423299
v -0.01167646 0.00235200 0.10432799
v -0.01167646 0.00235200 0.10432799
v -0.01167646 0.00235200 0.10432799
v -0.01167646 0.00235200 0.10432799
v -0.01167646 0.00235200 0.10432799
v -0.01321309 0.00235200 0.10432799
v -0.01321309 0.00235200 0.10432799
v -0.01321309 0.00235200 0.10432799
v -0.01321309 0.00235200 0.10432799
v -0.01321309 0.00235200 0.10432799
v -0.01321309 0.00235200 0.10432799
v -0.01330307 0.00235400 0.10432299
v -0.01330307 0.00235400 0.10432299
v -0.01330307 0.00235400 0.10432299
v -0.01330307 0.00235400 0.10432299
v -0.01330307 0.00235400 0.10432299
v -0.01330307 0.00235400 0.10432299
v -0.01341632 0.00252500 0.10414299
v -0.01341632 0.00252500 0.10414299
v -0.01341632 0.00252500 0.10414299
v -0.01341632 0.00252500 0.10414299
v -0.01341632 0.00252500 0.10414299
v -0.01341632 0.00252500 0.10414299
v -0.01353268 0.00266100 0.10397699
v -0.01353268 0.00266100 0.10397699
v -0.01353268 0.00266100 0.10397699
v -0.01353268 0.00266100 0.10397699
v -0.01353268 0.00266100 0.10397699
v -0.01365136 0.00277200 0.10382099
v -0.01365136 0.00277200 0.10382099
v -0.01365136 0.00277200 0.10382099
v -0.01365136 0.00277200 0.10382099
v -0.01365136 0.00277200 0.10382099
v -0.01369712 0.00275400 0.10382699
v -0.01369712 0.00275400 0.10382699
v -0.01369712 0.00275400 0.10382699
v -0.01369712 0.00275400 0.10382699
v -0.01374366 0.00273400 0.10383299
v -0.01374366 0.00273400 0.10383299
v -0.01374366 0.00273400 0.10383299
v -0.01374366 0.00273400 0.10383299
v -0.01374366 0.00273400 0.10383299
v -0.01378943 0.00271300 0.10383699
v -0.01378943 0.00271300 0.10383699
v -0.01378943 0.00271300 0.10383699
v -0.01378943 0.00271300 0.10383699
v -0.01389337 0.00293900 0.10352699
v -0.01389337 0.00293900 0.10352699
v -0.01389337 0.00293900 0.10352699
v -0.01389337 0.00293900 0.10352699
v -0.01389337 0.00293900 0.10352699
v -0.01393991 0.00291500 0.10353199
v -0.01393991 0.00291500 0.10353199
v -0.01393991 0.00291500 0.10353199
v -0.01393991 0.00291500 0.10353199
v -0.01393991 0.00291500 0.10353199
v -0.01393991 0.00291500 0.10353199
v -0.01393991 0.00291500 0.10353199
v -0.01398568 0.00289100 0.10353599
v -0.01398568 0.00289100 0.10353599
v -0.01398568 0.00289100 0.10353599
v -0.01398568 0.00289100 0.10353599
v -0.01398568 0.00289100 0.10353599
v -0.01403222 0.00286500 0.10353899
v -0.01403222 0.00286500 0.10353899
v -0.01403222 0.00286500 0.10353899
v -0.01403222 0.00286500 0.10353899
v -0.01403222 0.00286500 0.10353899
v -0.01407798 0.00283700 0.10354199
v -0.01407798 0.00283700 0.10354199
v -0.01407798 0.00283700 0.10354199
v -0.01407798 0.00283700 0.10354199
v -0.01407798 0.00283700 0.10354199
v -0.01412375 0.00280900 0.10354399
v -0.01412375 0.00280900 0.10354399
v -0.01412375 0.00280900 0.10354399
v -0.01412375 0.00280900 0.10354399
v -0.01412375 0.00280900 0.10354399
v -0.01416951 0.00277900 0.10354499
v -0.01416951 0.00277900 0.10354499
v -0.01416951 0.00277900 0.10354499
v -0.01416951 0.00277900 0.10354499
v -0.01416951 0.00277900 0.10354499
v -0.01416951 0.00277900 0.10354499
v -0.01421450 0.00274900 0.10354499
v -0.01421450 0.00274900 0.10354499
v -0.01421450 0.00274900 0.10354499
v -0.01421450 0.00274900 0.10354499
v -0.01425949 0.00271700 0.10354399
v -0.01425949 0.00271700 0.10354399
v -0.01425949 0.00271700 0.10354399
v -0.01425949 0.00271700 0.10354399
v -0.01425949 0.00271700 0.10354399
v -0.01425949 0.00271700 0.10354399
v -0.01425949 0.00271700 0.10354399
v -0.01430448 0.00268500 0.10354099
v -0.01430448 0.00268500 0.10354099
v -0.01430448 0.00268500 0.10354099
v -0.01430448 0.00268500 0.10354099
v -0.01434792 0.00265200 0.10353799
v -0.01434792 0.00265200 0.10353799
v -0.01434792 0.00265200 0.10353799
v -0.01434792 0.00265200 0.10353799
v -0.01434792 0.00265200 0.10353799
v -0.01434792 0.00265200 0.10353799
v -0.01439136 0.00261700 0.10353399
v -0.01439136 0.00261700 0.10353399
v -0.01439136 0.00261700 0.10353399
v -0.01443557 0.00258000 0.10352999
v -0.01443557 0.00258000 0.10352999
v -0.01443557 0.00258000 0.10352999
v -0.01443557 0.00258000 0.10352999
v -0.01443557 0.00258000 0.10352999
v -0.01443557 0.00258000 0.10352999
v -0.01452168 0.00250600 0.10351799
v -0.01452168 0.00250600 0.10351799
v -0.01452168 0.00250600 0.10351799
v -0.01452168 0.00250600 0.10351799
v -0.01452168 0.00250600 0.10351799
v -0.01452168 0.00250600 0.10351799
v -0.01452168 0.00250600 0.10351799
v -0.01452555 0.00095700 0.10458599
v -0.01452555 0.00095700 0.10458599
v -0.01452555 0.00095700 0.10458599
v -0.01452555 0.00095700 0.10458599
v -0.01452555 0.00095700 0.10458599
v -0.01446505 0.00120300 0.10453499
v -0.01446505 0.00120300 0.10453499
v -0.01446505 0.00120300 0.10453499
v -0.01446505 0.00120300 0.10453499
v -0.01446505 0.00120300 0.10453499
v -0.01454339 0.00114600 0.10448599
v -0.01454339 0.00114600 0.10448599
v -0.01454339 0.00114600 0.10448599
v -0.01454339 0.00114600 0.10448599
v -0.01454339 0.00114600 0.10448599
v -0.01454339 0.00114600 0.10448599
v -0.01448987 0.00171400 0.10421399
v -0.01448987 0.00171400 0.10421399
v -0.01448987 0.00171400 0.10421399
v -0.01448987 0.00171400 0.10421399
v -0.01448987 0.00171400 0.10421399
v -0.01448987 0.00171400 0.10421399
v -0.01452943 0.00167900 0.10419499
v -0.01452943 0.00167900 0.10419499
v -0.01452943 0.00167900 0.10419499
v -0.01452943 0.00167900 0.10419499
v -0.01452943 0.00167900 0.10419499
v -0.01452943 0.00167900 0.10419499
v -0.01452943 0.00167900 0.10419499
v -0.01453719 0.00144300 0.10433499
v -0.01453719 0.00144300 0.10433499
v -0.01453719 0.00144300 0.10433499
v -0.01453719 0.00144300 0.10433499
v -0.01452012 0.00188300 0.10405999
v -0.01452012 0.00188300 0.10405999
v -0.01452012 0.00188300 0.10405999
v -0.01452012 0.00188300 0.10405999
v -0.01452012 0.00188300 0.10405999
v -0.01452012 0.00188300 0.10405999
v -0.01460080 0.00090600 0.10452799
v -0.01460080 0.00090600 0.10452799
v -0.01460080 0.00090600 0.10452799
v -0.01460080 0.00090600 0.10452799
v -0.01460080 0.00090600 0.10452799
v -0.01463725 0.00088000 0.10449699
v -0.01463725 0.00088000 0.10449699
v -0.01463725 0.00088000 0.10449699
v -0.01467293 0.00085300 0.10446599
v -0.01467293 0.00085300 0.10446599
v -0.01467293 0.00085300 0.10446599
v -0.01467293 0.00085300 0.10446599
v -0.01467293 0.00085300 0.10446599
v -0.01456356 0.00093100 0.10455699
v -0.01456356 0.00093100 0.10455699
v -0.01456356 0.00093100 0.10455699
v -0.01456356 0.00093100 0.10455699
v -0.01472491 0.00055600 0.10449799
v -0.01472491 0.00055600 0.10449799
v -0.01472491 0.00055600 0.10449799
v -0.01472491 0.00055600 0.10449799
v -0.01472491 0.00055600 0.10449799
v -0.01477688 0.00017700 0.10450199
v -0.01477688 0.00017700 0.10450199
v -0.01477688 0.00017700 0.10450199
v -0.01477688 0.00017700 0.10450199
v -0.01477688 0.00017700 0.10450199
v -0.01479394 -0.00000000 0.10449399
v -0.01479394 -0.00000000 0.10449399
v -0.01479394 -0.00000000 0.10449399
v -0.01479394 -0.00000000 0.10449399
v -0.01477688 -0.00017600 0.10450199
v -0.01477688 -0.00017600 0.10450199
v -0.01477688 -0.00017600 0.10450199
v -0.01477688 -0.00017600 0.10450199
v -0.01477688 -0.00017600 0.10450199
v -0.01478308 -0.00035100 0.10446999
v -0.01478308 -0.00035100 0.10446999
v -0.01478308 -0.00035100 0.10446999
v -0.01478308 -0.00035100 0.10446999
v -0.01478308 -0.00035100 0.10446999
v -0.01478308 0.00035100 0.10446999
v -0.01478308 0.00035100 0.10446999
v -0.01478308 0.00035100 0.10446999
v -0.01478308 0.00035100 0.10446999
v -0.01478308 0.00035100 0.10446999
v -0.01479161 -0.00051500 0.10442399
v -0.01479161 -0.00051500 0.10442399
v -0.01479161 -0.00051500 0.10442399
v -0.01479161 -0.00051500 0.10442399
v -0.01479161 -0.00051500 0.10442399
v -0.01479161 -0.00051500 0.10442399
v -0.01472491 -0.00055600 0.10449799
v -0.01472491 -0.00055600 0.10449799
v -0.01472491 -0.00055600 0.10449799
v -0.01472491 -0.00055600 0.10449799
v -0.01472491 -0.00055600 0.10449799
v -0.01465509 -0.00059700 0.10456799
v -0.01465509 -0.00059700 0.10456799
v -0.01465509 -0.00059700 0.10456799
v -0.01465509 -0.00059700 0.10456799
v -0.01465509 -0.00059700 0.10456799
v -0.01479161 0.00051500 0.10442399
v -0.01479161 0.00051500 0.10442399
v -0.01479161 0.00051500 0.10442399
v -0.01479161 0.00051500 0.10442399
v -0.01479161 0.00051500 0.10442399
v -0.01479161 0.00051500 0.10442399
v -0.01467293 -0.00085200 0.10446599
v -0.01467293 -0.00085200 0.10446599
v -0.01467293 -0.00085200 0.10446599
v -0.01467293 -0.00085200 0.10446599
v -0.01467293 -0.00085200 0.10446599
v -0.01467293 -0.00085200 0.10446599
v -0.01463725 -0.00087900 0.10449699
v -0.01463725 -0.00087900 0.10449699
v -0.01463725 -0.00087900 0.10449699
v -0.01460080 -0.00090500 0.10452799
v -0.01460080 -0.00090500 0.10452799
v -0.01460080 -0.00090500 0.10452799
v -0.01460080 -0.00090500 0.10452799
v -0.01460080 -0.00090500 0.10452799
v -0.01456356 -0.00093200 0.10455699
v -0.01456356 -0.00093200 0.10455699
v -0.01456356 -0.00093200 0.10455699
v -0.01456356 -0.00093200 0.10455699
v -0.01456356 -0.00093200 0.10455699
v -0.01452555 -0.00095700 0.10458599
v -0.01452555 -0.00095700 0.10458599
v -0.01452555 -0.00095700 0.10458599
v -0.01452555 -0.00095700 0.10458599
v -0.01452555 -0.00095700 0.10458599
v -0.01454339 -0.00114700 0.10448599
v -0.01454339 -0.00114700 0.10448599
v -0.01454339 -0.00114700 0.10448599
v -0.01454339 -0.00114700 0.10448599
v -0.01454339 -0.00114700 0.10448599
v -0.01454339 -0.00114700 0.10448599
v -0.01454339 -0.00114700 0.10448599
v -0.01457520 -0.00141000 0.10431299
v -0.01457520 -0.00141000 0.10431299
v -0.01457520 -0.00141000 0.10431299
v -0.01457520 -0.00141000 0.10431299
v -0.01457520 -0.00141000 0.10431299
v -0.01457520 -0.00141000 0.10431299
v -0.01453641 -0.00144400 0.10433499
v -0.01453641 -0.00144400 0.10433499
v -0.01453641 -0.00144400 0.10433499
v -0.01453641 -0.00144400 0.10433499
v -0.01452943 -0.00167900 0.10419499
v -0.01452943 -0.00167900 0.10419499
v -0.01452943 -0.00167900 0.10419499
v -0.01452943 -0.00167900 0.10419499
v -0.01452943 -0.00167900 0.10419499
v -0.01452943 -0.00167900 0.10419499
v -0.01452943 -0.00167900 0.10419499
v -0.01452943 -0.00167900 0.10419499
v -0.01448910 -0.00171400 0.10421399
v -0.01448910 -0.00171400 0.10421399
v -0.01448910 -0.00171400 0.10421399
v -0.01448910 -0.00171400 0.10421399
v -0.01448910 -0.00171400 0.10421399
v -0.01448910 -0.00171400 0.10421399
v -0.01448910 -0.00171400 0.10421399
v -0.01452012 -0.00188300 0.10405999
v -0.01452012 -0.00188300 0.10405999
v -0.01452012 -0.00188300 0.10405999
v -0.01452012 -0.00188300 0.10405999
v -0.01452012 -0.00188300 0.10405999
v -0.01452012 -0.00188300 0.10405999
v -0.01460545 0.00242800 0.10350099
v -0.01460545 0.00242800 0.10350099
v -0.01460545 0.00242800 0.10350099
v -0.01460545 0.00242800 0.10350099
v -0.01460545 0.00242800 0.10350099
v -0.01468612 0.00234500 0.10348199
v -0.01468612 0.00234500 0.10348199
v -0.01468612 0.00234500 0.10348199
v -0.01468612 0.00234500 0.10348199
v -0.01468612 0.00234500 0.10348199
v -0.01468612 0.00234500 0.10348199
v -0.01468612 0.00234500 0.10348199
v -0.01462251 0.00212000 0.10375699
v -0.01462251 0.00212000 0.10375699
v -0.01462251 0.00212000 0.10375699
v -0.01462251 0.00212000 0.10375699
v -0.01462251 0.00212000 0.10375699
v -0.01462251 0.00212000 0.10375699
v -0.01462251 -0.00211900 0.10375699
v -0.01462251 -0.00211900 0.10375699
v -0.01462251 -0.00211900 0.10375699
v -0.01462251 -0.00211900 0.10375699
v -0.01462251 -0.00211900 0.10375699
v -0.01468612 -0.00234500 0.10348199
v -0.01468612 -0.00234500 0.10348199
v -0.01468612 -0.00234500 0.10348199
v -0.01468612 -0.00234500 0.10348199
v -0.01468612 -0.00234500 0.10348199
v -0.01468612 -0.00234500 0.10348199
v -0.01468612 -0.00234500 0.10348199
v -0.01468612 -0.00234500 0.10348199
v -0.01460467 -0.00242700 0.10350099
v -0.01460467 -0.00242700 0.10350099
v -0.01460467 -0.00242700 0.10350099
v -0.01460467 -0.00242700 0.10350099
v -0.01460467 -0.00242700 0.10350099
v -0.01460467 -0.00242700 0.10350099
v -0.01452168 -0.00250600 0.10351799
v -0.01452168 -0.00250600 0.10351799
v -0.01452168 -0.00250600 0.10351799
v -0.01452168 -0.00250600 0.10351799
v -0.01452168 -0.00250600 0.10351799
v -0.01452168 -0.00250600 0.10351799
v -0.01452168 -0.00250600 0.10351799
v -0.01443557 -0.00258100 0.10352999
v -0.01443557 -0.00258100 0.10352999
v -0.01443557 -0.00258100 0.10352999
v -0.01443557 -0.00258100 0.10352999
v -0.01443557 -0.00258100 0.10352999
v -0.01443557 -0.00258100 0.10352999
v -0.01443557 -0.00258100 0.10352999
v -0.01434792 -0.00265100 0.10353799
v -0.01434792 -0.00265100 0.10353799
v -0.01434792 -0.00265100 0.10353799
v -0.01434792 -0.00265100 0.10353799
v -0.01434792 -0.00265100 0.10353799
v -0.01430371 -0.00268500 0.10354099
v -0.01430371 -0.00268500 0.10354099
v -0.01430371 -0.00268500 0.10354099
v -0.01430371 -0.00268500 0.10354099
v -0.01425949 -0.00271800 0.10354399
v -0.01425949 -0.00271800 0.10354399
v -0.01425949 -0.00271800 0.10354399
v -0.01425949 -0.00271800 0.10354399
v -0.01425949 -0.00271800 0.10354399
v -0.01425949 -0.00271800 0.10354399
v -0.01425949 -0.00271800 0.10354399
v -0.01421450 -0.00275000 0.10354499
v -0.01421450 -0.00275000 0.10354499
v -0.01421450 -0.00275000 0.10354499
v -0.01421450 -0.00275000 0.10354499
v -0.01416951 -0.00278000 0.10354499
v -0.01416951 -0.00278000 0.10354499
v -0.01416951 -0.00278000 0.10354499
v -0.01416951 -0.00278000 0.10354499
v -0.01416951 -0.00278000 0.10354499
v -0.01416951 -0.00278000 0.10354499
v -0.01412375 -0.00281000 0.10354399
v -0.01412375 -0.00281000 0.10354399
v -0.01412375 -0.00281000 0.10354399
v -0.01412375 -0.00281000 0.10354399
v -0.01407798 -0.00283800 0.10354199
v -0.01407798 -0.00283800 0.10354199
v -0.01407798 -0.00283800 0.10354199
v -0.01407798 -0.00283800 0.10354199
v -0.01407798 -0.00283800 0.10354199
v -0.01407798 -0.00283800 0.10354199
v -0.01407798 -0.00283800 0.10354199
v -0.01388096 -0.00266800 0.10384499
v -0.01388096 -0.00266800 0.10384499
v -0.01388096 -0.00266800 0.10384499
v -0.01388096 -0.00266800 0.10384499
v -0.01403222 -0.00286500 0.10353899
v -0.01403222 -0.00286500 0.10353899
v -0.01403222 -0.00286500 0.10353899
v -0.01403222 -0.00286500 0.10353899
v -0.01398568 -0.00289000 0.10353599
v -0.01398568 -0.00289000 0.10353599
v -0.01398568 -0.00289000 0.10353599
v -0.01398568 -0.00289000 0.10353599
v -0.01383519 -0.00269100 0.10384199
v -0.01383519 -0.00269100 0.10384199
v -0.01383519 -0.00269100 0.10384199
v -0.01383519 -0.00269100 0.10384199
v -0.01383519 -0.00269100 0.10384199
v -0.01371496 -0.00258900 0.10400099
v -0.01371496 -0.00258900 0.10400099
v -0.01371496 -0.00258900 0.10400099
v -0.01371496 -0.00258900 0.10400099
v -0.01371496 -0.00258900 0.10400099
v -0.01371496 -0.00258900 0.10400099
v -0.01362421 -0.00262700 0.10399099
v -0.01362421 -0.00262700 0.10399099
v -0.01362421 -0.00262700 0.10399099
v -0.01362421 -0.00262700 0.10399099
v -0.01362421 -0.00262700 0.10399099
v -0.01362421 -0.00262700 0.10399099
v -0.01341632 -0.00252500 0.10414299
v -0.01341632 -0.00252500 0.10414299
v -0.01341632 -0.00252500 0.10414299
v -0.01341632 -0.00252500 0.10414299
v -0.01341632 -0.00252500 0.10414299
v -0.01341632 -0.00252500 0.10414299
v -0.01330230 -0.00235400 0.10432299
v -0.01330230 -0.00235400 0.10432299
v -0.01330230 -0.00235400 0.10432299
v -0.01330230 -0.00235400 0.10432299
v -0.01330230 -0.00235400 0.10432299
v -0.01330230 -0.00235400 0.10432299
v -0.01330230 -0.00235400 0.10432299
v -0.01353268 -0.00266200 0.10397699
v -0.01353268 -0.00266200 0.10397699
v -0.01353268 -0.00266200 0.10397699
v -0.01353268 -0.00266200 0.10397699
v -0.01353268 -0.00266200 0.10397699
v -0.01353268 -0.00266200 0.10397699
v -0.01321542 -0.00237600 0.10430499
v -0.01321542 -0.00237600 0.10430499
v -0.01321542 -0.00237600 0.10430499
v -0.01321542 -0.00237600 0.10430499
v -0.01321542 -0.00237600 0.10430499
v -0.01165241 -0.00244700 0.10423399
v -0.01165241 -0.00244700 0.10423399
v -0.01165241 -0.00244700 0.10423399
v -0.01165241 -0.00244700 0.10423399
v -0.01165241 -0.00244700 0.10423399
v -0.01165241 -0.00244700 0.10423399
v -0.01160432 -0.00266200 0.10400199
v -0.01160432 -0.00266200 0.10400199
v -0.01160432 -0.00266200 0.10400199
v -0.01160432 -0.00266200 0.10400199
v -0.01160432 -0.00266200 0.10400199
v -0.01160432 -0.00266200 0.10400199
v -0.01160432 -0.00266200 0.10400199
v -0.01160432 -0.00266200 0.10400199
v -0.01160432 -0.00266200 0.10400199
v -0.01155778 -0.00265600 0.10399699
v -0.01155778 -0.00265600 0.10399699
v -0.01155778 -0.00265600 0.10399699
v -0.01155778 -0.00265600 0.10399699
v -0.01151124 -0.00264800 0.10398999
v -0.01151124 -0.00264800 0.10398999
v -0.01151124 -0.00264800 0.10398999
v -0.01151124 -0.00264800 0.10398999
v -0.01151124 -0.00264800 0.10398999
v -0.01146547 -0.00263700 0.10397899
v -0.01146547 -0.00263700 0.10397899
v -0.01146547 -0.00263700 0.10397899
v -0.01146547 -0.00263700 0.10397899
v -0.01146547 -0.00263700 0.10397899
v -0.01146547 -0.00263700 0.10397899
v -0.01141971 -0.00262300 0.10396699
v -0.01141971 -0.00262300 0.10396699
v -0.01141971 -0.00262300 0.10396699
v -0.01141971 -0.00262300 0.10396699
v -0.01137549 -0.00260700 0.10395299
v -0.01137549 -0.00260700 0.10395299
v -0.01137549 -0.00260700 0.10395299
v -0.01137549 -0.00260700 0.10395299
v -0.01137549 -0.00260700 0.10395299
v -0.01137549 -0.00260700 0.10395299
v -0.01133206 -0.00258800 0.10393499
v -0.01133206 -0.00258800 0.10393499
v -0.01133206 -0.00258800 0.10393499
v -0.01133206 -0.00258800 0.10393499
v -0.01133206 -0.00258800 0.10393499
v -0.01129017 -0.00256600 0.10391599
v -0.01129017 -0.00256600 0.10391599
v -0.01129017 -0.00256600 0.10391599
v -0.01129017 -0.00256600 0.10391599
v -0.01124906 -0.00254200 0.10389399
v -0.01124906 -0.00254200 0.10389399
v -0.01124906 -0.00254200 0.10389399
v -0.01124906 -0.00254200 0.10389399
v -0.01124906 -0.00254200 0.10389399
v -0.01124906 -0.00254200 0.10389399
v -0.01121027 -0.00251500 0.10386999
v -0.01121027 -0.00251500 0.10386999
v -0.01121027 -0.00251500 0.10386999
v -0.01121027 -0.00251500 0.10386999
v -0.01121027 -0.00251500 0.10386999
v -0.01113658 -0.00224800 0.10403599
v -0.01113658 -0.00224800 0.10403599
v -0.01113658 -0.00224800 0.10403599
v -0.01113658 -0.00224800 0.10403599
v -0.01113658 -0.00224800 0.10403599
v -0.01117227 -0.00248600 0.10384499
v -0.01117227 -0.00248600 0.10384499
v -0.01117227 -0.00248600 0.10384499
v -0.01117227 -0.00248600 0.10384499
v -0.01117227 -0.00248600 0.10384499
v -0.01113658 -0.00245600 0.10381699
v -0.01113658 -0.00245600 0.10381699
v -0.01113658 -0.00245600 0.10381699
v -0.01113658 -0.00245600 0.10381699
v -0.01113658 -0.00245600 0.10381699
v -0.01113658 -0.00245600 0.10381699
v -0.01113658 -0.00245600 0.10381699
v -0.01110323 -0.00221800 0.10400399
v -0.01110323 -0.00221800 0.10400399
v -0.01110323 -0.00221800 0.10400399
v -0.01110323 -0.00221800 0.10400399
v -0.01110323 -0.00221800 0.10400399
v -0.01110323 -0.00221800 0.10400399
v -0.01110323 -0.00221800 0.10400399
v -0.01104273 -0.00177700 0.10426699
v -0.01104273 -0.00177700 0.10426699
v -0.01104273 -0.00177700 0.10426699
v -0.01104273 -0.00177700 0.10426699
v -0.01104273 -0.00177700 0.10426699
v -0.01107143 -0.00218400 0.10397099
v -0.01107143 -0.00218400 0.10397099
v -0.01107143 -0.00218400 0.10397099
v -0.01107143 -0.00218400 0.10397099
v -0.01104273 -0.00195900 0.10411399
v -0.01104273 -0.00195900 0.10411399
v -0.01104273 -0.00195900 0.10411399
v -0.01104273 -0.00195900 0.10411399
v -0.01101558 -0.00073900 0.10476999
v -0.01101558 -0.00073900 0.10476999
v -0.01101558 -0.00073900 0.10476999
v -0.01101558 -0.00073900 0.10476999
v -0.01101558 -0.00073900 0.10476999
v -0.01101558 -0.00073900 0.10476999
v -0.01101558 -0.00056800 0.10481799
v -0.01101558 -0.00056800 0.10481799
v -0.01101558 -0.00056800 0.10481799
v -0.01101558 -0.00056800 0.10481799
v -0.01101558 -0.00056800 0.10481799
v -0.01101558 -0.00056800 0.10481799
v -0.01101558 -0.00039500 0.10485499
v -0.01101558 -0.00039500 0.10485499
v -0.01101558 -0.00039500 0.10485499
v -0.01101558 -0.00039500 0.10485499
v -0.01101558 -0.00022300 0.10488099
v -0.01101558 -0.00022300 0.10488099
v -0.01101558 -0.00022300 0.10488099
v -0.01101558 -0.00022300 0.10488099
v -0.01101558 -0.00022300 0.10488099
v -0.01101558 -0.00022300 0.10488099
v -0.01101558 -0.00022300 0.10488099
v -0.01101558 -0.00091100 0.10470899
v -0.01101558 -0.00091100 0.10470899
v -0.01101558 -0.00091100 0.10470899
v -0.01101558 -0.00091100 0.10470899
v -0.01101558 -0.00108600 0.10463499
v -0.01101558 -0.00108600 0.10463499
v -0.01101558 -0.00108600 0.10463499
v -0.01101558 -0.00108600 0.10463499
v -0.01101558 -0.00004700 0.10489599
v -0.01101558 -0.00004700 0.10489599
v -0.01101558 -0.00004700 0.10489599
v -0.01101558 -0.00004700 0.10489599
v -0.01101558 -0.00004700 0.10489599
v -0.01101558 -0.00124400 0.10455599
v -0.01101558 -0.00124400 0.10455599
v -0.01101558 -0.00124400 0.10455599
v -0.01101558 -0.00124400 0.10455599
v -0.01101558 -0.00124400 0.10455599
v -0.01101558 -0.00157400 0.10435199
v -0.01101558 -0.00157400 0.10435199
v -0.01101558 -0.00157400 0.10435199
v -0.01101558 -0.00157400 0.10435199
v -0.01101558 -0.00157400 0.10435199
v -0.01101558 -0.00140800 0.10446099
v -0.01101558 -0.00140800 0.10446099
v -0.01101558 -0.00140800 0.10446099
v -0.01101558 -0.00140800 0.10446099
v -0.01101558 -0.00140800 0.10446099
v -0.01101558 -0.00140800 0.10446099
v -0.01101558 -0.00174400 0.10422599
v -0.01101558 -0.00174400 0.10422599
v -0.01101558 -0.00174400 0.10422599
v -0.01101558 -0.00174400 0.10422599
v -0.01101558 -0.00174400 0.10422599
v -0.01099851 0.00004500 0.10485899
v -0.01099851 0.00004500 0.10485899
v -0.01099851 0.00004500 0.10485899
v -0.01099851 0.00004500 0.10485899
v -0.01099851 0.00004500 0.10485899
v -0.01101558 -0.00000000 0.10489799
v -0.01101558 -0.00000000 0.10489799
v -0.01101558 -0.00000000 0.10489799
v -0.01101558 -0.00000000 0.10489799
v -0.01099851 0.00021900 0.10484399
v -0.01099851 0.00021900 0.10484399
v -0.01099851 0.00021900 0.10484399
v -0.01099851 0.00021900 0.10484399
v -0.01099851 0.00021900 0.10484399
v -0.01099851 0.00021900 0.10484399
v -0.01099851 0.00021900 0.10484399
v -0.01099851 0.00038900 0.10481799
v -0.01099851 0.00038900 0.10481799
v -0.01099851 0.00038900 0.10481799
v -0.01099851 0.00038900 0.10481799
v -0.01099851 0.00055900 0.10478199
v -0.01099851 0.00055900 0.10478199
v -0.01099851 0.00055900 0.10478199
v -0.01099851 0.00055900 0.10478199
v -0.01099851 0.00055900 0.10478199
v -0.01099851 0.00055900 0.10478199
v -0.01099851 0.00055900 0.10478199
v -0.01099851 0.00072900 0.10473399
v -0.01099851 0.00072900 0.10473399
v -0.01099851 0.00072900 0.10473399
v -0.01099851 0.00072900 0.10473399
v -0.01099851 0.00089700 0.10467499
v -0.01099851 0.00089700 0.10467499
v -0.01099851 0.00089700 0.10467499
v -0.01099851 0.00089700 0.10467499
v -0.01099851 0.00107000 0.10460199
v -0.01099851 0.00107000 0.10460199
v -0.01099851 0.00107000 0.10460199
v -0.01099851 0.00107000 0.10460199
v -0.01099851 0.00107000 0.10460199
v -0.01099851 0.00107000 0.10460199
v -0.01099851 0.00107000 0.10460199
v -0.01099851 0.00107000 0.10460199
v -0.01099851 0.00122700 0.10452299
v -0.01099851 0.00122700 0.10452299
v -0.01099851 0.00122700 0.10452299
v -0.01099851 0.00122700 0.10452299
v -0.01099851 0.00122700 0.10452299
v -0.01099851 0.00138800 0.10442899
v -0.01099851 0.00138800 0.10442899
v -0.01099851 0.00138800 0.10442899
v -0.01099851 0.00138800 0.10442899
v -0.01099851 0.00138800 0.10442899
v -0.01099851 0.00155400 0.10432199
v -0.01099851 0.00155400 0.10432199
v -0.01099851 0.00155400 0.10432199
v -0.01099851 0.00155400 0.10432199
v -0.01099851 0.00155400 0.10432199
v -0.01099851 0.00155400 0.10432199
v -0.01099851 0.00172100 0.10419599
v -0.01099851 0.00172100 0.10419599
v -0.01099851 0.00172100 0.10419599
v -0.01099851 0.00172100 0.10419599
v -0.01099851 0.00189900 0.10404699
v -0.01099851 0.00189900 0.10404699
v -0.01099851 0.00189900 0.10404699
v -0.01099851 0.00189900 0.10404699
v -0.01099851 0.00208600 0.10387199
v -0.01099851 0.00208600 0.10387199
v -0.01099851 0.00208600 0.10387199
v -0.01099851 0.00208600 0.10387199
v -0.01099851 0.00208600 0.10387199
v -0.01099851 0.00208600 0.10387199
v -0.01102333 0.00232200 0.10369899
v -0.01102333 0.00232200 0.10369899
v -0.01102333 0.00232200 0.10369899
v -0.01102333 0.00232200 0.10369899
v -0.01102333 0.00232200 0.10369899
v -0.01105048 0.00236000 0.10373299
v -0.01105048 0.00236000 0.10373299
v -0.01105048 0.00236000 0.10373299
v -0.01105048 0.00236000 0.10373299
v -0.01105048 0.00236000 0.10373299
v -0.01105048 0.00236000 0.10373299
v -0.01105048 0.00236000 0.10373299
v -0.01107996 0.00239600 0.10376399
v -0.01107996 0.00239600 0.10376399
v -0.01107996 0.00239600 0.10376399
v -0.01107996 0.00239600 0.10376399
v -0.01111254 0.00243100 0.10379499
v -0.01111254 0.00243100 0.10379499
v -0.01111254 0.00243100 0.10379499
v -0.01111254 0.00243100 0.10379499
v -0.01111254 0.00243100 0.10379499
v -0.01111254 0.00243100 0.10379499
v -0.01114667 0.00246400 0.10382499
v -0.01114667 0.00246400 0.10382499
v -0.01114667 0.00246400 0.10382499
v -0.01114667 0.00246400 0.10382499
v -0.01114667 0.00246400 0.10382499
v -0.01114667 0.00246400 0.10382499
v -0.01118235 0.00249500 0.10385199
v -0.01118235 0.00249500 0.10385199
v -0.01118235 0.00249500 0.10385199
v -0.01118235 0.00249500 0.10385199
v -0.01118235 0.00249500 0.10385199
v -0.01118235 0.00249500 0.10385199
v -0.01122113 0.00252300 0.10387799
v -0.01122113 0.00252300 0.10387799
v -0.01122113 0.00252300 0.10387799
v -0.01122113 0.00252300 0.10387799
v -0.01126069 0.00255000 0.10390099
v -0.01126069 0.00255000 0.10390099
v -0.01126069 0.00255000 0.10390099
v -0.01126069 0.00255000 0.10390099
v -0.01126069 0.00255000 0.10390099
v -0.01126069 0.00255000 0.10390099
v -0.01126069 0.00255000 0.10390099
v -0.01130336 0.00257300 0.10392299
v -0.01130336 0.00257300 0.10392299
v -0.01130336 0.00257300 0.10392299
v -0.01130336 0.00257300 0.10392299
v -0.01130336 0.00257300 0.10392299
v -0.01130336 0.00257300 0.10392299
v -0.01134679 0.00259400 0.10394099
v -0.01134679 0.00259400 0.10394099
v -0.01134679 0.00259400 0.10394099
v -0.01134679 0.00259400 0.10394099
v -0.01134679 0.00259400 0.10394099
v -0.01139178 0.00261300 0.10395799
v -0.01139178 0.00261300 0.10395799
v -0.01139178 0.00261300 0.10395799
v -0.01139178 0.00261300 0.10395799
v -0.01139178 0.00261300 0.10395799
v -0.01139178 0.00261300 0.10395799
v -0.01143755 0.00262900 0.10397199
v -0.01143755 0.00262900 0.10397199
v -0.01143755 0.00262900 0.10397199
v -0.01143755 0.00262900 0.10397199
v -0.01143755 0.00262900 0.10397199
v -0.01143755 0.00262900 0.10397199
v -0.01148487 0.00264200 0.10398299
v -0.01148487 0.00264200 0.10398299
v -0.01148487 0.00264200 0.10398299
v -0.01148487 0.00264200 0.10398299
v -0.01148487 0.00264200 0.10398299
v -0.01153218 0.00265200 0.10399299
v -0.01153218 0.00265200 0.10399299
v -0.01153218 0.00265200 0.10399299
v -0.01153218 0.00265200 0.10399299
v -0.01153218 0.00265200 0.10399299
v -0.01158105 0.00266000 0.10399899
v -0.01158105 0.00266000 0.10399899
v -0.01158105 0.00266000 0.10399899
v -0.01158105 0.00266000 0.10399899
v -0.01158105 0.00266000 0.10399899
v -0.01158105 0.00266000 0.10399899
v -0.01167646 0.00244800 0.10423499
v -0.01167646 0.00244800 0.10423499
v -0.01167646 0.00244800 0.10423499
v -0.01167646 0.00244800 0.10423499
v -0.01167646 0.00244800 0.10423499
v -0.01162992 0.00266300 0.10400299
v -0.01162992 0.00266300 0.10400299
v -0.01162992 0.00266300 0.10400299
v -0.01162992 0.00266300 0.10400299
v -0.01162992 0.00266300 0.10400299
v -0.01167646 0.00263900 0.10403399
v -0.01167646 0.00263900 0.10403399
v -0.01167646 0.00263900 0.10403399
v -0.01167646 0.00263900 0.10403399
v -0.01167646 0.00263900 0.10403399
v -0.01167646 0.00263900 0.10403399
v -0.01321930 0.00241000 0.10427099
v -0.01321930 0.00241000 0.10427099
v -0.01321930 0.00241000 0.10427099
v -0.01321930 0.00241000 0.10427099
v -0.01321930 0.00241000 0.10427099
v -0.01332712 0.00255100 0.10412499
v -0.01332712 0.00255100 0.10412499
v -0.01332712 0.00255100 0.10412499
v -0.01332712 0.00255100 0.10412499
v -0.01332712 0.00255100 0.10412499
v -0.01332712 0.00255100 0.10412499
v -0.01332712 0.00255100 0.10412499
v -0.01344270 0.00269200 0.10396099
v -0.01344270 0.00269200 0.10396099
v -0.01344270 0.00269200 0.10396099
v -0.01344270 0.00269200 0.10396099
v -0.01344270 0.00269200 0.10396099
v -0.01344270 0.00269200 0.10396099
v -0.01356060 0.00280800 0.10380599
v -0.01356060 0.00280800 0.10380599
v -0.01356060 0.00280800 0.10380599
v -0.01356060 0.00280800 0.10380599
v -0.01356060 0.00280800 0.10380599
v -0.01356060 0.00280800 0.10380599
v -0.01370876 0.00302200 0.10349899
v -0.01370876 0.00302200 0.10349899
v -0.01370876 0.00302200 0.10349899
v -0.01370876 0.00302200 0.10349899
v -0.01370876 0.00302200 0.10349899
v -0.01375452 0.00300300 0.10350799
v -0.01375452 0.00300300 0.10350799
v -0.01375452 0.00300300 0.10350799
v -0.01375452 0.00300300 0.10350799
v -0.01375452 0.00300300 0.10350799
v -0.01380106 0.00298300 0.10351499
v -0.01380106 0.00298300 0.10351499
v -0.01380106 0.00298300 0.10351499
v -0.01380106 0.00298300 0.10351499
v -0.01380106 0.00298300 0.10351499
v -0.01385924 0.00319200 0.10321499
v -0.01385924 0.00319200 0.10321499
v -0.01385924 0.00319200 0.10321499
v -0.01385924 0.00319200 0.10321499
v -0.01385924 0.00319200 0.10321499
v -0.01385924 0.00319200 0.10321499
v -0.01385924 0.00319200 0.10321499
v -0.01385924 0.00319200 0.10321499
v -0.01385924 0.00319200 0.10321499
v -0.01405781 0.00330600 0.10295299
v -0.01405781 0.00330600 0.10295299
v -0.01405781 0.00330600 0.10295299
v -0.01405781 0.00330600 0.10295299
v -0.01405781 0.00330600 0.10295299
v -0.01410513 0.00328000 0.10295899
v -0.01410513 0.00328000 0.10295899
v -0.01415167 0.00325300 0.10296599
v -0.01415167 0.00325300 0.10296599
v -0.01415167 0.00325300 0.10296599
v -0.01415167 0.00325300 0.10296599
v -0.01415167 0.00325300 0.10296599
v -0.01415167 0.00325300 0.10296599
v -0.01419821 0.00322500 0.10297099
v -0.01419821 0.00322500 0.10297099
v -0.01419821 0.00322500 0.10297099
v -0.01419821 0.00322500 0.10297099
v -0.01424398 0.00319600 0.10297499
v -0.01424398 0.00319600 0.10297499
v -0.01424398 0.00319600 0.10297499
v -0.01424398 0.00319600 0.10297499
v -0.01429052 0.00316500 0.10297899
v -0.01429052 0.00316500 0.10297899
v -0.01429052 0.00316500 0.10297899
v -0.01429052 0.00316500 0.10297899
v -0.01429052 0.00316500 0.10297899
v -0.01429052 0.00316500 0.10297899
v -0.01433551 0.00313300 0.10298199
v -0.01433551 0.00313300 0.10298199
v -0.01433551 0.00313300 0.10298199
v -0.01433551 0.00313300 0.10298199
v -0.01438128 0.00310100 0.10298399
v -0.01438128 0.00310100 0.10298399
v -0.01438128 0.00310100 0.10298399
v -0.01438128 0.00310100 0.10298399
v -0.01438128 0.00310100 0.10298399
v -0.01442627 0.00306700 0.10298499
v -0.01442627 0.00306700 0.10298499
v -0.01442627 0.00306700 0.10298499
v -0.01442627 0.00306700 0.10298499
v -0.01447126 0.00303100 0.10298599
v -0.01447126 0.00303100 0.10298599
v -0.01447126 0.00303100 0.10298599
v -0.01447126 0.00303100 0.10298599
v -0.01447126 0.00303100 0.10298599
v -0.01447126 0.00303100 0.10298599
v -0.01447126 0.00303100 0.10298599
v -0.01451547 0.00299500 0.10298499
v -0.01451547 0.00299500 0.10298499
v -0.01451547 0.00299500 0.10298499
v -0.01451547 0.00299500 0.10298499
v -0.01455968 0.00295600 0.10298399
v -0.01455968 0.00295600 0.10298399
v -0.01455968 0.00295600 0.10298399
v -0.01455968 0.00295600 0.10298399
v -0.01460312 0.00291800 0.10298199
v -0.01460312 0.00291800 0.10298199
v -0.01460312 0.00291800 0.10298199
v -0.01460312 0.00291800 0.10298199
v -0.01460312 0.00291800 0.10298199
v -0.01464656 0.00287800 0.10297899
v -0.01464656 0.00287800 0.10297899
v -0.01464656 0.00287800 0.10297899
v -0.01464656 0.00287800 0.10297899
v -0.01468845 0.00283700 0.10297499
v -0.01468845 0.00283700 0.10297499
v -0.01468845 0.00283700 0.10297499
v -0.01468845 0.00283700 0.10297499
v -0.01473033 0.00279600 0.10296999
v -0.01473033 0.00279600 0.10296999
v -0.01473033 0.00279600 0.10296999
v -0.01473033 0.00279600 0.10296999
v -0.01473033 0.00279600 0.10296999
v -0.01457520 0.00141100 0.10431299
v -0.01457520 0.00141100 0.10431299
v -0.01457520 0.00141100 0.10431299
v -0.01457520 0.00141100 0.10431299
v -0.01457520 0.00141100 0.10431299
v -0.01457520 0.00141100 0.10431299
v -0.01461708 0.00108700 0.10443299
v -0.01461708 0.00108700 0.10443299
v -0.01461708 0.00108700 0.10443299
v -0.01461708 0.00108700 0.10443299
v -0.01461708 0.00108700 0.10443299
v -0.01461708 0.00108700 0.10443299
v -0.01461708 0.00108700 0.10443299
v -0.01461321 0.00137700 0.10428999
v -0.01461321 0.00137700 0.10428999
v -0.01461321 0.00137700 0.10428999
v -0.01461321 0.00137700 0.10428999
v -0.01461321 0.00137700 0.10428999
v -0.01461321 0.00137700 0.10428999
v -0.01456046 0.00184500 0.10404399
v -0.01456046 0.00184500 0.10404399
v -0.01456046 0.00184500 0.10404399
v -0.01456046 0.00184500 0.10404399
v -0.01459924 0.00180800 0.10402799
v -0.01459924 0.00180800 0.10402799
v -0.01459924 0.00180800 0.10402799
v -0.01459924 0.00180800 0.10402799
v -0.01463803 0.00176900 0.10400999
v -0.01463803 0.00176900 0.10400999
v -0.01463803 0.00176900 0.10400999
v -0.01463803 0.00176900 0.10400999
v -0.01467604 0.00173100 0.10399199
v -0.01467604 0.00173100 0.10399199
v -0.01467604 0.00173100 0.10399199
v -0.01467604 0.00173100 0.10399199
v -0.01467604 0.00173100 0.10399199
v -0.01467604 0.00173100 0.10399199
v -0.01467604 0.00173100 0.10399199
v -0.01469000 0.00102600 0.10437499
v -0.01469000 0.00102600 0.10437499
v -0.01469000 0.00102600 0.10437499
v -0.01469000 0.00102600 0.10437499
v -0.01469000 0.00102600 0.10437499
v -0.01469000 0.00102600 0.10437499
v -0.01469000 0.00102600 0.10437499
v -0.01475981 0.00096300 0.10431399
v -0.01475981 0.00096300 0.10431399
v -0.01475981 0.00096300 0.10431399
v -0.01475981 0.00096300 0.10431399
v -0.01475981 0.00096300 0.10431399
v -0.01474275 0.00079800 0.10440099
v -0.01474275 0.00079800 0.10440099
v -0.01474275 0.00079800 0.10440099
v -0.01474275 0.00079800 0.10440099
v -0.01474275 0.00079800 0.10440099
v -0.01480868 0.00074300 0.10433299
v -0.01480868 0.00074300 0.10433299
v -0.01480868 0.00074300 0.10433299
v -0.01480868 0.00074300 0.10433299
v -0.01480868 0.00074300 0.10433299
v -0.01484746 0.00032000 0.10438900
v -0.01484746 0.00032000 0.10438900
v -0.01484746 0.00032000 0.10438900
v -0.01484746 0.00032000 0.10438900
v -0.01484746 0.00032000 0.10438900
v -0.01484746 0.00032000 0.10438900
v -0.01484126 0.00015700 0.10442000
v -0.01484126 0.00015700 0.10442000
v -0.01484126 0.00015700 0.10442000
v -0.01484126 0.00015700 0.10442000
v -0.01484126 0.00015700 0.10442000
v -0.01484126 0.00015700 0.10442000
v -0.01491107 -0.00000000 0.10433100
v -0.01491107 -0.00000000 0.10433100
v -0.01491107 -0.00000000 0.10433100
v -0.01491107 -0.00000000 0.10433100
v -0.01491107 -0.00000000 0.10433100
v -0.01491107 -0.00000000 0.10433100
v -0.01491107 -0.00000000 0.10433100
v -0.01491107 -0.00000000 0.10433100
v -0.01484126 -0.00015700 0.10442000
v -0.01484126 -0.00015700 0.10442000
v -0.01484126 -0.00015700 0.10442000
v -0.01484126 -0.00015700 0.10442000
v -0.01484126 -0.00015700 0.10442000
v -0.01484126 -0.00015700 0.10442000
v -0.01484746 -0.00031900 0.10438900
v -0.01484746 -0.00031900 0.10438900
v -0.01484746 -0.00031900 0.10438900
v -0.01484746 -0.00031900 0.10438900
v -0.01484746 -0.00031900 0.10438900
v -0.01484746 -0.00031900 0.10438900
v -0.01485522 -0.00047300 0.10434600
v -0.01485522 -0.00047300 0.10434600
v -0.01485522 -0.00047300 0.10434600
v -0.01485522 -0.00047300 0.10434600
v -0.01485522 -0.00047300 0.10434600
v -0.01487229 -0.00068700 0.10426100
v -0.01487229 -0.00068700 0.10426100
v -0.01487229 -0.00068700 0.10426100
v -0.01487229 -0.00068700 0.10426100
v -0.01487229 -0.00068700 0.10426100
v -0.01480868 -0.00074300 0.10433299
v -0.01480868 -0.00074300 0.10433299
v -0.01480868 -0.00074300 0.10433299
v -0.01480868 -0.00074300 0.10433299
v -0.01480868 -0.00074300 0.10433299
v -0.01474275 -0.00079800 0.10440099
v -0.01474275 -0.00079800 0.10440099
v -0.01474275 -0.00079800 0.10440099
v -0.01474275 -0.00079800 0.10440099
v -0.01474275 -0.00079800 0.10440099
v -0.01474275 -0.00079800 0.10440099
v -0.01487229 0.00068600 0.10426100
v -0.01487229 0.00068600 0.10426100
v -0.01487229 0.00068600 0.10426100
v -0.01487229 0.00068600 0.10426100
v -0.01487229 0.00068600 0.10426100
v -0.01485522 0.00047300 0.10434600
v -0.01485522 0.00047300 0.10434600
v -0.01485522 0.00047300 0.10434600
v -0.01485522 0.00047300 0.10434600
v -0.01485522 0.00047300 0.10434600
v -0.01475981 -0.00096400 0.10431399
v -0.01475981 -0.00096400 0.10431399
v -0.01475981 -0.00096400 0.10431399
v -0.01475981 -0.00096400 0.10431399
v -0.01475981 -0.00096400 0.10431399
v -0.01475981 -0.00096400 0.10431399
v -0.01469000 -0.00102600 0.10437499
v -0.01469000 -0.00102600 0.10437499
v -0.01469000 -0.00102600 0.10437499
v -0.01469000 -0.00102600 0.10437499
v -0.01469000 -0.00102600 0.10437499
v -0.01469000 -0.00102600 0.10437499
v -0.01469000 -0.00102600 0.10437499
v -0.01461708 -0.00108700 0.10443299
v -0.01461708 -0.00108700 0.10443299
v -0.01461708 -0.00108700 0.10443299
v -0.01461708 -0.00108700 0.10443299
v -0.01461708 -0.00108700 0.10443299
v -0.01461708 -0.00108700 0.10443299
v -0.01465044 -0.00134200 0.10426599
v -0.01465044 -0.00134200 0.10426599
v -0.01465044 -0.00134200 0.10426599
v -0.01465044 -0.00134200 0.10426599
v -0.01461321 -0.00137600 0.10428999
v -0.01461321 -0.00137600 0.10428999
v -0.01461321 -0.00137600 0.10428999
v -0.01461321 -0.00137600 0.10428999
v -0.01461321 -0.00137600 0.10428999
v -0.01467604 -0.00173100 0.10399199
v -0.01467604 -0.00173100 0.10399199
v -0.01467604 -0.00173100 0.10399199
v -0.01467604 -0.00173100 0.10399199
v -0.01467604 -0.00173100 0.10399199
v -0.01467604 -0.00173100 0.10399199
v -0.01467604 -0.00173100 0.10399199
v -0.01463803 -0.00177000 0.10400999
v -0.01463803 -0.00177000 0.10400999
v -0.01463803 -0.00177000 0.10400999
v -0.01463803 -0.00177000 0.10400999
v -0.01459924 -0.00180900 0.10402799
v -0.01459924 -0.00180900 0.10402799
v -0.01459924 -0.00180900 0.10402799
v -0.01459924 -0.00180900 0.10402799
v -0.01456046 -0.00184600 0.10404399
v -0.01456046 -0.00184600 0.10404399
v -0.01456046 -0.00184600 0.10404399
v -0.01456046 -0.00184600 0.10404399
v -0.01456046 -0.00184600 0.10404399
v -0.01477222 0.00275300 0.10296499
v -0.01477222 0.00275300 0.10296499
v -0.01477222 0.00275300 0.10296499
v -0.01477222 0.00275300 0.10296499
v -0.01477222 0.00275300 0.10296499
v -0.01477222 0.00275300 0.10296499
v -0.01477222 0.00275300 0.10296499
v -0.01476446 0.00225900 0.10345799
v -0.01476446 0.00225900 0.10345799
v -0.01476446 0.00225900 0.10345799
v -0.01476446 0.00225900 0.10345799
v -0.01476446 0.00225900 0.10345799
v -0.01476446 0.00225900 0.10345799
v -0.01485289 0.00266300 0.10295000
v -0.01485289 0.00266300 0.10295000
v -0.01485289 0.00266300 0.10295000
v -0.01485289 0.00266300 0.10295000
v -0.01485289 0.00266300 0.10295000
v -0.01489168 0.00261800 0.10294200
v -0.01489168 0.00261800 0.10294200
v -0.01489168 0.00261800 0.10294200
v -0.01489168 0.00261800 0.10294200
v -0.01489168 0.00261800 0.10294200
v -0.01470086 0.00203800 0.10372899
v -0.01470086 0.00203800 0.10372899
v -0.01470086 0.00203800 0.10372899
v -0.01470086 0.00203800 0.10372899
v -0.01470086 0.00203800 0.10372899
v -0.01470086 0.00203800 0.10372899
v -0.01470086 0.00203800 0.10372899
v -0.01470086 -0.00203800 0.10372899
v -0.01470086 -0.00203800 0.10372899
v -0.01470086 -0.00203800 0.10372899
v -0.01470086 -0.00203800 0.10372899
v -0.01470086 -0.00203800 0.10372899
v -0.01470086 -0.00203800 0.10372899
v -0.01470086 -0.00203800 0.10372899
v -0.01476446 -0.00226000 0.10345799
v -0.01476446 -0.00226000 0.10345799
v -0.01476446 -0.00226000 0.10345799
v -0.01476446 -0.00226000 0.10345799
v -0.01476446 -0.00226000 0.10345799
v -0.01476446 -0.00226000 0.10345799
v -0.01489168 -0.00261700 0.10294200
v -0.01489168 -0.00261700 0.10294200
v -0.01489168 -0.00261700 0.10294200
v -0.01489168 -0.00261700 0.10294200
v -0.01489168 -0.00261700 0.10294200
v -0.01485289 -0.00266300 0.10295000
v -0.01485289 -0.00266300 0.10295000
v -0.01485289 -0.00266300 0.10295000
v -0.01485289 -0.00266300 0.10295000
v -0.01485289 -0.00266300 0.10295000
v -0.01485289 -0.00266300 0.10295000
v -0.01481256 -0.00270900 0.10295799
v -0.01481256 -0.00270900 0.10295799
v -0.01481256 -0.00270900 0.10295799
v -0.01481256 -0.00270900 0.10295799
v -0.01477222 -0.00275200 0.10296499
v -0.01477222 -0.00275200 0.10296499
v -0.01477222 -0.00275200 0.10296499
v -0.01477222 -0.00275200 0.10296499
v -0.01477222 -0.00275200 0.10296499
v -0.01477222 -0.00275200 0.10296499
v -0.01473033 -0.00279500 0.10296999
v -0.01473033 -0.00279500 0.10296999
v -0.01473033 -0.00279500 0.10296999
v -0.01473033 -0.00279500 0.10296999
v -0.01473033 -0.00279500 0.10296999
v -0.01468845 -0.00283800 0.10297499
v -0.01468845 -0.00283800 0.10297499
v -0.01468845 -0.00283800 0.10297499
v -0.01468845 -0.00283800 0.10297499
v -0.01464656 -0.00287900 0.10297899
v -0.01464656 -0.00287900 0.10297899
v -0.01464656 -0.00287900 0.10297899
v -0.01464656 -0.00287900 0.10297899
v -0.01464656 -0.00287900 0.10297899
v -0.01460312 -0.00291900 0.10298199
v -0.01460312 -0.00291900 0.10298199
v -0.01460312 -0.00291900 0.10298199
v -0.01460312 -0.00291900 0.10298199
v -0.01460312 -0.00291900 0.10298199
v -0.01455968 -0.00295700 0.10298399
v -0.01455968 -0.00295700 0.10298399
v -0.01455968 -0.00295700 0.10298399
v -0.01455968 -0.00295700 0.10298399
v -0.01455968 -0.00295700 0.10298399
v -0.01455968 -0.00295700 0.10298399
v -0.01451547 -0.00299500 0.10298499
v -0.01451547 -0.00299500 0.10298499
v -0.01451547 -0.00299500 0.10298499
v -0.01451547 -0.00299500 0.10298499
v -0.01447126 -0.00303100 0.10298599
v -0.01447126 -0.00303100 0.10298599
v -0.01447126 -0.00303100 0.10298599
v -0.01447126 -0.00303100 0.10298599
v -0.01447126 -0.00303100 0.10298599
v -0.01447126 -0.00303100 0.10298599
v -0.01442627 -0.00306600 0.10298499
v -0.01442627 -0.00306600 0.10298499
v -0.01442627 -0.00306600 0.10298499
v -0.01442627 -0.00306600 0.10298499
v -0.01442627 -0.00306600 0.10298499
v -0.01438128 -0.00310000 0.10298399
v -0.01438128 -0.00310000 0.10298399
v -0.01438128 -0.00310000 0.10298399
v -0.01433551 -0.00313400 0.10298199
v -0.01433551 -0.00313400 0.10298199
v -0.01433551 -0.00313400 0.10298199
v -0.01433551 -0.00313400 0.10298199
v -0.01433551 -0.00313400 0.10298199
v -0.01429052 -0.00316600 0.10297899
v -0.01429052 -0.00316600 0.10297899
v -0.01429052 -0.00316600 0.10297899
v -0.01429052 -0.00316600 0.10297899
v -0.01429052 -0.00316600 0.10297899
v -0.01429052 -0.00316600 0.10297899
v -0.01429052 -0.00316600 0.10297899
v -0.01424398 -0.00319600 0.10297499
v -0.01424398 -0.00319600 0.10297499
v -0.01424398 -0.00319600 0.10297499
v -0.01424398 -0.00319600 0.10297499
v -0.01419821 -0.00322600 0.10297099
v -0.01419821 -0.00322600 0.10297099
v -0.01419821 -0.00322600 0.10297099
v -0.01419821 -0.00322600 0.10297099
v -0.01419821 -0.00322600 0.10297099
v -0.01393991 -0.00291500 0.10353199
v -0.01393991 -0.00291500 0.10353199
v -0.01393991 -0.00291500 0.10353199
v -0.01393991 -0.00291500 0.10353199
v -0.01415090 -0.00325400 0.10296599
v -0.01415090 -0.00325400 0.10296599
v -0.01415090 -0.00325400 0.10296599
v -0.01415090 -0.00325400 0.10296599
v -0.01415090 -0.00325400 0.10296599
v -0.01395232 -0.00314800 0.10322999
v -0.01395232 -0.00314800 0.10322999
v -0.01395232 -0.00314800 0.10322999
v -0.01395232 -0.00314800 0.10322999
v -0.01395232 -0.00314800 0.10322999
v -0.01395232 -0.00314800 0.10322999
v -0.01395232 -0.00314800 0.10322999
v -0.01395232 -0.00314800 0.10322999
v -0.01389337 -0.00294000 0.10352699
v -0.01389337 -0.00294000 0.10352699
v -0.01389337 -0.00294000 0.10352699
v -0.01389337 -0.00294000 0.10352699
v -0.01389337 -0.00294000 0.10352699
v -0.01374366 -0.00273500 0.10383299
v -0.01374366 -0.00273500 0.10383299
v -0.01374366 -0.00273500 0.10383299
v -0.01374366 -0.00273500 0.10383299
v -0.01374366 -0.00273500 0.10383299
v -0.01374366 -0.00273500 0.10383299
v -0.01365136 -0.00277300 0.10382099
v -0.01365136 -0.00277300 0.10382099
v -0.01365136 -0.00277300 0.10382099
v -0.01365136 -0.00277300 0.10382099
v -0.01365136 -0.00277300 0.10382099
v -0.01365136 -0.00277300 0.10382099
v -0.01344270 -0.00269100 0.10396099
v -0.01344270 -0.00269100 0.10396099
v -0.01344270 -0.00269100 0.10396099
v -0.01344270 -0.00269100 0.10396099
v -0.01344270 -0.00269100 0.10396099
v -0.01344270 -0.00269100 0.10396099
v -0.01332712 -0.00255100 0.10412499
v -0.01332712 -0.00255100 0.10412499
v -0.01332712 -0.00255100 0.10412499
v -0.01332712 -0.00255100 0.10412499
v -0.01332712 -0.00255100 0.10412499
v -0.01332712 -0.00255100 0.10412499
v -0.01323016 -0.00250200 0.10417899
v -0.01323016 -0.00250200 0.10417899
v -0.01323016 -0.00250200 0.10417899
v -0.01323016 -0.00250200 0.10417899
v -0.01323016 -0.00250200 0.10417899
v -0.01323016 -0.00250200 0.10417899
v -0.01356060 -0.00280700 0.10380599
v -0.01356060 -0.00280700 0.10380599
v -0.01356060 -0.00280700 0.10380599
v -0.01356060 -0.00280700 0.10380599
v -0.01356060 -0.00280700 0.10380599
v -0.01356060 -0.00280700 0.10380599
v -0.01167646 -0.00264400 0.10402799
v -0.01167646 -0.00264400 0.10402799
v -0.01167646 -0.00264400 0.10402799
v -0.01167646 -0.00264400 0.10402799
v -0.01167646 -0.00264400 0.10402799
v -0.01167646 -0.00264400 0.10402799
v -0.01165241 -0.00266400 0.10400399
v -0.01165241 -0.00266400 0.10400399
v -0.01165241 -0.00266400 0.10400399
v -0.01165241 -0.00266400 0.10400399
v -0.01165241 -0.00289300 0.10373299
v -0.01165241 -0.00289300 0.10373299
v -0.01165241 -0.00289300 0.10373299
v -0.01165241 -0.00289300 0.10373299
v -0.01165241 -0.00289300 0.10373299
v -0.01165241 -0.00289300 0.10373299
v -0.01165241 -0.00289300 0.10373299
v -0.01165241 -0.00289300 0.10373299
v -0.01165241 -0.00289300 0.10373299
v -0.01160432 -0.00288900 0.10373099
v -0.01160432 -0.00288900 0.10373099
v -0.01160432 -0.00288900 0.10373099
v -0.01160432 -0.00288900 0.10373099
v -0.01160432 -0.00288900 0.10373099
v -0.01155778 -0.00288300 0.10372499
v -0.01155778 -0.00288300 0.10372499
v -0.01155778 -0.00288300 0.10372499
v -0.01155778 -0.00288300 0.10372499
v -0.01155778 -0.00288300 0.10372499
v -0.01151124 -0.00287500 0.10371799
v -0.01151124 -0.00287500 0.10371799
v -0.01151124 -0.00287500 0.10371799
v -0.01151124 -0.00287500 0.10371799
v -0.01151124 -0.00287500 0.10371799
v -0.01146547 -0.00286300 0.10370899
v -0.01146547 -0.00286300 0.10370899
v -0.01146547 -0.00286300 0.10370899
v -0.01146547 -0.00286300 0.10370899
v -0.01141971 -0.00284900 0.10369799
v -0.01141971 -0.00284900 0.10369799
v -0.01141971 -0.00284900 0.10369799
v -0.01141971 -0.00284900 0.10369799
v -0.01141971 -0.00284900 0.10369799
v -0.01141971 -0.00284900 0.10369799
v -0.01141971 -0.00284900 0.10369799
v -0.01141971 -0.00284900 0.10369799
v -0.01137549 -0.00283200 0.10368399
v -0.01137549 -0.00283200 0.10368399
v -0.01137549 -0.00283200 0.10368399
v -0.01137549 -0.00283200 0.10368399
v -0.01133206 -0.00281200 0.10366899
v -0.01133206 -0.00281200 0.10366899
v -0.01133206 -0.00281200 0.10366899
v -0.01133206 -0.00281200 0.10366899
v -0.01133206 -0.00281200 0.10366899
v -0.01133206 -0.00281200 0.10366899
v -0.01129017 -0.00279000 0.10364999
v -0.01129017 -0.00279000 0.10364999
v -0.01129017 -0.00279000 0.10364999
v -0.01129017 -0.00279000 0.10364999
v -0.01129017 -0.00279000 0.10364999
v -0.01129017 -0.00279000 0.10364999
v -0.01129017 -0.00279000 0.10364999
v -0.01124906 -0.00276400 0.10362999
v -0.01124906 -0.00276400 0.10362999
v -0.01124906 -0.00276400 0.10362999
v -0.01124906 -0.00276400 0.10362999
v -0.01121027 -0.00273600 0.10360799
v -0.01121027 -0.00273600 0.10360799
v -0.01121027 -0.00273600 0.10360799
v -0.01121027 -0.00273600 0.10360799
v -0.01121027 -0.00273600 0.10360799
v -0.01117227 -0.00270500 0.10358399
v -0.01117227 -0.00270500 0.10358399
v -0.01117227 -0.00270500 0.10358399
v -0.01117227 -0.00270500 0.10358399
v -0.01117227 -0.00270500 0.10358399
v -0.01113658 -0.00267200 0.10355799
v -0.01113658 -0.00267200 0.10355799
v -0.01113658 -0.00267200 0.10355799
v -0.01113658 -0.00267200 0.10355799
v -0.01110323 -0.00263700 0.10352999
v -0.01110323 -0.00263700 0.10352999
v -0.01110323 -0.00263700 0.10352999
v -0.01110323 -0.00263700 0.10352999
v -0.01110323 -0.00242200 0.10378699
v -0.01110323 -0.00242200 0.10378699
v -0.01110323 -0.00242200 0.10378699
v -0.01110323 -0.00242200 0.10378699
v -0.01110323 -0.00242200 0.10378699
v -0.01107143 -0.00238600 0.10375599
v -0.01107143 -0.00238600 0.10375599
v -0.01107143 -0.00238600 0.10375599
v -0.01107143 -0.00238600 0.10375599
v -0.01107143 -0.00238600 0.10375599
v -0.01107143 -0.00238600 0.10375599
v -0.01101558 -0.00192400 0.10407499
v -0.01101558 -0.00192400 0.10407499
v -0.01101558 -0.00192400 0.10407499
v -0.01101558 -0.00192400 0.10407499
v -0.01104273 -0.00214900 0.10393499
v -0.01104273 -0.00214900 0.10393499
v -0.01104273 -0.00214900 0.10393499
v -0.01104273 -0.00214900 0.10393499
v -0.01104273 -0.00214900 0.10393499
v -0.01104273 -0.00214900 0.10393499
v -0.01099076 -0.00072300 0.10471699
v -0.01099076 -0.00072300 0.10471699
v -0.01099076 -0.00072300 0.10471699
v -0.01099076 -0.00072300 0.10471699
v -0.01099076 -0.00072300 0.10471699
v -0.01099076 -0.00072300 0.10471699
v -0.01099076 -0.00089100 0.10465899
v -0.01099076 -0.00089100 0.10465899
v -0.01099076 -0.00089100 0.10465899
v -0.01099076 -0.00089100 0.10465899
v -0.01099076 -0.00089100 0.10465899
v -0.01099076 -0.00089100 0.10465899
v -0.01099076 -0.00055500 0.10476499
v -0.01099076 -0.00055500 0.10476499
v -0.01099076 -0.00055500 0.10476499
v -0.01099076 -0.00055500 0.10476499
v -0.01099076 -0.00055500 0.10476499
v -0.01099076 -0.00038600 0.10480199
v -0.01099076 -0.00038600 0.10480199
v -0.01099076 -0.00038600 0.10480199
v -0.01099076 -0.00038600 0.10480199
v -0.01099076 -0.00038600 0.10480199
v -0.01099076 -0.00038600 0.10480199
v -0.01099076 -0.00038600 0.10480199
v -0.01099076 -0.00021700 0.10482599
v -0.01099076 -0.00021700 0.10482599
v -0.01099076 -0.00021700 0.10482599
v -0.01099076 -0.00021700 0.10482599
v -0.01099076 -0.00004400 0.10484199
v -0.01099076 -0.00004400 0.10484199
v -0.01099076 -0.00004400 0.10484199
v -0.01099076 -0.00004400 0.10484199
v -0.01099076 -0.00004400 0.10484199
v -0.01099076 -0.00004400 0.10484199
v -0.01099076 -0.00106200 0.10458599
v -0.01099076 -0.00106200 0.10458599
v -0.01099076 -0.00106200 0.10458599
v -0.01099076 -0.00106200 0.10458599
v -0.01099541 -0.00000000 0.10485299
v -0.01099541 -0.00000000 0.10485299
v -0.01099541 -0.00000000 0.10485299
v -0.01099541 -0.00000000 0.10485299
v -0.01099541 -0.00000000 0.10485299
v -0.01099076 -0.00121800 0.10450799
v -0.01099076 -0.00121800 0.10450799
v -0.01099076 -0.00121800 0.10450799
v -0.01099076 -0.00121800 0.10450799
v -0.01099076 -0.00121800 0.10450799
v -0.01099076 -0.00138000 0.10441499
v -0.01099076 -0.00138000 0.10441499
v -0.01099076 -0.00138000 0.10441499
v -0.01099076 -0.00138000 0.10441499
v -0.01099076 -0.00138000 0.10441499
v -0.01099076 -0.00138000 0.10441499
v -0.01099076 -0.00154400 0.10430699
v -0.01099076 -0.00154400 0.10430699
v -0.01099076 -0.00154400 0.10430699
v -0.01099076 -0.00154400 0.10430699
v -0.01099076 -0.00171100 0.10418299
v -0.01099076 -0.00171100 0.10418299
v -0.01099076 -0.00171100 0.10418299
v -0.01099076 -0.00171100 0.10418299
v -0.01099075 -0.00188800 0.10403499
v -0.01099075 -0.00188800 0.10403499
v -0.01099075 -0.00188800 0.10403499
v -0.01099075 -0.00188800 0.10403499
v -0.01097602 0.00004200 0.10480499
v -0.01097602 0.00004200 0.10480499
v -0.01097602 0.00004200 0.10480499
v -0.01097602 0.00004200 0.10480499
v -0.01097602 0.00004200 0.10480499
v -0.01097602 0.00004200 0.10480499
v -0.01097602 0.00004200 0.10480499
v -0.01097602 -0.00000000 0.10480699
v -0.01097602 -0.00000000 0.10480699
v -0.01097602 -0.00000000 0.10480699
v -0.01097602 -0.00000000 0.10480699
v -0.01097602 -0.00000000 0.10480699
v -0.01097602 -0.00000000 0.10480699
v -0.01097602 0.00021200 0.10478899
v -0.01097602 0.00021200 0.10478899
v -0.01097602 0.00021200 0.10478899
v -0.01097602 0.00021200 0.10478899
v -0.01097602 0.00037900 0.10476499
v -0.01097602 0.00037900 0.10476499
v -0.01097602 0.00037900 0.10476499
v -0.01097602 0.00037900 0.10476499
v -0.01097602 0.00037900 0.10476499
v -0.01097602 0.00037900 0.10476499
v -0.01097602 0.00037900 0.10476499
v -0.01097602 0.00054600 0.10472899
v -0.01097602 0.00054600 0.10472899
v -0.01097602 0.00054600 0.10472899
v -0.01097602 0.00054600 0.10472899
v -0.01097602 0.00071200 0.10468199
v -0.01097602 0.00071200 0.10468199
v -0.01097602 0.00071200 0.10468199
v -0.01097602 0.00071200 0.10468199
v -0.01097602 0.00087900 0.10462399
v -0.01097602 0.00087900 0.10462399
v -0.01097602 0.00087900 0.10462399
v -0.01097602 0.00087900 0.10462399
v -0.01097602 0.00087900 0.10462399
v -0.01097602 0.00087900 0.10462399
v -0.01097602 0.00120100 0.10447499
v -0.01097602 0.00120100 0.10447499
v -0.01097602 0.00120100 0.10447499
v -0.01097602 0.00120100 0.10447499
v -0.01097602 0.00120100 0.10447499
v -0.01097602 0.00104600 0.10455199
v -0.01097602 0.00104600 0.10455199
v -0.01097602 0.00104600 0.10455199
v -0.01097602 0.00104600 0.10455199
v -0.01097602 0.00136000 0.10438299
v -0.01097602 0.00136000 0.10438299
v -0.01097602 0.00136000 0.10438299
v -0.01097602 0.00136000 0.10438299
v -0.01097602 0.00136000 0.10438299
v -0.01097602 0.00136000 0.10438299
v -0.01097602 0.00152200 0.10427699
v -0.01097602 0.00152200 0.10427699
v -0.01097602 0.00152200 0.10427699
v -0.01097602 0.00152200 0.10427699
v -0.01097602 0.00152200 0.10427699
v -0.01097602 0.00168700 0.10415299
v -0.01097602 0.00168700 0.10415299
v -0.01097602 0.00168700 0.10415299
v -0.01097602 0.00168700 0.10415299
v -0.01097602 0.00186300 0.10400599
v -0.01097602 0.00186300 0.10400599
v -0.01097602 0.00186300 0.10400599
v -0.01097602 0.00186300 0.10400599
v -0.01097602 0.00204700 0.10383299
v -0.01097602 0.00204700 0.10383299
v -0.01097602 0.00204700 0.10383299
v -0.01097602 0.00204700 0.10383299
v -0.01097602 0.00224200 0.10362699
v -0.01097602 0.00224200 0.10362699
v -0.01097602 0.00224200 0.10362699
v -0.01097602 0.00224200 0.10362699
v -0.01099851 0.00228300 0.10366299
v -0.01099851 0.00228300 0.10366299
v -0.01099851 0.00228300 0.10366299
v -0.01099851 0.00228300 0.10366299
v -0.01099851 0.00228300 0.10366299
v -0.01099851 0.00249100 0.10341399
v -0.01099851 0.00249100 0.10341399
v -0.01099851 0.00249100 0.10341399
v -0.01099851 0.00249100 0.10341399
v -0.01102333 0.00253300 0.10344699
v -0.01102333 0.00253300 0.10344699
v -0.01102333 0.00253300 0.10344699
v -0.01102333 0.00253300 0.10344699
v -0.01102333 0.00253300 0.10344699
v -0.01105048 0.00257300 0.10347899
v -0.01105048 0.00257300 0.10347899
v -0.01105048 0.00257300 0.10347899
v -0.01105048 0.00257300 0.10347899
v -0.01105048 0.00257300 0.10347899
v -0.01107996 0.00261100 0.10350999
v -0.01107996 0.00261100 0.10350999
v -0.01107996 0.00261100 0.10350999
v -0.01107996 0.00261100 0.10350999
v -0.01107996 0.00261100 0.10350999
v -0.01107996 0.00261100 0.10350999
v -0.01111254 0.00264700 0.10353799
v -0.01111254 0.00264700 0.10353799
v -0.01111254 0.00264700 0.10353799
v -0.01111254 0.00264700 0.10353799
v -0.01114667 0.00268200 0.10356499
v -0.01114667 0.00268200 0.10356499
v -0.01114667 0.00268200 0.10356499
v -0.01114667 0.00268200 0.10356499
v -0.01118235 0.00271400 0.10359099
v -0.01118235 0.00271400 0.10359099
v -0.01118235 0.00271400 0.10359099
v -0.01118235 0.00271400 0.10359099
v -0.01122113 0.00274400 0.10361399
v -0.01122113 0.00274400 0.10361399
v -0.01122113 0.00274400 0.10361399
v -0.01122113 0.00274400 0.10361399
v -0.01122113 0.00274400 0.10361399
v -0.01122113 0.00274400 0.10361399
v -0.01122113 0.00274400 0.10361399
v -0.01126069 0.00277100 0.10363599
v -0.01126069 0.00277100 0.10363599
v -0.01126069 0.00277100 0.10363599
v -0.01126069 0.00277100 0.10363599
v -0.01130336 0.00279700 0.10365699
v -0.01130336 0.00279700 0.10365699
v -0.01130336 0.00279700 0.10365699
v -0.01130336 0.00279700 0.10365699
v -0.01130336 0.00279700 0.10365699
v -0.01130336 0.00279700 0.10365699
v -0.01134679 0.00281900 0.10367399
v -0.01134679 0.00281900 0.10367399
v -0.01134679 0.00281900 0.10367399
v -0.01134679 0.00281900 0.10367399
v -0.01134679 0.00281900 0.10367399
v -0.01134679 0.00281900 0.10367399
v -0.01134679 0.00281900 0.10367399
v -0.01139178 0.00283800 0.10368899
v -0.01139178 0.00283800 0.10368899
v -0.01139178 0.00283800 0.10368899
v -0.01139178 0.00283800 0.10368899
v -0.01143755 0.00285600 0.10370299
v -0.01143755 0.00285600 0.10370299
v -0.01143755 0.00285600 0.10370299
v -0.01143755 0.00285600 0.10370299
v -0.01143755 0.00285600 0.10370299
v -0.01143755 0.00285600 0.10370299
v -0.01143755 0.00285600 0.10370299
v -0.01148487 0.00286900 0.10371399
v -0.01148487 0.00286900 0.10371399
v -0.01148487 0.00286900 0.10371399
v -0.01148487 0.00286900 0.10371399
v -0.01153218 0.00287900 0.10372199
v -0.01153218 0.00287900 0.10372199
v -0.01153218 0.00287900 0.10372199
v -0.01153218 0.00287900 0.10372199
v -0.01153218 0.00287900 0.10372199
v -0.01153218 0.00287900 0.10372199
v -0.01158105 0.00288700 0.10372899
v -0.01158105 0.00288700 0.10372899
v -0.01158105 0.00288700 0.10372899
v -0.01158105 0.00288700 0.10372899
v -0.01158105 0.00288700 0.10372899
v -0.01162992 0.00289200 0.10373199
v -0.01162992 0.00289200 0.10373199
v -0.01162992 0.00289200 0.10373199
v -0.01162992 0.00289200 0.10373199
v -0.01162992 0.00289200 0.10373199
v -0.01162992 0.00289200 0.10373199
v -0.01323947 0.00257300 0.10410499
v -0.01323947 0.00257300 0.10410499
v -0.01323947 0.00257300 0.10410499
v -0.01323947 0.00257300 0.10410499
v -0.01323947 0.00257300 0.10410499
v -0.01167646 0.00289300 0.10373299
v -0.01167646 0.00289300 0.10373299
v -0.01167646 0.00289300 0.10373299
v -0.01167646 0.00289300 0.10373299
v -0.01167646 0.00289300 0.10373299
v -0.01167646 0.00289300 0.10373299
v -0.01167646 0.00289300 0.10373299
v -0.01325265 0.00266200 0.10400799
v -0.01325265 0.00266200 0.10400799
v -0.01325265 0.00266200 0.10400799
v -0.01325265 0.00266200 0.10400799
v -0.01325265 0.00266200 0.10400799
v -0.01325265 0.00266200 0.10400799
v -0.01335349 0.00271700 0.10394099
v -0.01335349 0.00271700 0.10394099
v -0.01335349 0.00271700 0.10394099
v -0.01335349 0.00271700 0.10394099
v -0.01335349 0.00271700 0.10394099
v -0.01346907 0.00283800 0.10378699
v -0.01346907 0.00283800 0.10378699
v -0.01346907 0.00283800 0.10378699
v -0.01346907 0.00283800 0.10378699
v -0.01346907 0.00283800 0.10378699
v -0.01346907 0.00283800 0.10378699
v -0.01361567 0.00305700 0.10347999
v -0.01361567 0.00305700 0.10347999
v -0.01361567 0.00305700 0.10347999
v -0.01361567 0.00305700 0.10347999
v -0.01361567 0.00305700 0.10347999
v -0.01361567 0.00305700 0.10347999
v -0.01376616 0.00323200 0.10319599
v -0.01376616 0.00323200 0.10319599
v -0.01376616 0.00323200 0.10319599
v -0.01376616 0.00323200 0.10319599
v -0.01376616 0.00323200 0.10319599
v -0.01381192 0.00321300 0.10320499
v -0.01381192 0.00321300 0.10320499
v -0.01381192 0.00321300 0.10320499
v -0.01381192 0.00321300 0.10320499
v -0.01381192 0.00321300 0.10320499
v -0.01391742 0.00337500 0.10292699
v -0.01391742 0.00337500 0.10292699
v -0.01391742 0.00337500 0.10292699
v -0.01391742 0.00337500 0.10292699
v -0.01391742 0.00337500 0.10292699
v -0.01391742 0.00337500 0.10292699
v -0.01396396 0.00335300 0.10293599
v -0.01396396 0.00335300 0.10293599
v -0.01396396 0.00335300 0.10293599
v -0.01396396 0.00335300 0.10293599
v -0.01401127 0.00333000 0.10294399
v -0.01401127 0.00333000 0.10294399
v -0.01401127 0.00333000 0.10294399
v -0.01401127 0.00333000 0.10294399
v -0.01401127 0.00333000 0.10294399
v -0.01422536 0.00359000 0.10241499
v -0.01422536 0.00359000 0.10241499
v -0.01422536 0.00359000 0.10241499
v -0.01422536 0.00359000 0.10241499
v -0.01422536 0.00359000 0.10241499
v -0.01422536 0.00359000 0.10241499
v -0.01422536 0.00359000 0.10241499
v -0.01432000 0.00353400 0.10243099
v -0.01432000 0.00353400 0.10243099
v -0.01432000 0.00353400 0.10243099
v -0.01432000 0.00353400 0.10243099
v -0.01432000 0.00353400 0.10243099
v -0.01432000 0.00353400 0.10243099
v -0.01441230 0.00347300 0.10244399
v -0.01441230 0.00347300 0.10244399
v -0.01441230 0.00347300 0.10244399
v -0.01441230 0.00347300 0.10244399
v -0.01441230 0.00347300 0.10244399
v -0.01441230 0.00347300 0.10244399
v -0.01450461 0.00340600 0.10245399
v -0.01450461 0.00340600 0.10245399
v -0.01450461 0.00340600 0.10245399
v -0.01450461 0.00340600 0.10245399
v -0.01450461 0.00340600 0.10245399
v -0.01459536 0.00333600 0.10245999
v -0.01459536 0.00333600 0.10245999
v -0.01459536 0.00333600 0.10245999
v -0.01459536 0.00333600 0.10245999
v -0.01459536 0.00333600 0.10245999
v -0.01459536 0.00333600 0.10245999
v -0.01464035 0.00329900 0.10246199
v -0.01464035 0.00329900 0.10246199
v -0.01464035 0.00329900 0.10246199
v -0.01464035 0.00329900 0.10246199
v -0.01464035 0.00329900 0.10246199
v -0.01468457 0.00326000 0.10246299
v -0.01468457 0.00326000 0.10246299
v -0.01468457 0.00326000 0.10246299
v -0.01468457 0.00326000 0.10246299
v -0.01468457 0.00326000 0.10246299
v -0.01472801 0.00321900 0.10246399
v -0.01472801 0.00321900 0.10246399
v -0.01472801 0.00321900 0.10246399
v -0.01472801 0.00321900 0.10246399
v -0.01477145 0.00317800 0.10246299
v -0.01477145 0.00317800 0.10246299
v -0.01477145 0.00317800 0.10246299
v -0.01477145 0.00317800 0.10246299
v -0.01477145 0.00317800 0.10246299
v -0.01477145 0.00317800 0.10246299
v -0.01477145 0.00317800 0.10246299
v -0.01477145 0.00317800 0.10246299
v -0.01477145 0.00317800 0.10246299
v -0.01477145 0.00317800 0.10246299
v -0.01465044 0.00134200 0.10426599
v -0.01465044 0.00134200 0.10426599
v -0.01465044 0.00134200 0.10426599
v -0.01465044 0.00134200 0.10426599
v -0.01468690 0.00130600 0.10424099
v -0.01468690 0.00130600 0.10424099
v -0.01468690 0.00130600 0.10424099
v -0.01468690 0.00130600 0.10424099
v -0.01468690 0.00130600 0.10424099
v -0.01471405 0.00169100 0.10397199
v -0.01471405 0.00169100 0.10397199
v -0.01471405 0.00169100 0.10397199
v -0.01471405 0.00169100 0.10397199
v -0.01471405 0.00169100 0.10397199
v -0.01477688 0.00195300 0.10369699
v -0.01477688 0.00195300 0.10369699
v -0.01477688 0.00195300 0.10369699
v -0.01477688 0.00195300 0.10369699
v -0.01477688 0.00195300 0.10369699
v -0.01477688 0.00195300 0.10369699
v -0.01472258 0.00127100 0.10421599
v -0.01472258 0.00127100 0.10421599
v -0.01472258 0.00127100 0.10421599
v -0.01472258 0.00127100 0.10421599
v -0.01472258 0.00127100 0.10421599
v -0.01479239 0.00119900 0.10416099
v -0.01479239 0.00119900 0.10416099
v -0.01479239 0.00119900 0.10416099
v -0.01479239 0.00119900 0.10416099
v -0.01479239 0.00119900 0.10416099
v -0.01479239 0.00119900 0.10416099
v -0.01482652 0.00090000 0.10425099
v -0.01482652 0.00090000 0.10425099
v -0.01482652 0.00090000 0.10425099
v -0.01482652 0.00090000 0.10425099
v -0.01482652 0.00090000 0.10425099
v -0.01482652 0.00090000 0.10425099
v -0.01485832 0.00112500 0.10410400
v -0.01485832 0.00112500 0.10410400
v -0.01485832 0.00112500 0.10410400
v -0.01485832 0.00112500 0.10410400
v -0.01485832 0.00112500 0.10410400
v -0.01485832 0.00112500 0.10410400
v -0.01485832 0.00112500 0.10410400
v -0.01488935 0.00083500 0.10418400
v -0.01488935 0.00083500 0.10418400
v -0.01488935 0.00083500 0.10418400
v -0.01488935 0.00083500 0.10418400
v -0.01488935 0.00083500 0.10418400
v -0.01488935 0.00083500 0.10418400
v -0.01491650 0.00043000 0.10426700
v -0.01491650 0.00043000 0.10426700
v -0.01491650 0.00043000 0.10426700
v -0.01491650 0.00043000 0.10426700
v -0.01491650 0.00043000 0.10426700
v -0.01490797 0.00028800 0.10430600
v -0.01490797 0.00028800 0.10430600
v -0.01490797 0.00028800 0.10430600
v -0.01490797 0.00028800 0.10430600
v -0.01490797 0.00028800 0.10430600
v -0.01490797 0.00028800 0.10430600
v -0.01490176 0.00013800 0.10433500
v -0.01490176 0.00013800 0.10433500
v -0.01490176 0.00013800 0.10433500
v -0.01490176 0.00013800 0.10433500
v -0.01496071 0.00011800 0.10424700
v -0.01496071 0.00011800 0.10424700
v -0.01496071 0.00011800 0.10424700
v -0.01496071 0.00011800 0.10424700
v -0.01496071 0.00011800 0.10424700
v -0.01496071 0.00011800 0.10424700
v -0.01501734 -0.00000000 0.10416100
v -0.01501734 -0.00000000 0.10416100
v -0.01501734 -0.00000000 0.10416100
v -0.01501734 -0.00000000 0.10416100
v -0.01501734 -0.00000000 0.10416100
v -0.01501734 -0.00000000 0.10416100
v -0.01501734 -0.00000000 0.10416100
v -0.01501734 -0.00000000 0.10416100
v -0.01496071 -0.00011800 0.10424700
v -0.01496071 -0.00011800 0.10424700
v -0.01496071 -0.00011800 0.10424700
v -0.01496071 -0.00011800 0.10424700
v -0.01496071 -0.00011800 0.10424700
v -0.01496071 -0.00011800 0.10424700
v -0.01496071 -0.00011800 0.10424700
v -0.01490176 -0.00013700 0.10433500
v -0.01490176 -0.00013700 0.10433500
v -0.01490176 -0.00013700 0.10433500
v -0.01490176 -0.00013700 0.10433500
v -0.01490797 -0.00028800 0.10430600
v -0.01490797 -0.00028800 0.10430600
v -0.01490797 -0.00028800 0.10430600
v -0.01490797 -0.00028800 0.10430600
v -0.01490797 -0.00028800 0.10430600
v -0.01490797 -0.00028800 0.10430600
v -0.01491650 -0.00042900 0.10426700
v -0.01491650 -0.00042900 0.10426700
v -0.01491650 -0.00042900 0.10426700
v -0.01491650 -0.00042900 0.10426700
v -0.01491650 -0.00042900 0.10426700
v -0.01493356 -0.00063000 0.10418700
v -0.01493356 -0.00063000 0.10418700
v -0.01493356 -0.00063000 0.10418700
v -0.01493356 -0.00063000 0.10418700
v -0.01493356 -0.00063000 0.10418700
v -0.01493356 -0.00063000 0.10418700
v -0.01494985 -0.00076900 0.10411400
v -0.01494985 -0.00076900 0.10411400
v -0.01494985 -0.00076900 0.10411400
v -0.01494985 -0.00076900 0.10411400
v -0.01494985 -0.00076900 0.10411400
v -0.01488935 -0.00083500 0.10418400
v -0.01488935 -0.00083500 0.10418400
v -0.01488935 -0.00083500 0.10418400
v -0.01488935 -0.00083500 0.10418400
v -0.01488935 -0.00083500 0.10418400
v -0.01488935 -0.00083500 0.10418400
v -0.01482652 -0.00089900 0.10425099
v -0.01482652 -0.00089900 0.10425099
v -0.01482652 -0.00089900 0.10425099
v -0.01482652 -0.00089900 0.10425099
v -0.01482652 -0.00089900 0.10425099
v -0.01482652 -0.00089900 0.10425099
v -0.01493356 0.00063000 0.10418700
v -0.01493356 0.00063000 0.10418700
v -0.01493356 0.00063000 0.10418700
v -0.01493356 0.00063000 0.10418700
v -0.01493356 0.00063000 0.10418700
v -0.01493356 0.00063000 0.10418700
v -0.01485832 -0.00112500 0.10410400
v -0.01485832 -0.00112500 0.10410400
v -0.01485832 -0.00112500 0.10410400
v -0.01485832 -0.00112500 0.10410400
v -0.01485832 -0.00112500 0.10410400
v -0.01485832 -0.00112500 0.10410400
v -0.01485832 -0.00112500 0.10410400
v -0.01479239 -0.00119900 0.10416099
v -0.01479239 -0.00119900 0.10416099
v -0.01479239 -0.00119900 0.10416099
v -0.01479239 -0.00119900 0.10416099
v -0.01479239 -0.00119900 0.10416099
v -0.01479239 -0.00119900 0.10416099
v -0.01472258 -0.00127200 0.10421599
v -0.01472258 -0.00127200 0.10421599
v -0.01472258 -0.00127200 0.10421599
v -0.01472258 -0.00127200 0.10421599
v -0.01472258 -0.00127200 0.10421599
v -0.01468690 -0.00130700 0.10424099
v -0.01468690 -0.00130700 0.10424099
v -0.01468690 -0.00130700 0.10424099
v -0.01468690 -0.00130700 0.10424099
v -0.01468690 -0.00130700 0.10424099
v -0.01468690 -0.00130700 0.10424099
v -0.01468690 -0.00130700 0.10424099
v -0.01471405 -0.00169200 0.10397199
v -0.01471405 -0.00169200 0.10397199
v -0.01471405 -0.00169200 0.10397199
v -0.01471405 -0.00169200 0.10397199
v -0.01471405 -0.00169200 0.10397199
v -0.01471405 -0.00169200 0.10397199
v -0.01471405 -0.00169200 0.10397199
v -0.01477688 -0.00195300 0.10369699
v -0.01477688 -0.00195300 0.10369699
v -0.01477688 -0.00195300 0.10369699
v -0.01477688 -0.00195300 0.10369699
v -0.01477688 -0.00195300 0.10369699
v -0.01477688 -0.00195300 0.10369699
v -0.01506465 0.00325400 0.10195900
v -0.01506465 0.00325400 0.10195900
v -0.01506465 0.00325400 0.10195900
v -0.01506465 0.00325400 0.10195900
v -0.01510499 0.00320600 0.10195700
v -0.01510499 0.00320600 0.10195700
v -0.01510499 0.00320600 0.10195700
v -0.01510499 0.00320600 0.10195700
v -0.01510499 0.00320600 0.10195700
v -0.01484048 0.00217000 0.10343100
v -0.01484048 0.00217000 0.10343100
v -0.01484048 0.00217000 0.10343100
v -0.01484048 0.00217000 0.10343100
v -0.01484048 0.00217000 0.10343100
v -0.01484048 0.00217000 0.10343100
v -0.01493046 0.00257100 0.10293300
v -0.01493046 0.00257100 0.10293300
v -0.01493046 0.00257100 0.10293300
v -0.01493046 0.00257100 0.10293300
v -0.01493046 0.00257100 0.10293300
v -0.01493046 0.00257100 0.10293300
v -0.01514455 0.00315800 0.10195300
v -0.01514455 0.00315800 0.10195300
v -0.01514455 0.00315800 0.10195300
v -0.01514455 0.00315800 0.10195300
v -0.01514455 0.00315800 0.10195300
v -0.01518333 0.00310800 0.10194800
v -0.01518333 0.00310800 0.10194800
v -0.01518333 0.00310800 0.10194800
v -0.01518333 0.00310800 0.10194800
v -0.01518333 0.00310800 0.10194800
v -0.01484048 -0.00217100 0.10343100
v -0.01484048 -0.00217100 0.10343100
v -0.01484048 -0.00217100 0.10343100
v -0.01484048 -0.00217100 0.10343100
v -0.01484048 -0.00217100 0.10343100
v -0.01496769 -0.00252400 0.10292300
v -0.01496769 -0.00252400 0.10292300
v -0.01496769 -0.00252400 0.10292300
v -0.01496769 -0.00252400 0.10292300
v -0.01496769 -0.00252400 0.10292300
v -0.01496769 -0.00252400 0.10292300
v -0.01496769 -0.00252400 0.10292300
v -0.01492969 -0.00257000 0.10293300
v -0.01492969 -0.00257000 0.10293300
v -0.01492969 -0.00257000 0.10293300
v -0.01492969 -0.00257000 0.10293300
v -0.01518333 -0.00310800 0.10194800
v -0.01518333 -0.00310800 0.10194800
v -0.01518333 -0.00310800 0.10194800
v -0.01518333 -0.00310800 0.10194800
v -0.01518333 -0.00310800 0.10194800
v -0.01518333 -0.00310800 0.10194800
v -0.01514455 -0.00315800 0.10195300
v -0.01514455 -0.00315800 0.10195300
v -0.01514455 -0.00315800 0.10195300
v -0.01514455 -0.00315800 0.10195300
v -0.01510499 -0.00320700 0.10195700
v -0.01510499 -0.00320700 0.10195700
v -0.01510499 -0.00320700 0.10195700
v -0.01510499 -0.00320700 0.10195700
v -0.01510499 -0.00320700 0.10195700
v -0.01510499 -0.00320700 0.10195700
v -0.01510499 -0.00320700 0.10195700
v -0.01506465 -0.00325400 0.10195900
v -0.01506465 -0.00325400 0.10195900
v -0.01506465 -0.00325400 0.10195900
v -0.01506465 -0.00325400 0.10195900
v -0.01477145 -0.00317900 0.10246299
v -0.01477145 -0.00317900 0.10246299
v -0.01477145 -0.00317900 0.10246299
v -0.01477145 -0.00317900 0.10246299
v -0.01477145 -0.00317900 0.10246299
v -0.01477145 -0.00317900 0.10246299
v -0.01477145 -0.00317900 0.10246299
v -0.01477145 -0.00317900 0.10246299
v -0.01477145 -0.00317900 0.10246299
v -0.01477145 -0.00317900 0.10246299
v -0.01477145 -0.00317900 0.10246299
v -0.01472801 -0.00322000 0.10246399
v -0.01472801 -0.00322000 0.10246399
v -0.01472801 -0.00322000 0.10246399
v -0.01472801 -0.00322000 0.10246399
v -0.01472801 -0.00322000 0.10246399
v -0.01472801 -0.00322000 0.10246399
v -0.01468457 -0.00326000 0.10246299
v -0.01468457 -0.00326000 0.10246299
v -0.01468457 -0.00326000 0.10246299
v -0.01468457 -0.00326000 0.10246299
v -0.01468457 -0.00326000 0.10246299
v -0.01464035 -0.00329800 0.10246199
v -0.01464035 -0.00329800 0.10246199
v -0.01464035 -0.00329800 0.10246199
v -0.01464035 -0.00329800 0.10246199
v -0.01464035 -0.00329800 0.10246199
v -0.01459536 -0.00333600 0.10245999
v -0.01459536 -0.00333600 0.10245999
v -0.01459536 -0.00333600 0.10245999
v -0.01459536 -0.00333600 0.10245999
v -0.01459536 -0.00333600 0.10245999
v -0.01459536 -0.00333600 0.10245999
v -0.01450461 -0.00340700 0.10245399
v -0.01450461 -0.00340700 0.10245399
v -0.01450461 -0.00340700 0.10245399
v -0.01450461 -0.00340700 0.10245399
v -0.01450461 -0.00340700 0.10245399
v -0.01450461 -0.00340700 0.10245399
v -0.01450461 -0.00340700 0.10245399
v -0.01441230 -0.00347300 0.10244399
v -0.01441230 -0.00347300 0.10244399
v -0.01441230 -0.00347300 0.10244399
v -0.01441230 -0.00347300 0.10244399
v -0.01441230 -0.00347300 0.10244399
v -0.01432000 -0.00353400 0.10243099
v -0.01432000 -0.00353400 0.10243099
v -0.01432000 -0.00353400 0.10243099
v -0.01432000 -0.00353400 0.10243099
v -0.01432000 -0.00353400 0.10243099
v -0.01432000 -0.00353400 0.10243099
v -0.01405781 -0.00330500 0.10295299
v -0.01405781 -0.00330500 0.10295299
v -0.01405781 -0.00330500 0.10295299
v -0.01405781 -0.00330500 0.10295299
v -0.01422536 -0.00359000 0.10241499
v -0.01422536 -0.00359000 0.10241499
v -0.01422536 -0.00359000 0.10241499
v -0.01422536 -0.00359000 0.10241499
v -0.01422536 -0.00359000 0.10241499
v -0.01422536 -0.00359000 0.10241499
v -0.01422536 -0.00359000 0.10241499
v -0.01401127 -0.00333000 0.10294399
v -0.01401127 -0.00333000 0.10294399
v -0.01401127 -0.00333000 0.10294399
v -0.01401127 -0.00333000 0.10294399
v -0.01401127 -0.00333000 0.10294399
v -0.01385846 -0.00319300 0.10321499
v -0.01385846 -0.00319300 0.10321499
v -0.01385846 -0.00319300 0.10321499
v -0.01385846 -0.00319300 0.10321499
v -0.01385846 -0.00319300 0.10321499
v -0.01380106 -0.00298300 0.10351499
v -0.01380106 -0.00298300 0.10351499
v -0.01380106 -0.00298300 0.10351499
v -0.01380106 -0.00298300 0.10351499
v -0.01380106 -0.00298300 0.10351499
v -0.01380106 -0.00298300 0.10351499
v -0.01370876 -0.00302300 0.10349899
v -0.01370876 -0.00302300 0.10349899
v -0.01370876 -0.00302300 0.10349899
v -0.01370876 -0.00302300 0.10349899
v -0.01370876 -0.00302300 0.10349899
v -0.01370876 -0.00302300 0.10349899
v -0.01346907 -0.00283800 0.10378699
v -0.01346907 -0.00283800 0.10378699
v -0.01346907 -0.00283800 0.10378699
v -0.01346907 -0.00283800 0.10378699
v -0.01346907 -0.00283800 0.10378699
v -0.01346907 -0.00283800 0.10378699
v -0.01335272 -0.00271800 0.10394099
v -0.01335272 -0.00271800 0.10394099
v -0.01335272 -0.00271800 0.10394099
v -0.01335272 -0.00271800 0.10394099
v -0.01335272 -0.00271800 0.10394099
v -0.01335272 -0.00271800 0.10394099
v -0.01324955 -0.00264400 0.10402799
v -0.01324955 -0.00264400 0.10402799
v -0.01324955 -0.00264400 0.10402799
v -0.01324955 -0.00264400 0.10402799
v -0.01324955 -0.00264400 0.10402799
v -0.01361567 -0.00305700 0.10347999
v -0.01361567 -0.00305700 0.10347999
v -0.01361567 -0.00305700 0.10347999
v -0.01361567 -0.00305700 0.10347999
v -0.01361567 -0.00305700 0.10347999
v -0.01361567 -0.00305700 0.10347999
v -0.01326429 -0.00274000 0.10391899
v -0.01326429 -0.00274000 0.10391899
v -0.01326429 -0.00274000 0.10391899
v -0.01326429 -0.00274000 0.10391899
v -0.01326429 -0.00274000 0.10391899
v -0.01327282 -0.00279000 0.10385999
v -0.01327282 -0.00279000 0.10385999
v -0.01327282 -0.00279000 0.10385999
v -0.01327282 -0.00279000 0.10385999
v -0.01329066 -0.00288600 0.10374199
v -0.01329066 -0.00288600 0.10374199
v -0.01329066 -0.00288600 0.10374199
v -0.01329066 -0.00288600 0.10374199
v -0.01329066 -0.00288600 0.10374199
v -0.01329066 -0.00288600 0.10374199
v -0.01167646 -0.00293800 0.10367499
v -0.01167646 -0.00293800 0.10367499
v -0.01167646 -0.00293800 0.10367499
v -0.01167646 -0.00293800 0.10367499
v -0.01165241 -0.00304600 0.10353099
v -0.01165241 -0.00304600 0.10353099
v -0.01165241 -0.00304600 0.10353099
v -0.01165241 -0.00304600 0.10353099
v -0.01165241 -0.00304600 0.10353099
v -0.01160432 -0.00304400 0.10352799
v -0.01160432 -0.00304400 0.10352799
v -0.01160432 -0.00304400 0.10352799
v -0.01160432 -0.00304400 0.10352799
v -0.01160432 -0.00304400 0.10352799
v -0.01160432 -0.00304400 0.10352799
v -0.01155778 -0.00303800 0.10352399
v -0.01155778 -0.00303800 0.10352399
v -0.01155778 -0.00303800 0.10352399
v -0.01155778 -0.00303800 0.10352399
v -0.01155778 -0.00303800 0.10352399
v -0.01151124 -0.00302900 0.10351799
v -0.01151124 -0.00302900 0.10351799
v -0.01151124 -0.00302900 0.10351799
v -0.01151124 -0.00302900 0.10351799
v -0.01151124 -0.00302900 0.10351799
v -0.01146547 -0.00301700 0.10350899
v -0.01146547 -0.00301700 0.10350899
v -0.01146547 -0.00301700 0.10350899
v -0.01146547 -0.00301700 0.10350899
v -0.01146547 -0.00301700 0.10350899
v -0.01141971 -0.00300200 0.10349799
v -0.01141971 -0.00300200 0.10349799
v -0.01141971 -0.00300200 0.10349799
v -0.01141971 -0.00300200 0.10349799
v -0.01141971 -0.00300200 0.10349799
v -0.01141971 -0.00300200 0.10349799
v -0.01137549 -0.00298400 0.10348499
v -0.01137549 -0.00298400 0.10348499
v -0.01137549 -0.00298400 0.10348499
v -0.01137549 -0.00298400 0.10348499
v -0.01137549 -0.00298400 0.10348499
v -0.01137549 -0.00298400 0.10348499
v -0.01133206 -0.00296300 0.10346999
v -0.01133206 -0.00296300 0.10346999
v -0.01133206 -0.00296300 0.10346999
v -0.01133206 -0.00296300 0.10346999
v -0.01133206 -0.00296300 0.10346999
v -0.01129017 -0.00294000 0.10345199
v -0.01129017 -0.00294000 0.10345199
v -0.01129017 -0.00294000 0.10345199
v -0.01129017 -0.00294000 0.10345199
v -0.01124906 -0.00291400 0.10343399
v -0.01124906 -0.00291400 0.10343399
v -0.01124906 -0.00291400 0.10343399
v -0.01124906 -0.00291400 0.10343399
v -0.01124906 -0.00291400 0.10343399
v -0.01124906 -0.00291400 0.10343399
v -0.01121027 -0.00288600 0.10341199
v -0.01121027 -0.00288600 0.10341199
v -0.01121027 -0.00288600 0.10341199
v -0.01121027 -0.00288600 0.10341199
v -0.01121027 -0.00288600 0.10341199
v -0.01117226 -0.00285400 0.10338899
v -0.01117226 -0.00285400 0.10338899
v -0.01117226 -0.00285400 0.10338899
v -0.01117226 -0.00285400 0.10338899
v -0.01113658 -0.00282000 0.10336499
v -0.01113658 -0.00282000 0.10336499
v -0.01113658 -0.00282000 0.10336499
v -0.01113658 -0.00282000 0.10336499
v -0.01110323 -0.00278500 0.10333799
v -0.01110323 -0.00278500 0.10333799
v -0.01110323 -0.00278500 0.10333799
v -0.01110323 -0.00278500 0.10333799
v -0.01110323 -0.00278500 0.10333799
v -0.01110323 -0.00278500 0.10333799
v -0.01110323 -0.00278500 0.10333799
v -0.01107143 -0.00260100 0.10350099
v -0.01107143 -0.00260100 0.10350099
v -0.01107143 -0.00260100 0.10350099
v -0.01107143 -0.00260100 0.10350099
v -0.01107143 -0.00260100 0.10350099
v -0.01107143 -0.00260100 0.10350099
v -0.01107143 -0.00260100 0.10350099
v -0.01104273 -0.00234900 0.10372199
v -0.01104273 -0.00234900 0.10372199
v -0.01104273 -0.00234900 0.10372199
v -0.01104273 -0.00234900 0.10372199
v -0.01101558 -0.00211100 0.10389799
v -0.01101558 -0.00211100 0.10389799
v -0.01101558 -0.00211100 0.10389799
v -0.01101558 -0.00211100 0.10389799
v -0.01101558 -0.00231000 0.10368699
v -0.01101558 -0.00231000 0.10368699
v -0.01101558 -0.00231000 0.10368699
v -0.01101558 -0.00231000 0.10368699
v -0.01101558 -0.00231000 0.10368699
v -0.01096981 -0.00070600 0.10466399
v -0.01096981 -0.00070600 0.10466399
v -0.01096981 -0.00070600 0.10466399
v -0.01096981 -0.00070600 0.10466399
v -0.01096981 -0.00070600 0.10466399
v -0.01096981 -0.00087100 0.10460599
v -0.01096981 -0.00087100 0.10460599
v -0.01096981 -0.00087100 0.10460599
v -0.01096981 -0.00087100 0.10460599
v -0.01096981 -0.00087100 0.10460599
v -0.01096981 -0.00103900 0.10453499
v -0.01096981 -0.00103900 0.10453499
v -0.01096981 -0.00103900 0.10453499
v -0.01096981 -0.00103900 0.10453499
v -0.01096981 -0.00103900 0.10453499
v -0.01096981 -0.00103900 0.10453499
v -0.01096981 -0.00054100 0.10470999
v -0.01096981 -0.00054100 0.10470999
v -0.01096981 -0.00054100 0.10470999
v -0.01096981 -0.00054100 0.10470999
v -0.01096981 -0.00054100 0.10470999
v -0.01096981 -0.00037500 0.10474599
v -0.01096981 -0.00037500 0.10474599
v -0.01096981 -0.00037500 0.10474599
v -0.01096981 -0.00037500 0.10474599
v -0.01096981 -0.00037500 0.10474599
v -0.01096981 -0.00037500 0.10474599
v -0.01096981 -0.00021000 0.10477099
v -0.01096981 -0.00021000 0.10477099
v -0.01096981 -0.00021000 0.10477099
v -0.01096981 -0.00021000 0.10477099
v -0.01096981 -0.00021000 0.10477099
v -0.01096981 -0.00021000 0.10477099
v -0.01096981 -0.00021000 0.10477099
v -0.01096981 -0.00021000 0.10477099
v -0.01096981 -0.00119200 0.10445799
v -0.01096981 -0.00119200 0.10445799
v -0.01096981 -0.00119200 0.10445799
v -0.01096981 -0.00119200 0.10445799
v -0.01096981 -0.00135000 0.10436699
v -0.01096981 -0.00135000 0.10436699
v -0.01096981 -0.00135000 0.10436699
v -0.01096981 -0.00135000 0.10436699
v -0.01096981 -0.00151100 0.10426099
v -0.01096981 -0.00151100 0.10426099
v -0.01096981 -0.00151100 0.10426099
v -0.01096981 -0.00151100 0.10426099
v -0.01096981 -0.00167600 0.10413899
v -0.01096981 -0.00167600 0.10413899
v -0.01096981 -0.00167600 0.10413899
v -0.01096981 -0.00167600 0.10413899
v -0.01096981 -0.00185100 0.10399299
v -0.01096981 -0.00185100 0.10399299
v -0.01096981 -0.00185100 0.10399299
v -0.01096981 -0.00185100 0.10399299
v -0.01096981 -0.00185100 0.10399299
v -0.01099075 -0.00207400 0.10385999
v -0.01099075 -0.00207400 0.10385999
v -0.01099075 -0.00207400 0.10385999
v -0.01099075 -0.00207400 0.10385999
v -0.01095740 0.00003800 0.10474799
v -0.01095740 0.00003800 0.10474799
v -0.01095740 0.00003800 0.10474799
v -0.01095740 0.00003800 0.10474799
v -0.01095740 0.00003800 0.10474799
v -0.01095740 0.00020600 0.10473399
v -0.01095740 0.00020600 0.10473399
v -0.01095740 0.00020600 0.10473399
v -0.01095740 0.00020600 0.10473399
v -0.01095740 0.00020600 0.10473399
v -0.01095740 0.00020600 0.10473399
v -0.01095740 0.00020600 0.10473399
v -0.01095740 0.00020600 0.10473399
v -0.01096671 -0.00000000 0.10477899
v -0.01096671 -0.00000000 0.10477899
v -0.01096671 -0.00000000 0.10477899
v -0.01096671 -0.00000000 0.10477899
v -0.01096671 -0.00000000 0.10477899
v -0.01096981 -0.00004000 0.10478499
v -0.01096981 -0.00004000 0.10478499
v -0.01096981 -0.00004000 0.10478499
v -0.01096981 -0.00004000 0.10478499
v -0.01096981 -0.00004000 0.10478499
v -0.01095740 0.00036900 0.10470899
v -0.01095740 0.00036900 0.10470899
v -0.01095740 0.00036900 0.10470899
v -0.01095740 0.00036900 0.10470899
v -0.01095740 0.00036900 0.10470899
v -0.01095740 0.00053200 0.10467399
v -0.01095740 0.00053200 0.10467399
v -0.01095740 0.00053200 0.10467399
v -0.01095740 0.00053200 0.10467399
v -0.01095740 0.00053200 0.10467399
v -0.01095740 0.00069500 0.10462799
v -0.01095740 0.00069500 0.10462799
v -0.01095740 0.00069500 0.10462799
v -0.01095740 0.00069500 0.10462799
v -0.01095740 0.00085700 0.10457099
v -0.01095740 0.00085700 0.10457099
v -0.01095740 0.00085700 0.10457099
v -0.01095740 0.00085700 0.10457099
v -0.01095740 0.00102300 0.10450099
v -0.01095740 0.00102300 0.10450099
v -0.01095740 0.00102300 0.10450099
v -0.01095740 0.00102300 0.10450099
v -0.01095740 0.00102300 0.10450099
v -0.01095740 0.00102300 0.10450099
v -0.01095740 0.00102300 0.10450099
v -0.01095740 0.00117400 0.10442499
v -0.01095740 0.00117400 0.10442499
v -0.01095740 0.00117400 0.10442499
v -0.01095740 0.00117400 0.10442499
v -0.01095740 0.00133100 0.10433499
v -0.01095740 0.00133100 0.10433499
v -0.01095740 0.00133100 0.10433499
v -0.01095740 0.00133100 0.10433499
v -0.01095740 0.00148900 0.10423099
v -0.01095740 0.00148900 0.10423099
v -0.01095740 0.00148900 0.10423099
v -0.01095740 0.00148900 0.10423099
v -0.01095740 0.00148900 0.10423099
v -0.01095740 0.00165300 0.10410899
v -0.01095740 0.00165300 0.10410899
v -0.01095740 0.00165300 0.10410899
v -0.01095740 0.00165300 0.10410899
v -0.01095740 0.00165300 0.10410899
v -0.01095740 0.00182600 0.10396499
v -0.01095740 0.00182600 0.10396499
v -0.01095740 0.00182600 0.10396499
v -0.01095740 0.00182600 0.10396499
v -0.01095740 0.00182600 0.10396499
v -0.01095740 0.00219900 0.10358999
v -0.01095740 0.00219900 0.10358999
v -0.01095740 0.00219900 0.10358999
v -0.01095740 0.00219900 0.10358999
v -0.01095740 0.00200700 0.10379299
v -0.01095740 0.00200700 0.10379299
v -0.01095740 0.00200700 0.10379299
v -0.01095740 0.00200700 0.10379299
v -0.01097602 0.00244900 0.10337999
v -0.01097602 0.00244900 0.10337999
v -0.01097602 0.00244900 0.10337999
v -0.01097602 0.00244900 0.10337999
v -0.01097602 0.00244900 0.10337999
v -0.01097602 0.00244900 0.10337999
v -0.01099851 0.00263400 0.10322799
v -0.01099851 0.00263400 0.10322799
v -0.01099851 0.00263400 0.10322799
v -0.01099851 0.00263400 0.10322799
v -0.01099851 0.00263400 0.10322799
v -0.01099851 0.00263400 0.10322799
v -0.01099851 0.00263400 0.10322799
v -0.01102333 0.00267600 0.10325899
v -0.01102333 0.00267600 0.10325899
v -0.01102333 0.00267600 0.10325899
v -0.01102333 0.00267600 0.10325899
v -0.01102333 0.00267600 0.10325899
v -0.01105048 0.00271700 0.10328899
v -0.01105048 0.00271700 0.10328899
v -0.01105048 0.00271700 0.10328899
v -0.01105048 0.00271700 0.10328899
v -0.01107996 0.00275700 0.10331799
v -0.01107996 0.00275700 0.10331799
v -0.01107996 0.00275700 0.10331799
v -0.01107996 0.00275700 0.10331799
v -0.01107996 0.00275700 0.10331799
v -0.01111254 0.00279500 0.10334499
v -0.01111254 0.00279500 0.10334499
v -0.01111254 0.00279500 0.10334499
v -0.01111254 0.00279500 0.10334499
v -0.01114667 0.00283000 0.10337199
v -0.01114667 0.00283000 0.10337199
v -0.01114667 0.00283000 0.10337199
v -0.01114667 0.00283000 0.10337199
v -0.01114667 0.00283000 0.10337199
v -0.01114667 0.00283000 0.10337199
v -0.01118235 0.00286300 0.10339599
v -0.01118235 0.00286300 0.10339599
v -0.01118235 0.00286300 0.10339599
v -0.01118235 0.00286300 0.10339599
v -0.01122113 0.00289300 0.10341799
v -0.01122113 0.00289300 0.10341799
v -0.01122113 0.00289300 0.10341799
v -0.01122113 0.00289300 0.10341799
v -0.01126069 0.00292200 0.10343999
v -0.01126069 0.00292200 0.10343999
v -0.01126069 0.00292200 0.10343999
v -0.01126069 0.00292200 0.10343999
v -0.01126069 0.00292200 0.10343999
v -0.01126069 0.00292200 0.10343999
v -0.01126069 0.00292200 0.10343999
v -0.01126069 0.00292200 0.10343999
v -0.01130336 0.00294800 0.10345799
v -0.01130336 0.00294800 0.10345799
v -0.01130336 0.00294800 0.10345799
v -0.01130336 0.00294800 0.10345799
v -0.01130336 0.00294800 0.10345799
v -0.01134679 0.00297100 0.10347499
v -0.01134679 0.00297100 0.10347499
v -0.01134679 0.00297100 0.10347499
v -0.01134679 0.00297100 0.10347499
v -0.01139178 0.00299000 0.10348999
v -0.01139178 0.00299000 0.10348999
v -0.01139178 0.00299000 0.10348999
v -0.01139178 0.00299000 0.10348999
v -0.01139178 0.00299000 0.10348999
v -0.01139178 0.00299000 0.10348999
v -0.01139178 0.00299000 0.10348999
v -0.01143755 0.00300800 0.10350199
v -0.01143755 0.00300800 0.10350199
v -0.01143755 0.00300800 0.10350199
v -0.01143755 0.00300800 0.10350199
v -0.01143755 0.00300800 0.10350199
v -0.01148487 0.00302200 0.10351299
v -0.01148487 0.00302200 0.10351299
v -0.01148487 0.00302200 0.10351299
v -0.01148487 0.00302200 0.10351299
v -0.01148487 0.00302200 0.10351299
v -0.01148487 0.00302200 0.10351299
v -0.01153218 0.00303300 0.10352099
v -0.01153218 0.00303300 0.10352099
v -0.01153218 0.00303300 0.10352099
v -0.01153218 0.00303300 0.10352099
v -0.01158105 0.00304100 0.10352699
v -0.01158105 0.00304100 0.10352699
v -0.01158105 0.00304100 0.10352699
v -0.01158105 0.00304100 0.10352699
v -0.01158105 0.00304100 0.10352699
v -0.01158105 0.00304100 0.10352699
v -0.01162992 0.00304600 0.10352999
v -0.01162992 0.00304600 0.10352999
v -0.01162992 0.00304600 0.10352999
v -0.01162992 0.00304600 0.10352999
v -0.01162992 0.00304600 0.10352999
v -0.01162992 0.00304600 0.10352999
v -0.01167646 0.00294700 0.10366499
v -0.01167646 0.00294700 0.10366499
v -0.01167646 0.00294700 0.10366499
v -0.01167646 0.00294700 0.10366499
v -0.01167646 0.00294700 0.10366499
v -0.01329842 0.00292600 0.10368999
v -0.01329842 0.00292600 0.10368999
v -0.01329842 0.00292600 0.10368999
v -0.01329842 0.00292600 0.10368999
v -0.01329842 0.00292600 0.10368999
v -0.01337987 0.00286400 0.10376599
v -0.01337987 0.00286400 0.10376599
v -0.01337987 0.00286400 0.10376599
v -0.01337987 0.00286400 0.10376599
v -0.01337987 0.00286400 0.10376599
v -0.01337987 0.00286400 0.10376599
v -0.01337987 0.00286400 0.10376599
v -0.01352492 0.00308800 0.10345899
v -0.01352492 0.00308800 0.10345899
v -0.01352492 0.00308800 0.10345899
v -0.01352492 0.00308800 0.10345899
v -0.01352492 0.00308800 0.10345899
v -0.01352492 0.00308800 0.10345899
v -0.01367307 0.00326700 0.10317499
v -0.01367307 0.00326700 0.10317499
v -0.01367307 0.00326700 0.10317499
v -0.01367307 0.00326700 0.10317499
v -0.01367307 0.00326700 0.10317499
v -0.01382433 0.00341500 0.10290599
v -0.01382433 0.00341500 0.10290599
v -0.01382433 0.00341500 0.10290599
v -0.01382433 0.00341500 0.10290599
v -0.01382433 0.00341500 0.10290599
v -0.01387087 0.00339500 0.10291699
v -0.01387087 0.00339500 0.10291699
v -0.01387087 0.00339500 0.10291699
v -0.01387087 0.00339500 0.10291699
v -0.01403687 0.00368500 0.10237499
v -0.01403687 0.00368500 0.10237499
v -0.01403687 0.00368500 0.10237499
v -0.01403687 0.00368500 0.10237499
v -0.01403687 0.00368500 0.10237499
v -0.01403687 0.00368500 0.10237499
v -0.01403687 0.00368500 0.10237499
v -0.01413150 0.00364100 0.10239699
v -0.01413150 0.00364100 0.10239699
v -0.01413150 0.00364100 0.10239699
v -0.01413150 0.00364100 0.10239699
v -0.01413150 0.00364100 0.10239699
v -0.01413150 0.00364100 0.10239699
v -0.01413150 0.00364100 0.10239699
v -0.01413150 0.00364100 0.10239699
v -0.01434792 0.00385200 0.10189099
v -0.01434792 0.00385200 0.10189099
v -0.01434792 0.00385200 0.10189099
v -0.01434792 0.00385200 0.10189099
v -0.01434792 0.00385200 0.10189099
v -0.01434792 0.00385200 0.10189099
v -0.01444178 0.00379600 0.10190899
v -0.01444178 0.00379600 0.10190899
v -0.01444178 0.00379600 0.10190899
v -0.01444178 0.00379600 0.10190899
v -0.01444178 0.00379600 0.10190899
v -0.01444178 0.00379600 0.10190899
v -0.01444178 0.00379600 0.10190899
v -0.01453641 0.00373300 0.10192599
v -0.01453641 0.00373300 0.10192599
v -0.01453641 0.00373300 0.10192599
v -0.01453641 0.00373300 0.10192599
v -0.01453641 0.00373300 0.10192599
v -0.01453641 0.00373300 0.10192599
v -0.01462872 0.00366700 0.10193899
v -0.01462872 0.00366700 0.10193899
v -0.01462872 0.00366700 0.10193899
v -0.01462872 0.00366700 0.10193899
v -0.01462872 0.00366700 0.10193899
v -0.01462872 0.00366700 0.10193899
v -0.01462872 0.00366700 0.10193899
v -0.01472025 0.00359400 0.10194899
v -0.01472025 0.00359400 0.10194899
v -0.01472025 0.00359400 0.10194899
v -0.01472025 0.00359400 0.10194899
v -0.01476524 0.00355700 0.10195399
v -0.01476524 0.00355700 0.10195399
v -0.01476524 0.00355700 0.10195399
v -0.01476524 0.00355700 0.10195399
v -0.01476524 0.00355700 0.10195399
v -0.01476524 0.00355700 0.10195399
v -0.01476524 0.00355700 0.10195399
v -0.01480945 0.00351700 0.10195699
v -0.01480945 0.00351700 0.10195699
v -0.01480945 0.00351700 0.10195699
v -0.01480945 0.00351700 0.10195699
v -0.01485367 0.00347600 0.10196000
v -0.01485367 0.00347600 0.10196000
v -0.01485367 0.00347600 0.10196000
v -0.01485367 0.00347600 0.10196000
v -0.01485367 0.00347600 0.10196000
v -0.01485367 0.00347600 0.10196000
v -0.01489711 0.00343300 0.10196100
v -0.01489711 0.00343300 0.10196100
v -0.01489711 0.00343300 0.10196100
v -0.01489711 0.00343300 0.10196100
v -0.01494054 0.00339000 0.10196200
v -0.01494054 0.00339000 0.10196200
v -0.01494054 0.00339000 0.10196200
v -0.01494054 0.00339000 0.10196200
v -0.01494054 0.00339000 0.10196200
v -0.01498243 0.00334700 0.10196200
v -0.01498243 0.00334700 0.10196200
v -0.01498243 0.00334700 0.10196200
v -0.01498243 0.00334700 0.10196200
v -0.01498243 0.00334700 0.10196200
v -0.01502432 0.00330100 0.10196100
v -0.01502432 0.00330100 0.10196100
v -0.01502432 0.00330100 0.10196100
v -0.01502432 0.00330100 0.10196100
v -0.01474973 0.00165100 0.10395199
v -0.01474973 0.00165100 0.10395199
v -0.01474973 0.00165100 0.10395199
v -0.01474973 0.00165100 0.10395199
v -0.01474973 0.00165100 0.10395199
v -0.01478618 0.00161000 0.10392999
v -0.01478618 0.00161000 0.10392999
v -0.01478618 0.00161000 0.10392999
v -0.01478618 0.00161000 0.10392999
v -0.01481411 0.00191000 0.10367899
v -0.01481411 0.00191000 0.10367899
v -0.01481411 0.00191000 0.10367899
v -0.01481411 0.00191000 0.10367899
v -0.01481411 0.00191000 0.10367899
v -0.01481411 0.00191000 0.10367899
v -0.01481411 0.00191000 0.10367899
v -0.01481411 0.00191000 0.10367899
v -0.01481411 0.00191000 0.10367899
v -0.01481411 0.00191000 0.10367899
v -0.01481411 0.00191000 0.10367899
v -0.01487771 0.00212600 0.10341700
v -0.01487771 0.00212600 0.10341700
v -0.01487771 0.00212600 0.10341700
v -0.01487771 0.00212600 0.10341700
v -0.01487771 0.00212600 0.10341700
v -0.01487771 0.00212600 0.10341700
v -0.01482109 0.00156900 0.10390699
v -0.01482109 0.00156900 0.10390699
v -0.01482109 0.00156900 0.10390699
v -0.01485600 0.00152700 0.10388500
v -0.01485600 0.00152700 0.10388500
v -0.01485600 0.00152700 0.10388500
v -0.01485600 0.00152700 0.10388500
v -0.01485600 0.00152700 0.10388500
v -0.01485600 0.00152700 0.10388500
v -0.01488935 0.00148400 0.10386000
v -0.01488935 0.00148400 0.10386000
v -0.01488935 0.00148400 0.10386000
v -0.01488935 0.00148400 0.10386000
v -0.01488935 0.00148400 0.10386000
v -0.01492193 0.00105000 0.10404300
v -0.01492193 0.00105000 0.10404300
v -0.01492193 0.00105000 0.10404300
v -0.01492193 0.00105000 0.10404300
v -0.01492193 0.00105000 0.10404300
v -0.01492193 0.00105000 0.10404300
v -0.01492193 0.00144100 0.10383500
v -0.01492193 0.00144100 0.10383500
v -0.01492193 0.00144100 0.10383500
v -0.01492193 0.00144100 0.10383500
v -0.01492193 0.00144100 0.10383500
v -0.01498476 0.00135400 0.10378400
v -0.01498476 0.00135400 0.10378400
v -0.01498476 0.00135400 0.10378400
v -0.01498476 0.00135400 0.10378400
v -0.01498476 0.00135400 0.10378400
v -0.01498166 0.00097400 0.10397900
v -0.01498166 0.00097400 0.10397900
v -0.01498166 0.00097400 0.10397900
v -0.01498166 0.00097400 0.10397900
v -0.01498166 0.00097400 0.10397900
v -0.01494985 0.00077000 0.10411400
v -0.01494985 0.00077000 0.10411400
v -0.01494985 0.00077000 0.10411400
v -0.01494985 0.00077000 0.10411400
v -0.01494985 0.00077000 0.10411400
v -0.01497468 0.00038600 0.10418400
v -0.01497468 0.00038600 0.10418400
v -0.01497468 0.00038600 0.10418400
v -0.01497468 0.00038600 0.10418400
v -0.01497468 0.00038600 0.10418400
v -0.01497468 0.00038600 0.10418400
v -0.01499019 0.00057200 0.10411000
v -0.01499019 0.00057200 0.10411000
v -0.01499019 0.00057200 0.10411000
v -0.01499019 0.00057200 0.10411000
v -0.01499019 0.00057200 0.10411000
v -0.01501579 0.00009800 0.10415600
v -0.01501579 0.00009800 0.10415600
v -0.01501579 0.00009800 0.10415600
v -0.01501579 0.00009800 0.10415600
v -0.01501579 0.00009800 0.10415600
v -0.01511818 -0.00000000 0.10397000
v -0.01511818 -0.00000000 0.10397000
v -0.01511818 -0.00000000 0.10397000
v -0.01511818 -0.00000000 0.10397000
v -0.01511818 -0.00000000 0.10397000
v -0.01511818 -0.00000000 0.10397000
v -0.01506853 -0.00007800 0.10406400
v -0.01506853 -0.00007800 0.10406400
v -0.01506853 -0.00007800 0.10406400
v -0.01506853 -0.00007800 0.10406400
v -0.01506853 -0.00007800 0.10406400
v -0.01506853 -0.00007800 0.10406400
v -0.01501579 -0.00009800 0.10415600
v -0.01501579 -0.00009800 0.10415600
v -0.01501579 -0.00009800 0.10415600
v -0.01501579 -0.00009800 0.10415600
v -0.01506853 0.00007800 0.10406400
v -0.01506853 0.00007800 0.10406400
v -0.01506853 0.00007800 0.10406400
v -0.01506853 0.00007800 0.10406400
v -0.01506853 0.00007800 0.10406400
v -0.01506853 0.00007800 0.10406400
v -0.01502897 -0.00034300 0.10410000
v -0.01502897 -0.00034300 0.10410000
v -0.01502897 -0.00034300 0.10410000
v -0.01502897 -0.00034300 0.10410000
v -0.01502897 -0.00034300 0.10410000
v -0.01502897 -0.00034300 0.10410000
v -0.01497468 -0.00038600 0.10418400
v -0.01497468 -0.00038600 0.10418400
v -0.01497468 -0.00038600 0.10418400
v -0.01497468 -0.00038600 0.10418400
v -0.01497468 -0.00038600 0.10418400
v -0.01499019 -0.00057200 0.10411000
v -0.01499019 -0.00057200 0.10411000
v -0.01499019 -0.00057200 0.10411000
v -0.01499019 -0.00057200 0.10411000
v -0.01499019 -0.00057200 0.10411000
v -0.01500648 -0.00070200 0.10404100
v -0.01500648 -0.00070200 0.10404100
v -0.01500648 -0.00070200 0.10404100
v -0.01500648 -0.00070200 0.10404100
v -0.01500648 -0.00070200 0.10404100
v -0.01503828 -0.00089700 0.10391400
v -0.01503828 -0.00089700 0.10391400
v -0.01503828 -0.00089700 0.10391400
v -0.01503828 -0.00089700 0.10391400
v -0.01503828 -0.00089700 0.10391400
v -0.01503828 -0.00089700 0.10391400
v -0.01503828 -0.00089700 0.10391400
v -0.01498166 -0.00097300 0.10397900
v -0.01498166 -0.00097300 0.10397900
v -0.01498166 -0.00097300 0.10397900
v -0.01498166 -0.00097300 0.10397900
v -0.01498166 -0.00097300 0.10397900
v -0.01492193 -0.00105000 0.10404300
v -0.01492193 -0.00105000 0.10404300
v -0.01492193 -0.00105000 0.10404300
v -0.01492193 -0.00105000 0.10404300
v -0.01492193 -0.00105000 0.10404300
v -0.01492193 -0.00105000 0.10404300
v -0.01500725 0.00070300 0.10404100
v -0.01500725 0.00070300 0.10404100
v -0.01500725 0.00070300 0.10404100
v -0.01500725 0.00070300 0.10404100
v -0.01500725 0.00070300 0.10404100
v -0.01500725 0.00070300 0.10404100
v -0.01498476 -0.00135500 0.10378400
v -0.01498476 -0.00135500 0.10378400
v -0.01498476 -0.00135500 0.10378400
v -0.01498476 -0.00135500 0.10378400
v -0.01498476 -0.00135500 0.10378400
v -0.01498476 -0.00135500 0.10378400
v -0.01492193 -0.00144200 0.10383500
v -0.01492193 -0.00144200 0.10383500
v -0.01492193 -0.00144200 0.10383500
v -0.01492193 -0.00144200 0.10383500
v -0.01492193 -0.00144200 0.10383500
v -0.01488935 -0.00148400 0.10386100
v -0.01488935 -0.00148400 0.10386100
v -0.01488935 -0.00148400 0.10386100
v -0.01488935 -0.00148400 0.10386100
v -0.01488935 -0.00148400 0.10386100
v -0.01488935 -0.00148400 0.10386100
v -0.01485600 -0.00152700 0.10388500
v -0.01485600 -0.00152700 0.10388500
v -0.01485600 -0.00152700 0.10388500
v -0.01485600 -0.00152700 0.10388500
v -0.01485600 -0.00152700 0.10388500
v -0.01485600 -0.00152700 0.10388500
v -0.01485600 -0.00152700 0.10388500
v -0.01478618 -0.00161100 0.10392999
v -0.01478618 -0.00161100 0.10392999
v -0.01478618 -0.00161100 0.10392999
v -0.01478618 -0.00161100 0.10392999
v -0.01478618 -0.00161100 0.10392999
v -0.01474973 -0.00165000 0.10395199
v -0.01474973 -0.00165000 0.10395199
v -0.01474973 -0.00165000 0.10395199
v -0.01474973 -0.00165000 0.10395199
v -0.01481411 -0.00190900 0.10367899
v -0.01481411 -0.00190900 0.10367899
v -0.01481411 -0.00190900 0.10367899
v -0.01481411 -0.00190900 0.10367899
v -0.01481411 -0.00190900 0.10367899
v -0.01481411 -0.00190900 0.10367899
v -0.01481411 -0.00190900 0.10367899
v -0.01481411 -0.00190900 0.10367899
v -0.01481411 -0.00190900 0.10367899
v -0.01487771 -0.00212500 0.10341700
v -0.01487771 -0.00212500 0.10341700
v -0.01487771 -0.00212500 0.10341700
v -0.01487771 -0.00212500 0.10341700
v -0.01487771 -0.00212500 0.10341700
v -0.01487771 -0.00212500 0.10341700
v -0.01531985 0.00367400 0.10098600
v -0.01531985 0.00367400 0.10098600
v -0.01531985 0.00367400 0.10098600
v -0.01531985 0.00367400 0.10098600
v -0.01531985 0.00367400 0.10098600
v -0.01531985 0.00367400 0.10098600
v -0.01531985 0.00367400 0.10098600
v -0.01539975 0.00357400 0.10098700
v -0.01539975 0.00357400 0.10098700
v -0.01539975 0.00357400 0.10098700
v -0.01539975 0.00357400 0.10098700
v -0.01539975 0.00357400 0.10098700
v -0.01539975 0.00357400 0.10098700
v -0.01539975 0.00357400 0.10098700
v -0.01496769 0.00252300 0.10292300
v -0.01496769 0.00252300 0.10292300
v -0.01496769 0.00252300 0.10292300
v -0.01496769 0.00252300 0.10292300
v -0.01496769 0.00252300 0.10292300
v -0.01496769 0.00252300 0.10292300
v -0.01522057 0.00305700 0.10194300
v -0.01522057 0.00305700 0.10194300
v -0.01522057 0.00305700 0.10194300
v -0.01522057 0.00305700 0.10194300
v -0.01522057 0.00305700 0.10194300
v -0.01522057 0.00305700 0.10194300
v -0.01547654 0.00347000 0.10098400
v -0.01547654 0.00347000 0.10098400
v -0.01547654 0.00347000 0.10098400
v -0.01547654 0.00347000 0.10098400
v -0.01547654 0.00347000 0.10098400
v -0.01547654 0.00347000 0.10098400
v -0.01503983 -0.00242600 0.10290000
v -0.01503983 -0.00242600 0.10290000
v -0.01503983 -0.00242600 0.10290000
v -0.01503983 -0.00242600 0.10290000
v -0.01503983 -0.00242600 0.10290000
v -0.01503983 -0.00242600 0.10290000
v -0.01529426 -0.00295400 0.10193100
v -0.01529426 -0.00295400 0.10193100
v -0.01529426 -0.00295400 0.10193100
v -0.01529426 -0.00295400 0.10193100
v -0.01529426 -0.00295400 0.10193100
v -0.01529426 -0.00295400 0.10193100
v -0.01522057 -0.00305800 0.10194300
v -0.01522057 -0.00305800 0.10194300
v -0.01522057 -0.00305800 0.10194300
v -0.01522057 -0.00305800 0.10194300
v -0.01522057 -0.00305800 0.10194300
v -0.01547654 -0.00347100 0.10098400
v -0.01547654 -0.00347100 0.10098400
v -0.01547654 -0.00347100 0.10098400
v -0.01547654 -0.00347100 0.10098400
v -0.01547654 -0.00347100 0.10098400
v -0.01547654 -0.00347100 0.10098400
v -0.01539975 -0.00357400 0.10098700
v -0.01539975 -0.00357400 0.10098700
v -0.01539975 -0.00357400 0.10098700
v -0.01539975 -0.00357400 0.10098700
v -0.01539975 -0.00357400 0.10098700
v -0.01539975 -0.00357400 0.10098700
v -0.01539975 -0.00357400 0.10098700
v -0.01531985 -0.00367300 0.10098600
v -0.01531985 -0.00367300 0.10098600
v -0.01531985 -0.00367300 0.10098600
v -0.01531985 -0.00367300 0.10098600
v -0.01531985 -0.00367300 0.10098600
v -0.01531985 -0.00367300 0.10098600
v -0.01531985 -0.00367300 0.10098600
v -0.01502432 -0.00330100 0.10196100
v -0.01502432 -0.00330100 0.10196100
v -0.01502432 -0.00330100 0.10196100
v -0.01502432 -0.00330100 0.10196100
v -0.01498243 -0.00334600 0.10196200
v -0.01498243 -0.00334600 0.10196200
v -0.01498243 -0.00334600 0.10196200
v -0.01498243 -0.00334600 0.10196200
v -0.01498243 -0.00334600 0.10196200
v -0.01494054 -0.00339100 0.10196200
v -0.01494054 -0.00339100 0.10196200
v -0.01494054 -0.00339100 0.10196200
v -0.01494054 -0.00339100 0.10196200
v -0.01489711 -0.00343400 0.10196100
v -0.01489711 -0.00343400 0.10196100
v -0.01489711 -0.00343400 0.10196100
v -0.01489711 -0.00343400 0.10196100
v -0.01489711 -0.00343400 0.10196100
v -0.01485367 -0.00347500 0.10196000
v -0.01485367 -0.00347500 0.10196000
v -0.01485367 -0.00347500 0.10196000
v -0.01485367 -0.00347500 0.10196000
v -0.01485367 -0.00347500 0.10196000
v -0.01485367 -0.00347500 0.10196000
v -0.01480945 -0.00351600 0.10195699
v -0.01480945 -0.00351600 0.10195699
v -0.01480945 -0.00351600 0.10195699
v -0.01480945 -0.00351600 0.10195699
v -0.01476524 -0.00355600 0.10195399
v -0.01476524 -0.00355600 0.10195399
v -0.01476524 -0.00355600 0.10195399
v -0.01476524 -0.00355600 0.10195399
v -0.01476524 -0.00355600 0.10195399
v -0.01472025 -0.00359500 0.10194899
v -0.01472025 -0.00359500 0.10194899
v -0.01472025 -0.00359500 0.10194899
v -0.01472025 -0.00359500 0.10194899
v -0.01472025 -0.00359500 0.10194899
v -0.01462872 -0.00366600 0.10193899
v -0.01462872 -0.00366600 0.10193899
v -0.01462872 -0.00366600 0.10193899
v -0.01462872 -0.00366600 0.10193899
v -0.01462872 -0.00366600 0.10193899
v -0.01453564 -0.00373400 0.10192599
v -0.01453564 -0.00373400 0.10192599
v -0.01453564 -0.00373400 0.10192599
v -0.01453564 -0.00373400 0.10192599
v -0.01453564 -0.00373400 0.10192599
v -0.01453564 -0.00373400 0.10192599
v -0.01444178 -0.00379500 0.10190899
v -0.01444178 -0.00379500 0.10190899
v -0.01444178 -0.00379500 0.10190899
v -0.01444178 -0.00379500 0.10190899
v -0.01444178 -0.00379500 0.10190899
v -0.01444178 -0.00379500 0.10190899
v -0.01434792 -0.00385100 0.10189099
v -0.01434792 -0.00385100 0.10189099
v -0.01434792 -0.00385100 0.10189099
v -0.01434792 -0.00385100 0.10189099
v -0.01434792 -0.00385100 0.10189099
v -0.01434792 -0.00385100 0.10189099
v -0.01413150 -0.00364000 0.10239699
v -0.01413150 -0.00364000 0.10239699
v -0.01413150 -0.00364000 0.10239699
v -0.01413150 -0.00364000 0.10239699
v -0.01413150 -0.00364000 0.10239699
v -0.01413150 -0.00364000 0.10239699
v -0.01413150 -0.00364000 0.10239699
v -0.01391742 -0.00337400 0.10292699
v -0.01391742 -0.00337400 0.10292699
v -0.01391742 -0.00337400 0.10292699
v -0.01391742 -0.00337400 0.10292699
v -0.01391742 -0.00337400 0.10292699
v -0.01376616 -0.00323100 0.10319599
v -0.01376616 -0.00323100 0.10319599
v -0.01376616 -0.00323100 0.10319599
v -0.01376616 -0.00323100 0.10319599
v -0.01376616 -0.00323100 0.10319599
v -0.01337987 -0.00286300 0.10376599
v -0.01337987 -0.00286300 0.10376599
v -0.01337987 -0.00286300 0.10376599
v -0.01337987 -0.00286300 0.10376599
v -0.01337987 -0.00286300 0.10376599
v -0.01352492 -0.00308700 0.10345899
v -0.01352492 -0.00308700 0.10345899
v -0.01352492 -0.00308700 0.10345899
v -0.01352492 -0.00308700 0.10345899
v -0.01352492 -0.00308700 0.10345899
v -0.01367307 -0.00326700 0.10317499
v -0.01367307 -0.00326700 0.10317499
v -0.01367307 -0.00326700 0.10317499
v -0.01367307 -0.00326700 0.10317499
v -0.01367307 -0.00326700 0.10317499
v -0.01343494 -0.00311400 0.10343499
v -0.01343494 -0.00311400 0.10343499
v -0.01343494 -0.00311400 0.10343499
v -0.01343494 -0.00311400 0.10343499
v -0.01343494 -0.00311400 0.10343499
v -0.01343494 -0.00311400 0.10343499
v -0.01343494 -0.00311400 0.10343499
v -0.01333565 -0.00309600 0.10346399
v -0.01333565 -0.00309600 0.10346399
v -0.01333565 -0.00309600 0.10346399
v -0.01333565 -0.00309600 0.10346399
v -0.01167646 -0.00304700 0.10353099
v -0.01167646 -0.00304700 0.10353099
v -0.01167646 -0.00304700 0.10353099
v -0.01167646 -0.00304700 0.10353099
v -0.01167646 -0.00325300 0.10323599
v -0.01167646 -0.00325300 0.10323599
v -0.01167646 -0.00325300 0.10323599
v -0.01167646 -0.00325300 0.10323599
v -0.01167646 -0.00325300 0.10323599
v -0.01165241 -0.00330200 0.10316099
v -0.01165241 -0.00330200 0.10316099
v -0.01165241 -0.00330200 0.10316099
v -0.01165241 -0.00330200 0.10316099
v -0.01165241 -0.00330200 0.10316099
v -0.01165241 -0.00330200 0.10316099
v -0.01160432 -0.00329800 0.10315899
v -0.01160432 -0.00329800 0.10315899
v -0.01160432 -0.00329800 0.10315899
v -0.01160432 -0.00329800 0.10315899
v -0.01155778 -0.00329200 0.10315499
v -0.01155778 -0.00329200 0.10315499
v -0.01155778 -0.00329200 0.10315499
v -0.01155778 -0.00329200 0.10315499
v -0.01155778 -0.00329200 0.10315499
v -0.01151124 -0.00328300 0.10314899
v -0.01151124 -0.00328300 0.10314899
v -0.01151124 -0.00328300 0.10314899
v -0.01151124 -0.00328300 0.10314899
v -0.01146547 -0.00327100 0.10314099
v -0.01146547 -0.00327100 0.10314099
v -0.01146547 -0.00327100 0.10314099
v -0.01146547 -0.00327100 0.10314099
v -0.01146547 -0.00327100 0.10314099
v -0.01146547 -0.00327100 0.10314099
v -0.01146547 -0.00327100 0.10314099
v -0.01146547 -0.00327100 0.10314099
v -0.01141971 -0.00325500 0.10312999
v -0.01141971 -0.00325500 0.10312999
v -0.01141971 -0.00325500 0.10312999
v -0.01141971 -0.00325500 0.10312999
v -0.01137549 -0.00323700 0.10311799
v -0.01137549 -0.00323700 0.10311799
v -0.01137549 -0.00323700 0.10311799
v -0.01137549 -0.00323700 0.10311799
v -0.01137549 -0.00323700 0.10311799
v -0.01137549 -0.00323700 0.10311799
v -0.01137549 -0.00323700 0.10311799
v -0.01133206 -0.00321500 0.10310499
v -0.01133206 -0.00321500 0.10310499
v -0.01133206 -0.00321500 0.10310499
v -0.01133206 -0.00321500 0.10310499
v -0.01133206 -0.00321500 0.10310499
v -0.01129017 -0.00319000 0.10308799
v -0.01129017 -0.00319000 0.10308799
v -0.01129017 -0.00319000 0.10308799
v -0.01129017 -0.00319000 0.10308799
v -0.01129017 -0.00319000 0.10308799
v -0.01124906 -0.00316300 0.10307099
v -0.01124906 -0.00316300 0.10307099
v -0.01124906 -0.00316300 0.10307099
v -0.01124906 -0.00316300 0.10307099
v -0.01121027 -0.00313400 0.10305099
v -0.01121027 -0.00313400 0.10305099
v -0.01121027 -0.00313400 0.10305099
v -0.01121027 -0.00313400 0.10305099
v -0.01121027 -0.00313400 0.10305099
v -0.01121027 -0.00313400 0.10305099
v -0.01117226 -0.00310100 0.10303099
v -0.01117226 -0.00310100 0.10303099
v -0.01117226 -0.00310100 0.10303099
v -0.01117226 -0.00310100 0.10303099
v -0.01117226 -0.00310100 0.10303099
v -0.01113658 -0.00306600 0.10300799
v -0.01113658 -0.00306600 0.10300799
v -0.01113658 -0.00306600 0.10300799
v -0.01113658 -0.00306600 0.10300799
v -0.01113658 -0.00306600 0.10300799
v -0.01113658 -0.00306600 0.10300799
v -0.01113658 -0.00306600 0.10300799
v -0.01110323 -0.00302900 0.10298299
v -0.01110323 -0.00302900 0.10298299
v -0.01110323 -0.00302900 0.10298299
v -0.01110323 -0.00302900 0.10298299
v -0.01110323 -0.00302900 0.10298299
v -0.01107143 -0.00298900 0.10295799
v -0.01107143 -0.00298900 0.10295799
v -0.01107143 -0.00298900 0.10295799
v -0.01107143 -0.00298900 0.10295799
v -0.01107143 -0.00298900 0.10295799
v -0.01107143 -0.00274600 0.10330999
v -0.01107143 -0.00274600 0.10330999
v -0.01107143 -0.00274600 0.10330999
v -0.01107143 -0.00274600 0.10330999
v -0.01107143 -0.00274600 0.10330999
v -0.01104273 -0.00256100 0.10346999
v -0.01104273 -0.00256100 0.10346999
v -0.01104273 -0.00256100 0.10346999
v -0.01104273 -0.00256100 0.10346999
v -0.01104273 -0.00270600 0.10327999
v -0.01104273 -0.00270600 0.10327999
v -0.01104273 -0.00270600 0.10327999
v -0.01104273 -0.00270600 0.10327999
v -0.01104273 -0.00270600 0.10327999
v -0.01101558 -0.00252000 0.10343799
v -0.01101558 -0.00252000 0.10343799
v -0.01101558 -0.00252000 0.10343799
v -0.01101558 -0.00252000 0.10343799
v -0.01099075 -0.00247800 0.10340399
v -0.01099075 -0.00247800 0.10340399
v -0.01099075 -0.00247800 0.10340399
v -0.01099075 -0.00247800 0.10340399
v -0.01099075 -0.00247800 0.10340399
v -0.01099075 -0.00226900 0.10365099
v -0.01099075 -0.00226900 0.10365099
v -0.01099075 -0.00226900 0.10365099
v -0.01099075 -0.00226900 0.10365099
v -0.01095120 -0.00068800 0.10460799
v -0.01095120 -0.00068800 0.10460799
v -0.01095120 -0.00068800 0.10460799
v -0.01095120 -0.00068800 0.10460799
v -0.01095120 -0.00068800 0.10460799
v -0.01095120 -0.00085000 0.10455199
v -0.01095120 -0.00085000 0.10455199
v -0.01095120 -0.00085000 0.10455199
v -0.01095120 -0.00085000 0.10455199
v -0.01095120 -0.00116400 0.10440699
v -0.01095120 -0.00116400 0.10440699
v -0.01095120 -0.00116400 0.10440699
v -0.01095120 -0.00116400 0.10440699
v -0.01095120 -0.00116400 0.10440699
v -0.01095120 -0.00116400 0.10440699
v -0.01095120 -0.00101400 0.10448199
v -0.01095120 -0.00101400 0.10448199
v -0.01095120 -0.00101400 0.10448199
v -0.01095120 -0.00101400 0.10448199
v -0.01095120 -0.00052700 0.10465399
v -0.01095120 -0.00052700 0.10465399
v -0.01095120 -0.00052700 0.10465399
v -0.01095120 -0.00052700 0.10465399
v -0.01095120 -0.00052700 0.10465399
v -0.01095120 -0.00036500 0.10468799
v -0.01095120 -0.00036500 0.10468799
v -0.01095120 -0.00036500 0.10468799
v -0.01095120 -0.00036500 0.10468799
v -0.01095120 -0.00020300 0.10471299
v -0.01095120 -0.00020300 0.10471299
v -0.01095120 -0.00020300 0.10471299
v -0.01095120 -0.00020300 0.10471299
v -0.01095120 -0.00020300 0.10471299
v -0.01095120 -0.00003700 0.10472799
v -0.01095120 -0.00003700 0.10472799
v -0.01095120 -0.00003700 0.10472799
v -0.01095120 -0.00003700 0.10472799
v -0.01095120 -0.00003700 0.10472799
v -0.01095120 -0.00132000 0.10431699
v -0.01095120 -0.00132000 0.10431699
v -0.01095120 -0.00132000 0.10431699
v -0.01095120 -0.00132000 0.10431699
v -0.01095120 -0.00147800 0.10421399
v -0.01095120 -0.00147800 0.10421399
v -0.01095120 -0.00147800 0.10421399
v -0.01095120 -0.00147800 0.10421399
v -0.01095120 -0.00147800 0.10421399
v -0.01095120 -0.00147800 0.10421399
v -0.01095120 -0.00164000 0.10409299
v -0.01095120 -0.00164000 0.10409299
v -0.01095120 -0.00164000 0.10409299
v -0.01095120 -0.00164000 0.10409299
v -0.01095120 -0.00164000 0.10409299
v -0.01095119 -0.00181200 0.10394799
v -0.01095119 -0.00181200 0.10394799
v -0.01095119 -0.00181200 0.10394799
v -0.01095119 -0.00181200 0.10394799
v -0.01095119 -0.00181200 0.10394799
v -0.01096981 -0.00203400 0.10381999
v -0.01096981 -0.00203400 0.10381999
v -0.01096981 -0.00203400 0.10381999
v -0.01096981 -0.00203400 0.10381999
v -0.01096981 -0.00203400 0.10381999
v -0.01096981 -0.00222700 0.10361399
v -0.01096981 -0.00222700 0.10361399
v -0.01096981 -0.00222700 0.10361399
v -0.01096981 -0.00222700 0.10361399
v -0.01096981 -0.00222700 0.10361399
v -0.01095740 -0.00000000 0.10474999
v -0.01095740 -0.00000000 0.10474999
v -0.01095740 -0.00000000 0.10474999
v -0.01095740 -0.00000000 0.10474999
v -0.01095740 -0.00000000 0.10474999
v -0.01094266 -0.00000000 0.10470199
v -0.01094266 -0.00000000 0.10470199
v -0.01094266 -0.00000000 0.10470199
v -0.01094266 -0.00000000 0.10470199
v -0.01094266 -0.00000000 0.10470199
v -0.01094266 -0.00000000 0.10470199
v -0.01094266 -0.00000000 0.10470199
v -0.01094266 -0.00000000 0.10470199
v -0.01094111 0.00019900 0.10467599
v -0.01094111 0.00019900 0.10467599
v -0.01094111 0.00019900 0.10467599
v -0.01094111 0.00019900 0.10467599
v -0.01094111 0.00019900 0.10467599
v -0.01094111 0.00019900 0.10467599
v -0.01094111 0.00035800 0.10465199
v -0.01094111 0.00035800 0.10465199
v -0.01094111 0.00035800 0.10465199
v -0.01094111 0.00035800 0.10465199
v -0.01094111 0.00035800 0.10465199
v -0.01094111 0.00051800 0.10461899
v -0.01094111 0.00051800 0.10461899
v -0.01094111 0.00051800 0.10461899
v -0.01094111 0.00051800 0.10461899
v -0.01094111 0.00051800 0.10461899
v -0.01094111 0.00051800 0.10461899
v -0.01094111 0.00051800 0.10461899
v -0.01094111 0.00067700 0.10457299
v -0.01094111 0.00067700 0.10457299
v -0.01094111 0.00067700 0.10457299
v -0.01094111 0.00067700 0.10457299
v -0.01094111 0.00067700 0.10457299
v -0.01094111 0.00083600 0.10451799
v -0.01094111 0.00083600 0.10451799
v -0.01094111 0.00083600 0.10451799
v -0.01094111 0.00083600 0.10451799
v -0.01094111 0.00083600 0.10451799
v -0.01094111 0.00083600 0.10451799
v -0.01094111 0.00083600 0.10451799
v -0.01094111 0.00099800 0.10444899
v -0.01094111 0.00099800 0.10444899
v -0.01094111 0.00099800 0.10444899
v -0.01094111 0.00099800 0.10444899
v -0.01094111 0.00114700 0.10437499
v -0.01094111 0.00114700 0.10437499
v -0.01094111 0.00114700 0.10437499
v -0.01094111 0.00114700 0.10437499
v -0.01094111 0.00114700 0.10437499
v -0.01094111 0.00114700 0.10437499
v -0.01094111 0.00130000 0.10428699
v -0.01094111 0.00130000 0.10428699
v -0.01094111 0.00130000 0.10428699
v -0.01094111 0.00130000 0.10428699
v -0.01094111 0.00130000 0.10428699
v -0.01094111 0.00130000 0.10428699
v -0.01094111 0.00145600 0.10418399
v -0.01094111 0.00145600 0.10418399
v -0.01094111 0.00145600 0.10418399
v -0.01094111 0.00145600 0.10418399
v -0.01094111 0.00145600 0.10418399
v -0.01094111 0.00161700 0.10406399
v -0.01094111 0.00161700 0.10406399
v -0.01094111 0.00161700 0.10406399
v -0.01094111 0.00161700 0.10406399
v -0.01094111 0.00178700 0.10392199
v -0.01094111 0.00178700 0.10392199
v -0.01094111 0.00178700 0.10392199
v -0.01094111 0.00178700 0.10392199
v -0.01094111 0.00196600 0.10375299
v -0.01094111 0.00196600 0.10375299
v -0.01094111 0.00196600 0.10375299
v -0.01094111 0.00196600 0.10375299
v -0.01094111 0.00196600 0.10375299
v -0.01094111 0.00196600 0.10375299
v -0.01094111 0.00215700 0.10355099
v -0.01094111 0.00215700 0.10355099
v -0.01094111 0.00215700 0.10355099
v -0.01094111 0.00215700 0.10355099
v -0.01094111 0.00215700 0.10355099
v -0.01094111 0.00215700 0.10355099
v -0.01095740 0.00240400 0.10334499
v -0.01095740 0.00240400 0.10334499
v -0.01095740 0.00240400 0.10334499
v -0.01095740 0.00240400 0.10334499
v -0.01095740 0.00240400 0.10334499
v -0.01095740 0.00254400 0.10316199
v -0.01095740 0.00254400 0.10316199
v -0.01095740 0.00254400 0.10316199
v -0.01095740 0.00254400 0.10316199
v -0.01097602 0.00259000 0.10319499
v -0.01097602 0.00259000 0.10319499
v -0.01097602 0.00259000 0.10319499
v -0.01097602 0.00259000 0.10319499
v -0.01097602 0.00259000 0.10319499
v -0.01097602 0.00282600 0.10285199
v -0.01097602 0.00282600 0.10285199
v -0.01097602 0.00282600 0.10285199
v -0.01097602 0.00282600 0.10285199
v -0.01097602 0.00282600 0.10285199
v -0.01099851 0.00287200 0.10288199
v -0.01099851 0.00287200 0.10288199
v -0.01099851 0.00287200 0.10288199
v -0.01099851 0.00287200 0.10288199
v -0.01102333 0.00291700 0.10290999
v -0.01102333 0.00291700 0.10290999
v -0.01102333 0.00291700 0.10290999
v -0.01102333 0.00291700 0.10290999
v -0.01102333 0.00291700 0.10290999
v -0.01105048 0.00296000 0.10293799
v -0.01105048 0.00296000 0.10293799
v -0.01105048 0.00296000 0.10293799
v -0.01105048 0.00296000 0.10293799
v -0.01107996 0.00300100 0.10296499
v -0.01107996 0.00300100 0.10296499
v -0.01107996 0.00300100 0.10296499
v -0.01107996 0.00300100 0.10296499
v -0.01107996 0.00300100 0.10296499
v -0.01107996 0.00300100 0.10296499
v -0.01111254 0.00304000 0.10299099
v -0.01111254 0.00304000 0.10299099
v -0.01111254 0.00304000 0.10299099
v -0.01111254 0.00304000 0.10299099
v -0.01111254 0.00304000 0.10299099
v -0.01111254 0.00304000 0.10299099
v -0.01114667 0.00307600 0.10301399
v -0.01114667 0.00307600 0.10301399
v -0.01114667 0.00307600 0.10301399
v -0.01114667 0.00307600 0.10301399
v -0.01118235 0.00311100 0.10303699
v -0.01118235 0.00311100 0.10303699
v -0.01118235 0.00311100 0.10303699
v -0.01118235 0.00311100 0.10303699
v -0.01118235 0.00311100 0.10303699
v -0.01118235 0.00311100 0.10303699
v -0.01122113 0.00314300 0.10305699
v -0.01122113 0.00314300 0.10305699
v -0.01122113 0.00314300 0.10305699
v -0.01122113 0.00314300 0.10305699
v -0.01122113 0.00314300 0.10305699
v -0.01126069 0.00317200 0.10307699
v -0.01126069 0.00317200 0.10307699
v -0.01126069 0.00317200 0.10307699
v -0.01126069 0.00317200 0.10307699
v -0.01130336 0.00319900 0.10309399
v -0.01130336 0.00319900 0.10309399
v -0.01130336 0.00319900 0.10309399
v -0.01130336 0.00319900 0.10309399
v -0.01130336 0.00319900 0.10309399
v -0.01130336 0.00319900 0.10309399
v -0.01134679 0.00322200 0.10310999
v -0.01134679 0.00322200 0.10310999
v -0.01134679 0.00322200 0.10310999
v -0.01134679 0.00322200 0.10310999
v -0.01134679 0.00322200 0.10310999
v -0.01134679 0.00322200 0.10310999
v -0.01139178 0.00324400 0.10312299
v -0.01139178 0.00324400 0.10312299
v -0.01139178 0.00324400 0.10312299
v -0.01139178 0.00324400 0.10312299
v -0.01139178 0.00324400 0.10312299
v -0.01139178 0.00324400 0.10312299
v -0.01143755 0.00326100 0.10313399
v -0.01143755 0.00326100 0.10313399
v -0.01143755 0.00326100 0.10313399
v -0.01143755 0.00326100 0.10313399
v -0.01148487 0.00327600 0.10314399
v -0.01148487 0.00327600 0.10314399
v -0.01148487 0.00327600 0.10314399
v -0.01148487 0.00327600 0.10314399
v -0.01148487 0.00327600 0.10314399
v -0.01153218 0.00328800 0.10315199
v -0.01153218 0.00328800 0.10315199
v -0.01153218 0.00328800 0.10315199
v -0.01153218 0.00328800 0.10315199
v -0.01153218 0.00328800 0.10315199
v -0.01153218 0.00328800 0.10315199
v -0.01153218 0.00328800 0.10315199
v -0.01158105 0.00329600 0.10315699
v -0.01158105 0.00329600 0.10315699
v -0.01158105 0.00329600 0.10315699
v -0.01158105 0.00329600 0.10315699
v -0.01167646 0.00304700 0.10353099
v -0.01167646 0.00304700 0.10353099
v -0.01167646 0.00304700 0.10353099
v -0.01167646 0.00304700 0.10353099
v -0.01162992 0.00330100 0.10315999
v -0.01162992 0.00330100 0.10315999
v -0.01162992 0.00330100 0.10315999
v -0.01162992 0.00330100 0.10315999
v -0.01162992 0.00330100 0.10315999
v -0.01162992 0.00330100 0.10315999
v -0.01167646 0.00328100 0.10319399
v -0.01167646 0.00328100 0.10319399
v -0.01167646 0.00328100 0.10319399
v -0.01167646 0.00328100 0.10319399
v -0.01167646 0.00328100 0.10319399
v -0.01167646 0.00328100 0.10319399
v -0.01334496 0.00313600 0.10340799
v -0.01334496 0.00313600 0.10340799
v -0.01334496 0.00313600 0.10340799
v -0.01334496 0.00313600 0.10340799
v -0.01343494 0.00311400 0.10343499
v -0.01343494 0.00311400 0.10343499
v -0.01343494 0.00311400 0.10343499
v -0.01343494 0.00311400 0.10343499
v -0.01343494 0.00311400 0.10343499
v -0.01343494 0.00311400 0.10343499
v -0.01343494 0.00311400 0.10343499
v -0.01358154 0.00329700 0.10315099
v -0.01358154 0.00329700 0.10315099
v -0.01358154 0.00329700 0.10315099
v -0.01358154 0.00329700 0.10315099
v -0.01358154 0.00329700 0.10315099
v -0.01358154 0.00329700 0.10315099
v -0.01373125 0.00345000 0.10288299
v -0.01373125 0.00345000 0.10288299
v -0.01373125 0.00345000 0.10288299
v -0.01373125 0.00345000 0.10288299
v -0.01373125 0.00345000 0.10288299
v -0.01373125 0.00345000 0.10288299
v -0.01394301 0.00372500 0.10235099
v -0.01394301 0.00372500 0.10235099
v -0.01394301 0.00372500 0.10235099
v -0.01394301 0.00372500 0.10235099
v -0.01394301 0.00372500 0.10235099
v -0.01394301 0.00372500 0.10235099
v -0.01411056 0.00396800 0.10183099
v -0.01411056 0.00396800 0.10183099
v -0.01411056 0.00396800 0.10183099
v -0.01411056 0.00396800 0.10183099
v -0.01415788 0.00394700 0.10184499
v -0.01415788 0.00394700 0.10184499
v -0.01415788 0.00394700 0.10184499
v -0.01415788 0.00394700 0.10184499
v -0.01420519 0.00392600 0.10185699
v -0.01420519 0.00392600 0.10185699
v -0.01420519 0.00392600 0.10185699
v -0.01420519 0.00392600 0.10185699
v -0.01420519 0.00392600 0.10185699
v -0.01420519 0.00392600 0.10185699
v -0.01425329 0.00390200 0.10186799
v -0.01425329 0.00390200 0.10186799
v -0.01425329 0.00390200 0.10186799
v -0.01425329 0.00390200 0.10186799
v -0.01425329 0.00390200 0.10186799
v -0.01459614 0.00428300 0.10087199
v -0.01459614 0.00428300 0.10087199
v -0.01459614 0.00428300 0.10087199
v -0.01459614 0.00428300 0.10087199
v -0.01459614 0.00428300 0.10087199
v -0.01464346 0.00425600 0.10088499
v -0.01464346 0.00425600 0.10088499
v -0.01464346 0.00425600 0.10088499
v -0.01464346 0.00425600 0.10088499
v -0.01469077 0.00422700 0.10089599
v -0.01469077 0.00422700 0.10089599
v -0.01469077 0.00422700 0.10089599
v -0.01469077 0.00422700 0.10089599
v -0.01473887 0.00419600 0.10090699
v -0.01473887 0.00419600 0.10090699
v -0.01473887 0.00419600 0.10090699
v -0.01473887 0.00419600 0.10090699
v -0.01478618 0.00416500 0.10091799
v -0.01478618 0.00416500 0.10091799
v -0.01478618 0.00416500 0.10091799
v -0.01478618 0.00416500 0.10091799
v -0.01478618 0.00416500 0.10091799
v -0.01488004 0.00409700 0.10093600
v -0.01488004 0.00409700 0.10093600
v -0.01488004 0.00409700 0.10093600
v -0.01488004 0.00409700 0.10093600
v -0.01488004 0.00409700 0.10093600
v -0.01488004 0.00409700 0.10093600
v -0.01488004 0.00409700 0.10093600
v -0.01492581 0.00406000 0.10094400
v -0.01492581 0.00406000 0.10094400
v -0.01492581 0.00406000 0.10094400
v -0.01492581 0.00406000 0.10094400
v -0.01497235 0.00402300 0.10095300
v -0.01497235 0.00402300 0.10095300
v -0.01497235 0.00402300 0.10095300
v -0.01497235 0.00402300 0.10095300
v -0.01497235 0.00402300 0.10095300
v -0.01497235 0.00402300 0.10095300
v -0.01497235 0.00402300 0.10095300
v -0.01497235 0.00402300 0.10095300
v -0.01501811 0.00398300 0.10096000
v -0.01501811 0.00398300 0.10096000
v -0.01501811 0.00398300 0.10096000
v -0.01506310 0.00394300 0.10096600
v -0.01506310 0.00394300 0.10096600
v -0.01506310 0.00394300 0.10096600
v -0.01506310 0.00394300 0.10096600
v -0.01506310 0.00394300 0.10096600
v -0.01506310 0.00394300 0.10096600
v -0.01506310 0.00394300 0.10096600
v -0.01510732 0.00390100 0.10097100
v -0.01510732 0.00390100 0.10097100
v -0.01510732 0.00390100 0.10097100
v -0.01510732 0.00390100 0.10097100
v -0.01515153 0.00385800 0.10097500
v -0.01515153 0.00385800 0.10097500
v -0.01515153 0.00385800 0.10097500
v -0.01515153 0.00385800 0.10097500
v -0.01519419 0.00381400 0.10097900
v -0.01519419 0.00381400 0.10097900
v -0.01519419 0.00381400 0.10097900
v -0.01519419 0.00381400 0.10097900
v -0.01519419 0.00381400 0.10097900
v -0.01519419 0.00381400 0.10097900
v -0.01523686 0.00376900 0.10098200
v -0.01523686 0.00376900 0.10098200
v -0.01523686 0.00376900 0.10098200
v -0.01523686 0.00376900 0.10098200
v -0.01523686 0.00376900 0.10098200
v -0.01523686 0.00376900 0.10098200
v -0.01491340 0.00207900 0.10340100
v -0.01491340 0.00207900 0.10340100
v -0.01491340 0.00207900 0.10340100
v -0.01491340 0.00207900 0.10340100
v -0.01491340 0.00207900 0.10340100
v -0.01494830 0.00203200 0.10338400
v -0.01494830 0.00203200 0.10338400
v -0.01494830 0.00203200 0.10338400
v -0.01494830 0.00203200 0.10338400
v -0.01498243 0.00198500 0.10336700
v -0.01498243 0.00198500 0.10336700
v -0.01498243 0.00198500 0.10336700
v -0.01498243 0.00198500 0.10336700
v -0.01501579 0.00193700 0.10334900
v -0.01501579 0.00193700 0.10334900
v -0.01501579 0.00193700 0.10334900
v -0.01501579 0.00193700 0.10334900
v -0.01501579 0.00193700 0.10334900
v -0.01503983 0.00242600 0.10290000
v -0.01503983 0.00242600 0.10290000
v -0.01503983 0.00242600 0.10290000
v -0.01503983 0.00242600 0.10290000
v -0.01503983 0.00242600 0.10290000
v -0.01503983 0.00242600 0.10290000
v -0.01504914 0.00188800 0.10333000
v -0.01504914 0.00188800 0.10333000
v -0.01504914 0.00188800 0.10333000
v -0.01504914 0.00188800 0.10333000
v -0.01504914 0.00188800 0.10333000
v -0.01504371 0.00126700 0.10373000
v -0.01504371 0.00126700 0.10373000
v -0.01504371 0.00126700 0.10373000
v -0.01504371 0.00126700 0.10373000
v -0.01504371 0.00126700 0.10373000
v -0.01504371 0.00126700 0.10373000
v -0.01511120 0.00178900 0.10329000
v -0.01511120 0.00178900 0.10329000
v -0.01511120 0.00178900 0.10329000
v -0.01511120 0.00178900 0.10329000
v -0.01511120 0.00178900 0.10329000
v -0.01511120 0.00178900 0.10329000
v -0.01516937 0.00168800 0.10324600
v -0.01516937 0.00168800 0.10324600
v -0.01516937 0.00168800 0.10324600
v -0.01516937 0.00168800 0.10324600
v -0.01503828 0.00089600 0.10391400
v -0.01503828 0.00089600 0.10391400
v -0.01503828 0.00089600 0.10391400
v -0.01503828 0.00089600 0.10391400
v -0.01503828 0.00089600 0.10391400
v -0.01503828 0.00089600 0.10391400
v -0.01509956 0.00117700 0.10367200
v -0.01509956 0.00117700 0.10367200
v -0.01509956 0.00117700 0.10367200
v -0.01509956 0.00117700 0.10367200
v -0.01502897 0.00034300 0.10409900
v -0.01502897 0.00034300 0.10409900
v -0.01502897 0.00034300 0.10409900
v -0.01502897 0.00034300 0.10409900
v -0.01502897 0.00034300 0.10409900
v -0.01506078 0.00063600 0.10396600
v -0.01506078 0.00063600 0.10396600
v -0.01506078 0.00063600 0.10396600
v -0.01506078 0.00063600 0.10396600
v -0.01506078 0.00063600 0.10396600
v -0.01506078 0.00063600 0.10396600
v -0.01506078 0.00063600 0.10396600
v -0.01508017 0.00030000 0.10401200
v -0.01508017 0.00030000 0.10401200
v -0.01508017 0.00030000 0.10401200
v -0.01508017 0.00030000 0.10401200
v -0.01508017 0.00030000 0.10401200
v -0.01516162 -0.00000000 0.10387900
v -0.01516162 -0.00000000 0.10387900
v -0.01516162 -0.00000000 0.10387900
v -0.01516162 -0.00000000 0.10387900
v -0.01516162 -0.00000000 0.10387900
v -0.01516162 -0.00000000 0.10387900
v -0.01511740 -0.00005800 0.10396900
v -0.01511740 -0.00005800 0.10396900
v -0.01511740 -0.00005800 0.10396900
v -0.01511740 -0.00005800 0.10396900
v -0.01511740 -0.00005800 0.10396900
v -0.01511740 0.00005700 0.10396900
v -0.01511740 0.00005700 0.10396900
v -0.01511740 0.00005700 0.10396900
v -0.01511740 0.00005700 0.10396900
v -0.01511740 0.00005700 0.10396900
v -0.01512826 -0.00025500 0.10392300
v -0.01512826 -0.00025500 0.10392300
v -0.01512826 -0.00025500 0.10392300
v -0.01512826 -0.00025500 0.10392300
v -0.01512826 -0.00025500 0.10392300
v -0.01508017 -0.00029900 0.10401200
v -0.01508017 -0.00029900 0.10401200
v -0.01508017 -0.00029900 0.10401200
v -0.01508017 -0.00029900 0.10401200
v -0.01508017 -0.00029900 0.10401200
v -0.01512826 0.00025500 0.10392300
v -0.01512826 0.00025500 0.10392300
v -0.01512826 0.00025500 0.10392300
v -0.01512826 0.00025500 0.10392300
v -0.01512826 0.00025500 0.10392300
v -0.01506078 -0.00063600 0.10396600
v -0.01506078 -0.00063600 0.10396600
v -0.01506078 -0.00063600 0.10396600
v -0.01506078 -0.00063600 0.10396600
v -0.01506078 -0.00063600 0.10396600
v -0.01506078 -0.00063600 0.10396600
v -0.01506078 -0.00063600 0.10396600
v -0.01506078 -0.00063600 0.10396600
v -0.01509103 -0.00081800 0.10384500
v -0.01509103 -0.00081800 0.10384500
v -0.01509103 -0.00081800 0.10384500
v -0.01509103 -0.00081800 0.10384500
v -0.01509103 -0.00081800 0.10384500
v -0.01512593 -0.00113200 0.10364200
v -0.01512593 -0.00113200 0.10364200
v -0.01512593 -0.00113200 0.10364200
v -0.01512593 -0.00113200 0.10364200
v -0.01509956 -0.00117700 0.10367200
v -0.01509956 -0.00117700 0.10367200
v -0.01509956 -0.00117700 0.10367200
v -0.01509956 -0.00117700 0.10367200
v -0.01504371 -0.00126700 0.10373000
v -0.01504371 -0.00126700 0.10373000
v -0.01504371 -0.00126700 0.10373000
v -0.01504371 -0.00126700 0.10373000
v -0.01504371 -0.00126700 0.10373000
v -0.01504371 -0.00126700 0.10373000
v -0.01509103 0.00081900 0.10384500
v -0.01509103 0.00081900 0.10384500
v -0.01509103 0.00081900 0.10384500
v -0.01509103 0.00081900 0.10384500
v -0.01509103 0.00081900 0.10384500
v -0.01509103 0.00081900 0.10384500
v -0.01516937 -0.00168900 0.10324600
v -0.01516937 -0.00168900 0.10324600
v -0.01516937 -0.00168900 0.10324600
v -0.01516937 -0.00168900 0.10324600
v -0.01516937 -0.00168900 0.10324600
v -0.01516937 -0.00168900 0.10324600
v -0.01511120 -0.00178900 0.10329000
v -0.01511120 -0.00178900 0.10329000
v -0.01511120 -0.00178900 0.10329000
v -0.01511120 -0.00178900 0.10329000
v -0.01511120 -0.00178900 0.10329000
v -0.01511120 -0.00178900 0.10329000
v -0.01511120 -0.00178900 0.10329000
v -0.01504914 -0.00188800 0.10333000
v -0.01504914 -0.00188800 0.10333000
v -0.01504914 -0.00188800 0.10333000
v -0.01504914 -0.00188800 0.10333000
v -0.01504914 -0.00188800 0.10333000
v -0.01501579 -0.00193600 0.10334900
v -0.01501579 -0.00193600 0.10334900
v -0.01501579 -0.00193600 0.10334900
v -0.01501579 -0.00193600 0.10334900
v -0.01498243 -0.00198400 0.10336800
v -0.01498243 -0.00198400 0.10336800
v -0.01498243 -0.00198400 0.10336800
v -0.01498243 -0.00198400 0.10336800
v -0.01498243 -0.00198400 0.10336800
v -0.01498243 -0.00198400 0.10336800
v -0.01494830 -0.00203300 0.10338400
v -0.01494830 -0.00203300 0.10338400
v -0.01494830 -0.00203300 0.10338400
v -0.01494830 -0.00203300 0.10338400
v -0.01491340 -0.00207900 0.10340100
v -0.01491340 -0.00207900 0.10340100
v -0.01491340 -0.00207900 0.10340100
v -0.01491340 -0.00207900 0.10340100
v -0.01583491 0.00431200 0.09907000
v -0.01583491 0.00431200 0.09907000
v -0.01583491 0.00431200 0.09907000
v -0.01583491 0.00431200 0.09907000
v -0.01583491 0.00431200 0.09907000
v -0.01583491 0.00431200 0.09907000
v -0.01591558 0.00421000 0.09907900
v -0.01591558 0.00421000 0.09907900
v -0.01591558 0.00421000 0.09907900
v -0.01591558 0.00421000 0.09907900
v -0.01591558 0.00421000 0.09907900
v -0.01591558 0.00421000 0.09907900
v -0.01599237 0.00410300 0.09908500
v -0.01599237 0.00410300 0.09908500
v -0.01599237 0.00410300 0.09908500
v -0.01599237 0.00410300 0.09908500
v -0.01599237 0.00410300 0.09908500
v -0.01529426 0.00295300 0.10193100
v -0.01529426 0.00295300 0.10193100
v -0.01529426 0.00295300 0.10193100
v -0.01529426 0.00295300 0.10193100
v -0.01529426 0.00295300 0.10193100
v -0.01529426 0.00295300 0.10193100
v -0.01555023 0.00336300 0.10097900
v -0.01555023 0.00336300 0.10097900
v -0.01555023 0.00336300 0.10097900
v -0.01555023 0.00336300 0.10097900
v -0.01555023 0.00336300 0.10097900
v -0.01555023 0.00336300 0.10097900
v -0.01606529 0.00399100 0.09908900
v -0.01606529 0.00399100 0.09908900
v -0.01606529 0.00399100 0.09908900
v -0.01606529 0.00399100 0.09908900
v -0.01606529 0.00399100 0.09908900
v -0.01510964 -0.00232600 0.10287300
v -0.01510964 -0.00232600 0.10287300
v -0.01510964 -0.00232600 0.10287300
v -0.01510964 -0.00232600 0.10287300
v -0.01510964 -0.00232600 0.10287300
v -0.01536329 -0.00284600 0.10191600
v -0.01536329 -0.00284600 0.10191600
v -0.01536329 -0.00284600 0.10191600
v -0.01536329 -0.00284600 0.10191600
v -0.01536329 -0.00284600 0.10191600
v -0.01536329 -0.00284600 0.10191600
v -0.01561849 -0.00325100 0.10097100
v -0.01561849 -0.00325100 0.10097100
v -0.01561849 -0.00325100 0.10097100
v -0.01561849 -0.00325100 0.10097100
v -0.01561849 -0.00325100 0.10097100
v -0.01561849 -0.00325100 0.10097100
v -0.01555023 -0.00336300 0.10097900
v -0.01555023 -0.00336300 0.10097900
v -0.01555023 -0.00336300 0.10097900
v -0.01555023 -0.00336300 0.10097900
v -0.01555023 -0.00336300 0.10097900
v -0.01555023 -0.00336300 0.10097900
v -0.01606529 -0.00399100 0.09908900
v -0.01606529 -0.00399100 0.09908900
v -0.01606529 -0.00399100 0.09908900
v -0.01606529 -0.00399100 0.09908900
v -0.01606529 -0.00399100 0.09908900
v -0.01599237 -0.00410300 0.09908500
v -0.01599237 -0.00410300 0.09908500
v -0.01599237 -0.00410300 0.09908500
v -0.01599237 -0.00410300 0.09908500
v -0.01599237 -0.00410300 0.09908500
v -0.01599237 -0.00410300 0.09908500
v -0.01591558 -0.00421000 0.09907900
v -0.01591558 -0.00421000 0.09907900
v -0.01591558 -0.00421000 0.09907900
v -0.01591558 -0.00421000 0.09907900
v -0.01591558 -0.00421000 0.09907900
v -0.01549361 -0.00411500 0.10001700
v -0.01549361 -0.00411500 0.10001700
v -0.01549361 -0.00411500 0.10001700
v -0.01549361 -0.00411500 0.10001700
v -0.01549361 -0.00411500 0.10001700
v -0.01549361 -0.00411500 0.10001700
v -0.01549361 -0.00411500 0.10001700
v -0.01549361 -0.00411500 0.10001700
v -0.01523686 -0.00376800 0.10098200
v -0.01523686 -0.00376800 0.10098200
v -0.01523686 -0.00376800 0.10098200
v -0.01523686 -0.00376800 0.10098200
v -0.01523686 -0.00376800 0.10098200
v -0.01515153 -0.00385800 0.10097500
v -0.01515153 -0.00385800 0.10097500
v -0.01515153 -0.00385800 0.10097500
v -0.01515153 -0.00385800 0.10097500
v -0.01515153 -0.00385800 0.10097500
v -0.01515153 -0.00385800 0.10097500
v -0.01506310 -0.00394300 0.10096600
v -0.01506310 -0.00394300 0.10096600
v -0.01506310 -0.00394300 0.10096600
v -0.01506310 -0.00394300 0.10096600
v -0.01506310 -0.00394300 0.10096600
v -0.01506310 -0.00394300 0.10096600
v -0.01506310 -0.00394300 0.10096600
v -0.01497235 -0.00402300 0.10095300
v -0.01497235 -0.00402300 0.10095300
v -0.01497235 -0.00402300 0.10095300
v -0.01497235 -0.00402300 0.10095300
v -0.01497235 -0.00402300 0.10095300
v -0.01488004 -0.00409600 0.10093600
v -0.01488004 -0.00409600 0.10093600
v -0.01488004 -0.00409600 0.10093600
v -0.01488004 -0.00409600 0.10093600
v -0.01488004 -0.00409600 0.10093600
v -0.01488004 -0.00409600 0.10093600
v -0.01478618 -0.00416400 0.10091799
v -0.01478618 -0.00416400 0.10091799
v -0.01478618 -0.00416400 0.10091799
v -0.01478618 -0.00416400 0.10091799
v -0.01478618 -0.00416400 0.10091799
v -0.01478618 -0.00416400 0.10091799
v -0.01469077 -0.00422600 0.10089599
v -0.01469077 -0.00422600 0.10089599
v -0.01469077 -0.00422600 0.10089599
v -0.01469077 -0.00422600 0.10089599
v -0.01469077 -0.00422600 0.10089599
v -0.01469077 -0.00422600 0.10089599
v -0.01425329 -0.00390200 0.10186799
v -0.01425329 -0.00390200 0.10186799
v -0.01425329 -0.00390200 0.10186799
v -0.01425329 -0.00390200 0.10186799
v -0.01425329 -0.00390200 0.10186799
v -0.01459614 -0.00428300 0.10087199
v -0.01459614 -0.00428300 0.10087199
v -0.01459614 -0.00428300 0.10087199
v -0.01459614 -0.00428300 0.10087199
v -0.01459614 -0.00428300 0.10087199
v -0.01459614 -0.00428300 0.10087199
v -0.01420519 -0.00392500 0.10185699
v -0.01420519 -0.00392500 0.10185699
v -0.01420519 -0.00392500 0.10185699
v -0.01420519 -0.00392500 0.10185699
v -0.01420519 -0.00392500 0.10185699
v -0.01403687 -0.00368500 0.10237499
v -0.01403687 -0.00368500 0.10237499
v -0.01403687 -0.00368500 0.10237499
v -0.01403687 -0.00368500 0.10237499
v -0.01403687 -0.00368500 0.10237499
v -0.01403687 -0.00368500 0.10237499
v -0.01382433 -0.00341400 0.10290599
v -0.01382433 -0.00341400 0.10290599
v -0.01382433 -0.00341400 0.10290599
v -0.01382433 -0.00341400 0.10290599
v -0.01382433 -0.00341400 0.10290599
v -0.01358154 -0.00329700 0.10315099
v -0.01358154 -0.00329700 0.10315099
v -0.01358154 -0.00329700 0.10315099
v -0.01358154 -0.00329700 0.10315099
v -0.01358154 -0.00329700 0.10315099
v -0.01358154 -0.00329700 0.10315099
v -0.01373125 -0.00344900 0.10288299
v -0.01373125 -0.00344900 0.10288299
v -0.01373125 -0.00344900 0.10288299
v -0.01373125 -0.00344900 0.10288299
v -0.01373125 -0.00344900 0.10288299
v -0.01373125 -0.00344900 0.10288299
v -0.01349001 -0.00332300 0.10312399
v -0.01349001 -0.00332300 0.10312399
v -0.01349001 -0.00332300 0.10312399
v -0.01349001 -0.00332300 0.10312399
v -0.01349001 -0.00332300 0.10312399
v -0.01349001 -0.00332300 0.10312399
v -0.01337521 -0.00325400 0.10323499
v -0.01337521 -0.00325400 0.10323499
v -0.01337521 -0.00325400 0.10323499
v -0.01337521 -0.00325400 0.10323499
v -0.01337521 -0.00325400 0.10323499
v -0.01337521 -0.00325400 0.10323499
v -0.01340003 -0.00334400 0.10309499
v -0.01340003 -0.00334400 0.10309499
v -0.01340003 -0.00334400 0.10309499
v -0.01342641 -0.00343100 0.10295699
v -0.01342641 -0.00343100 0.10295699
v -0.01342641 -0.00343100 0.10295699
v -0.01342641 -0.00343100 0.10295699
v -0.01342641 -0.00343100 0.10295699
v -0.01342641 -0.00343100 0.10295699
v -0.01165241 -0.00357200 0.10271599
v -0.01165241 -0.00357200 0.10271599
v -0.01165241 -0.00357200 0.10271599
v -0.01165241 -0.00357200 0.10271599
v -0.01165241 -0.00357200 0.10271599
v -0.01160432 -0.00356900 0.10271399
v -0.01160432 -0.00356900 0.10271399
v -0.01160432 -0.00356900 0.10271399
v -0.01160432 -0.00356900 0.10271399
v -0.01160432 -0.00356900 0.10271399
v -0.01155778 -0.00356200 0.10271099
v -0.01155778 -0.00356200 0.10271099
v -0.01155778 -0.00356200 0.10271099
v -0.01155778 -0.00356200 0.10271099
v -0.01151124 -0.00355300 0.10270499
v -0.01151124 -0.00355300 0.10270499
v -0.01151124 -0.00355300 0.10270499
v -0.01151124 -0.00355300 0.10270499
v -0.01151124 -0.00355300 0.10270499
v -0.01151124 -0.00355300 0.10270499
v -0.01146547 -0.00354000 0.10269799
v -0.01146547 -0.00354000 0.10269799
v -0.01146547 -0.00354000 0.10269799
v -0.01146547 -0.00354000 0.10269799
v -0.01141971 -0.00352400 0.10268799
v -0.01141971 -0.00352400 0.10268799
v -0.01141971 -0.00352400 0.10268799
v -0.01141971 -0.00352400 0.10268799
v -0.01141971 -0.00352400 0.10268799
v -0.01141971 -0.00352400 0.10268799
v -0.01141971 -0.00352400 0.10268799
v -0.01141971 -0.00352400 0.10268799
v -0.01137549 -0.00350500 0.10267699
v -0.01137549 -0.00350500 0.10267699
v -0.01137549 -0.00350500 0.10267699
v -0.01137549 -0.00350500 0.10267699
v -0.01133206 -0.00348200 0.10266499
v -0.01133206 -0.00348200 0.10266499
v -0.01133206 -0.00348200 0.10266499
v -0.01133206 -0.00348200 0.10266499
v -0.01133206 -0.00348200 0.10266499
v -0.01133206 -0.00348200 0.10266499
v -0.01129017 -0.00345800 0.10264999
v -0.01129017 -0.00345800 0.10264999
v -0.01129017 -0.00345800 0.10264999
v -0.01129017 -0.00345800 0.10264999
v -0.01129017 -0.00345800 0.10264999
v -0.01124906 -0.00343000 0.10263499
v -0.01124906 -0.00343000 0.10263499
v -0.01124906 -0.00343000 0.10263499
v -0.01124906 -0.00343000 0.10263499
v -0.01124906 -0.00343000 0.10263499
v -0.01124906 -0.00343000 0.10263499
v -0.01124906 -0.00343000 0.10263499
v -0.01121027 -0.00339800 0.10261599
v -0.01121027 -0.00339800 0.10261599
v -0.01121027 -0.00339800 0.10261599
v -0.01121027 -0.00339800 0.10261599
v -0.01117226 -0.00336500 0.10259799
v -0.01117226 -0.00336500 0.10259799
v -0.01117226 -0.00336500 0.10259799
v -0.01117226 -0.00336500 0.10259799
v -0.01117226 -0.00336500 0.10259799
v -0.01117226 -0.00336500 0.10259799
v -0.01117226 -0.00336500 0.10259799
v -0.01117226 -0.00336500 0.10259799
v -0.01113658 -0.00332900 0.10257599
v -0.01113658 -0.00332900 0.10257599
v -0.01113658 -0.00332900 0.10257599
v -0.01113658 -0.00332900 0.10257599
v -0.01110323 -0.00329000 0.10255499
v -0.01110323 -0.00329000 0.10255499
v -0.01110323 -0.00329000 0.10255499
v -0.01110323 -0.00329000 0.10255499
v -0.01110323 -0.00329000 0.10255499
v -0.01110323 -0.00329000 0.10255499
v -0.01110323 -0.00329000 0.10255499
v -0.01107143 -0.00324900 0.10253099
v -0.01107143 -0.00324900 0.10253099
v -0.01107143 -0.00324900 0.10253099
v -0.01107143 -0.00324900 0.10253099
v -0.01107143 -0.00324900 0.10253099
v -0.01107143 -0.00324900 0.10253099
v -0.01104273 -0.00294800 0.10293099
v -0.01104273 -0.00294800 0.10293099
v -0.01104273 -0.00294800 0.10293099
v -0.01104273 -0.00294800 0.10293099
v -0.01104273 -0.00294800 0.10293099
v -0.01104273 -0.00294800 0.10293099
v -0.01104273 -0.00294800 0.10293099
v -0.01104273 -0.00294800 0.10293099
v -0.01101558 -0.00266400 0.10324999
v -0.01101558 -0.00266400 0.10324999
v -0.01101558 -0.00266400 0.10324999
v -0.01101558 -0.00266400 0.10324999
v -0.01101558 -0.00266400 0.10324999
v -0.01101558 -0.00266400 0.10324999
v -0.01096981 -0.00243300 0.10336899
v -0.01096981 -0.00243300 0.10336899
v -0.01096981 -0.00243300 0.10336899
v -0.01096981 -0.00243300 0.10336899
v -0.01096981 -0.00243300 0.10336899
v -0.01099075 -0.00262000 0.10321799
v -0.01099075 -0.00262000 0.10321799
v -0.01099075 -0.00262000 0.10321799
v -0.01099075 -0.00262000 0.10321799
v -0.01099075 -0.00262000 0.10321799
v -0.01099075 -0.00262000 0.10321799
v -0.01093491 -0.00067100 0.10455199
v -0.01093491 -0.00067100 0.10455199
v -0.01093491 -0.00067100 0.10455199
v -0.01093491 -0.00067100 0.10455199
v -0.01093491 -0.00099000 0.10442799
v -0.01093491 -0.00099000 0.10442799
v -0.01093491 -0.00099000 0.10442799
v -0.01093491 -0.00099000 0.10442799
v -0.01093491 -0.00099000 0.10442799
v -0.01093491 -0.00082900 0.10449599
v -0.01093491 -0.00082900 0.10449599
v -0.01093491 -0.00082900 0.10449599
v -0.01093491 -0.00082900 0.10449599
v -0.01093491 -0.00113600 0.10435399
v -0.01093491 -0.00113600 0.10435399
v -0.01093491 -0.00113600 0.10435399
v -0.01093491 -0.00113600 0.10435399
v -0.01093491 -0.00128800 0.10426699
v -0.01093491 -0.00128800 0.10426699
v -0.01093491 -0.00128800 0.10426699
v -0.01093491 -0.00128800 0.10426699
v -0.01093491 -0.00128800 0.10426699
v -0.01093491 -0.00128800 0.10426699
v -0.01093491 -0.00051300 0.10459599
v -0.01093491 -0.00051300 0.10459599
v -0.01093491 -0.00051300 0.10459599
v -0.01093491 -0.00051300 0.10459599
v -0.01093491 -0.00035400 0.10462999
v -0.01093491 -0.00035400 0.10462999
v -0.01093491 -0.00035400 0.10462999
v -0.01093491 -0.00035400 0.10462999
v -0.01093491 -0.00035400 0.10462999
v -0.01093491 -0.00019600 0.10465399
v -0.01093491 -0.00019600 0.10465399
v -0.01093491 -0.00019600 0.10465399
v -0.01093491 -0.00019600 0.10465399
v -0.01093491 -0.00019600 0.10465399
v -0.01093491 -0.00160400 0.10404599
v -0.01093491 -0.00160400 0.10404599
v -0.01093491 -0.00160400 0.10404599
v -0.01093491 -0.00160400 0.10404599
v -0.01093491 -0.00160400 0.10404599
v -0.01093491 -0.00160400 0.10404599
v -0.01093491 -0.00144300 0.10416499
v -0.01093491 -0.00144300 0.10416499
v -0.01093491 -0.00144300 0.10416499
v -0.01093491 -0.00144300 0.10416499
v -0.01093491 -0.00177200 0.10390399
v -0.01093491 -0.00177200 0.10390399
v -0.01093491 -0.00177200 0.10390399
v -0.01093491 -0.00177200 0.10390399
v -0.01093491 -0.00177200 0.10390399
v -0.01095119 -0.00199200 0.10377899
v -0.01095119 -0.00199200 0.10377899
v -0.01095119 -0.00199200 0.10377899
v -0.01095119 -0.00199200 0.10377899
v -0.01095119 -0.00218400 0.10357499
v -0.01095119 -0.00218400 0.10357499
v -0.01095119 -0.00218400 0.10357499
v -0.01095119 -0.00218400 0.10357499
v -0.01095119 -0.00218400 0.10357499
v -0.01095119 -0.00238800 0.10333299
v -0.01095119 -0.00238800 0.10333299
v -0.01095119 -0.00238800 0.10333299
v -0.01095119 -0.00238800 0.10333299
v -0.01093491 -0.00000000 0.10466999
v -0.01093491 -0.00000000 0.10466999
v -0.01093491 -0.00000000 0.10466999
v -0.01093491 -0.00000000 0.10466999
v -0.01093491 -0.00000000 0.10466999
v -0.01093491 -0.00000000 0.10466999
v -0.01093491 -0.00003300 0.10466799
v -0.01093491 -0.00003300 0.10466799
v -0.01093491 -0.00003300 0.10466799
v -0.01092715 0.00019200 0.10461799
v -0.01092715 0.00019200 0.10461799
v -0.01092715 0.00019200 0.10461799
v -0.01092715 0.00019200 0.10461799
v -0.01092715 0.00019200 0.10461799
v -0.01092715 0.00034800 0.10459499
v -0.01092715 0.00034800 0.10459499
v -0.01092715 0.00034800 0.10459499
v -0.01092715 0.00034800 0.10459499
v -0.01092715 0.00034800 0.10459499
v -0.01092715 0.00034800 0.10459499
v -0.01092715 0.00050400 0.10456099
v -0.01092715 0.00050400 0.10456099
v -0.01092715 0.00050400 0.10456099
v -0.01092715 0.00050400 0.10456099
v -0.01092715 0.00065900 0.10451799
v -0.01092715 0.00065900 0.10451799
v -0.01092715 0.00065900 0.10451799
v -0.01092715 0.00065900 0.10451799
v -0.01092715 0.00065900 0.10451799
v -0.01092715 0.00065900 0.10451799
v -0.01092715 0.00065900 0.10451799
v -0.01092715 0.00065900 0.10451799
v -0.01092715 0.00081500 0.10446199
v -0.01092715 0.00081500 0.10446199
v -0.01092715 0.00081500 0.10446199
v -0.01092715 0.00081500 0.10446199
v -0.01092715 0.00097400 0.10439599
v -0.01092715 0.00097400 0.10439599
v -0.01092715 0.00097400 0.10439599
v -0.01092715 0.00097400 0.10439599
v -0.01092715 0.00097400 0.10439599
v -0.01092715 0.00097400 0.10439599
v -0.01092715 0.00111900 0.10432299
v -0.01092715 0.00111900 0.10432299
v -0.01092715 0.00111900 0.10432299
v -0.01092715 0.00111900 0.10432299
v -0.01092715 0.00127000 0.10423599
v -0.01092715 0.00127000 0.10423599
v -0.01092715 0.00127000 0.10423599
v -0.01092715 0.00127000 0.10423599
v -0.01092715 0.00142400 0.10413599
v -0.01092715 0.00142400 0.10413599
v -0.01092715 0.00142400 0.10413599
v -0.01092715 0.00142400 0.10413599
v -0.01092715 0.00142400 0.10413599
v -0.01092715 0.00142400 0.10413599
v -0.01092715 0.00158100 0.10401799
v -0.01092715 0.00158100 0.10401799
v -0.01092715 0.00158100 0.10401799
v -0.01092715 0.00158100 0.10401799
v -0.01092715 0.00158100 0.10401799
v -0.01092715 0.00158100 0.10401799
v -0.01092715 0.00174800 0.10387799
v -0.01092715 0.00174800 0.10387799
v -0.01092715 0.00174800 0.10387799
v -0.01092715 0.00174800 0.10387799
v -0.01092715 0.00174800 0.10387799
v -0.01092715 0.00192500 0.10371099
v -0.01092715 0.00192500 0.10371099
v -0.01092715 0.00192500 0.10371099
v -0.01092715 0.00192500 0.10371099
v -0.01092715 0.00192500 0.10371099
v -0.01092715 0.00211300 0.10351199
v -0.01092715 0.00211300 0.10351199
v -0.01092715 0.00211300 0.10351199
v -0.01092715 0.00211300 0.10351199
v -0.01092715 0.00231300 0.10327299
v -0.01092715 0.00231300 0.10327299
v -0.01092715 0.00231300 0.10327299
v -0.01092715 0.00231300 0.10327299
v -0.01092715 0.00231300 0.10327299
v -0.01092715 0.00231300 0.10327299
v -0.01094111 0.00235900 0.10330899
v -0.01094111 0.00235900 0.10330899
v -0.01094111 0.00235900 0.10330899
v -0.01094111 0.00235900 0.10330899
v -0.01094111 0.00249800 0.10312699
v -0.01094111 0.00249800 0.10312699
v -0.01094111 0.00249800 0.10312699
v -0.01094111 0.00249800 0.10312699
v -0.01095740 0.00277900 0.10282199
v -0.01095740 0.00277900 0.10282199
v -0.01095740 0.00277900 0.10282199
v -0.01095740 0.00277900 0.10282199
v -0.01095740 0.00277900 0.10282199
v -0.01095740 0.00303100 0.10240699
v -0.01095740 0.00303100 0.10240699
v -0.01095740 0.00303100 0.10240699
v -0.01095740 0.00303100 0.10240699
v -0.01097602 0.00308000 0.10243499
v -0.01097602 0.00308000 0.10243499
v -0.01097602 0.00308000 0.10243499
v -0.01097602 0.00308000 0.10243499
v -0.01099851 0.00312800 0.10246199
v -0.01099851 0.00312800 0.10246199
v -0.01099851 0.00312800 0.10246199
v -0.01099851 0.00312800 0.10246199
v -0.01099851 0.00312800 0.10246199
v -0.01099851 0.00312800 0.10246199
v -0.01099851 0.00312800 0.10246199
v -0.01102333 0.00317300 0.10248799
v -0.01102333 0.00317300 0.10248799
v -0.01102333 0.00317300 0.10248799
v -0.01102333 0.00317300 0.10248799
v -0.01105048 0.00321800 0.10251399
v -0.01105048 0.00321800 0.10251399
v -0.01105048 0.00321800 0.10251399
v -0.01105048 0.00321800 0.10251399
v -0.01105048 0.00321800 0.10251399
v -0.01107996 0.00326000 0.10253799
v -0.01107996 0.00326000 0.10253799
v -0.01107996 0.00326000 0.10253799
v -0.01107996 0.00326000 0.10253799
v -0.01107996 0.00326000 0.10253799
v -0.01111254 0.00330100 0.10256099
v -0.01111254 0.00330100 0.10256099
v -0.01111254 0.00330100 0.10256099
v -0.01111254 0.00330100 0.10256099
v -0.01111254 0.00330100 0.10256099
v -0.01114667 0.00333900 0.10258299
v -0.01114667 0.00333900 0.10258299
v -0.01114667 0.00333900 0.10258299
v -0.01114667 0.00333900 0.10258299
v -0.01114667 0.00333900 0.10258299
v -0.01118235 0.00337500 0.10260299
v -0.01118235 0.00337500 0.10260299
v -0.01118235 0.00337500 0.10260299
v -0.01118235 0.00337500 0.10260299
v -0.01118235 0.00337500 0.10260299
v -0.01122113 0.00340800 0.10262199
v -0.01122113 0.00340800 0.10262199
v -0.01122113 0.00340800 0.10262199
v -0.01122113 0.00340800 0.10262199
v -0.01126069 0.00343800 0.10263899
v -0.01126069 0.00343800 0.10263899
v -0.01126069 0.00343800 0.10263899
v -0.01126069 0.00343800 0.10263899
v -0.01126069 0.00343800 0.10263899
v -0.01126069 0.00343800 0.10263899
v -0.01130336 0.00346500 0.10265599
v -0.01130336 0.00346500 0.10265599
v -0.01130336 0.00346500 0.10265599
v -0.01130336 0.00346500 0.10265599
v -0.01134679 0.00349100 0.10266899
v -0.01134679 0.00349100 0.10266899
v -0.01134679 0.00349100 0.10266899
v -0.01134679 0.00349100 0.10266899
v -0.01134679 0.00349100 0.10266899
v -0.01139178 0.00351200 0.10268199
v -0.01139178 0.00351200 0.10268199
v -0.01139178 0.00351200 0.10268199
v -0.01139178 0.00351200 0.10268199
v -0.01143755 0.00353100 0.10269299
v -0.01143755 0.00353100 0.10269299
v -0.01143755 0.00353100 0.10269299
v -0.01143755 0.00353100 0.10269299
v -0.01143755 0.00353100 0.10269299
v -0.01143755 0.00353100 0.10269299
v -0.01143755 0.00353100 0.10269299
v -0.01148487 0.00354600 0.10270099
v -0.01148487 0.00354600 0.10270099
v -0.01148487 0.00354600 0.10270099
v -0.01148487 0.00354600 0.10270099
v -0.01148487 0.00354600 0.10270099
v -0.01153218 0.00355800 0.10270799
v -0.01153218 0.00355800 0.10270799
v -0.01153218 0.00355800 0.10270799
v -0.01153218 0.00355800 0.10270799
v -0.01158105 0.00356600 0.10271299
v -0.01158105 0.00356600 0.10271299
v -0.01158105 0.00356600 0.10271299
v -0.01158105 0.00356600 0.10271299
v -0.01158105 0.00356600 0.10271299
v -0.01158105 0.00356600 0.10271299
v -0.01158105 0.00356600 0.10271299
v -0.01162992 0.00357100 0.10271499
v -0.01162992 0.00357100 0.10271499
v -0.01162992 0.00357100 0.10271499
v -0.01162992 0.00357100 0.10271499
v -0.01167646 0.00357300 0.10271599
v -0.01167646 0.00357300 0.10271599
v -0.01167646 0.00357300 0.10271599
v -0.01167646 0.00357300 0.10271599
v -0.01167646 0.00357300 0.10271599
v -0.01354741 0.00350500 0.10282899
v -0.01354741 0.00350500 0.10282899
v -0.01354741 0.00350500 0.10282899
v -0.01354741 0.00350500 0.10282899
v -0.01354741 0.00350500 0.10282899
v -0.01349001 0.00332300 0.10312399
v -0.01349001 0.00332300 0.10312399
v -0.01349001 0.00332300 0.10312399
v -0.01349001 0.00332300 0.10312399
v -0.01349001 0.00332300 0.10312399
v -0.01349001 0.00332300 0.10312399
v -0.01336978 0.00323300 0.10326599
v -0.01336978 0.00323300 0.10326599
v -0.01336978 0.00323300 0.10326599
v -0.01336978 0.00323300 0.10326599
v -0.01363894 0.00347900 0.10285699
v -0.01363894 0.00347900 0.10285699
v -0.01363894 0.00347900 0.10285699
v -0.01363894 0.00347900 0.10285699
v -0.01363894 0.00347900 0.10285699
v -0.01363894 0.00347900 0.10285699
v -0.01384838 0.00375900 0.10232499
v -0.01384838 0.00375900 0.10232499
v -0.01384838 0.00375900 0.10232499
v -0.01384838 0.00375900 0.10232499
v -0.01384838 0.00375900 0.10232499
v -0.01384838 0.00375900 0.10232499
v -0.01406324 0.00398700 0.10181799
v -0.01406324 0.00398700 0.10181799
v -0.01406324 0.00398700 0.10181799
v -0.01406324 0.00398700 0.10181799
v -0.01406324 0.00398700 0.10181799
v -0.01418503 0.00421400 0.10129799
v -0.01418503 0.00421400 0.10129799
v -0.01418503 0.00421400 0.10129799
v -0.01418503 0.00421400 0.10129799
v -0.01418503 0.00421400 0.10129799
v -0.01418503 0.00421400 0.10129799
v -0.01418503 0.00421400 0.10129799
v -0.01418503 0.00421400 0.10129799
v -0.01418503 0.00421400 0.10129799
v -0.01418503 0.00421400 0.10129799
v -0.01418503 0.00421400 0.10129799
v -0.01449918 0.00433400 0.10084599
v -0.01449918 0.00433400 0.10084599
v -0.01449918 0.00433400 0.10084599
v -0.01449918 0.00433400 0.10084599
v -0.01449918 0.00433400 0.10084599
v -0.01449918 0.00433400 0.10084599
v -0.01454805 0.00430900 0.10085899
v -0.01454805 0.00430900 0.10085899
v -0.01454805 0.00430900 0.10085899
v -0.01454805 0.00430900 0.10085899
v -0.01454805 0.00430900 0.10085899
v -0.01484746 0.00463500 0.09987700
v -0.01484746 0.00463500 0.09987700
v -0.01484746 0.00463500 0.09987700
v -0.01484746 0.00463500 0.09987700
v -0.01484746 0.00463500 0.09987700
v -0.01489633 0.00460800 0.09989200
v -0.01489633 0.00460800 0.09989200
v -0.01489633 0.00460800 0.09989200
v -0.01489633 0.00460800 0.09989200
v -0.01489633 0.00460800 0.09989200
v -0.01489633 0.00460800 0.09989200
v -0.01489633 0.00460800 0.09989200
v -0.01489633 0.00460800 0.09989200
v -0.01489633 0.00460800 0.09989200
v -0.01489633 0.00460800 0.09989200
v -0.01489633 0.00460800 0.09989200
v -0.01489633 0.00460800 0.09989200
v -0.01489633 0.00460800 0.09989200
v -0.01539044 0.00474600 0.09897900
v -0.01539044 0.00474600 0.09897900
v -0.01539044 0.00474600 0.09897900
v -0.01539044 0.00474600 0.09897900
v -0.01539044 0.00474600 0.09897900
v -0.01539044 0.00474600 0.09897900
v -0.01543698 0.00470900 0.09899100
v -0.01543698 0.00470900 0.09899100
v -0.01548430 0.00467100 0.09900300
v -0.01548430 0.00467100 0.09900300
v -0.01548430 0.00467100 0.09900300
v -0.01548430 0.00467100 0.09900300
v -0.01548430 0.00467100 0.09900300
v -0.01548430 0.00467100 0.09900300
v -0.01553006 0.00463100 0.09901300
v -0.01553006 0.00463100 0.09901300
v -0.01553006 0.00463100 0.09901300
v -0.01553006 0.00463100 0.09901300
v -0.01557583 0.00459000 0.09902300
v -0.01557583 0.00459000 0.09902300
v -0.01557583 0.00459000 0.09902300
v -0.01557583 0.00459000 0.09902300
v -0.01557583 0.00459000 0.09902300
v -0.01557583 0.00459000 0.09902300
v -0.01562082 0.00454700 0.09903300
v -0.01562082 0.00454700 0.09903300
v -0.01562082 0.00454700 0.09903300
v -0.01566503 0.00450300 0.09904200
v -0.01566503 0.00450300 0.09904200
v -0.01566503 0.00450300 0.09904200
v -0.01566503 0.00450300 0.09904200
v -0.01566503 0.00450300 0.09904200
v -0.01566503 0.00450300 0.09904200
v -0.01570847 0.00445800 0.09904900
v -0.01570847 0.00445800 0.09904900
v -0.01570847 0.00445800 0.09904900
v -0.01570847 0.00445800 0.09904900
v -0.01575113 0.00441100 0.09905600
v -0.01575113 0.00441100 0.09905600
v -0.01575113 0.00441100 0.09905600
v -0.01575113 0.00441100 0.09905600
v -0.01575113 0.00441100 0.09905600
v -0.01575113 0.00441100 0.09905600
v -0.01510964 0.00232600 0.10287300
v -0.01510964 0.00232600 0.10287300
v -0.01510964 0.00232600 0.10287300
v -0.01510964 0.00232600 0.10287300
v -0.01510964 0.00232600 0.10287300
v -0.01510964 0.00232600 0.10287300
v -0.01517558 0.00222300 0.10284500
v -0.01517558 0.00222300 0.10284500
v -0.01517558 0.00222300 0.10284500
v -0.01517558 0.00222300 0.10284500
v -0.01517558 0.00222300 0.10284500
v -0.01517558 0.00222300 0.10284500
v -0.01536329 0.00284600 0.10191600
v -0.01536329 0.00284600 0.10191600
v -0.01536329 0.00284600 0.10191600
v -0.01536329 0.00284600 0.10191600
v -0.01536329 0.00284600 0.10191600
v -0.01536329 0.00284600 0.10191600
v -0.01523686 0.00211700 0.10281200
v -0.01523686 0.00211700 0.10281200
v -0.01523686 0.00211700 0.10281200
v -0.01523686 0.00211700 0.10281200
v -0.01523686 0.00211700 0.10281200
v -0.01522445 0.00158800 0.10320100
v -0.01522445 0.00158800 0.10320100
v -0.01522445 0.00158800 0.10320100
v -0.01522445 0.00158800 0.10320100
v -0.01522445 0.00158800 0.10320100
v -0.01522445 0.00158800 0.10320100
v -0.01522445 0.00158800 0.10320100
v -0.01522445 0.00158800 0.10320100
v -0.01522445 0.00158800 0.10320100
v -0.01522445 0.00158800 0.10320100
v -0.01529503 0.00201100 0.10277700
v -0.01529503 0.00201100 0.10277700
v -0.01529503 0.00201100 0.10277700
v -0.01529503 0.00201100 0.10277700
v -0.01529503 0.00201100 0.10277700
v -0.01529503 0.00201100 0.10277700
v -0.01512593 0.00113300 0.10364200
v -0.01512593 0.00113300 0.10364200
v -0.01512593 0.00113300 0.10364200
v -0.01512593 0.00113300 0.10364200
v -0.01514067 0.00074000 0.10377300
v -0.01514067 0.00074000 0.10377300
v -0.01514067 0.00074000 0.10377300
v -0.01514067 0.00074000 0.10377300
v -0.01514067 0.00074000 0.10377300
v -0.01511042 0.00056800 0.10388800
v -0.01511042 0.00056800 0.10388800
v -0.01511042 0.00056800 0.10388800
v -0.01511042 0.00056800 0.10388800
v -0.01515696 0.00050000 0.10380900
v -0.01515696 0.00050000 0.10380900
v -0.01515696 0.00050000 0.10380900
v -0.01515696 0.00050000 0.10380900
v -0.01515696 0.00050000 0.10380900
v -0.01517325 0.00021100 0.10383200
v -0.01517325 0.00021100 0.10383200
v -0.01517325 0.00021100 0.10383200
v -0.01517325 0.00021100 0.10383200
v -0.01517325 0.00021100 0.10383200
v -0.01517325 0.00021100 0.10383200
v -0.01517325 0.00021100 0.10383200
v -0.01521436 0.00016700 0.10374000
v -0.01521436 0.00016700 0.10374000
v -0.01521436 0.00016700 0.10374000
v -0.01521436 0.00016700 0.10374000
v -0.01521747 -0.00000000 0.10374600
v -0.01521747 -0.00000000 0.10374600
v -0.01521747 -0.00000000 0.10374600
v -0.01521747 -0.00000000 0.10374600
v -0.01521747 -0.00000000 0.10374600
v -0.01521747 -0.00000000 0.10374600
v -0.01521436 -0.00016700 0.10374000
v -0.01521436 -0.00016700 0.10374000
v -0.01521436 -0.00016700 0.10374000
v -0.01521436 -0.00016700 0.10374000
v -0.01517325 -0.00021100 0.10383200
v -0.01517325 -0.00021100 0.10383200
v -0.01517325 -0.00021100 0.10383200
v -0.01517325 -0.00021100 0.10383200
v -0.01517325 -0.00021100 0.10383200
v -0.01517325 -0.00021100 0.10383200
v -0.01517325 -0.00021100 0.10383200
v -0.01515696 -0.00050100 0.10380900
v -0.01515696 -0.00050100 0.10380900
v -0.01515696 -0.00050100 0.10380900
v -0.01515696 -0.00050100 0.10380900
v -0.01515696 -0.00050100 0.10380900
v -0.01511042 -0.00056900 0.10388800
v -0.01511042 -0.00056900 0.10388800
v -0.01511042 -0.00056900 0.10388800
v -0.01511042 -0.00056900 0.10388800
v -0.01514067 -0.00074000 0.10377300
v -0.01514067 -0.00074000 0.10377300
v -0.01514067 -0.00074000 0.10377300
v -0.01514067 -0.00074000 0.10377300
v -0.01514067 -0.00074000 0.10377300
v -0.01519962 -0.00099700 0.10355000
v -0.01519962 -0.00099700 0.10355000
v -0.01519962 -0.00099700 0.10355000
v -0.01519962 -0.00099700 0.10355000
v -0.01519962 -0.00099700 0.10355000
v -0.01519962 -0.00099700 0.10355000
v -0.01519962 -0.00099700 0.10355000
v -0.01515153 -0.00108700 0.10361200
v -0.01515153 -0.00108700 0.10361200
v -0.01515153 -0.00108700 0.10361200
v -0.01515153 -0.00108700 0.10361200
v -0.01522445 -0.00158700 0.10320100
v -0.01522445 -0.00158700 0.10320100
v -0.01522445 -0.00158700 0.10320100
v -0.01522445 -0.00158700 0.10320100
v -0.01522445 -0.00158700 0.10320100
v -0.01522445 -0.00158700 0.10320100
v -0.01522445 -0.00158700 0.10320100
v -0.01522445 -0.00158700 0.10320100
v -0.01522445 -0.00158700 0.10320100
v -0.01522445 -0.00158700 0.10320100
v -0.01522445 -0.00158700 0.10320100
v -0.01515153 0.00108700 0.10361200
v -0.01515153 0.00108700 0.10361200
v -0.01515153 0.00108700 0.10361200
v -0.01515153 0.00108700 0.10361200
v -0.01519962 0.00099700 0.10355000
v -0.01519962 0.00099700 0.10355000
v -0.01519962 0.00099700 0.10355000
v -0.01519962 0.00099700 0.10355000
v -0.01519962 0.00099700 0.10355000
v -0.01519962 0.00099700 0.10355000
v -0.01519962 0.00099700 0.10355000
v -0.01532296 -0.00195600 0.10275800
v -0.01532296 -0.00195600 0.10275800
v -0.01532296 -0.00195600 0.10275800
v -0.01532296 -0.00195600 0.10275800
v -0.01532296 -0.00195600 0.10275800
v -0.01529503 -0.00201000 0.10277700
v -0.01529503 -0.00201000 0.10277700
v -0.01529503 -0.00201000 0.10277700
v -0.01529503 -0.00201000 0.10277700
v -0.01529503 -0.00201000 0.10277700
v -0.01526633 -0.00206400 0.10279400
v -0.01526633 -0.00206400 0.10279400
v -0.01526633 -0.00206400 0.10279400
v -0.01526633 -0.00206400 0.10279400
v -0.01523686 -0.00211700 0.10281200
v -0.01523686 -0.00211700 0.10281200
v -0.01523686 -0.00211700 0.10281200
v -0.01523686 -0.00211700 0.10281200
v -0.01520660 -0.00217000 0.10282800
v -0.01520660 -0.00217000 0.10282800
v -0.01520660 -0.00217000 0.10282800
v -0.01517558 -0.00222200 0.10284500
v -0.01517558 -0.00222200 0.10284500
v -0.01517558 -0.00222200 0.10284500
v -0.01517558 -0.00222200 0.10284500
v -0.01517558 -0.00222200 0.10284500
v -0.01517558 -0.00222200 0.10284500
v -0.01517558 -0.00222200 0.10284500
v -0.01635306 0.00479400 0.09717600
v -0.01635306 0.00479400 0.09717600
v -0.01635306 0.00479400 0.09717600
v -0.01635306 0.00479400 0.09717600
v -0.01635306 0.00479400 0.09717600
v -0.01635306 0.00479400 0.09717600
v -0.01643374 0.00468900 0.09719200
v -0.01643374 0.00468900 0.09719200
v -0.01643374 0.00468900 0.09719200
v -0.01643374 0.00468900 0.09719200
v -0.01643374 0.00468900 0.09719200
v -0.01651130 0.00458000 0.09720400
v -0.01651130 0.00458000 0.09720400
v -0.01651130 0.00458000 0.09720400
v -0.01651130 0.00458000 0.09720400
v -0.01651130 0.00458000 0.09720400
v -0.01651130 0.00458000 0.09720400
v -0.01651130 0.00458000 0.09720400
v -0.01658422 0.00446600 0.09721300
v -0.01658422 0.00446600 0.09721300
v -0.01658422 0.00446600 0.09721300
v -0.01658422 0.00446600 0.09721300
v -0.01561849 0.00325200 0.10097100
v -0.01561849 0.00325200 0.10097100
v -0.01561849 0.00325200 0.10097100
v -0.01561849 0.00325200 0.10097100
v -0.01561849 0.00325200 0.10097100
v -0.01561849 0.00325200 0.10097100
v -0.01613510 0.00387600 0.09909000
v -0.01613510 0.00387600 0.09909000
v -0.01613510 0.00387600 0.09909000
v -0.01613510 0.00387600 0.09909000
v -0.01613510 0.00387600 0.09909000
v -0.01613510 0.00387600 0.09909000
v -0.01665326 0.00434900 0.09722100
v -0.01665326 0.00434900 0.09722100
v -0.01665326 0.00434900 0.09722100
v -0.01665326 0.00434900 0.09722100
v -0.01665326 0.00434900 0.09722100
v -0.01542845 -0.00273600 0.10189600
v -0.01542845 -0.00273600 0.10189600
v -0.01542845 -0.00273600 0.10189600
v -0.01542845 -0.00273600 0.10189600
v -0.01568365 -0.00313800 0.10095900
v -0.01568365 -0.00313800 0.10095900
v -0.01568365 -0.00313800 0.10095900
v -0.01568365 -0.00313800 0.10095900
v -0.01568365 -0.00313800 0.10095900
v -0.01568365 -0.00313800 0.10095900
v -0.01619948 -0.00375800 0.09908800
v -0.01619948 -0.00375800 0.09908800
v -0.01619948 -0.00375800 0.09908800
v -0.01619948 -0.00375800 0.09908800
v -0.01619948 -0.00375800 0.09908800
v -0.01619948 -0.00375800 0.09908800
v -0.01613510 -0.00387600 0.09909000
v -0.01613510 -0.00387600 0.09909000
v -0.01613510 -0.00387600 0.09909000
v -0.01613510 -0.00387600 0.09909000
v -0.01613510 -0.00387600 0.09909000
v -0.01613510 -0.00387600 0.09909000
v -0.01658422 -0.00446700 0.09721300
v -0.01658422 -0.00446700 0.09721300
v -0.01658422 -0.00446700 0.09721300
v -0.01658422 -0.00446700 0.09721300
v -0.01658422 -0.00446700 0.09721300
v -0.01658422 -0.00446700 0.09721300
v -0.01658422 -0.00446700 0.09721300
v -0.01651130 -0.00458000 0.09720400
v -0.01651130 -0.00458000 0.09720400
v -0.01651130 -0.00458000 0.09720400
v -0.01651130 -0.00458000 0.09720400
v -0.01651130 -0.00458000 0.09720400
v -0.01643374 -0.00468900 0.09719200
v -0.01643374 -0.00468900 0.09719200
v -0.01643374 -0.00468900 0.09719200
v -0.01643374 -0.00468900 0.09719200
v -0.01643374 -0.00468900 0.09719200
v -0.01643374 -0.00468900 0.09719200
v -0.01583491 -0.00431300 0.09907000
v -0.01583491 -0.00431300 0.09907000
v -0.01583491 -0.00431300 0.09907000
v -0.01583491 -0.00431300 0.09907000
v -0.01583491 -0.00431300 0.09907000
v -0.01575113 -0.00441000 0.09905600
v -0.01575113 -0.00441000 0.09905600
v -0.01575113 -0.00441000 0.09905600
v -0.01575113 -0.00441000 0.09905600
v -0.01566503 -0.00450300 0.09904200
v -0.01566503 -0.00450300 0.09904200
v -0.01566503 -0.00450300 0.09904200
v -0.01566503 -0.00450300 0.09904200
v -0.01566503 -0.00450300 0.09904200
v -0.01540673 -0.00420700 0.10000500
v -0.01540673 -0.00420700 0.10000500
v -0.01540673 -0.00420700 0.10000500
v -0.01540673 -0.00420700 0.10000500
v -0.01540673 -0.00420700 0.10000500
v -0.01531830 -0.00429200 0.09999100
v -0.01531830 -0.00429200 0.09999100
v -0.01531830 -0.00429200 0.09999100
v -0.01531830 -0.00429200 0.09999100
v -0.01522677 -0.00437300 0.09997300
v -0.01522677 -0.00437300 0.09997300
v -0.01522677 -0.00437300 0.09997300
v -0.01522677 -0.00437300 0.09997300
v -0.01522677 -0.00437300 0.09997300
v -0.01522677 -0.00437300 0.09997300
v -0.01513369 -0.00444800 0.09995400
v -0.01513369 -0.00444800 0.09995400
v -0.01513369 -0.00444800 0.09995400
v -0.01513369 -0.00444800 0.09995400
v -0.01513369 -0.00444800 0.09995400
v -0.01513369 -0.00444800 0.09995400
v -0.01503983 -0.00451600 0.09993100
v -0.01503983 -0.00451600 0.09993100
v -0.01503983 -0.00451600 0.09993100
v -0.01503983 -0.00451600 0.09993100
v -0.01503983 -0.00451600 0.09993100
v -0.01503983 -0.00451600 0.09993100
v -0.01494442 -0.00457900 0.09990500
v -0.01494442 -0.00457900 0.09990500
v -0.01494442 -0.00457900 0.09990500
v -0.01494442 -0.00457900 0.09990500
v -0.01494442 -0.00457900 0.09990500
v -0.01494442 -0.00457900 0.09990500
v -0.01449918 -0.00433400 0.10084599
v -0.01449918 -0.00433400 0.10084599
v -0.01449918 -0.00433400 0.10084599
v -0.01449918 -0.00433400 0.10084599
v -0.01449918 -0.00433400 0.10084599
v -0.01449918 -0.00433400 0.10084599
v -0.01449918 -0.00433400 0.10084599
v -0.01484746 -0.00463500 0.09987700
v -0.01484746 -0.00463500 0.09987700
v -0.01484746 -0.00463500 0.09987700
v -0.01484746 -0.00463500 0.09987700
v -0.01484746 -0.00463500 0.09987700
v -0.01484746 -0.00463500 0.09987700
v -0.01418503 -0.00421500 0.10129799
v -0.01418503 -0.00421500 0.10129799
v -0.01418503 -0.00421500 0.10129799
v -0.01418503 -0.00421500 0.10129799
v -0.01418503 -0.00421500 0.10129799
v -0.01418503 -0.00421500 0.10129799
v -0.01418503 -0.00421500 0.10129799
v -0.01418503 -0.00421500 0.10129799
v -0.01415788 -0.00394800 0.10184499
v -0.01415788 -0.00394800 0.10184499
v -0.01415788 -0.00394800 0.10184499
v -0.01415788 -0.00394800 0.10184499
v -0.01415788 -0.00394800 0.10184499
v -0.01394224 -0.00372500 0.10235099
v -0.01394224 -0.00372500 0.10235099
v -0.01394224 -0.00372500 0.10235099
v -0.01394224 -0.00372500 0.10235099
v -0.01394224 -0.00372500 0.10235099
v -0.01394224 -0.00372500 0.10235099
v -0.01394224 -0.00372500 0.10235099
v -0.01363894 -0.00348000 0.10285699
v -0.01363894 -0.00348000 0.10285699
v -0.01363894 -0.00348000 0.10285699
v -0.01363894 -0.00348000 0.10285699
v -0.01363894 -0.00348000 0.10285699
v -0.01363894 -0.00348000 0.10285699
v -0.01384838 -0.00376000 0.10232499
v -0.01384838 -0.00376000 0.10232499
v -0.01384838 -0.00376000 0.10232499
v -0.01384838 -0.00376000 0.10232499
v -0.01384838 -0.00376000 0.10232499
v -0.01384838 -0.00376000 0.10232499
v -0.01354741 -0.00350500 0.10282799
v -0.01354741 -0.00350500 0.10282799
v -0.01354741 -0.00350500 0.10282799
v -0.01354741 -0.00350500 0.10282799
v -0.01354741 -0.00350500 0.10282799
v -0.01354741 -0.00350500 0.10282799
v -0.01345666 -0.00352600 0.10279799
v -0.01345666 -0.00352600 0.10279799
v -0.01345666 -0.00352600 0.10279799
v -0.01345666 -0.00352600 0.10279799
v -0.01345666 -0.00352600 0.10279799
v -0.01167646 -0.00359200 0.10268199
v -0.01167646 -0.00359200 0.10268199
v -0.01167646 -0.00359200 0.10268199
v -0.01167646 -0.00359200 0.10268199
v -0.01165241 -0.00386700 0.10216399
v -0.01165241 -0.00386700 0.10216399
v -0.01165241 -0.00386700 0.10216399
v -0.01165241 -0.00386700 0.10216399
v -0.01165241 -0.00386700 0.10216399
v -0.01165241 -0.00386700 0.10216399
v -0.01160432 -0.00386300 0.10216199
v -0.01160432 -0.00386300 0.10216199
v -0.01160432 -0.00386300 0.10216199
v -0.01160432 -0.00386300 0.10216199
v -0.01160432 -0.00386300 0.10216199
v -0.01155778 -0.00385600 0.10215899
v -0.01155778 -0.00385600 0.10215899
v -0.01155778 -0.00385600 0.10215899
v -0.01155778 -0.00385600 0.10215899
v -0.01155778 -0.00385600 0.10215899
v -0.01151124 -0.00384700 0.10215399
v -0.01151124 -0.00384700 0.10215399
v -0.01151124 -0.00384700 0.10215399
v -0.01151124 -0.00384700 0.10215399
v -0.01146547 -0.00383400 0.10214799
v -0.01146547 -0.00383400 0.10214799
v -0.01146547 -0.00383400 0.10214799
v -0.01146547 -0.00383400 0.10214799
v -0.01146547 -0.00383400 0.10214799
v -0.01146547 -0.00383400 0.10214799
v -0.01146547 -0.00383400 0.10214799
v -0.01146547 -0.00383400 0.10214799
v -0.01141971 -0.00381600 0.10213999
v -0.01141971 -0.00381600 0.10213999
v -0.01141971 -0.00381600 0.10213999
v -0.01141971 -0.00381600 0.10213999
v -0.01137549 -0.00379800 0.10212899
v -0.01137549 -0.00379800 0.10212899
v -0.01137549 -0.00379800 0.10212899
v -0.01137549 -0.00379800 0.10212899
v -0.01137549 -0.00379800 0.10212899
v -0.01137549 -0.00379800 0.10212899
v -0.01137549 -0.00379800 0.10212899
v -0.01137549 -0.00379800 0.10212899
v -0.01133206 -0.00377400 0.10211799
v -0.01133206 -0.00377400 0.10211799
v -0.01133206 -0.00377400 0.10211799
v -0.01133206 -0.00377400 0.10211799
v -0.01133206 -0.00377400 0.10211799
v -0.01129017 -0.00374800 0.10210499
v -0.01129017 -0.00374800 0.10210499
v -0.01129017 -0.00374800 0.10210499
v -0.01129017 -0.00374800 0.10210499
v -0.01129017 -0.00374800 0.10210499
v -0.01124906 -0.00371900 0.10208999
v -0.01124906 -0.00371900 0.10208999
v -0.01124906 -0.00371900 0.10208999
v -0.01124906 -0.00371900 0.10208999
v -0.01121027 -0.00368700 0.10207499
v -0.01121027 -0.00368700 0.10207499
v -0.01121027 -0.00368700 0.10207499
v -0.01121027 -0.00368700 0.10207499
v -0.01121027 -0.00368700 0.10207499
v -0.01121027 -0.00368700 0.10207499
v -0.01121027 -0.00368700 0.10207499
v -0.01121027 -0.00368700 0.10207499
v -0.01117226 -0.00365200 0.10205699
v -0.01117226 -0.00365200 0.10205699
v -0.01117226 -0.00365200 0.10205699
v -0.01117226 -0.00365200 0.10205699
v -0.01113658 -0.00361500 0.10203899
v -0.01113658 -0.00361500 0.10203899
v -0.01113658 -0.00361500 0.10203899
v -0.01113658 -0.00361500 0.10203899
v -0.01113658 -0.00361500 0.10203899
v -0.01113658 -0.00361500 0.10203899
v -0.01110323 -0.00357500 0.10201799
v -0.01110323 -0.00357500 0.10201799
v -0.01110323 -0.00357500 0.10201799
v -0.01110323 -0.00357500 0.10201799
v -0.01107143 -0.00353300 0.10199799
v -0.01107143 -0.00353300 0.10199799
v -0.01107143 -0.00353300 0.10199799
v -0.01107143 -0.00353300 0.10199799
v -0.01107143 -0.00353300 0.10199799
v -0.01107143 -0.00353300 0.10199799
v -0.01104272 -0.00320600 0.10250599
v -0.01104272 -0.00320600 0.10250599
v -0.01104272 -0.00320600 0.10250599
v -0.01104272 -0.00320600 0.10250599
v -0.01101558 -0.00290300 0.10290199
v -0.01101558 -0.00290300 0.10290199
v -0.01101558 -0.00290300 0.10290199
v -0.01101558 -0.00290300 0.10290199
v -0.01101558 -0.00316000 0.10248099
v -0.01101558 -0.00316000 0.10248099
v -0.01101558 -0.00316000 0.10248099
v -0.01101558 -0.00316000 0.10248099
v -0.01101558 -0.00316000 0.10248099
v -0.01099075 -0.00285800 0.10287199
v -0.01099075 -0.00285800 0.10287199
v -0.01099075 -0.00285800 0.10287199
v -0.01099075 -0.00285800 0.10287199
v -0.01099075 -0.00285800 0.10287199
v -0.01096981 -0.00257400 0.10318399
v -0.01096981 -0.00257400 0.10318399
v -0.01096981 -0.00257400 0.10318399
v -0.01096981 -0.00257400 0.10318399
v -0.01095119 -0.00252700 0.10314999
v -0.01095119 -0.00252700 0.10314999
v -0.01095119 -0.00252700 0.10314999
v -0.01095119 -0.00252700 0.10314999
v -0.01095119 -0.00252700 0.10314999
v -0.01095119 -0.00252700 0.10314999
v -0.01095119 -0.00252700 0.10314999
v -0.01096981 -0.00281100 0.10284199
v -0.01096981 -0.00281100 0.10284199
v -0.01096981 -0.00281100 0.10284199
v -0.01096981 -0.00281100 0.10284199
v -0.01096981 -0.00281100 0.10284199
v -0.01096981 -0.00281100 0.10284199
v -0.01096981 -0.00281100 0.10284199
v -0.01092172 -0.00065200 0.10449299
v -0.01092172 -0.00065200 0.10449299
v -0.01092172 -0.00065200 0.10449299
v -0.01092172 -0.00065200 0.10449299
v -0.01092172 -0.00049800 0.10453599
v -0.01092172 -0.00049800 0.10453599
v -0.01092172 -0.00049800 0.10453599
v -0.01092172 -0.00049800 0.10453599
v -0.01092172 -0.00110700 0.10430099
v -0.01092172 -0.00110700 0.10430099
v -0.01092172 -0.00110700 0.10430099
v -0.01092172 -0.00110700 0.10430099
v -0.01092172 -0.00110700 0.10430099
v -0.01092172 -0.00096400 0.10437299
v -0.01092172 -0.00096400 0.10437299
v -0.01092172 -0.00096400 0.10437299
v -0.01092172 -0.00096400 0.10437299
v -0.01092172 -0.00080700 0.10443899
v -0.01092172 -0.00080700 0.10443899
v -0.01092172 -0.00080700 0.10443899
v -0.01092172 -0.00080700 0.10443899
v -0.01092172 -0.00125700 0.10421499
v -0.01092172 -0.00125700 0.10421499
v -0.01092172 -0.00125700 0.10421499
v -0.01092172 -0.00125700 0.10421499
v -0.01092172 -0.00034400 0.10456899
v -0.01092172 -0.00034400 0.10456899
v -0.01092172 -0.00034400 0.10456899
v -0.01092172 -0.00034400 0.10456899
v -0.01092172 -0.00018900 0.10459299
v -0.01092172 -0.00018900 0.10459299
v -0.01092172 -0.00018900 0.10459299
v -0.01092172 -0.00018900 0.10459299
v -0.01092172 -0.00018900 0.10459299
v -0.01092172 -0.00018900 0.10459299
v -0.01092172 -0.00018900 0.10459299
v -0.01092172 -0.00003000 0.10460699
v -0.01092172 -0.00003000 0.10460699
v -0.01092172 -0.00003000 0.10460699
v -0.01092172 -0.00156500 0.10399799
v -0.01092172 -0.00156500 0.10399799
v -0.01092172 -0.00156500 0.10399799
v -0.01092172 -0.00156500 0.10399799
v -0.01092172 -0.00140800 0.10411499
v -0.01092172 -0.00140800 0.10411499
v -0.01092172 -0.00140800 0.10411499
v -0.01092172 -0.00140800 0.10411499
v -0.01092172 -0.00173100 0.10385899
v -0.01092172 -0.00173100 0.10385899
v -0.01092172 -0.00173100 0.10385899
v -0.01092172 -0.00173100 0.10385899
v -0.01092172 -0.00173100 0.10385899
v -0.01093491 -0.00194900 0.10373699
v -0.01093491 -0.00194900 0.10373699
v -0.01093491 -0.00194900 0.10373699
v -0.01093491 -0.00194900 0.10373699
v -0.01093491 -0.00194900 0.10373699
v -0.01092172 -0.00190700 0.10369399
v -0.01092172 -0.00190700 0.10369399
v -0.01092172 -0.00190700 0.10369399
v -0.01092172 -0.00190700 0.10369399
v -0.01092172 -0.00190700 0.10369399
v -0.01092172 -0.00190700 0.10369399
v -0.01093491 -0.00213900 0.10353499
v -0.01093491 -0.00213900 0.10353499
v -0.01093491 -0.00213900 0.10353499
v -0.01093491 -0.00213900 0.10353499
v -0.01093491 -0.00213900 0.10353499
v -0.01093491 -0.00213900 0.10353499
v -0.01093491 -0.00234100 0.10329599
v -0.01093491 -0.00234100 0.10329599
v -0.01093491 -0.00234100 0.10329599
v -0.01093491 -0.00234100 0.10329599
v -0.01093491 -0.00234100 0.10329599
v -0.01092482 -0.00000000 0.10462199
v -0.01092482 -0.00000000 0.10462199
v -0.01092482 -0.00000000 0.10462199
v -0.01092482 -0.00000000 0.10462199
v -0.01092715 0.00003100 0.10463199
v -0.01092715 0.00003100 0.10463199
v -0.01092715 0.00003100 0.10463199
v -0.01092715 0.00003100 0.10463199
v -0.01091629 0.00002800 0.10457299
v -0.01091629 0.00002800 0.10457299
v -0.01091629 0.00002800 0.10457299
v -0.01091629 0.00002800 0.10457299
v -0.01091629 0.00018500 0.10455899
v -0.01091629 0.00018500 0.10455899
v -0.01091629 0.00018500 0.10455899
v -0.01091629 0.00018500 0.10455899
v -0.01091629 0.00018500 0.10455899
v -0.01091629 0.00033700 0.10453599
v -0.01091629 0.00033700 0.10453599
v -0.01091629 0.00033700 0.10453599
v -0.01091629 0.00033700 0.10453599
v -0.01091629 0.00033700 0.10453599
v -0.01091629 0.00049000 0.10450299
v -0.01091629 0.00049000 0.10450299
v -0.01091629 0.00049000 0.10450299
v -0.01091629 0.00049000 0.10450299
v -0.01091629 0.00049000 0.10450299
v -0.01091629 0.00049000 0.10450299
v -0.01091629 0.00064200 0.10445999
v -0.01091629 0.00064200 0.10445999
v -0.01091629 0.00064200 0.10445999
v -0.01091629 0.00064200 0.10445999
v -0.01091629 0.00079400 0.10440699
v -0.01091629 0.00079400 0.10440699
v -0.01091629 0.00079400 0.10440699
v -0.01091629 0.00079400 0.10440699
v -0.01091629 0.00079400 0.10440699
v -0.01091629 0.00079400 0.10440699
v -0.01091629 0.00094900 0.10434099
v -0.01091629 0.00094900 0.10434099
v -0.01091629 0.00094900 0.10434099
v -0.01091629 0.00094900 0.10434099
v -0.01091629 0.00094900 0.10434099
v -0.01091629 0.00109100 0.10426999
v -0.01091629 0.00109100 0.10426999
v -0.01091629 0.00109100 0.10426999
v -0.01091629 0.00109100 0.10426999
v -0.01091629 0.00123800 0.10418599
v -0.01091629 0.00123800 0.10418599
v -0.01091629 0.00123800 0.10418599
v -0.01091629 0.00123800 0.10418599
v -0.01091629 0.00123800 0.10418599
v -0.01091629 0.00138800 0.10408699
v -0.01091629 0.00138800 0.10408699
v -0.01091629 0.00138800 0.10408699
v -0.01091629 0.00138800 0.10408699
v -0.01091629 0.00154400 0.10397099
v -0.01091629 0.00154400 0.10397099
v -0.01091629 0.00154400 0.10397099
v -0.01091629 0.00154400 0.10397099
v -0.01091629 0.00154400 0.10397099
v -0.01091629 0.00170800 0.10383299
v -0.01091629 0.00170800 0.10383299
v -0.01091629 0.00170800 0.10383299
v -0.01091629 0.00170800 0.10383299
v -0.01091629 0.00170800 0.10383299
v -0.01091629 0.00188300 0.10366899
v -0.01091629 0.00188300 0.10366899
v -0.01091629 0.00188300 0.10366899
v -0.01091629 0.00206800 0.10347299
v -0.01091629 0.00206800 0.10347299
v -0.01091629 0.00206800 0.10347299
v -0.01091629 0.00206800 0.10347299
v -0.01091629 0.00206800 0.10347299
v -0.01091629 0.00206800 0.10347299
v -0.01091629 0.00226600 0.10323599
v -0.01091629 0.00226600 0.10323599
v -0.01091629 0.00226600 0.10323599
v -0.01091629 0.00226600 0.10323599
v -0.01092715 0.00245100 0.10309299
v -0.01092715 0.00245100 0.10309299
v -0.01092715 0.00245100 0.10309299
v -0.01092715 0.00245100 0.10309299
v -0.01092715 0.00245100 0.10309299
v -0.01094111 0.00273100 0.10278999
v -0.01094111 0.00273100 0.10278999
v -0.01094111 0.00273100 0.10278999
v -0.01094111 0.00273100 0.10278999
v -0.01094111 0.00273100 0.10278999
v -0.01094111 0.00273100 0.10278999
v -0.01094111 0.00298100 0.10237799
v -0.01094111 0.00298100 0.10237799
v -0.01094111 0.00298100 0.10237799
v -0.01094111 0.00298100 0.10237799
v -0.01094111 0.00325800 0.10185999
v -0.01094111 0.00325800 0.10185999
v -0.01094111 0.00325800 0.10185999
v -0.01094111 0.00325800 0.10185999
v -0.01094111 0.00325800 0.10185999
v -0.01094111 0.00325800 0.10185999
v -0.01095740 0.00330900 0.10188599
v -0.01095740 0.00330900 0.10188599
v -0.01095740 0.00330900 0.10188599
v -0.01095740 0.00330900 0.10188599
v -0.01097602 0.00336000 0.10191099
v -0.01097602 0.00336000 0.10191099
v -0.01097602 0.00336000 0.10191099
v -0.01097602 0.00336000 0.10191099
v -0.01097602 0.00336000 0.10191099
v -0.01099851 0.00340800 0.10193499
v -0.01099851 0.00340800 0.10193499
v -0.01099851 0.00340800 0.10193499
v -0.01099851 0.00340800 0.10193499
v -0.01102333 0.00345600 0.10195899
v -0.01102333 0.00345600 0.10195899
v -0.01102333 0.00345600 0.10195899
v -0.01102333 0.00345600 0.10195899
v -0.01102333 0.00345600 0.10195899
v -0.01102333 0.00345600 0.10195899
v -0.01105048 0.00350100 0.10198199
v -0.01105048 0.00350100 0.10198199
v -0.01105048 0.00350100 0.10198199
v -0.01105048 0.00350100 0.10198199
v -0.01107996 0.00354500 0.10200399
v -0.01107996 0.00354500 0.10200399
v -0.01107996 0.00354500 0.10200399
v -0.01107996 0.00354500 0.10200399
v -0.01111254 0.00358700 0.10202399
v -0.01111254 0.00358700 0.10202399
v -0.01111254 0.00358700 0.10202399
v -0.01111254 0.00358700 0.10202399
v -0.01111254 0.00358700 0.10202399
v -0.01111254 0.00358700 0.10202399
v -0.01114667 0.00362600 0.10204399
v -0.01114667 0.00362600 0.10204399
v -0.01114667 0.00362600 0.10204399
v -0.01114667 0.00362600 0.10204399
v -0.01118235 0.00366200 0.10206299
v -0.01118235 0.00366200 0.10206299
v -0.01118235 0.00366200 0.10206299
v -0.01118235 0.00366200 0.10206299
v -0.01122113 0.00369700 0.10207899
v -0.01122113 0.00369700 0.10207899
v -0.01122113 0.00369700 0.10207899
v -0.01122113 0.00369700 0.10207899
v -0.01122113 0.00369700 0.10207899
v -0.01122113 0.00369700 0.10207899
v -0.01122113 0.00369700 0.10207899
v -0.01126069 0.00372800 0.10209499
v -0.01126069 0.00372800 0.10209499
v -0.01126069 0.00372800 0.10209499
v -0.01126069 0.00372800 0.10209499
v -0.01130336 0.00375700 0.10210899
v -0.01130336 0.00375700 0.10210899
v -0.01130336 0.00375700 0.10210899
v -0.01130336 0.00375700 0.10210899
v -0.01130336 0.00375700 0.10210899
v -0.01134679 0.00378300 0.10212199
v -0.01134679 0.00378300 0.10212199
v -0.01134679 0.00378300 0.10212199
v -0.01134679 0.00378300 0.10212199
v -0.01134679 0.00378300 0.10212199
v -0.01134679 0.00378300 0.10212199
v -0.01139178 0.00380500 0.10213299
v -0.01139178 0.00380500 0.10213299
v -0.01139178 0.00380500 0.10213299
v -0.01139178 0.00380500 0.10213299
v -0.01139178 0.00380500 0.10213299
v -0.01143755 0.00382400 0.10214299
v -0.01143755 0.00382400 0.10214299
v -0.01143755 0.00382400 0.10214299
v -0.01143755 0.00382400 0.10214299
v -0.01143755 0.00382400 0.10214299
v -0.01143755 0.00382400 0.10214299
v -0.01148487 0.00383900 0.10215099
v -0.01148487 0.00383900 0.10215099
v -0.01148487 0.00383900 0.10215099
v -0.01148487 0.00383900 0.10215099
v -0.01148487 0.00383900 0.10215099
v -0.01153218 0.00385200 0.10215599
v -0.01153218 0.00385200 0.10215599
v -0.01153218 0.00385200 0.10215599
v -0.01153218 0.00385200 0.10215599
v -0.01158105 0.00386000 0.10216099
v -0.01158105 0.00386000 0.10216099
v -0.01158105 0.00386000 0.10216099
v -0.01158105 0.00386000 0.10216099
v -0.01158105 0.00386000 0.10216099
v -0.01162992 0.00386600 0.10216299
v -0.01162992 0.00386600 0.10216299
v -0.01162992 0.00386600 0.10216299
v -0.01162992 0.00386600 0.10216299
v -0.01162992 0.00386600 0.10216299
v -0.01167646 0.00364800 0.10258299
v -0.01167646 0.00364800 0.10258299
v -0.01167646 0.00364800 0.10258299
v -0.01167646 0.00364800 0.10258299
v -0.01167646 0.00364800 0.10258299
v -0.01167646 0.00364800 0.10258299
v -0.01167646 0.00364800 0.10258299
v -0.01349932 0.00364800 0.10258199
v -0.01349932 0.00364800 0.10258199
v -0.01349932 0.00364800 0.10258199
v -0.01349932 0.00364800 0.10258199
v -0.01349932 0.00364800 0.10258199
v -0.01346286 0.00354200 0.10276799
v -0.01346286 0.00354200 0.10276799
v -0.01346286 0.00354200 0.10276799
v -0.01366299 0.00381300 0.10226499
v -0.01366299 0.00381300 0.10226499
v -0.01366299 0.00381300 0.10226499
v -0.01366299 0.00381300 0.10226499
v -0.01366299 0.00381300 0.10226499
v -0.01375530 0.00378900 0.10229599
v -0.01375530 0.00378900 0.10229599
v -0.01375530 0.00378900 0.10229599
v -0.01375530 0.00378900 0.10229599
v -0.01375530 0.00378900 0.10229599
v -0.01396861 0.00402100 0.10178799
v -0.01396861 0.00402100 0.10178799
v -0.01396861 0.00402100 0.10178799
v -0.01396861 0.00402100 0.10178799
v -0.01408962 0.00424800 0.10126599
v -0.01408962 0.00424800 0.10126599
v -0.01408962 0.00424800 0.10126599
v -0.01408962 0.00424800 0.10126599
v -0.01408962 0.00424800 0.10126599
v -0.01408962 0.00424800 0.10126599
v -0.01426027 0.00443400 0.10077099
v -0.01426027 0.00443400 0.10077099
v -0.01426027 0.00443400 0.10077099
v -0.01426027 0.00443400 0.10077099
v -0.01426027 0.00443400 0.10077099
v -0.01426027 0.00443400 0.10077099
v -0.01430758 0.00441700 0.10078599
v -0.01430758 0.00441700 0.10078599
v -0.01430758 0.00441700 0.10078599
v -0.01430758 0.00441700 0.10078599
v -0.01435568 0.00439800 0.10080199
v -0.01435568 0.00439800 0.10080199
v -0.01435568 0.00439800 0.10080199
v -0.01435568 0.00439800 0.10080199
v -0.01435568 0.00439800 0.10080199
v -0.01440377 0.00437800 0.10081699
v -0.01440377 0.00437800 0.10081699
v -0.01440377 0.00437800 0.10081699
v -0.01440377 0.00437800 0.10081699
v -0.01440377 0.00437800 0.10081699
v -0.01445109 0.00435700 0.10083099
v -0.01445109 0.00435700 0.10083099
v -0.01445109 0.00435700 0.10083099
v -0.01445109 0.00435700 0.10083099
v -0.01445109 0.00435700 0.10083099
v -0.01475050 0.00468500 0.09984899
v -0.01475050 0.00468500 0.09984899
v -0.01475050 0.00468500 0.09984899
v -0.01475050 0.00468500 0.09984899
v -0.01475050 0.00468500 0.09984899
v -0.01475050 0.00468500 0.09984899
v -0.01479937 0.00466000 0.09986299
v -0.01479937 0.00466000 0.09986299
v -0.01479937 0.00466000 0.09986299
v -0.01479937 0.00466000 0.09986299
v -0.01479937 0.00466000 0.09986299
v -0.01510266 0.00493400 0.09889600
v -0.01510266 0.00493400 0.09889600
v -0.01510266 0.00493400 0.09889600
v -0.01510266 0.00493400 0.09889600
v -0.01510266 0.00493400 0.09889600
v -0.01515153 0.00490700 0.09891100
v -0.01515153 0.00490700 0.09891100
v -0.01515153 0.00490700 0.09891100
v -0.01515153 0.00490700 0.09891100
v -0.01515153 0.00490700 0.09891100
v -0.01515153 0.00490700 0.09891100
v -0.01519962 0.00487700 0.09892600
v -0.01519962 0.00487700 0.09892600
v -0.01519962 0.00487700 0.09892600
v -0.01519962 0.00487700 0.09892600
v -0.01524771 0.00484700 0.09894000
v -0.01524771 0.00484700 0.09894000
v -0.01524771 0.00484700 0.09894000
v -0.01524771 0.00484700 0.09894000
v -0.01529503 0.00481500 0.09895400
v -0.01529503 0.00481500 0.09895400
v -0.01529503 0.00481500 0.09895400
v -0.01529503 0.00481500 0.09895400
v -0.01534312 0.00478100 0.09896700
v -0.01534312 0.00478100 0.09896700
v -0.01534312 0.00478100 0.09896700
v -0.01534312 0.00478100 0.09896700
v -0.01590472 0.00523100 0.09706100
v -0.01590472 0.00523100 0.09706100
v -0.01590472 0.00523100 0.09706100
v -0.01590472 0.00523100 0.09706100
v -0.01590472 0.00523100 0.09706100
v -0.01590472 0.00523100 0.09706100
v -0.01599935 0.00515600 0.09708900
v -0.01599935 0.00515600 0.09708900
v -0.01599935 0.00515600 0.09708900
v -0.01599935 0.00515600 0.09708900
v -0.01599935 0.00515600 0.09708900
v -0.01599935 0.00515600 0.09708900
v -0.01609166 0.00507400 0.09711500
v -0.01609166 0.00507400 0.09711500
v -0.01609166 0.00507400 0.09711500
v -0.01609166 0.00507400 0.09711500
v -0.01609166 0.00507400 0.09711500
v -0.01609166 0.00507400 0.09711500
v -0.01618164 0.00498600 0.09713900
v -0.01618164 0.00498600 0.09713900
v -0.01618164 0.00498600 0.09713900
v -0.01618164 0.00498600 0.09713900
v -0.01618164 0.00498600 0.09713900
v -0.01618164 0.00498600 0.09713900
v -0.01626851 0.00489300 0.09715900
v -0.01626851 0.00489300 0.09715900
v -0.01626851 0.00489300 0.09715900
v -0.01626851 0.00489300 0.09715900
v -0.01626851 0.00489300 0.09715900
v -0.01542845 0.00273600 0.10189600
v -0.01542845 0.00273600 0.10189600
v -0.01542845 0.00273600 0.10189600
v -0.01542845 0.00273600 0.10189600
v -0.01542845 0.00273600 0.10189600
v -0.01549051 0.00262400 0.10187400
v -0.01549051 0.00262400 0.10187400
v -0.01549051 0.00262400 0.10187400
v -0.01549051 0.00262400 0.10187400
v -0.01549051 0.00262400 0.10187400
v -0.01549051 0.00262400 0.10187400
v -0.01568365 0.00313700 0.10095900
v -0.01568365 0.00313700 0.10095900
v -0.01568365 0.00313700 0.10095900
v -0.01568365 0.00313700 0.10095900
v -0.01568365 0.00313700 0.10095900
v -0.01554713 0.00250900 0.10185000
v -0.01554713 0.00250900 0.10185000
v -0.01554713 0.00250900 0.10185000
v -0.01554713 0.00250900 0.10185000
v -0.01554713 0.00250900 0.10185000
v -0.01534856 0.00190200 0.10273900
v -0.01534856 0.00190200 0.10273900
v -0.01534856 0.00190200 0.10273900
v -0.01534856 0.00190200 0.10273900
v -0.01537415 0.00184700 0.10271800
v -0.01537415 0.00184700 0.10271800
v -0.01537415 0.00184700 0.10271800
v -0.01537415 0.00184700 0.10271800
v -0.01539820 0.00179200 0.10269800
v -0.01539820 0.00179200 0.10269800
v -0.01539820 0.00179200 0.10269800
v -0.01539820 0.00179200 0.10269800
v -0.01544396 0.00168100 0.10265400
v -0.01544396 0.00168100 0.10265400
v -0.01544396 0.00168100 0.10265400
v -0.01544396 0.00168100 0.10265400
v -0.01544396 0.00168100 0.10265400
v -0.01544396 0.00168100 0.10265400
v -0.01559988 0.00239300 0.10182200
v -0.01559988 0.00239300 0.10182200
v -0.01559988 0.00239300 0.10182200
v -0.01559988 0.00239300 0.10182200
v -0.01559988 0.00239300 0.10182200
v -0.01559988 0.00239300 0.10182200
v -0.01559988 0.00239300 0.10182200
v -0.01559988 0.00239300 0.10182200
v -0.01559988 0.00239300 0.10182200
v -0.01518644 0.00066200 0.10370000
v -0.01518644 0.00066200 0.10370000
v -0.01518644 0.00066200 0.10370000
v -0.01518644 0.00066200 0.10370000
v -0.01518644 0.00066200 0.10370000
v -0.01524384 0.00090600 0.10348500
v -0.01524384 0.00090600 0.10348500
v -0.01524384 0.00090600 0.10348500
v -0.01524384 0.00090600 0.10348500
v -0.01524384 0.00090600 0.10348500
v -0.01522755 0.00058200 0.10362500
v -0.01522755 0.00058200 0.10362500
v -0.01522755 0.00058200 0.10362500
v -0.01522755 0.00058200 0.10362500
v -0.01522755 0.00058200 0.10362500
v -0.01526633 0.00050400 0.10354900
v -0.01526633 0.00050400 0.10354900
v -0.01526633 0.00050400 0.10354900
v -0.01526633 0.00050400 0.10354900
v -0.01526633 0.00050400 0.10354900
v -0.01526633 0.00050400 0.10354900
v -0.01526633 0.00050400 0.10354900
v -0.01525237 0.00012400 0.10364600
v -0.01525237 0.00012400 0.10364600
v -0.01525237 0.00012400 0.10364600
v -0.01525237 0.00012400 0.10364600
v -0.01525237 0.00012400 0.10364600
v -0.01528107 -0.00000000 0.10357300
v -0.01528107 -0.00000000 0.10357300
v -0.01528107 -0.00000000 0.10357300
v -0.01528107 -0.00000000 0.10357300
v -0.01528107 -0.00000000 0.10357300
v -0.01528107 -0.00000000 0.10357300
v -0.01525237 -0.00012300 0.10364600
v -0.01525237 -0.00012300 0.10364600
v -0.01525237 -0.00012300 0.10364600
v -0.01525237 -0.00012300 0.10364600
v -0.01525237 -0.00012300 0.10364600
v -0.01526633 -0.00050400 0.10354900
v -0.01526633 -0.00050400 0.10354900
v -0.01526633 -0.00050400 0.10354900
v -0.01526633 -0.00050400 0.10354900
v -0.01526633 -0.00050400 0.10354900
v -0.01526633 -0.00050400 0.10354900
v -0.01526633 -0.00050400 0.10354900
v -0.01522755 -0.00058300 0.10362500
v -0.01522755 -0.00058300 0.10362500
v -0.01522755 -0.00058300 0.10362500
v -0.01522755 -0.00058300 0.10362500
v -0.01522755 -0.00058300 0.10362500
v -0.01518644 -0.00066100 0.10370000
v -0.01518644 -0.00066100 0.10370000
v -0.01518644 -0.00066100 0.10370000
v -0.01518644 -0.00066100 0.10370000
v -0.01518644 -0.00066100 0.10370000
v -0.01524384 -0.00090500 0.10348500
v -0.01524384 -0.00090500 0.10348500
v -0.01524384 -0.00090500 0.10348500
v -0.01524384 -0.00090500 0.10348500
v -0.01548585 -0.00157100 0.10260900
v -0.01548585 -0.00157100 0.10260900
v -0.01548585 -0.00157100 0.10260900
v -0.01548585 -0.00157100 0.10260900
v -0.01548585 -0.00157100 0.10260900
v -0.01548585 -0.00157100 0.10260900
v -0.01544396 -0.00168100 0.10265400
v -0.01544396 -0.00168100 0.10265400
v -0.01544396 -0.00168100 0.10265400
v -0.01544396 -0.00168100 0.10265400
v -0.01544396 -0.00168100 0.10265400
v -0.01539820 -0.00179200 0.10269800
v -0.01539820 -0.00179200 0.10269800
v -0.01539820 -0.00179200 0.10269800
v -0.01539820 -0.00179200 0.10269800
v -0.01539820 -0.00179200 0.10269800
v -0.01537415 -0.00184700 0.10271800
v -0.01537415 -0.00184700 0.10271800
v -0.01537415 -0.00184700 0.10271800
v -0.01537415 -0.00184700 0.10271800
v -0.01534856 -0.00190100 0.10273900
v -0.01534856 -0.00190100 0.10273900
v -0.01534856 -0.00190100 0.10273900
v -0.01534856 -0.00190100 0.10273900
v -0.01534856 -0.00190100 0.10273900
v -0.01548585 0.00157000 0.10260900
v -0.01548585 0.00157000 0.10260900
v -0.01548585 0.00157000 0.10260900
v -0.01548585 0.00157000 0.10260900
v -0.01548585 0.00157000 0.10260900
v -0.01548585 0.00157000 0.10260900
v -0.01549051 -0.00262300 0.10187400
v -0.01549051 -0.00262300 0.10187400
v -0.01549051 -0.00262300 0.10187400
v -0.01549051 -0.00262300 0.10187400
v -0.01549051 -0.00262300 0.10187400
v -0.01549051 -0.00262300 0.10187400
v -0.01549051 -0.00262300 0.10187400
v -0.01549051 -0.00262300 0.10187400
v -0.01549051 -0.00262300 0.10187400
v -0.01549051 -0.00262300 0.10187400
v -0.01546025 -0.00268100 0.10188600
v -0.01546025 -0.00268100 0.10188600
v -0.01546025 -0.00268100 0.10188600
v -0.01546025 -0.00268100 0.10188600
v -0.01546025 -0.00268100 0.10188600
v -0.01546025 -0.00268100 0.10188600
v -0.01698990 0.00522300 0.09487600
v -0.01698990 0.00522300 0.09487600
v -0.01698990 0.00522300 0.09487600
v -0.01702248 0.00518400 0.09487600
v -0.01702248 0.00518400 0.09487600
v -0.01707600 0.00512100 0.09487600
v -0.01707600 0.00512100 0.09487600
v -0.01707600 0.00512100 0.09487600
v -0.01707600 0.00512100 0.09487600
v -0.01715822 0.00501300 0.09487600
v -0.01715822 0.00501300 0.09487600
v -0.01715822 0.00501300 0.09487600
v -0.01718693 0.00497200 0.09487600
v -0.01718693 0.00497200 0.09487600
v -0.01718693 0.00497200 0.09487600
v -0.01723579 0.00490200 0.09487600
v -0.01723579 0.00490200 0.09487600
v -0.01723579 0.00490200 0.09487600
v -0.01723579 0.00490200 0.09487600
v -0.01619948 0.00375700 0.09908800
v -0.01619948 0.00375700 0.09908800
v -0.01619948 0.00375700 0.09908800
v -0.01619948 0.00375700 0.09908800
v -0.01619948 0.00375700 0.09908800
v -0.01619948 0.00375700 0.09908800
v -0.01671686 0.00422700 0.09722500
v -0.01671686 0.00422700 0.09722500
v -0.01671686 0.00422700 0.09722500
v -0.01671686 0.00422700 0.09722500
v -0.01671686 0.00422700 0.09722500
v -0.01671686 0.00422700 0.09722500
v -0.01730716 0.00478500 0.09487600
v -0.01730716 0.00478500 0.09487600
v -0.01730716 0.00478500 0.09487600
v -0.01737464 0.00466300 0.09487600
v -0.01737464 0.00466300 0.09487600
v -0.01737464 0.00466300 0.09487600
v -0.01737464 0.00466300 0.09487600
v -0.01571468 -0.00307900 0.10095100
v -0.01571468 -0.00307900 0.10095100
v -0.01571468 -0.00307900 0.10095100
v -0.01625998 -0.00363600 0.09908300
v -0.01625998 -0.00363600 0.09908300
v -0.01625998 -0.00363600 0.09908300
v -0.01625998 -0.00363600 0.09908300
v -0.01625998 -0.00363600 0.09908300
v -0.01625998 -0.00363600 0.09908300
v -0.01625998 -0.00363600 0.09908300
v -0.01625998 -0.00363600 0.09908300
v -0.01625998 -0.00363600 0.09908300
v -0.01625998 -0.00363600 0.09908300
v -0.01625998 -0.00363600 0.09908300
v -0.01625998 -0.00363600 0.09908300
v -0.01677736 -0.00410300 0.09722600
v -0.01677736 -0.00410300 0.09722600
v -0.01677736 -0.00410300 0.09722600
v -0.01677736 -0.00410300 0.09722600
v -0.01677736 -0.00410300 0.09722600
v -0.01677736 -0.00410300 0.09722600
v -0.01671686 -0.00422800 0.09722500
v -0.01671686 -0.00422800 0.09722500
v -0.01671686 -0.00422800 0.09722500
v -0.01671686 -0.00422800 0.09722500
v -0.01671686 -0.00422800 0.09722500
v -0.01671686 -0.00422800 0.09722500
v -0.01665325 -0.00434800 0.09722100
v -0.01665325 -0.00434800 0.09722100
v -0.01665325 -0.00434800 0.09722100
v -0.01665325 -0.00434800 0.09722100
v -0.01665325 -0.00434800 0.09722100
v -0.01728156 -0.00482800 0.09487600
v -0.01728156 -0.00482800 0.09487600
v -0.01728156 -0.00482800 0.09487600
v -0.01723502 -0.00490100 0.09487600
v -0.01723502 -0.00490100 0.09487600
v -0.01723502 -0.00490100 0.09487600
v -0.01720709 -0.00494400 0.09487600
v -0.01720709 -0.00494400 0.09487600
v -0.01720709 -0.00494400 0.09487600
v -0.01720709 -0.00494400 0.09487600
v -0.01715822 -0.00501400 0.09487600
v -0.01715822 -0.00501400 0.09487600
v -0.01715822 -0.00501400 0.09487600
v -0.01635306 -0.00479400 0.09717600
v -0.01635306 -0.00479400 0.09717600
v -0.01635306 -0.00479400 0.09717600
v -0.01635306 -0.00479400 0.09717600
v -0.01712797 -0.00505400 0.09487600
v -0.01712797 -0.00505400 0.09487600
v -0.01712797 -0.00505400 0.09487600
v -0.01707600 -0.00512100 0.09487600
v -0.01707600 -0.00512100 0.09487600
v -0.01707600 -0.00512100 0.09487600
v -0.01626851 -0.00489300 0.09715900
v -0.01626851 -0.00489300 0.09715900
v -0.01626851 -0.00489300 0.09715900
v -0.01626851 -0.00489300 0.09715900
v -0.01626851 -0.00489300 0.09715900
v -0.01626851 -0.00489300 0.09715900
v -0.01626851 -0.00489300 0.09715900
v -0.01557505 -0.00459000 0.09902300
v -0.01557505 -0.00459000 0.09902300
v -0.01557505 -0.00459000 0.09902300
v -0.01557505 -0.00459000 0.09902300
v -0.01557505 -0.00459000 0.09902300
v -0.01557505 -0.00459000 0.09902300
v -0.01618164 -0.00498600 0.09713900
v -0.01618164 -0.00498600 0.09713900
v -0.01618164 -0.00498600 0.09713900
v -0.01618164 -0.00498600 0.09713900
v -0.01618164 -0.00498600 0.09713900
v -0.01618164 -0.00498600 0.09713900
v -0.01548430 -0.00467100 0.09900300
v -0.01548430 -0.00467100 0.09900300
v -0.01548430 -0.00467100 0.09900300
v -0.01548430 -0.00467100 0.09900300
v -0.01548430 -0.00467100 0.09900300
v -0.01548430 -0.00467100 0.09900300
v -0.01539044 -0.00474600 0.09897900
v -0.01539044 -0.00474600 0.09897900
v -0.01539044 -0.00474600 0.09897900
v -0.01539044 -0.00474600 0.09897900
v -0.01539044 -0.00474600 0.09897900
v -0.01539044 -0.00474600 0.09897900
v -0.01529503 -0.00481500 0.09895400
v -0.01529503 -0.00481500 0.09895400
v -0.01529503 -0.00481500 0.09895400
v -0.01529503 -0.00481500 0.09895400
v -0.01529503 -0.00481500 0.09895400
v -0.01529503 -0.00481500 0.09895400
v -0.01519962 -0.00487700 0.09892600
v -0.01519962 -0.00487700 0.09892600
v -0.01519962 -0.00487700 0.09892600
v -0.01519962 -0.00487700 0.09892600
v -0.01519962 -0.00487700 0.09892600
v -0.01519962 -0.00487700 0.09892600
v -0.01475050 -0.00468600 0.09984899
v -0.01475050 -0.00468600 0.09984899
v -0.01475050 -0.00468600 0.09984899
v -0.01475050 -0.00468600 0.09984899
v -0.01475050 -0.00468600 0.09984899
v -0.01475050 -0.00468600 0.09984899
v -0.01440299 -0.00437900 0.10081699
v -0.01440299 -0.00437900 0.10081699
v -0.01440299 -0.00437900 0.10081699
v -0.01440299 -0.00437900 0.10081699
v -0.01440299 -0.00437900 0.10081699
v -0.01510266 -0.00493300 0.09889600
v -0.01510266 -0.00493300 0.09889600
v -0.01510266 -0.00493300 0.09889600
v -0.01510266 -0.00493300 0.09889600
v -0.01510266 -0.00493300 0.09889600
v -0.01510266 -0.00493300 0.09889600
v -0.01396861 -0.00402100 0.10178799
v -0.01396861 -0.00402100 0.10178799
v -0.01396861 -0.00402100 0.10178799
v -0.01396861 -0.00402100 0.10178799
v -0.01396861 -0.00402100 0.10178799
v -0.01396861 -0.00402100 0.10178799
v -0.01406324 -0.00398600 0.10181799
v -0.01406324 -0.00398600 0.10181799
v -0.01406324 -0.00398600 0.10181799
v -0.01406324 -0.00398600 0.10181799
v -0.01406324 -0.00398600 0.10181799
v -0.01411056 -0.00396700 0.10183099
v -0.01411056 -0.00396700 0.10183099
v -0.01411056 -0.00396700 0.10183099
v -0.01435568 -0.00439900 0.10080199
v -0.01435568 -0.00439900 0.10080199
v -0.01435568 -0.00439900 0.10080199
v -0.01435568 -0.00439900 0.10080199
v -0.01430758 -0.00441700 0.10078599
v -0.01430758 -0.00441700 0.10078599
v -0.01430758 -0.00441700 0.10078599
v -0.01430758 -0.00441700 0.10078599
v -0.01408962 -0.00424800 0.10126599
v -0.01408962 -0.00424800 0.10126599
v -0.01408962 -0.00424800 0.10126599
v -0.01408962 -0.00424800 0.10126599
v -0.01375530 -0.00378900 0.10229599
v -0.01375530 -0.00378900 0.10229599
v -0.01375530 -0.00378900 0.10229599
v -0.01375530 -0.00378900 0.10229599
v -0.01375530 -0.00378900 0.10229599
v -0.01375530 -0.00378900 0.10229599
v -0.01366299 -0.00381400 0.10226499
v -0.01366299 -0.00381400 0.10226499
v -0.01366299 -0.00381400 0.10226499
v -0.01366299 -0.00381400 0.10226499
v -0.01366299 -0.00381400 0.10226499
v -0.01366299 -0.00381400 0.10226499
v -0.01366299 -0.00381400 0.10226499
v -0.01356138 -0.00380600 0.10228399
v -0.01356138 -0.00380600 0.10228399
v -0.01356138 -0.00380600 0.10228399
v -0.01356138 -0.00380600 0.10228399
v -0.01356138 -0.00380600 0.10228399
v -0.01362886 -0.00396300 0.10196799
v -0.01362886 -0.00396300 0.10196799
v -0.01362886 -0.00396300 0.10196799
v -0.01362886 -0.00396300 0.10196799
v -0.01362886 -0.00396300 0.10196799
v -0.01362886 -0.00396300 0.10196799
v -0.01167646 -0.00396200 0.10196899
v -0.01167646 -0.00396200 0.10196899
v -0.01167646 -0.00396200 0.10196899
v -0.01167646 -0.00396200 0.10196899
v -0.01167646 -0.00396200 0.10196899
v -0.01167646 -0.00396200 0.10196899
v -0.01167646 -0.00396200 0.10196899
v -0.01160432 -0.00418000 0.10147799
v -0.01160432 -0.00418000 0.10147799
v -0.01160432 -0.00418000 0.10147799
v -0.01160432 -0.00418000 0.10147799
v -0.01160432 -0.00418000 0.10147799
v -0.01160432 -0.00418000 0.10147799
v -0.01160432 -0.00418000 0.10147799
v -0.01155778 -0.00417300 0.10147499
v -0.01155778 -0.00417300 0.10147499
v -0.01155778 -0.00417300 0.10147499
v -0.01155778 -0.00417300 0.10147499
v -0.01151124 -0.00416300 0.10147099
v -0.01151124 -0.00416300 0.10147099
v -0.01151124 -0.00416300 0.10147099
v -0.01151124 -0.00416300 0.10147099
v -0.01151124 -0.00416300 0.10147099
v -0.01151124 -0.00416300 0.10147099
v -0.01151124 -0.00416300 0.10147099
v -0.01151124 -0.00416300 0.10147099
v -0.01146547 -0.00414900 0.10146399
v -0.01146547 -0.00414900 0.10146399
v -0.01146547 -0.00414900 0.10146399
v -0.01146547 -0.00414900 0.10146399
v -0.01141971 -0.00413300 0.10145699
v -0.01141971 -0.00413300 0.10145699
v -0.01141971 -0.00413300 0.10145699
v -0.01141971 -0.00413300 0.10145699
v -0.01141971 -0.00413300 0.10145699
v -0.01141971 -0.00413300 0.10145699
v -0.01141971 -0.00413300 0.10145699
v -0.01141971 -0.00413300 0.10145699
v -0.01137549 -0.00411200 0.10144899
v -0.01137549 -0.00411200 0.10144899
v -0.01137549 -0.00411200 0.10144899
v -0.01137549 -0.00411200 0.10144899
v -0.01133205 -0.00408800 0.10143899
v -0.01133205 -0.00408800 0.10143899
v -0.01133205 -0.00408800 0.10143899
v -0.01133205 -0.00408800 0.10143899
v -0.01133205 -0.00408800 0.10143899
v -0.01129017 -0.00406200 0.10142699
v -0.01129017 -0.00406200 0.10142699
v -0.01129017 -0.00406200 0.10142699
v -0.01129017 -0.00406200 0.10142699
v -0.01129017 -0.00406200 0.10142699
v -0.01129017 -0.00406200 0.10142699
v -0.01129017 -0.00406200 0.10142699
v -0.01124906 -0.00403200 0.10141399
v -0.01124906 -0.00403200 0.10141399
v -0.01124906 -0.00403200 0.10141399
v -0.01124906 -0.00403200 0.10141399
v -0.01124906 -0.00403200 0.10141399
v -0.01121027 -0.00399900 0.10140099
v -0.01121027 -0.00399900 0.10140099
v -0.01121027 -0.00399900 0.10140099
v -0.01121027 -0.00399900 0.10140099
v -0.01121027 -0.00399900 0.10140099
v -0.01117226 -0.00396400 0.10138499
v -0.01117226 -0.00396400 0.10138499
v -0.01117226 -0.00396400 0.10138499
v -0.01117226 -0.00396400 0.10138499
v -0.01117226 -0.00396400 0.10138499
v -0.01117226 -0.00396400 0.10138499
v -0.01113658 -0.00392500 0.10136899
v -0.01113658 -0.00392500 0.10136899
v -0.01113658 -0.00392500 0.10136899
v -0.01113658 -0.00392500 0.10136899
v -0.01113658 -0.00392500 0.10136899
v -0.01110323 -0.00388400 0.10134999
v -0.01110323 -0.00388400 0.10134999
v -0.01110323 -0.00388400 0.10134999
v -0.01110323 -0.00388400 0.10134999
v -0.01110323 -0.00388400 0.10134999
v -0.01104272 -0.00348800 0.10197499
v -0.01104272 -0.00348800 0.10197499
v -0.01104272 -0.00348800 0.10197499
v -0.01104272 -0.00348800 0.10197499
v -0.01107142 -0.00384100 0.10133199
v -0.01107142 -0.00384100 0.10133199
v -0.01107142 -0.00384100 0.10133199
v -0.01107142 -0.00384100 0.10133199
v -0.01104272 -0.00379500 0.10131199
v -0.01104272 -0.00379500 0.10131199
v -0.01104272 -0.00379500 0.10131199
v -0.01104272 -0.00379500 0.10131199
v -0.01101558 -0.00344100 0.10195299
v -0.01101558 -0.00344100 0.10195299
v -0.01101558 -0.00344100 0.10195299
v -0.01101558 -0.00344100 0.10195299
v -0.01099075 -0.00311300 0.10245399
v -0.01099075 -0.00311300 0.10245399
v -0.01099075 -0.00311300 0.10245399
v -0.01099075 -0.00311300 0.10245399
v -0.01099075 -0.00311300 0.10245399
v -0.01093491 -0.00247900 0.10311399
v -0.01093491 -0.00247900 0.10311399
v -0.01093491 -0.00247900 0.10311399
v -0.01093491 -0.00247900 0.10311399
v -0.01093491 -0.00247900 0.10311399
v -0.01093491 -0.00247900 0.10311399
v -0.01095119 -0.00276100 0.10280999
v -0.01095119 -0.00276100 0.10280999
v -0.01095119 -0.00276100 0.10280999
v -0.01095119 -0.00276100 0.10280999
v -0.01093490 -0.00271100 0.10277799
v -0.01093490 -0.00271100 0.10277799
v -0.01093490 -0.00271100 0.10277799
v -0.01093490 -0.00271100 0.10277799
v -0.01093490 -0.00271100 0.10277799
v -0.01093490 -0.00271100 0.10277799
v -0.01096981 -0.00306400 0.10242499
v -0.01096981 -0.00306400 0.10242499
v -0.01096981 -0.00306400 0.10242499
v -0.01096981 -0.00306400 0.10242499
v -0.01095119 -0.00301300 0.10239699
v -0.01095119 -0.00301300 0.10239699
v -0.01095119 -0.00301300 0.10239699
v -0.01095119 -0.00301300 0.10239699
v -0.01095119 -0.00301300 0.10239699
v -0.01095119 -0.00301300 0.10239699
v -0.01091241 -0.00063300 0.10443399
v -0.01091241 -0.00063300 0.10443399
v -0.01091241 -0.00063300 0.10443399
v -0.01091241 -0.00048300 0.10447699
v -0.01091241 -0.00048300 0.10447699
v -0.01091241 -0.00048300 0.10447699
v -0.01091241 -0.00048300 0.10447699
v -0.01091241 -0.00078400 0.10438099
v -0.01091241 -0.00078400 0.10438099
v -0.01091241 -0.00078400 0.10438099
v -0.01091241 -0.00078400 0.10438099
v -0.01091241 -0.00107700 0.10424499
v -0.01091241 -0.00107700 0.10424499
v -0.01091241 -0.00107700 0.10424499
v -0.01091241 -0.00107700 0.10424499
v -0.01091241 -0.00093700 0.10431599
v -0.01091241 -0.00093700 0.10431599
v -0.01091241 -0.00093700 0.10431599
v -0.01091241 -0.00093700 0.10431599
v -0.01091241 -0.00122400 0.10416199
v -0.01091241 -0.00122400 0.10416199
v -0.01091241 -0.00122400 0.10416199
v -0.01091241 -0.00122400 0.10416199
v -0.01091241 -0.00122400 0.10416199
v -0.01091241 -0.00033200 0.10450899
v -0.01091241 -0.00033200 0.10450899
v -0.01091241 -0.00033200 0.10450899
v -0.01091241 -0.00033200 0.10450899
v -0.01091241 -0.00033200 0.10450899
v -0.01091241 -0.00018100 0.10453099
v -0.01091241 -0.00018100 0.10453099
v -0.01091241 -0.00018100 0.10453099
v -0.01091241 -0.00018100 0.10453099
v -0.01091241 -0.00018100 0.10453099
v -0.01091241 -0.00018100 0.10453099
v -0.01091241 -0.00018100 0.10453099
v -0.01091629 -0.00000000 0.10457399
v -0.01091629 -0.00000000 0.10457399
v -0.01091629 -0.00000000 0.10457399
v -0.01091629 -0.00000000 0.10457399
v -0.01091629 -0.00000000 0.10457399
v -0.01091629 -0.00000000 0.10457399
v -0.01091629 -0.00000000 0.10457399
v -0.01091241 -0.00152600 0.10394899
v -0.01091241 -0.00152600 0.10394899
v -0.01091241 -0.00152600 0.10394899
v -0.01091241 -0.00152600 0.10394899
v -0.01091241 -0.00137300 0.10406399
v -0.01091241 -0.00137300 0.10406399
v -0.01091241 -0.00137300 0.10406399
v -0.01091241 -0.00137300 0.10406399
v -0.01091241 -0.00169000 0.10381199
v -0.01091241 -0.00169000 0.10381199
v -0.01091241 -0.00169000 0.10381199
v -0.01091241 -0.00169000 0.10381199
v -0.01091241 -0.00186300 0.10364899
v -0.01091241 -0.00186300 0.10364899
v -0.01091241 -0.00186300 0.10364899
v -0.01091241 -0.00186300 0.10364899
v -0.01092172 -0.00209300 0.10349499
v -0.01092172 -0.00209300 0.10349499
v -0.01092172 -0.00209300 0.10349499
v -0.01092172 -0.00209300 0.10349499
v -0.01091241 -0.00204800 0.10345399
v -0.01091241 -0.00204800 0.10345399
v -0.01091241 -0.00204800 0.10345399
v -0.01092172 -0.00229400 0.10325799
v -0.01092172 -0.00229400 0.10325799
v -0.01092172 -0.00229400 0.10325799
v -0.01092172 -0.00229400 0.10325799
v -0.01092172 -0.00229400 0.10325799
v -0.01092172 -0.00229400 0.10325799
v -0.01091164 -0.00000000 0.10454099
v -0.01091164 -0.00000000 0.10454099
v -0.01091164 -0.00000000 0.10454099
v -0.01091164 -0.00000000 0.10454099
v -0.01091164 -0.00000000 0.10454099
v -0.01091164 -0.00000000 0.10454099
v -0.01091164 -0.00000000 0.10454099
v -0.01090776 0.00017800 0.10449899
v -0.01090776 0.00017800 0.10449899
v -0.01090776 0.00017800 0.10449899
v -0.01090776 0.00017800 0.10449899
v -0.01090776 0.00032700 0.10447699
v -0.01090776 0.00032700 0.10447699
v -0.01090776 0.00032700 0.10447699
v -0.01090776 0.00047500 0.10444499
v -0.01090776 0.00047500 0.10444499
v -0.01090776 0.00047500 0.10444499
v -0.01090776 0.00047500 0.10444499
v -0.01090776 0.00062400 0.10440399
v -0.01090776 0.00062400 0.10440399
v -0.01090776 0.00062400 0.10440399
v -0.01090776 0.00062400 0.10440399
v -0.01090776 0.00062400 0.10440399
v -0.01090776 0.00062400 0.10440399
v -0.01090776 0.00062400 0.10440399
v -0.01090776 0.00077300 0.10435099
v -0.01090776 0.00077300 0.10435099
v -0.01090776 0.00077300 0.10435099
v -0.01090776 0.00077300 0.10435099
v -0.01090776 0.00092300 0.10428699
v -0.01090776 0.00092300 0.10428699
v -0.01090776 0.00092300 0.10428699
v -0.01090776 0.00092300 0.10428699
v -0.01090776 0.00106300 0.10421799
v -0.01090776 0.00106300 0.10421799
v -0.01090776 0.00106300 0.10421799
v -0.01090776 0.00106300 0.10421799
v -0.01090776 0.00106300 0.10421799
v -0.01090776 0.00106300 0.10421799
v -0.01090776 0.00135400 0.10403799
v -0.01090776 0.00135400 0.10403799
v -0.01090776 0.00135400 0.10403799
v -0.01090776 0.00135400 0.10403799
v -0.01090776 0.00135400 0.10403799
v -0.01090776 0.00120700 0.10413399
v -0.01090776 0.00120700 0.10413399
v -0.01090776 0.00120700 0.10413399
v -0.01090776 0.00166800 0.10378799
v -0.01090776 0.00166800 0.10378799
v -0.01090776 0.00166800 0.10378799
v -0.01090776 0.00166800 0.10378799
v -0.01090776 0.00150700 0.10392399
v -0.01090776 0.00150700 0.10392399
v -0.01090776 0.00150700 0.10392399
v -0.01090776 0.00184000 0.10362699
v -0.01090776 0.00184000 0.10362699
v -0.01090776 0.00202400 0.10343299
v -0.01090776 0.00202400 0.10343299
v -0.01090776 0.00202400 0.10343299
v -0.01090776 0.00202400 0.10343299
v -0.01090776 0.00221900 0.10319899
v -0.01090776 0.00221900 0.10319899
v -0.01090776 0.00221900 0.10319899
v -0.01090776 0.00221900 0.10319899
v -0.01091629 0.00240300 0.10305699
v -0.01091629 0.00240300 0.10305699
v -0.01091629 0.00240300 0.10305699
v -0.01091629 0.00240300 0.10305699
v -0.01091629 0.00240300 0.10305699
v -0.01092715 0.00268200 0.10275799
v -0.01092715 0.00268200 0.10275799
v -0.01092715 0.00268200 0.10275799
v -0.01092715 0.00268200 0.10275799
v -0.01092715 0.00293100 0.10234899
v -0.01092715 0.00293100 0.10234899
v -0.01092715 0.00293100 0.10234899
v -0.01092715 0.00293100 0.10234899
v -0.01092715 0.00293100 0.10234899
v -0.01092715 0.00293100 0.10234899
v -0.01092715 0.00293100 0.10234899
v -0.01092715 0.00293100 0.10234899
v -0.01094111 0.00355800 0.10120999
v -0.01094111 0.00355800 0.10120999
v -0.01094111 0.00355800 0.10120999
v -0.01094111 0.00355800 0.10120999
v -0.01094111 0.00355800 0.10120999
v -0.01095740 0.00361200 0.10123299
v -0.01095740 0.00361200 0.10123299
v -0.01095740 0.00361200 0.10123299
v -0.01095740 0.00361200 0.10123299
v -0.01095740 0.00361200 0.10123299
v -0.01092715 0.00320500 0.10183399
v -0.01092715 0.00320500 0.10183399
v -0.01092715 0.00320500 0.10183399
v -0.01092715 0.00320500 0.10183399
v -0.01092715 0.00320500 0.10183399
v -0.01097602 0.00366300 0.10125599
v -0.01097602 0.00366300 0.10125599
v -0.01097602 0.00366300 0.10125599
v -0.01097602 0.00366300 0.10125599
v -0.01097602 0.00366300 0.10125599
v -0.01097602 0.00366300 0.10125599
v -0.01099851 0.00371200 0.10127699
v -0.01099851 0.00371200 0.10127699
v -0.01099851 0.00371200 0.10127699
v -0.01099851 0.00371200 0.10127699
v -0.01099851 0.00371200 0.10127699
v -0.01102333 0.00376200 0.10129799
v -0.01102333 0.00376200 0.10129799
v -0.01102333 0.00376200 0.10129799
v -0.01102333 0.00376200 0.10129799
v -0.01102333 0.00376200 0.10129799
v -0.01105048 0.00380800 0.10131799
v -0.01105048 0.00380800 0.10131799
v -0.01105048 0.00380800 0.10131799
v -0.01105048 0.00380800 0.10131799
v -0.01107996 0.00385300 0.10133699
v -0.01107996 0.00385300 0.10133699
v -0.01107996 0.00385300 0.10133699
v -0.01107996 0.00385300 0.10133699
v -0.01111254 0.00389600 0.10135499
v -0.01111254 0.00389600 0.10135499
v -0.01111254 0.00389600 0.10135499
v -0.01111254 0.00389600 0.10135499
v -0.01111254 0.00389600 0.10135499
v -0.01114667 0.00393600 0.10137299
v -0.01114667 0.00393600 0.10137299
v -0.01114667 0.00393600 0.10137299
v -0.01114667 0.00393600 0.10137299
v -0.01114667 0.00393600 0.10137299
v -0.01118235 0.00397400 0.10138899
v -0.01118235 0.00397400 0.10138899
v -0.01118235 0.00397400 0.10138899
v -0.01118235 0.00397400 0.10138899
v -0.01122113 0.00400900 0.10140499
v -0.01122113 0.00400900 0.10140499
v -0.01122113 0.00400900 0.10140499
v -0.01122113 0.00400900 0.10140499
v -0.01126069 0.00404200 0.10141799
v -0.01126069 0.00404200 0.10141799
v -0.01126069 0.00404200 0.10141799
v -0.01126069 0.00404200 0.10141799
v -0.01126069 0.00404200 0.10141799
v -0.01130335 0.00407100 0.10143099
v -0.01130335 0.00407100 0.10143099
v -0.01130335 0.00407100 0.10143099
v -0.01130335 0.00407100 0.10143099
v -0.01130335 0.00407100 0.10143099
v -0.01130335 0.00407100 0.10143099
v -0.01134679 0.00409700 0.10144299
v -0.01134679 0.00409700 0.10144299
v -0.01134679 0.00409700 0.10144299
v -0.01134679 0.00409700 0.10144299
v -0.01139178 0.00412000 0.10145199
v -0.01139178 0.00412000 0.10145199
v -0.01139178 0.00412000 0.10145199
v -0.01139178 0.00412000 0.10145199
v -0.01139178 0.00412000 0.10145199
v -0.01139178 0.00412000 0.10145199
v -0.01139178 0.00412000 0.10145199
v -0.01139178 0.00412000 0.10145199
v -0.01143755 0.00413900 0.10145999
v -0.01143755 0.00413900 0.10145999
v -0.01143755 0.00413900 0.10145999
v -0.01143755 0.00413900 0.10145999
v -0.01148487 0.00415500 0.10146699
v -0.01148487 0.00415500 0.10146699
v -0.01148487 0.00415500 0.10146699
v -0.01148487 0.00415500 0.10146699
v -0.01148487 0.00415500 0.10146699
v -0.01148487 0.00415500 0.10146699
v -0.01148487 0.00415500 0.10146699
v -0.01153218 0.00416800 0.10147299
v -0.01153218 0.00416800 0.10147299
v -0.01153218 0.00416800 0.10147299
v -0.01153218 0.00416800 0.10147299
v -0.01153218 0.00416800 0.10147299
v -0.01153218 0.00416800 0.10147299
v -0.01153218 0.00416800 0.10147299
v -0.01158105 0.00417600 0.10147699
v -0.01158105 0.00417600 0.10147699
v -0.01158105 0.00417600 0.10147699
v -0.01158105 0.00417600 0.10147699
v -0.01167646 0.00405700 0.10176499
v -0.01167646 0.00405700 0.10176499
v -0.01167646 0.00405700 0.10176499
v -0.01167646 0.00405700 0.10176499
v -0.01167646 0.00405700 0.10176499
v -0.01167646 0.00386700 0.10216399
v -0.01167646 0.00386700 0.10216399
v -0.01167646 0.00386700 0.10216399
v -0.01167646 0.00386700 0.10216399
v -0.01356836 0.00382400 0.10224999
v -0.01356836 0.00382400 0.10224999
v -0.01356836 0.00382400 0.10224999
v -0.01356836 0.00382400 0.10224999
v -0.01356836 0.00382400 0.10224999
v -0.01356836 0.00382400 0.10224999
v -0.01378167 0.00407300 0.10172399
v -0.01378167 0.00407300 0.10172399
v -0.01378167 0.00407300 0.10172399
v -0.01378167 0.00407300 0.10172399
v -0.01378167 0.00407300 0.10172399
v -0.01378167 0.00407300 0.10172399
v -0.01378167 0.00407300 0.10172399
v -0.01387475 0.00405000 0.10175699
v -0.01387475 0.00405000 0.10175699
v -0.01387475 0.00405000 0.10175699
v -0.01387475 0.00405000 0.10175699
v -0.01387475 0.00405000 0.10175699
v -0.01387475 0.00405000 0.10175699
v -0.01399498 0.00427600 0.10123299
v -0.01399498 0.00427600 0.10123299
v -0.01399498 0.00427600 0.10123299
v -0.01399498 0.00427600 0.10123299
v -0.01399498 0.00427600 0.10123299
v -0.01399498 0.00427600 0.10123299
v -0.01421217 0.00445100 0.10075399
v -0.01421217 0.00445100 0.10075399
v -0.01421217 0.00445100 0.10075399
v -0.01421217 0.00445100 0.10075399
v -0.01421217 0.00445100 0.10075399
v -0.01450926 0.00478500 0.09976499
v -0.01450926 0.00478500 0.09976499
v -0.01450926 0.00478500 0.09976499
v -0.01450926 0.00478500 0.09976499
v -0.01450926 0.00478500 0.09976499
v -0.01450926 0.00478500 0.09976499
v -0.01460545 0.00475000 0.09979999
v -0.01460545 0.00475000 0.09979999
v -0.01460545 0.00475000 0.09979999
v -0.01460545 0.00475000 0.09979999
v -0.01460545 0.00475000 0.09979999
v -0.01460545 0.00475000 0.09979999
v -0.01460545 0.00475000 0.09979999
v -0.01460545 0.00475000 0.09979999
v -0.01465354 0.00473000 0.09981699
v -0.01465354 0.00473000 0.09981699
v -0.01465354 0.00473000 0.09981699
v -0.01465354 0.00473000 0.09981699
v -0.01465354 0.00473000 0.09981699
v -0.01470241 0.00470900 0.09983199
v -0.01470241 0.00470900 0.09983199
v -0.01470241 0.00470900 0.09983199
v -0.01470241 0.00470900 0.09983199
v -0.01470241 0.00470900 0.09983199
v -0.01500492 0.00498400 0.09886400
v -0.01500492 0.00498400 0.09886400
v -0.01500492 0.00498400 0.09886400
v -0.01500492 0.00498400 0.09886400
v -0.01500492 0.00498400 0.09886400
v -0.01500492 0.00498400 0.09886400
v -0.01505379 0.00495900 0.09888000
v -0.01505379 0.00495900 0.09888000
v -0.01505379 0.00495900 0.09888000
v -0.01505379 0.00495900 0.09888000
v -0.01561384 0.00541800 0.09696600
v -0.01561384 0.00541800 0.09696600
v -0.01561384 0.00541800 0.09696600
v -0.01561384 0.00541800 0.09696600
v -0.01561384 0.00541800 0.09696600
v -0.01561384 0.00541800 0.09696600
v -0.01561384 0.00541800 0.09696600
v -0.01571157 0.00536200 0.09700000
v -0.01571157 0.00536200 0.09700000
v -0.01571157 0.00536200 0.09700000
v -0.01571157 0.00536200 0.09700000
v -0.01571157 0.00536200 0.09700000
v -0.01571157 0.00536200 0.09700000
v -0.01571157 0.00536200 0.09700000
v -0.01580931 0.00530000 0.09703200
v -0.01580931 0.00530000 0.09703200
v -0.01580931 0.00530000 0.09703200
v -0.01580931 0.00530000 0.09703200
v -0.01580931 0.00530000 0.09703200
v -0.01580931 0.00530000 0.09703200
v -0.01650277 0.00563800 0.09487600
v -0.01650277 0.00563800 0.09487600
v -0.01650277 0.00563800 0.09487600
v -0.01650277 0.00563800 0.09487600
v -0.01660594 0.00556800 0.09487600
v -0.01660594 0.00556800 0.09487600
v -0.01660594 0.00556800 0.09487600
v -0.01660594 0.00556800 0.09487600
v -0.01670755 0.00549100 0.09487600
v -0.01670755 0.00549100 0.09487600
v -0.01670755 0.00549100 0.09487600
v -0.01670755 0.00549100 0.09487600
v -0.01680529 0.00540800 0.09487600
v -0.01680529 0.00540800 0.09487600
v -0.01680529 0.00540800 0.09487600
v -0.01680529 0.00540800 0.09487600
v -0.01689915 0.00531900 0.09487600
v -0.01689915 0.00531900 0.09487600
v -0.01689915 0.00531900 0.09487600
v -0.01689915 0.00531900 0.09487600
v -0.01574493 0.00302100 0.10094400
v -0.01574493 0.00302100 0.10094400
v -0.01574493 0.00302100 0.10094400
v -0.01574493 0.00302100 0.10094400
v -0.01574493 0.00302100 0.10094400
v -0.01574493 0.00302100 0.10094400
v -0.01580078 0.00290100 0.10092700
v -0.01580078 0.00290100 0.10092700
v -0.01580078 0.00290100 0.10092700
v -0.01580078 0.00290100 0.10092700
v -0.01580078 0.00290100 0.10092700
v -0.01625998 0.00363500 0.09908300
v -0.01625998 0.00363500 0.09908300
v -0.01625998 0.00363500 0.09908300
v -0.01625998 0.00363500 0.09908300
v -0.01585353 0.00278100 0.10090600
v -0.01585353 0.00278100 0.10090600
v -0.01585353 0.00278100 0.10090600
v -0.01585353 0.00278100 0.10090600
v -0.01594350 0.00253500 0.10085800
v -0.01594350 0.00253500 0.10085800
v -0.01594350 0.00253500 0.10085800
v -0.01594350 0.00253500 0.10085800
v -0.01594350 0.00253500 0.10085800
v -0.01598229 0.00241200 0.10083000
v -0.01598229 0.00241200 0.10083000
v -0.01598229 0.00241200 0.10083000
v -0.01598229 0.00241200 0.10083000
v -0.01598229 0.00241200 0.10083000
v -0.01590084 0.00265900 0.10088400
v -0.01590084 0.00265900 0.10088400
v -0.01590084 0.00265900 0.10088400
v -0.01590084 0.00265900 0.10088400
v -0.01590084 0.00265900 0.10088400
v -0.01528417 0.00081400 0.10341900
v -0.01528417 0.00081400 0.10341900
v -0.01528417 0.00081400 0.10341900
v -0.01528417 0.00081400 0.10341900
v -0.01528417 0.00081400 0.10341900
v -0.01528417 0.00081400 0.10341900
v -0.01528417 0.00081400 0.10341900
v -0.01552231 0.00146000 0.10256200
v -0.01552231 0.00146000 0.10256200
v -0.01552231 0.00146000 0.10256200
v -0.01552231 0.00146000 0.10256200
v -0.01552231 0.00146000 0.10256200
v -0.01552231 0.00146000 0.10256200
v -0.01532063 0.00072400 0.10335100
v -0.01532063 0.00072400 0.10335100
v -0.01532063 0.00072400 0.10335100
v -0.01532063 0.00072400 0.10335100
v -0.01535321 0.00063200 0.10328100
v -0.01535321 0.00063200 0.10328100
v -0.01535321 0.00063200 0.10328100
v -0.01535321 0.00063200 0.10328100
v -0.01538269 0.00054300 0.10321200
v -0.01538269 0.00054300 0.10321200
v -0.01538269 0.00054300 0.10321200
v -0.01538269 0.00054300 0.10321200
v -0.01538269 0.00054300 0.10321200
v -0.01528728 0.00007900 0.10355200
v -0.01528728 0.00007900 0.10355200
v -0.01528728 0.00007900 0.10355200
v -0.01528728 0.00007900 0.10355200
v -0.01528728 0.00007900 0.10355200
v -0.01529814 -0.00000000 0.10352200
v -0.01529814 -0.00000000 0.10352200
v -0.01529814 -0.00000000 0.10352200
v -0.01529814 -0.00000000 0.10352200
v -0.01529814 -0.00000000 0.10352200
v -0.01529814 -0.00000000 0.10352200
v -0.01528728 -0.00008000 0.10355200
v -0.01528728 -0.00008000 0.10355200
v -0.01528728 -0.00008000 0.10355200
v -0.01528728 -0.00008000 0.10355200
v -0.01528728 -0.00008000 0.10355200
v -0.01538269 -0.00054300 0.10321200
v -0.01538269 -0.00054300 0.10321200
v -0.01538269 -0.00054300 0.10321200
v -0.01538269 -0.00054300 0.10321200
v -0.01538269 -0.00054300 0.10321200
v -0.01535321 -0.00063300 0.10328100
v -0.01535321 -0.00063300 0.10328100
v -0.01535321 -0.00063300 0.10328100
v -0.01535321 -0.00063300 0.10328100
v -0.01532063 -0.00072300 0.10335100
v -0.01532063 -0.00072300 0.10335100
v -0.01532063 -0.00072300 0.10335100
v -0.01532063 -0.00072300 0.10335100
v -0.01528417 -0.00081500 0.10341900
v -0.01528417 -0.00081500 0.10341900
v -0.01528417 -0.00081500 0.10341900
v -0.01528417 -0.00081500 0.10341900
v -0.01528417 -0.00081500 0.10341900
v -0.01528417 -0.00081500 0.10341900
v -0.01528417 -0.00081500 0.10341900
v -0.01552231 -0.00145900 0.10256200
v -0.01552231 -0.00145900 0.10256200
v -0.01552231 -0.00145900 0.10256200
v -0.01552231 -0.00145900 0.10256200
v -0.01552231 -0.00145900 0.10256200
v -0.01601642 -0.00228800 0.10080000
v -0.01601642 -0.00228800 0.10080000
v -0.01601642 -0.00228800 0.10080000
v -0.01601642 -0.00228800 0.10080000
v -0.01601642 -0.00228800 0.10080000
v -0.01598229 -0.00241100 0.10083000
v -0.01598229 -0.00241100 0.10083000
v -0.01598229 -0.00241100 0.10083000
v -0.01598229 -0.00241100 0.10083000
v -0.01598229 -0.00241100 0.10083000
v -0.01594350 -0.00253500 0.10085800
v -0.01594350 -0.00253500 0.10085800
v -0.01594350 -0.00253500 0.10085800
v -0.01594350 -0.00253500 0.10085800
v -0.01594350 -0.00253500 0.10085800
v -0.01594350 -0.00253500 0.10085800
v -0.01590084 -0.00265800 0.10088400
v -0.01590084 -0.00265800 0.10088400
v -0.01590084 -0.00265800 0.10088400
v -0.01590084 -0.00265800 0.10088400
v -0.01590084 -0.00265800 0.10088400
v -0.01590084 -0.00265800 0.10088400
v -0.01590084 -0.00265800 0.10088400
v -0.01585353 -0.00278000 0.10090600
v -0.01585353 -0.00278000 0.10090600
v -0.01585353 -0.00278000 0.10090600
v -0.01585353 -0.00278000 0.10090600
v -0.01585353 -0.00278000 0.10090600
v -0.01601642 0.00228700 0.10080000
v -0.01601642 0.00228700 0.10080000
v -0.01601642 0.00228700 0.10080000
v -0.01601642 0.00228700 0.10080000
v -0.01601642 0.00228700 0.10080000
v -0.01582793 -0.00284100 0.10091700
v -0.01582793 -0.00284100 0.10091700
v -0.01582793 -0.00284100 0.10091700
v -0.01582793 -0.00284100 0.10091700
v -0.01580078 -0.00290100 0.10092700
v -0.01580078 -0.00290100 0.10092700
v -0.01580078 -0.00290100 0.10092700
v -0.01580078 -0.00290100 0.10092700
v -0.01577363 -0.00296100 0.10093600
v -0.01577363 -0.00296100 0.10093600
v -0.01577363 -0.00296100 0.10093600
v -0.01577363 -0.00296100 0.10093600
v -0.01574493 -0.00302000 0.10094400
v -0.01574493 -0.00302000 0.10094400
v -0.01574493 -0.00302000 0.10094400
v -0.01574493 -0.00302000 0.10094400
v -0.01677736 0.00410300 0.09722600
v -0.01677736 0.00410300 0.09722600
v -0.01677736 0.00410300 0.09722600
v -0.01677736 0.00410300 0.09722600
v -0.01677736 0.00410300 0.09722600
v -0.01739636 0.00461800 0.09487600
v -0.01739636 0.00461800 0.09487600
v -0.01743592 0.00453900 0.09487600
v -0.01743592 0.00453900 0.09487600
v -0.01743592 0.00453900 0.09487600
v -0.01743592 0.00453900 0.09487600
v -0.01692862 -0.00371700 0.09721300
v -0.01692862 -0.00371700 0.09721300
v -0.01692862 -0.00371700 0.09721300
v -0.01692862 -0.00371700 0.09721300
v -0.01692862 -0.00371700 0.09721300
v -0.01692862 -0.00371700 0.09721300
v -0.01692862 -0.00371700 0.09721300
v -0.01688363 -0.00384800 0.09722000
v -0.01688363 -0.00384800 0.09722000
v -0.01688363 -0.00384800 0.09722000
v -0.01688363 -0.00384800 0.09722000
v -0.01688363 -0.00384800 0.09722000
v -0.01688363 -0.00384800 0.09722000
v -0.01683321 -0.00397700 0.09722400
v -0.01683321 -0.00397700 0.09722400
v -0.01683321 -0.00397700 0.09722400
v -0.01683321 -0.00397700 0.09722400
v -0.01749177 -0.00441000 0.09487600
v -0.01749177 -0.00441000 0.09487600
v -0.01749177 -0.00441000 0.09487600
v -0.01743592 -0.00453800 0.09487600
v -0.01743592 -0.00453800 0.09487600
v -0.01743592 -0.00453800 0.09487600
v -0.01741420 -0.00458400 0.09487600
v -0.01741420 -0.00458400 0.09487600
v -0.01741420 -0.00458400 0.09487600
v -0.01741420 -0.00458400 0.09487600
v -0.01737464 -0.00466400 0.09487600
v -0.01737464 -0.00466400 0.09487600
v -0.01737464 -0.00466400 0.09487600
v -0.01737464 -0.00466400 0.09487600
v -0.01730716 -0.00478400 0.09487600
v -0.01730716 -0.00478400 0.09487600
v -0.01730716 -0.00478400 0.09487600
v -0.01698990 -0.00522300 0.09487600
v -0.01698990 -0.00522300 0.09487600
v -0.01698990 -0.00522300 0.09487600
v -0.01695500 -0.00526000 0.09487600
v -0.01695500 -0.00526000 0.09487600
v -0.01695500 -0.00526000 0.09487600
v -0.01689915 -0.00531900 0.09487600
v -0.01689915 -0.00531900 0.09487600
v -0.01689915 -0.00531900 0.09487600
v -0.01686269 -0.00535400 0.09487600
v -0.01686269 -0.00535400 0.09487600
v -0.01686269 -0.00535400 0.09487600
v -0.01686269 -0.00535400 0.09487600
v -0.01609166 -0.00507400 0.09711500
v -0.01609166 -0.00507400 0.09711500
v -0.01609166 -0.00507400 0.09711500
v -0.01609166 -0.00507400 0.09711500
v -0.01609166 -0.00507400 0.09711500
v -0.01609166 -0.00507400 0.09711500
v -0.01680529 -0.00540800 0.09487600
v -0.01680529 -0.00540800 0.09487600
v -0.01680529 -0.00540800 0.09487600
v -0.01676650 -0.00544200 0.09487600
v -0.01676650 -0.00544200 0.09487600
v -0.01676650 -0.00544200 0.09487600
v -0.01599935 -0.00515600 0.09708900
v -0.01599935 -0.00515600 0.09708900
v -0.01599935 -0.00515600 0.09708900
v -0.01599935 -0.00515600 0.09708900
v -0.01599935 -0.00515600 0.09708900
v -0.01599935 -0.00515600 0.09708900
v -0.01590472 -0.00523100 0.09706100
v -0.01590472 -0.00523100 0.09706100
v -0.01590472 -0.00523100 0.09706100
v -0.01590472 -0.00523100 0.09706100
v -0.01590472 -0.00523100 0.09706100
v -0.01590472 -0.00523100 0.09706100
v -0.01580931 -0.00530000 0.09703200
v -0.01580931 -0.00530000 0.09703200
v -0.01580931 -0.00530000 0.09703200
v -0.01580931 -0.00530000 0.09703200
v -0.01580931 -0.00530000 0.09703200
v -0.01580931 -0.00530000 0.09703200
v -0.01571157 -0.00536200 0.09700000
v -0.01571157 -0.00536200 0.09700000
v -0.01571157 -0.00536200 0.09700000
v -0.01571157 -0.00536200 0.09700000
v -0.01571157 -0.00536200 0.09700000
v -0.01571157 -0.00536200 0.09700000
v -0.01571157 -0.00536200 0.09700000
v -0.01465354 -0.00472900 0.09981699
v -0.01465354 -0.00472900 0.09981699
v -0.01465354 -0.00472900 0.09981699
v -0.01465354 -0.00472900 0.09981699
v -0.01465354 -0.00472900 0.09981699
v -0.01465354 -0.00472900 0.09981699
v -0.01500492 -0.00498400 0.09886400
v -0.01500492 -0.00498400 0.09886400
v -0.01500492 -0.00498400 0.09886400
v -0.01500492 -0.00498400 0.09886400
v -0.01500492 -0.00498400 0.09886400
v -0.01500492 -0.00498400 0.09886400
v -0.01561384 -0.00541800 0.09696600
v -0.01561384 -0.00541800 0.09696600
v -0.01561384 -0.00541800 0.09696600
v -0.01561384 -0.00541800 0.09696600
v -0.01561384 -0.00541800 0.09696600
v -0.01387475 -0.00404900 0.10175699
v -0.01387475 -0.00404900 0.10175699
v -0.01387475 -0.00404900 0.10175699
v -0.01387475 -0.00404900 0.10175699
v -0.01387475 -0.00404900 0.10175699
v -0.01455735 -0.00476800 0.09978299
v -0.01455735 -0.00476800 0.09978299
v -0.01455735 -0.00476800 0.09978299
v -0.01455735 -0.00476800 0.09978299
v -0.01455735 -0.00476800 0.09978299
v -0.01455735 -0.00476800 0.09978299
v -0.01421217 -0.00445000 0.10075399
v -0.01421217 -0.00445000 0.10075399
v -0.01421217 -0.00445000 0.10075399
v -0.01421217 -0.00445000 0.10075399
v -0.01421217 -0.00445000 0.10075399
v -0.01421217 -0.00445000 0.10075399
v -0.01399498 -0.00427600 0.10123299
v -0.01399498 -0.00427600 0.10123299
v -0.01399498 -0.00427600 0.10123299
v -0.01399498 -0.00427600 0.10123299
v -0.01399498 -0.00427600 0.10123299
v -0.01378167 -0.00407300 0.10172399
v -0.01378167 -0.00407300 0.10172399
v -0.01378167 -0.00407300 0.10172399
v -0.01378167 -0.00407300 0.10172399
v -0.01378167 -0.00407300 0.10172399
v -0.01378167 -0.00407300 0.10172399
v -0.01369014 -0.00409200 0.10168899
v -0.01369014 -0.00409200 0.10168899
v -0.01369014 -0.00409200 0.10168899
v -0.01369014 -0.00409200 0.10168899
v -0.01369014 -0.00409200 0.10168899
v -0.01167646 -0.00418400 0.10147999
v -0.01167646 -0.00418400 0.10147999
v -0.01167646 -0.00418400 0.10147999
v -0.01167646 -0.00418400 0.10147999
v -0.01167646 -0.00418400 0.10147999
v -0.01165241 -0.00418300 0.10147999
v -0.01165241 -0.00418300 0.10147999
v -0.01165241 -0.00418300 0.10147999
v -0.01165241 -0.00418300 0.10147999
v -0.01167646 -0.00445300 0.10081499
v -0.01167646 -0.00445300 0.10081499
v -0.01167646 -0.00445300 0.10081499
v -0.01167646 -0.00445300 0.10081499
v -0.01167646 -0.00445300 0.10081499
v -0.01167646 -0.00445300 0.10081499
v -0.01160432 -0.00455000 0.10054299
v -0.01160432 -0.00455000 0.10054299
v -0.01160432 -0.00455000 0.10054299
v -0.01160432 -0.00455000 0.10054299
v -0.01160432 -0.00455000 0.10054299
v -0.01155778 -0.00454300 0.10054099
v -0.01155778 -0.00454300 0.10054099
v -0.01155778 -0.00454300 0.10054099
v -0.01155778 -0.00454300 0.10054099
v -0.01155778 -0.00454300 0.10054099
v -0.01155778 -0.00454300 0.10054099
v -0.01155778 -0.00454300 0.10054099
v -0.01155778 -0.00454300 0.10054099
v -0.01151124 -0.00453200 0.10053699
v -0.01151124 -0.00453200 0.10053699
v -0.01151124 -0.00453200 0.10053699
v -0.01151124 -0.00453200 0.10053699
v -0.01146547 -0.00451800 0.10053199
v -0.01146547 -0.00451800 0.10053199
v -0.01146547 -0.00451800 0.10053199
v -0.01146547 -0.00451800 0.10053199
v -0.01146547 -0.00451800 0.10053199
v -0.01146547 -0.00451800 0.10053199
v -0.01141971 -0.00450100 0.10052599
v -0.01141971 -0.00450100 0.10052599
v -0.01141971 -0.00450100 0.10052599
v -0.01141971 -0.00450100 0.10052599
v -0.01141971 -0.00450100 0.10052599
v -0.01137549 -0.00448000 0.10051899
v -0.01137549 -0.00448000 0.10051899
v -0.01137549 -0.00448000 0.10051899
v -0.01137549 -0.00448000 0.10051899
v -0.01137549 -0.00448000 0.10051899
v -0.01133205 -0.00445600 0.10050999
v -0.01133205 -0.00445600 0.10050999
v -0.01133205 -0.00445600 0.10050999
v -0.01133205 -0.00445600 0.10050999
v -0.01133205 -0.00445600 0.10050999
v -0.01133205 -0.00445600 0.10050999
v -0.01129017 -0.00442900 0.10049899
v -0.01129017 -0.00442900 0.10049899
v -0.01129017 -0.00442900 0.10049899
v -0.01129017 -0.00442900 0.10049899
v -0.01124906 -0.00439900 0.10048899
v -0.01124906 -0.00439900 0.10048899
v -0.01124906 -0.00439900 0.10048899
v -0.01124906 -0.00439900 0.10048899
v -0.01124906 -0.00439900 0.10048899
v -0.01124906 -0.00439900 0.10048899
v -0.01124906 -0.00439900 0.10048899
v -0.01121027 -0.00436500 0.10047699
v -0.01121027 -0.00436500 0.10047699
v -0.01121027 -0.00436500 0.10047699
v -0.01121027 -0.00436500 0.10047699
v -0.01121027 -0.00436500 0.10047699
v -0.01117226 -0.00432800 0.10046299
v -0.01117226 -0.00432800 0.10046299
v -0.01117226 -0.00432800 0.10046299
v -0.01117226 -0.00432800 0.10046299
v -0.01117226 -0.00432800 0.10046299
v -0.01113658 -0.00428900 0.10044899
v -0.01113658 -0.00428900 0.10044899
v -0.01113658 -0.00428900 0.10044899
v -0.01113658 -0.00428900 0.10044899
v -0.01110323 -0.00424800 0.10043299
v -0.01110323 -0.00424800 0.10043299
v -0.01110323 -0.00424800 0.10043299
v -0.01110323 -0.00424800 0.10043299
v -0.01110323 -0.00424800 0.10043299
v -0.01110323 -0.00424800 0.10043299
v -0.01107142 -0.00420300 0.10041699
v -0.01107142 -0.00420300 0.10041699
v -0.01107142 -0.00420300 0.10041699
v -0.01107142 -0.00420300 0.10041699
v -0.01104272 -0.00415600 0.10040099
v -0.01104272 -0.00415600 0.10040099
v -0.01104272 -0.00415600 0.10040099
v -0.01104272 -0.00415600 0.10040099
v -0.01101557 -0.00410700 0.10038299
v -0.01101557 -0.00410700 0.10038299
v -0.01101557 -0.00410700 0.10038299
v -0.01101557 -0.00410700 0.10038299
v -0.01101557 -0.00410700 0.10038299
v -0.01101558 -0.00374700 0.10129199
v -0.01101558 -0.00374700 0.10129199
v -0.01101558 -0.00374700 0.10129199
v -0.01101558 -0.00374700 0.10129199
v -0.01099075 -0.00339300 0.10192799
v -0.01099075 -0.00339300 0.10192799
v -0.01099075 -0.00339300 0.10192799
v -0.01099075 -0.00339300 0.10192799
v -0.01099075 -0.00339300 0.10192799
v -0.01092172 -0.00243000 0.10307799
v -0.01092172 -0.00243000 0.10307799
v -0.01092172 -0.00243000 0.10307799
v -0.01092172 -0.00243000 0.10307799
v -0.01092172 -0.00266100 0.10274499
v -0.01092172 -0.00266100 0.10274499
v -0.01092172 -0.00266100 0.10274499
v -0.01092172 -0.00266100 0.10274499
v -0.01092172 -0.00266100 0.10274499
v -0.01092172 -0.00266100 0.10274499
v -0.01093490 -0.00296100 0.10236699
v -0.01093490 -0.00296100 0.10236699
v -0.01093490 -0.00296100 0.10236699
v -0.01093490 -0.00296100 0.10236699
v -0.01093490 -0.00296100 0.10236699
v -0.01093490 -0.00296100 0.10236699
v -0.01096981 -0.00334200 0.10190299
v -0.01096981 -0.00334200 0.10190299
v -0.01096981 -0.00334200 0.10190299
v -0.01096981 -0.00334200 0.10190299
v -0.01095119 -0.00329000 0.10187599
v -0.01095119 -0.00329000 0.10187599
v -0.01095119 -0.00329000 0.10187599
v -0.01095119 -0.00329000 0.10187599
v -0.01095119 -0.00329000 0.10187599
v -0.01093490 -0.00323600 0.10184999
v -0.01093490 -0.00323600 0.10184999
v -0.01093490 -0.00323600 0.10184999
v -0.01093490 -0.00323600 0.10184999
v -0.01093490 -0.00323600 0.10184999
v -0.01090543 -0.00061400 0.10437399
v -0.01090543 -0.00061400 0.10437399
v -0.01090543 -0.00061400 0.10437399
v -0.01090543 -0.00046800 0.10441499
v -0.01090543 -0.00046800 0.10441499
v -0.01090543 -0.00046800 0.10441499
v -0.01090543 -0.00046800 0.10441499
v -0.01090543 -0.00032100 0.10444699
v -0.01090543 -0.00032100 0.10444699
v -0.01090543 -0.00032100 0.10444699
v -0.01090543 -0.00032100 0.10444699
v -0.01090543 -0.00032100 0.10444699
v -0.01090543 -0.00091100 0.10425899
v -0.01090543 -0.00091100 0.10425899
v -0.01090543 -0.00091100 0.10425899
v -0.01090543 -0.00091100 0.10425899
v -0.01090543 -0.00076100 0.10432299
v -0.01090543 -0.00076100 0.10432299
v -0.01090543 -0.00076100 0.10432299
v -0.01090543 -0.00104800 0.10419099
v -0.01090543 -0.00104800 0.10419099
v -0.01090543 -0.00104800 0.10419099
v -0.01090543 -0.00119100 0.10410899
v -0.01090543 -0.00119100 0.10410899
v -0.01090543 -0.00119100 0.10410899
v -0.01090543 -0.00119100 0.10410899
v -0.01090543 -0.00119100 0.10410899
v -0.01090543 -0.00017400 0.10446899
v -0.01090543 -0.00017400 0.10446899
v -0.01090543 -0.00017400 0.10446899
v -0.01090543 -0.00017400 0.10446899
v -0.01090776 -0.00000000 0.10451399
v -0.01090776 -0.00000000 0.10451399
v -0.01090776 -0.00000000 0.10451399
v -0.01090776 -0.00000000 0.10451399
v -0.01090776 -0.00000000 0.10451399
v -0.01091241 -0.00002600 0.10454499
v -0.01091241 -0.00002600 0.10454499
v -0.01091241 -0.00002600 0.10454499
v -0.01090543 -0.00148800 0.10389999
v -0.01090543 -0.00148800 0.10389999
v -0.01090543 -0.00148800 0.10389999
v -0.01090543 -0.00148800 0.10389999
v -0.01090543 -0.00164800 0.10376599
v -0.01090543 -0.00164800 0.10376599
v -0.01090543 -0.00164800 0.10376599
v -0.01090543 -0.00164800 0.10376599
v -0.01090543 -0.00133600 0.10401199
v -0.01090543 -0.00133600 0.10401199
v -0.01090543 -0.00133600 0.10401199
v -0.01090543 -0.00181800 0.10360499
v -0.01090543 -0.00181800 0.10360499
v -0.01090543 -0.00181800 0.10360499
v -0.01091241 -0.00224500 0.10321899
v -0.01091241 -0.00224500 0.10321899
v -0.01091241 -0.00224500 0.10321899
v -0.01091241 -0.00224500 0.10321899
v -0.01090543 -0.00219500 0.10317999
v -0.01090543 -0.00219500 0.10317999
v -0.01090543 -0.00219500 0.10317999
v -0.01090543 -0.00219500 0.10317999
v -0.01090543 -0.00200100 0.10341199
v -0.01090543 -0.00200100 0.10341199
v -0.01090543 -0.00200100 0.10341199
v -0.01091241 -0.00238100 0.10304099
v -0.01091241 -0.00238100 0.10304099
v -0.01091241 -0.00238100 0.10304099
v -0.01091241 -0.00238100 0.10304099
v -0.01090776 0.00002400 0.10451299
v -0.01090776 0.00002400 0.10451299
v -0.01090776 0.00002400 0.10451299
v -0.01090776 0.00002400 0.10451299
v -0.01090233 0.00002100 0.10445199
v -0.01090233 0.00002100 0.10445199
v -0.01090233 0.00002100 0.10445199
v -0.01090233 0.00002100 0.10445199
v -0.01090233 0.00002100 0.10445199
v -0.01090233 0.00017100 0.10443899
v -0.01090233 0.00017100 0.10443899
v -0.01090233 0.00017100 0.10443899
v -0.01090233 0.00017100 0.10443899
v -0.01090233 0.00031600 0.10441699
v -0.01090233 0.00031600 0.10441699
v -0.01090233 0.00046100 0.10438599
v -0.01090233 0.00046100 0.10438599
v -0.01090233 0.00046100 0.10438599
v -0.01090233 0.00060600 0.10434499
v -0.01090233 0.00060600 0.10434499
v -0.01090233 0.00060600 0.10434499
v -0.01090233 0.00075100 0.10429499
v -0.01090233 0.00075100 0.10429499
v -0.01090233 0.00075100 0.10429499
v -0.01090233 0.00075100 0.10429499
v -0.01090233 0.00089900 0.10423199
v -0.01090233 0.00089900 0.10423199
v -0.01090233 0.00089900 0.10423199
v -0.01090233 0.00117500 0.10408299
v -0.01090233 0.00117500 0.10408299
v -0.01090233 0.00117500 0.10408299
v -0.01090233 0.00103400 0.10416399
v -0.01090233 0.00103400 0.10416399
v -0.01090233 0.00103400 0.10416399
v -0.01090233 0.00131900 0.10398799
v -0.01090233 0.00131900 0.10398799
v -0.01090233 0.00131900 0.10398799
v -0.01090233 0.00131900 0.10398799
v -0.01090233 0.00146900 0.10387699
v -0.01090233 0.00146900 0.10387699
v -0.01090233 0.00146900 0.10387699
v -0.01090233 0.00162900 0.10374299
v -0.01090233 0.00162900 0.10374299
v -0.01090233 0.00162900 0.10374299
v -0.01090233 0.00179700 0.10358399
v -0.01090233 0.00179700 0.10358399
v -0.01090233 0.00217200 0.10316099
v -0.01090233 0.00217200 0.10316099
v -0.01090233 0.00197800 0.10339199
v -0.01090233 0.00197800 0.10339199
v -0.01090233 0.00197800 0.10339199
v -0.01090233 0.00230600 0.10298599
v -0.01090233 0.00230600 0.10298599
v -0.01090233 0.00230600 0.10298599
v -0.01090233 0.00230600 0.10298599
v -0.01090233 0.00230600 0.10298599
v -0.01090776 0.00235400 0.10302199
v -0.01090776 0.00235400 0.10302199
v -0.01090776 0.00235400 0.10302199
v -0.01090776 0.00258100 0.10269399
v -0.01090776 0.00258100 0.10269399
v -0.01090776 0.00258100 0.10269399
v -0.01090776 0.00258100 0.10269399
v -0.01090776 0.00258100 0.10269399
v -0.01090776 0.00258100 0.10269399
v -0.01091629 0.00263200 0.10272499
v -0.01091629 0.00263200 0.10272499
v -0.01091629 0.00263200 0.10272499
v -0.01091629 0.00263200 0.10272499
v -0.01091629 0.00263200 0.10272499
v -0.01091629 0.00287800 0.10231899
v -0.01091629 0.00287800 0.10231899
v -0.01091629 0.00287800 0.10231899
v -0.01091629 0.00287800 0.10231899
v -0.01091629 0.00315100 0.10180799
v -0.01091629 0.00315100 0.10180799
v -0.01091629 0.00315100 0.10180799
v -0.01091629 0.00315100 0.10180799
v -0.01091629 0.00315100 0.10180799
v -0.01091629 0.00315100 0.10180799
v -0.01091629 0.00315100 0.10180799
v -0.01092715 0.00350400 0.10118699
v -0.01092715 0.00350400 0.10118699
v -0.01092715 0.00350400 0.10118699
v -0.01092715 0.00350400 0.10118699
v -0.01092715 0.00385800 0.10029299
v -0.01092715 0.00385800 0.10029299
v -0.01092715 0.00385800 0.10029299
v -0.01092715 0.00385800 0.10029299
v -0.01092715 0.00385800 0.10029299
v -0.01092715 0.00385800 0.10029299
v -0.01094111 0.00391300 0.10031199
v -0.01094111 0.00391300 0.10031199
v -0.01094111 0.00391300 0.10031199
v -0.01094111 0.00391300 0.10031199
v -0.01095740 0.00396800 0.10033199
v -0.01095740 0.00396800 0.10033199
v -0.01095740 0.00396800 0.10033199
v -0.01095740 0.00396800 0.10033199
v -0.01095740 0.00396800 0.10033199
v -0.01091629 0.00345000 0.10116299
v -0.01091629 0.00345000 0.10116299
v -0.01091629 0.00345000 0.10116299
v -0.01091629 0.00345000 0.10116299
v -0.01091629 0.00345000 0.10116299
v -0.01097601 0.00402100 0.10035099
v -0.01097601 0.00402100 0.10035099
v -0.01097601 0.00402100 0.10035099
v -0.01097601 0.00402100 0.10035099
v -0.01099851 0.00407200 0.10036999
v -0.01099851 0.00407200 0.10036999
v -0.01099851 0.00407200 0.10036999
v -0.01099851 0.00407200 0.10036999
v -0.01099851 0.00407200 0.10036999
v -0.01099851 0.00407200 0.10036999
v -0.01099851 0.00407200 0.10036999
v -0.01102333 0.00412100 0.10038799
v -0.01102333 0.00412100 0.10038799
v -0.01102333 0.00412100 0.10038799
v -0.01102333 0.00412100 0.10038799
v -0.01105048 0.00416900 0.10040599
v -0.01105048 0.00416900 0.10040599
v -0.01105048 0.00416900 0.10040599
v -0.01105048 0.00416900 0.10040599
v -0.01107996 0.00421500 0.10042199
v -0.01107996 0.00421500 0.10042199
v -0.01107996 0.00421500 0.10042199
v -0.01107996 0.00421500 0.10042199
v -0.01107996 0.00421500 0.10042199
v -0.01107996 0.00421500 0.10042199
v -0.01107996 0.00421500 0.10042199
v -0.01111254 0.00425900 0.10043799
v -0.01111254 0.00425900 0.10043799
v -0.01111254 0.00425900 0.10043799
v -0.01111254 0.00425900 0.10043799
v -0.01111254 0.00425900 0.10043799
v -0.01114667 0.00430000 0.10045299
v -0.01114667 0.00430000 0.10045299
v -0.01114667 0.00430000 0.10045299
v -0.01114667 0.00430000 0.10045299
v -0.01118235 0.00433800 0.10046699
v -0.01118235 0.00433800 0.10046699
v -0.01118235 0.00433800 0.10046699
v -0.01118235 0.00433800 0.10046699
v -0.01122113 0.00437500 0.10047999
v -0.01122113 0.00437500 0.10047999
v -0.01122113 0.00437500 0.10047999
v -0.01122113 0.00437500 0.10047999
v -0.01122113 0.00437500 0.10047999
v -0.01122113 0.00437500 0.10047999
v -0.01126069 0.00440700 0.10049199
v -0.01126069 0.00440700 0.10049199
v -0.01126069 0.00440700 0.10049199
v -0.01126069 0.00440700 0.10049199
v -0.01130335 0.00443800 0.10050299
v -0.01130335 0.00443800 0.10050299
v -0.01130335 0.00443800 0.10050299
v -0.01130335 0.00443800 0.10050299
v -0.01130335 0.00443800 0.10050299
v -0.01134679 0.00446500 0.10051299
v -0.01134679 0.00446500 0.10051299
v -0.01134679 0.00446500 0.10051299
v -0.01134679 0.00446500 0.10051299
v -0.01134679 0.00446500 0.10051299
v -0.01134679 0.00446500 0.10051299
v -0.01134679 0.00446500 0.10051299
v -0.01139178 0.00448800 0.10052099
v -0.01139178 0.00448800 0.10052099
v -0.01139178 0.00448800 0.10052099
v -0.01139178 0.00448800 0.10052099
v -0.01139178 0.00448800 0.10052099
v -0.01143755 0.00450800 0.10052799
v -0.01143755 0.00450800 0.10052799
v -0.01143755 0.00450800 0.10052799
v -0.01143755 0.00450800 0.10052799
v -0.01143755 0.00450800 0.10052799
v -0.01143755 0.00450800 0.10052799
v -0.01148486 0.00452500 0.10053399
v -0.01148486 0.00452500 0.10053399
v -0.01148486 0.00452500 0.10053399
v -0.01148486 0.00452500 0.10053399
v -0.01153218 0.00453700 0.10053899
v -0.01153218 0.00453700 0.10053899
v -0.01153218 0.00453700 0.10053899
v -0.01153218 0.00453700 0.10053899
v -0.01153218 0.00453700 0.10053899
v -0.01158105 0.00454700 0.10054199
v -0.01158105 0.00454700 0.10054199
v -0.01158105 0.00454700 0.10054199
v -0.01158105 0.00454700 0.10054199
v -0.01158105 0.00454700 0.10054199
v -0.01158105 0.00454700 0.10054199
v -0.01158105 0.00454700 0.10054199
v -0.01162992 0.00418200 0.10147899
v -0.01162992 0.00418200 0.10147899
v -0.01162992 0.00418200 0.10147899
v -0.01162992 0.00418200 0.10147899
v -0.01162992 0.00418200 0.10147899
v -0.01162992 0.00418200 0.10147899
v -0.01167646 0.00418300 0.10147999
v -0.01167646 0.00418300 0.10147999
v -0.01167646 0.00418300 0.10147999
v -0.01167646 0.00418300 0.10147999
v -0.01167646 0.00418300 0.10147999
v -0.01369014 0.00409100 0.10168899
v -0.01369014 0.00409100 0.10168899
v -0.01369014 0.00409100 0.10168899
v -0.01369014 0.00409100 0.10168899
v -0.01369014 0.00409100 0.10168899
v -0.01376848 0.00424300 0.10133999
v -0.01376848 0.00424300 0.10133999
v -0.01376848 0.00424300 0.10133999
v -0.01376848 0.00424300 0.10133999
v -0.01390190 0.00429800 0.10119899
v -0.01390190 0.00429800 0.10119899
v -0.01390190 0.00429800 0.10119899
v -0.01390190 0.00429800 0.10119899
v -0.01390190 0.00429800 0.10119899
v -0.01411754 0.00447800 0.10071899
v -0.01411754 0.00447800 0.10071899
v -0.01411754 0.00447800 0.10071899
v -0.01411754 0.00447800 0.10071899
v -0.01411754 0.00447800 0.10071899
v -0.01416486 0.00446500 0.10073699
v -0.01416486 0.00446500 0.10073699
v -0.01416486 0.00446500 0.10073699
v -0.01416486 0.00446500 0.10073699
v -0.01416486 0.00446500 0.10073699
v -0.01446039 0.00480000 0.09974799
v -0.01446039 0.00480000 0.09974799
v -0.01446039 0.00480000 0.09974799
v -0.01446039 0.00480000 0.09974799
v -0.01446039 0.00480000 0.09974799
v -0.01476136 0.00508100 0.09877599
v -0.01476136 0.00508100 0.09877599
v -0.01476136 0.00508100 0.09877599
v -0.01476136 0.00508100 0.09877599
v -0.01476136 0.00508100 0.09877599
v -0.01480945 0.00506500 0.09879399
v -0.01480945 0.00506500 0.09879399
v -0.01480945 0.00506500 0.09879399
v -0.01480945 0.00506500 0.09879399
v -0.01480945 0.00506500 0.09879399
v -0.01480945 0.00506500 0.09879399
v -0.01485832 0.00504600 0.09881300
v -0.01485832 0.00504600 0.09881300
v -0.01485832 0.00504600 0.09881300
v -0.01485832 0.00504600 0.09881300
v -0.01490719 0.00502700 0.09883000
v -0.01490719 0.00502700 0.09883000
v -0.01490719 0.00502700 0.09883000
v -0.01490719 0.00502700 0.09883000
v -0.01490719 0.00502700 0.09883000
v -0.01495606 0.00500600 0.09884700
v -0.01495606 0.00500600 0.09884700
v -0.01495606 0.00500600 0.09884700
v -0.01551532 0.00546700 0.09693000
v -0.01551532 0.00546700 0.09693000
v -0.01551532 0.00546700 0.09693000
v -0.01551532 0.00546700 0.09693000
v -0.01551532 0.00546700 0.09693000
v -0.01592954 0.00589300 0.09498600
v -0.01592954 0.00589300 0.09498600
v -0.01592954 0.00589300 0.09498600
v -0.01592954 0.00589300 0.09498600
v -0.01592954 0.00589300 0.09498600
v -0.01592954 0.00589300 0.09498600
v -0.01592954 0.00589300 0.09498600
v -0.01592954 0.00589300 0.09498600
v -0.01592954 0.00589300 0.09498600
v -0.01592954 0.00589300 0.09498600
v -0.01629023 0.00575600 0.09487600
v -0.01629023 0.00575600 0.09487600
v -0.01629023 0.00575600 0.09487600
v -0.01629023 0.00575600 0.09487600
v -0.01639728 0.00570000 0.09487600
v -0.01639728 0.00570000 0.09487600
v -0.01639728 0.00570000 0.09487600
v -0.01639728 0.00570000 0.09487600
v -0.01631583 0.00351200 0.09907500
v -0.01631583 0.00351200 0.09907500
v -0.01631583 0.00351200 0.09907500
v -0.01631583 0.00351200 0.09907500
v -0.01631583 0.00351200 0.09907500
v -0.01631583 0.00351200 0.09907500
v -0.01631583 0.00351200 0.09907500
v -0.01631583 0.00351200 0.09907500
v -0.01631583 0.00351200 0.09907500
v -0.01683321 0.00397600 0.09722400
v -0.01683321 0.00397600 0.09722400
v -0.01683321 0.00397600 0.09722400
v -0.01683321 0.00397600 0.09722400
v -0.01696973 0.00358600 0.09720300
v -0.01696973 0.00358600 0.09720300
v -0.01696973 0.00358600 0.09720300
v -0.01696973 0.00358600 0.09720300
v -0.01696973 0.00358600 0.09720300
v -0.01696973 0.00358600 0.09720300
v -0.01696973 0.00358600 0.09720300
v -0.01700542 0.00345300 0.09719200
v -0.01700542 0.00345300 0.09719200
v -0.01700542 0.00345300 0.09719200
v -0.01700542 0.00345300 0.09719200
v -0.01703644 0.00332100 0.09717700
v -0.01703644 0.00332100 0.09717700
v -0.01703644 0.00332100 0.09717700
v -0.01703644 0.00332100 0.09717700
v -0.01703644 0.00332100 0.09717700
v -0.01555489 0.00134900 0.10251300
v -0.01555489 0.00134900 0.10251300
v -0.01555489 0.00134900 0.10251300
v -0.01555489 0.00134900 0.10251300
v -0.01555489 0.00134900 0.10251300
v -0.01555489 0.00134900 0.10251300
v -0.01604590 0.00216400 0.10076900
v -0.01604590 0.00216400 0.10076900
v -0.01604590 0.00216400 0.10076900
v -0.01604590 0.00216400 0.10076900
v -0.01604590 0.00216400 0.10076900
v -0.01558359 0.00123800 0.10246100
v -0.01558359 0.00123800 0.10246100
v -0.01558359 0.00123800 0.10246100
v -0.01558359 0.00123800 0.10246100
v -0.01560841 0.00112900 0.10240900
v -0.01560841 0.00112900 0.10240900
v -0.01560841 0.00112900 0.10240900
v -0.01560841 0.00112900 0.10240900
v -0.01548585 0.00056200 0.10287000
v -0.01548585 0.00056200 0.10287000
v -0.01548585 0.00056200 0.10287000
v -0.01548585 0.00056200 0.10287000
v -0.01548585 0.00056200 0.10287000
v -0.01539587 0.00027700 0.10318700
v -0.01539587 0.00027700 0.10318700
v -0.01539587 0.00027700 0.10318700
v -0.01539587 0.00027700 0.10318700
v -0.01539587 0.00027700 0.10318700
v -0.01537338 0.00018400 0.10326700
v -0.01537338 0.00018400 0.10326700
v -0.01535864 0.00011300 0.10331900
v -0.01535864 0.00011300 0.10331900
v -0.01534080 -0.00000000 0.10338100
v -0.01534080 -0.00000000 0.10338100
v -0.01535243 -0.00008000 0.10334100
v -0.01535243 -0.00008000 0.10334100
v -0.01535243 -0.00008000 0.10334100
v -0.01536097 -0.00012700 0.10331000
v -0.01536097 -0.00012700 0.10331000
v -0.01536097 -0.00012700 0.10331000
v -0.01536097 -0.00012700 0.10331000
v -0.01536097 -0.00012700 0.10331000
v -0.01534390 0.00002700 0.10337000
v -0.01534390 0.00002700 0.10337000
v -0.01534390 0.00002700 0.10337000
v -0.01534390 0.00002700 0.10337000
v -0.01534390 0.00002700 0.10337000
v -0.01542380 -0.00037700 0.10308700
v -0.01542380 -0.00037700 0.10308700
v -0.01542380 -0.00037700 0.10308700
v -0.01542380 -0.00037700 0.10308700
v -0.01546646 -0.00051000 0.10293500
v -0.01546646 -0.00051000 0.10293500
v -0.01546646 -0.00051000 0.10293500
v -0.01552929 -0.00067800 0.10271400
v -0.01552929 -0.00067800 0.10271400
v -0.01560841 -0.00112900 0.10240900
v -0.01560841 -0.00112900 0.10240900
v -0.01560841 -0.00112900 0.10240900
v -0.01560841 -0.00112900 0.10240900
v -0.01539432 -0.00027300 0.10319100
v -0.01539432 -0.00027300 0.10319100
v -0.01539432 -0.00027300 0.10319100
v -0.01558359 -0.00123900 0.10246100
v -0.01558359 -0.00123900 0.10246100
v -0.01558359 -0.00123900 0.10246100
v -0.01558359 -0.00123900 0.10246100
v -0.01555489 -0.00134900 0.10251300
v -0.01555489 -0.00134900 0.10251300
v -0.01555489 -0.00134900 0.10251300
v -0.01555489 -0.00134900 0.10251300
v -0.01555489 -0.00134900 0.10251300
v -0.01555489 -0.00134900 0.10251300
v -0.01604590 -0.00216400 0.10076900
v -0.01604590 -0.00216400 0.10076900
v -0.01604590 -0.00216400 0.10076900
v -0.01604590 -0.00216400 0.10076900
v -0.01604590 -0.00216400 0.10076900
v -0.01706204 -0.00318900 0.09716100
v -0.01706204 -0.00318900 0.09716100
v -0.01706204 -0.00318900 0.09716100
v -0.01706204 -0.00318900 0.09716100
v -0.01703644 -0.00332200 0.09717700
v -0.01703644 -0.00332200 0.09717700
v -0.01703644 -0.00332200 0.09717700
v -0.01703644 -0.00332200 0.09717700
v -0.01703644 -0.00332200 0.09717700
v -0.01700542 -0.00345300 0.09719200
v -0.01700542 -0.00345300 0.09719200
v -0.01700542 -0.00345300 0.09719200
v -0.01700542 -0.00345300 0.09719200
v -0.01700542 -0.00345300 0.09719200
v -0.01700542 -0.00345300 0.09719200
v -0.01696973 -0.00358500 0.09720300
v -0.01696973 -0.00358500 0.09720300
v -0.01696973 -0.00358500 0.09720300
v -0.01696973 -0.00358500 0.09720300
v -0.01696973 -0.00358500 0.09720300
v -0.01696973 -0.00358500 0.09720300
v -0.01706204 0.00319000 0.09716100
v -0.01706204 0.00319000 0.09716100
v -0.01706204 0.00319000 0.09716100
v -0.01706204 0.00319000 0.09716100
v -0.01749177 0.00441100 0.09487600
v -0.01749177 0.00441100 0.09487600
v -0.01749177 0.00441100 0.09487600
v -0.01762519 -0.00401300 0.09487600
v -0.01762519 -0.00401300 0.09487600
v -0.01762519 -0.00401300 0.09487600
v -0.01762519 -0.00401300 0.09487600
v -0.01758563 -0.00414700 0.09487600
v -0.01758563 -0.00414700 0.09487600
v -0.01758563 -0.00414700 0.09487600
v -0.01757089 -0.00419500 0.09487600
v -0.01757089 -0.00419500 0.09487600
v -0.01757089 -0.00419500 0.09487600
v -0.01757089 -0.00419500 0.09487600
v -0.01754141 -0.00427900 0.09487600
v -0.01754141 -0.00427900 0.09487600
v -0.01754141 -0.00427900 0.09487600
v -0.01752357 -0.00432700 0.09487600
v -0.01752357 -0.00432700 0.09487600
v -0.01752357 -0.00432700 0.09487600
v -0.01670755 -0.00549100 0.09487600
v -0.01670755 -0.00549100 0.09487600
v -0.01670755 -0.00549100 0.09487600
v -0.01666644 -0.00552300 0.09487600
v -0.01666644 -0.00552300 0.09487600
v -0.01666644 -0.00552300 0.09487600
v -0.01660594 -0.00556800 0.09487600
v -0.01660594 -0.00556800 0.09487600
v -0.01660594 -0.00556800 0.09487600
v -0.01656405 -0.00559800 0.09487600
v -0.01656405 -0.00559800 0.09487600
v -0.01656405 -0.00559800 0.09487600
v -0.01650277 -0.00563700 0.09487600
v -0.01650277 -0.00563700 0.09487600
v -0.01650277 -0.00563700 0.09487600
v -0.01645856 -0.00566400 0.09487600
v -0.01645856 -0.00566400 0.09487600
v -0.01645856 -0.00566400 0.09487600
v -0.01639728 -0.00570100 0.09487600
v -0.01639728 -0.00570100 0.09487600
v -0.01639728 -0.00570100 0.09487600
v -0.01639728 -0.00570100 0.09487600
v -0.01635151 -0.00572400 0.09487600
v -0.01635151 -0.00572400 0.09487600
v -0.01635151 -0.00572400 0.09487600
v -0.01629023 -0.00575600 0.09487600
v -0.01629023 -0.00575600 0.09487600
v -0.01629023 -0.00575600 0.09487600
v -0.01592954 -0.00589300 0.09498600
v -0.01592954 -0.00589300 0.09498600
v -0.01592954 -0.00589300 0.09498600
v -0.01592954 -0.00589300 0.09498600
v -0.01592954 -0.00589300 0.09498600
v -0.01592954 -0.00589300 0.09498600
v -0.01592954 -0.00589300 0.09498600
v -0.01490719 -0.00502700 0.09883000
v -0.01490719 -0.00502700 0.09883000
v -0.01490719 -0.00502700 0.09883000
v -0.01490719 -0.00502700 0.09883000
v -0.01490719 -0.00502700 0.09883000
v -0.01490719 -0.00502700 0.09883000
v -0.01551532 -0.00546800 0.09693000
v -0.01551532 -0.00546800 0.09693000
v -0.01551532 -0.00546800 0.09693000
v -0.01551532 -0.00546800 0.09693000
v -0.01551532 -0.00546800 0.09693000
v -0.01446039 -0.00480000 0.09974799
v -0.01446039 -0.00480000 0.09974799
v -0.01446039 -0.00480000 0.09974799
v -0.01446039 -0.00480000 0.09974799
v -0.01446039 -0.00480000 0.09974799
v -0.01446039 -0.00480000 0.09974799
v -0.01480945 -0.00506400 0.09879399
v -0.01480945 -0.00506400 0.09879399
v -0.01480945 -0.00506400 0.09879399
v -0.01480945 -0.00506400 0.09879399
v -0.01480945 -0.00506400 0.09879399
v -0.01480945 -0.00506400 0.09879399
v -0.01411754 -0.00447700 0.10071899
v -0.01411754 -0.00447700 0.10071899
v -0.01411754 -0.00447700 0.10071899
v -0.01411754 -0.00447700 0.10071899
v -0.01411754 -0.00447700 0.10071899
v -0.01411754 -0.00447700 0.10071899
v -0.01390190 -0.00429900 0.10119899
v -0.01390190 -0.00429900 0.10119899
v -0.01390190 -0.00429900 0.10119899
v -0.01390190 -0.00429900 0.10119899
v -0.01390190 -0.00429900 0.10119899
v -0.01390190 -0.00429900 0.10119899
v -0.01376538 -0.00423700 0.10135499
v -0.01376538 -0.00423700 0.10135499
v -0.01376538 -0.00423700 0.10135499
v -0.01376538 -0.00423700 0.10135499
v -0.01393060 -0.00451600 0.10064599
v -0.01393060 -0.00451600 0.10064599
v -0.01393060 -0.00451600 0.10064599
v -0.01393060 -0.00451600 0.10064599
v -0.01393060 -0.00451600 0.10064599
v -0.01165241 -0.00455300 0.10054399
v -0.01165241 -0.00455300 0.10054399
v -0.01165241 -0.00455300 0.10054399
v -0.01165241 -0.00455300 0.10054399
v -0.01167646 -0.00470700 0.10010999
v -0.01167646 -0.00470700 0.10010999
v -0.01167646 -0.00470700 0.10010999
v -0.01167646 -0.00470700 0.10010999
v -0.01167646 -0.00470700 0.10010999
v -0.01167646 -0.00470700 0.10010999
v -0.01167646 -0.00470700 0.10010999
v -0.01167646 -0.00470700 0.10010999
v -0.01155778 -0.00494700 0.09931599
v -0.01155778 -0.00494700 0.09931599
v -0.01155778 -0.00494700 0.09931599
v -0.01155778 -0.00494700 0.09931599
v -0.01155778 -0.00494700 0.09931599
v -0.01151124 -0.00493700 0.09931299
v -0.01151124 -0.00493700 0.09931299
v -0.01151124 -0.00493700 0.09931299
v -0.01151124 -0.00493700 0.09931299
v -0.01151124 -0.00493700 0.09931299
v -0.01146547 -0.00492300 0.09930899
v -0.01146547 -0.00492300 0.09930899
v -0.01146547 -0.00492300 0.09930899
v -0.01146547 -0.00492300 0.09930899
v -0.01146547 -0.00492300 0.09930899
v -0.01141971 -0.00490500 0.09930399
v -0.01141971 -0.00490500 0.09930399
v -0.01141971 -0.00490500 0.09930399
v -0.01141971 -0.00490500 0.09930399
v -0.01137549 -0.00488400 0.09929799
v -0.01137549 -0.00488400 0.09929799
v -0.01137549 -0.00488400 0.09929799
v -0.01137549 -0.00488400 0.09929799
v -0.01137549 -0.00488400 0.09929799
v -0.01137549 -0.00488400 0.09929799
v -0.01137549 -0.00488400 0.09929799
v -0.01133205 -0.00485900 0.09928999
v -0.01133205 -0.00485900 0.09928999
v -0.01133205 -0.00485900 0.09928999
v -0.01133205 -0.00485900 0.09928999
v -0.01129017 -0.00483100 0.09928099
v -0.01129017 -0.00483100 0.09928099
v -0.01129017 -0.00483100 0.09928099
v -0.01129017 -0.00483100 0.09928099
v -0.01124906 -0.00480100 0.09927199
v -0.01124906 -0.00480100 0.09927199
v -0.01124906 -0.00480100 0.09927199
v -0.01124906 -0.00480100 0.09927199
v -0.01124906 -0.00480100 0.09927199
v -0.01121027 -0.00476700 0.09926199
v -0.01121027 -0.00476700 0.09926199
v -0.01121027 -0.00476700 0.09926199
v -0.01121027 -0.00476700 0.09926199
v -0.01121027 -0.00476700 0.09926199
v -0.01121027 -0.00476700 0.09926199
v -0.01121027 -0.00476700 0.09926199
v -0.01117226 -0.00472900 0.09925099
v -0.01117226 -0.00472900 0.09925099
v -0.01117226 -0.00472900 0.09925099
v -0.01117226 -0.00472900 0.09925099
v -0.01113658 -0.00468900 0.09923899
v -0.01113658 -0.00468900 0.09923899
v -0.01113658 -0.00468900 0.09923899
v -0.01113658 -0.00468900 0.09923899
v -0.01113658 -0.00468900 0.09923899
v -0.01113658 -0.00468900 0.09923899
v -0.01113658 -0.00468900 0.09923899
v -0.01110323 -0.00464700 0.09922599
v -0.01110323 -0.00464700 0.09922599
v -0.01110323 -0.00464700 0.09922599
v -0.01110323 -0.00464700 0.09922599
v -0.01107142 -0.00460100 0.09921199
v -0.01107142 -0.00460100 0.09921199
v -0.01107142 -0.00460100 0.09921199
v -0.01107142 -0.00460100 0.09921199
v -0.01107142 -0.00460100 0.09921199
v -0.01104272 -0.00455300 0.09919799
v -0.01104272 -0.00455300 0.09919799
v -0.01104272 -0.00455300 0.09919799
v -0.01104272 -0.00455300 0.09919799
v -0.01104272 -0.00455300 0.09919799
v -0.01104272 -0.00455300 0.09919799
v -0.01099075 -0.00405500 0.10036399
v -0.01099075 -0.00405500 0.10036399
v -0.01099075 -0.00405500 0.10036399
v -0.01099075 -0.00405500 0.10036399
v -0.01099075 -0.00369700 0.10126999
v -0.01099075 -0.00369700 0.10126999
v -0.01099075 -0.00369700 0.10126999
v -0.01099075 -0.00369700 0.10126999
v -0.01101557 -0.00450300 0.09918299
v -0.01101557 -0.00450300 0.09918299
v -0.01101557 -0.00450300 0.09918299
v -0.01101557 -0.00450300 0.09918299
v -0.01099075 -0.00445100 0.09916699
v -0.01099075 -0.00445100 0.09916699
v -0.01099075 -0.00445100 0.09916699
v -0.01099075 -0.00445100 0.09916699
v -0.01096981 -0.00364500 0.10124699
v -0.01096981 -0.00364500 0.10124699
v -0.01096981 -0.00364500 0.10124699
v -0.01096981 -0.00364500 0.10124699
v -0.01096981 -0.00364500 0.10124699
v -0.01091241 -0.00260800 0.10271099
v -0.01091241 -0.00260800 0.10271099
v -0.01091241 -0.00260800 0.10271099
v -0.01092172 -0.00290800 0.10233699
v -0.01092172 -0.00290800 0.10233699
v -0.01092172 -0.00290800 0.10233699
v -0.01092172 -0.00290800 0.10233699
v -0.01091241 -0.00285400 0.10230599
v -0.01091241 -0.00285400 0.10230599
v -0.01091241 -0.00285400 0.10230599
v -0.01091241 -0.00285400 0.10230599
v -0.01091241 -0.00285400 0.10230599
v -0.01092172 -0.00318200 0.10182299
v -0.01092172 -0.00318200 0.10182299
v -0.01092172 -0.00318200 0.10182299
v -0.01092172 -0.00318200 0.10182299
v -0.01092172 -0.00318200 0.10182299
v -0.01092172 -0.00318200 0.10182299
v -0.01092172 -0.00318200 0.10182299
v -0.01095119 -0.00359200 0.10122499
v -0.01095119 -0.00359200 0.10122499
v -0.01095119 -0.00359200 0.10122499
v -0.01095119 -0.00359200 0.10122499
v -0.01095119 -0.00359200 0.10122499
v -0.01093490 -0.00353700 0.10120099
v -0.01093490 -0.00353700 0.10120099
v -0.01093490 -0.00353700 0.10120099
v -0.01093490 -0.00353700 0.10120099
v -0.01093490 -0.00353700 0.10120099
v -0.01093490 -0.00353700 0.10120099
v -0.01090155 -0.00059700 0.10431799
v -0.01090155 -0.00059700 0.10431799
v -0.01090155 -0.00059700 0.10431799
v -0.01090155 -0.00059700 0.10431799
v -0.01090155 -0.00045400 0.10435899
v -0.01090155 -0.00045400 0.10435899
v -0.01090155 -0.00031100 0.10438899
v -0.01090155 -0.00031100 0.10438899
v -0.01090155 -0.00031100 0.10438899
v -0.01090155 -0.00016700 0.10441099
v -0.01090155 -0.00016700 0.10441099
v -0.01090155 -0.00016700 0.10441099
v -0.01090155 -0.00016700 0.10441099
v -0.01090155 -0.00088600 0.10420599
v -0.01090155 -0.00088600 0.10420599
v -0.01090155 -0.00088600 0.10420599
v -0.01090155 -0.00088600 0.10420599
v -0.01090155 -0.00074000 0.10426799
v -0.01090155 -0.00074000 0.10426799
v -0.01090155 -0.00116100 0.10405799
v -0.01090155 -0.00116100 0.10405799
v -0.01090155 -0.00116100 0.10405799
v -0.01090155 -0.00102000 0.10413899
v -0.01090155 -0.00102000 0.10413899
v -0.01090155 -0.00130400 0.10396499
v -0.01090155 -0.00130400 0.10396499
v -0.01090543 -0.00000000 0.10448399
v -0.01090543 -0.00000000 0.10448399
v -0.01090543 -0.00000000 0.10448399
v -0.01090543 -0.00000000 0.10448399
v -0.01090155 -0.00145100 0.10385399
v -0.01090155 -0.00145100 0.10385399
v -0.01090155 -0.00145100 0.10385399
v -0.01090155 -0.00160900 0.10372099
v -0.01090155 -0.00160900 0.10372099
v -0.01090155 -0.00160900 0.10372099
v -0.01090155 -0.00160900 0.10372099
v -0.01090155 -0.00177700 0.10356299
v -0.01090155 -0.00177700 0.10356299
v -0.01090155 -0.00177700 0.10356299
v -0.01090155 -0.00215000 0.10314399
v -0.01090155 -0.00215000 0.10314399
v -0.01090155 -0.00215000 0.10314399
v -0.01090155 -0.00215000 0.10314399
v -0.01090543 -0.00232900 0.10300399
v -0.01090543 -0.00232900 0.10300399
v -0.01090155 -0.00195600 0.10337299
v -0.01090155 -0.00195600 0.10337299
v -0.01090155 -0.00195600 0.10337299
v -0.01090155 -0.00195600 0.10337299
v -0.01090543 -0.00255500 0.10267599
v -0.01090543 -0.00255500 0.10267599
v -0.01090543 -0.00255500 0.10267599
v -0.01090543 -0.00255500 0.10267599
v -0.01090155 -0.00001900 0.10442299
v -0.01090155 -0.00001900 0.10442299
v -0.01090155 -0.00001900 0.10442299
v -0.01090155 -0.00001900 0.10442299
v -0.01090155 -0.00001900 0.10442299
v -0.01090000 0.00020500 0.10435399
v -0.01090000 0.00020500 0.10435399
v -0.01090000 0.00020500 0.10435399
v -0.01090078 0.00030600 0.10435799
v -0.01090000 0.00039300 0.10431899
v -0.01090000 0.00039300 0.10431899
v -0.01090078 0.00044600 0.10432799
v -0.01090000 0.00058100 0.10426999
v -0.01090000 0.00058100 0.10426999
v -0.01090078 0.00072900 0.10423799
v -0.01090078 0.00072900 0.10423799
v -0.01090000 0.00076800 0.10420099
v -0.01090000 0.00076800 0.10420099
v -0.01090000 0.00076800 0.10420099
v -0.01090078 0.00087300 0.10417699
v -0.01090000 0.00094100 0.10412299
v -0.01090000 0.00094100 0.10412299
v -0.01090000 0.00112100 0.10402099
v -0.01090000 0.00112100 0.10402099
v -0.01090000 0.00112100 0.10402099
v -0.01090078 0.00128500 0.10393799
v -0.01090078 0.00128500 0.10393799
v -0.01090078 0.00100500 0.10411099
v -0.01090000 0.00131000 0.10389699
v -0.01090000 0.00131000 0.10389699
v -0.01090000 0.00131000 0.10389699
v -0.01090000 0.00131000 0.10389699
v -0.01090000 0.00131000 0.10389699
v -0.01090078 0.00143200 0.10382899
v -0.01090078 0.00143200 0.10382899
v -0.01090000 0.00150800 0.10374199
v -0.01090000 0.00150800 0.10374199
v -0.01090000 0.00150800 0.10374199
v -0.01090078 0.00158900 0.10369799
v -0.01090000 0.00172100 0.10354699
v -0.01090000 0.00172100 0.10354699
v -0.01090000 0.00195600 0.10329699
v -0.01090000 0.00195600 0.10329699
v -0.01090000 0.00195600 0.10329699
v -0.01090077 0.00212400 0.10312299
v -0.01090077 0.00212400 0.10312299
v -0.01090000 0.00221600 0.10297399
v -0.01090000 0.00221600 0.10297399
v -0.01090000 0.00221600 0.10297399
v -0.01090000 0.00221600 0.10297399
v -0.01090078 0.00193300 0.10335099
v -0.01090077 0.00225700 0.10294999
v -0.01090077 0.00225700 0.10294999
v -0.01090233 0.00253100 0.10266099
v -0.01090233 0.00253100 0.10266099
v -0.01090233 0.00253100 0.10266099
v -0.01090233 0.00253100 0.10266099
v -0.01090776 0.00282600 0.10228999
v -0.01090776 0.00282600 0.10228999
v -0.01090776 0.00282600 0.10228999
v -0.01090776 0.00282600 0.10228999
v -0.01090776 0.00282600 0.10228999
v -0.01090776 0.00309700 0.10178099
v -0.01090776 0.00309700 0.10178099
v -0.01090776 0.00309700 0.10178099
v -0.01090775 0.00339500 0.10113999
v -0.01090775 0.00339500 0.10113999
v -0.01090775 0.00339500 0.10113999
v -0.01090775 0.00339500 0.10113999
v -0.01090775 0.00339500 0.10113999
v -0.01090775 0.00339500 0.10113999
v -0.01091629 0.00380300 0.10027199
v -0.01091629 0.00380300 0.10027199
v -0.01091629 0.00380300 0.10027199
v -0.01091629 0.00380300 0.10027199
v -0.01091629 0.00380300 0.10027199
v -0.01092715 0.00425000 0.09910699
v -0.01092715 0.00425000 0.09910699
v -0.01092715 0.00425000 0.09910699
v -0.01092715 0.00425000 0.09910699
v -0.01092715 0.00425000 0.09910699
v -0.01092715 0.00425000 0.09910699
v -0.01094111 0.00430700 0.09912299
v -0.01094111 0.00430700 0.09912299
v -0.01094111 0.00430700 0.09912299
v -0.01094111 0.00430700 0.09912299
v -0.01094111 0.00430700 0.09912299
v -0.01095740 0.00436200 0.09914099
v -0.01095740 0.00436200 0.09914099
v -0.01095740 0.00436200 0.09914099
v -0.01095740 0.00436200 0.09914099
v -0.01097601 0.00441600 0.09915599
v -0.01097601 0.00441600 0.09915599
v -0.01097601 0.00441600 0.09915599
v -0.01097601 0.00441600 0.09915599
v -0.01097601 0.00441600 0.09915599
v -0.01099851 0.00446800 0.09917199
v -0.01099851 0.00446800 0.09917199
v -0.01099851 0.00446800 0.09917199
v -0.01099851 0.00446800 0.09917199
v -0.01099851 0.00446800 0.09917199
v -0.01102333 0.00451900 0.09918799
v -0.01102333 0.00451900 0.09918799
v -0.01102333 0.00451900 0.09918799
v -0.01102333 0.00451900 0.09918799
v -0.01102333 0.00451900 0.09918799
v -0.01102333 0.00451900 0.09918799
v -0.01105048 0.00456800 0.09920199
v -0.01105048 0.00456800 0.09920199
v -0.01105048 0.00456800 0.09920199
v -0.01105048 0.00456800 0.09920199
v -0.01105048 0.00456800 0.09920199
v -0.01105048 0.00456800 0.09920199
v -0.01107996 0.00461400 0.09921699
v -0.01107996 0.00461400 0.09921699
v -0.01107996 0.00461400 0.09921699
v -0.01107996 0.00461400 0.09921699
v -0.01107996 0.00461400 0.09921699
v -0.01111253 0.00465800 0.09922999
v -0.01111253 0.00465800 0.09922999
v -0.01111253 0.00465800 0.09922999
v -0.01111253 0.00465800 0.09922999
v -0.01111253 0.00465800 0.09922999
v -0.01114666 0.00470000 0.09924199
v -0.01114666 0.00470000 0.09924199
v -0.01114666 0.00470000 0.09924199
v -0.01114666 0.00470000 0.09924199
v -0.01114666 0.00470000 0.09924199
v -0.01114666 0.00470000 0.09924199
v -0.01118235 0.00474000 0.09925399
v -0.01118235 0.00474000 0.09925399
v -0.01118235 0.00474000 0.09925399
v -0.01118235 0.00474000 0.09925399
v -0.01118235 0.00474000 0.09925399
v -0.01118235 0.00474000 0.09925399
v -0.01118235 0.00474000 0.09925399
v -0.01122113 0.00477700 0.09926499
v -0.01122113 0.00477700 0.09926499
v -0.01122113 0.00477700 0.09926499
v -0.01122113 0.00477700 0.09926499
v -0.01126069 0.00481000 0.09927499
v -0.01126069 0.00481000 0.09927499
v -0.01126069 0.00481000 0.09927499
v -0.01126069 0.00481000 0.09927499
v -0.01126069 0.00481000 0.09927499
v -0.01126069 0.00481000 0.09927499
v -0.01126069 0.00481000 0.09927499
v -0.01130335 0.00484100 0.09928399
v -0.01130335 0.00484100 0.09928399
v -0.01130335 0.00484100 0.09928399
v -0.01130335 0.00484100 0.09928399
v -0.01130335 0.00484100 0.09928399
v -0.01130335 0.00484100 0.09928399
v -0.01134679 0.00486800 0.09929299
v -0.01134679 0.00486800 0.09929299
v -0.01134679 0.00486800 0.09929299
v -0.01134679 0.00486800 0.09929299
v -0.01139178 0.00489100 0.09929999
v -0.01139178 0.00489100 0.09929999
v -0.01139178 0.00489100 0.09929999
v -0.01139178 0.00489100 0.09929999
v -0.01143755 0.00491200 0.09930599
v -0.01143755 0.00491200 0.09930599
v -0.01143755 0.00491200 0.09930599
v -0.01143755 0.00491200 0.09930599
v -0.01143755 0.00491200 0.09930599
v -0.01143755 0.00491200 0.09930599
v -0.01148486 0.00492900 0.09931099
v -0.01148486 0.00492900 0.09931099
v -0.01148486 0.00492900 0.09931099
v -0.01148486 0.00492900 0.09931099
v -0.01148486 0.00492900 0.09931099
v -0.01153218 0.00494200 0.09931499
v -0.01153218 0.00494200 0.09931499
v -0.01153218 0.00494200 0.09931499
v -0.01153218 0.00494200 0.09931499
v -0.01162992 0.00455100 0.10054399
v -0.01162992 0.00455100 0.10054399
v -0.01162992 0.00455100 0.10054399
v -0.01162992 0.00455100 0.10054399
v -0.01162992 0.00455100 0.10054399
v -0.01162992 0.00455100 0.10054399
v -0.01158105 0.00495100 0.09931699
v -0.01158105 0.00495100 0.09931699
v -0.01158105 0.00495100 0.09931699
v -0.01158105 0.00495100 0.09931699
v -0.01158105 0.00495100 0.09931699
v -0.01162992 0.00495700 0.09931899
v -0.01162992 0.00495700 0.09931899
v -0.01162992 0.00495700 0.09931899
v -0.01162992 0.00495700 0.09931899
v -0.01162992 0.00495700 0.09931899
v -0.01167646 0.00451800 0.10064199
v -0.01167646 0.00451800 0.10064199
v -0.01167646 0.00451800 0.10064199
v -0.01167646 0.00451800 0.10064199
v -0.01167646 0.00451800 0.10064199
v -0.01393215 0.00451900 0.10064099
v -0.01393215 0.00451900 0.10064099
v -0.01393215 0.00451900 0.10064099
v -0.01393215 0.00451900 0.10064099
v -0.01402368 0.00450000 0.10068299
v -0.01402368 0.00450000 0.10068299
v -0.01402368 0.00450000 0.10068299
v -0.01402368 0.00450000 0.10068299
v -0.01402368 0.00450000 0.10068299
v -0.01436498 0.00482600 0.09971199
v -0.01436498 0.00482600 0.09971199
v -0.01436498 0.00482600 0.09971199
v -0.01436498 0.00482600 0.09971199
v -0.01436498 0.00482600 0.09971199
v -0.01436498 0.00482600 0.09971199
v -0.01441230 0.00481400 0.09972999
v -0.01441230 0.00481400 0.09972999
v -0.01441230 0.00481400 0.09972999
v -0.01441230 0.00481400 0.09972999
v -0.01441230 0.00481400 0.09972999
v -0.01466440 0.00510900 0.09873899
v -0.01466440 0.00510900 0.09873899
v -0.01466440 0.00510900 0.09873899
v -0.01466440 0.00510900 0.09873899
v -0.01466440 0.00510900 0.09873899
v -0.01522056 0.00557600 0.09681600
v -0.01522056 0.00557600 0.09681600
v -0.01522056 0.00557600 0.09681600
v -0.01522056 0.00557600 0.09681600
v -0.01522056 0.00557600 0.09681600
v -0.01522056 0.00557600 0.09681600
v -0.01531908 0.00554600 0.09685500
v -0.01531908 0.00554600 0.09685500
v -0.01531908 0.00554600 0.09685500
v -0.01531908 0.00554600 0.09685500
v -0.01531908 0.00554600 0.09685500
v -0.01531908 0.00554600 0.09685500
v -0.01541759 0.00551000 0.09689300
v -0.01541759 0.00551000 0.09689300
v -0.01541759 0.00551000 0.09689300
v -0.01541759 0.00551000 0.09689300
v -0.01541759 0.00551000 0.09689300
v -0.01541759 0.00551000 0.09689300
v -0.01583025 0.00592900 0.09494600
v -0.01583025 0.00592900 0.09494600
v -0.01583025 0.00592900 0.09494600
v -0.01583025 0.00592900 0.09494600
v -0.01583025 0.00592900 0.09494600
v -0.01583025 0.00592900 0.09494600
v -0.01584964 0.00594000 0.09487600
v -0.01584964 0.00594000 0.09487600
v -0.01584964 0.00594000 0.09487600
v -0.01584964 0.00594000 0.09487600
v -0.01595979 0.00591100 0.09487600
v -0.01595979 0.00591100 0.09487600
v -0.01595979 0.00591100 0.09487600
v -0.01596677 0.00590900 0.09487600
v -0.01596677 0.00590900 0.09487600
v -0.01596677 0.00590900 0.09487600
v -0.01688363 0.00384700 0.09722000
v -0.01688363 0.00384700 0.09722000
v -0.01688363 0.00384700 0.09722000
v -0.01688363 0.00384700 0.09722000
v -0.01688363 0.00384700 0.09722000
v -0.01692862 0.00371700 0.09721300
v -0.01692862 0.00371700 0.09721300
v -0.01692862 0.00371700 0.09721300
v -0.01692862 0.00371700 0.09721300
v -0.01754141 0.00428000 0.09487600
v -0.01754141 0.00428000 0.09487600
v -0.01754141 0.00428000 0.09487600
v -0.01762519 0.00401200 0.09487600
v -0.01762519 0.00401200 0.09487600
v -0.01762519 0.00401200 0.09487600
v -0.01763682 0.00396300 0.09487600
v -0.01763682 0.00396300 0.09487600
v -0.01765777 0.00387800 0.09487600
v -0.01765777 0.00387800 0.09487600
v -0.01765777 0.00387800 0.09487600
v -0.01765777 0.00387800 0.09487600
v -0.01768492 0.00374200 0.09487600
v -0.01768492 0.00374200 0.09487600
v -0.01768492 0.00374200 0.09487600
v -0.01770741 0.00360600 0.09487600
v -0.01770741 0.00360600 0.09487600
v -0.01770741 0.00360600 0.09487600
v -0.01606994 0.00204100 0.10073500
v -0.01606994 0.00204100 0.10073500
v -0.01606994 0.00204100 0.10073500
v -0.01606994 0.00204100 0.10073500
v -0.01606994 0.00204100 0.10073500
v -0.01708376 0.00305800 0.09714300
v -0.01708376 0.00305800 0.09714300
v -0.01708376 0.00305800 0.09714300
v -0.01609089 0.00191900 0.10069900
v -0.01609089 0.00191900 0.10069900
v -0.01609089 0.00191900 0.10069900
v -0.01609089 0.00191900 0.10069900
v -0.01609089 0.00191900 0.10069900
v -0.01609089 0.00191900 0.10069900
v -0.01588766 0.00137400 0.10144400
v -0.01588766 0.00137400 0.10144400
v -0.01588766 0.00137400 0.10144400
v -0.01588766 0.00137400 0.10144400
v -0.01588766 0.00137400 0.10144400
v -0.01588766 0.00137400 0.10144400
v -0.01569296 0.00103600 0.10213200
v -0.01569296 0.00103600 0.10213200
v -0.01556807 0.00077100 0.10257700
v -0.01556807 0.00077100 0.10257700
v -0.01556807 0.00077100 0.10257700
v -0.01670523 0.00234700 0.09855100
v -0.01670523 0.00234700 0.09855100
v -0.01670523 0.00234700 0.09855100
v -0.01670523 0.00234700 0.09855100
v -0.01774309 0.00084100 0.09487600
v -0.01774309 0.00084100 0.09487600
v -0.01759881 -0.00061300 0.09538600
v -0.01631195 -0.00194200 0.09994200
v -0.01631195 -0.00194200 0.09994200
v -0.01631195 -0.00194200 0.09994200
v -0.01574105 -0.00112500 0.10196300
v -0.01574105 -0.00112500 0.10196300
v -0.01574105 -0.00112500 0.10196300
v -0.01561694 -0.00087900 0.10240400
v -0.01561694 -0.00087900 0.10240400
v -0.01561694 -0.00087900 0.10240400
v -0.01591868 -0.00142200 0.10133400
v -0.01591868 -0.00142200 0.10133400
v -0.01591868 -0.00142200 0.10133400
v -0.01591868 -0.00142200 0.10133400
v -0.01609089 -0.00191900 0.10069900
v -0.01609089 -0.00191900 0.10069900
v -0.01609089 -0.00191900 0.10069900
v -0.01609089 -0.00191900 0.10069900
v -0.01609089 -0.00191900 0.10069900
v -0.01609089 -0.00191900 0.10069900
v -0.01606994 -0.00204100 0.10073500
v -0.01606994 -0.00204100 0.10073500
v -0.01606994 -0.00204100 0.10073500
v -0.01606994 -0.00204100 0.10073500
v -0.01606994 -0.00204100 0.10073500
v -0.01708376 -0.00305800 0.09714300
v -0.01708376 -0.00305800 0.09714300
v -0.01708376 -0.00305800 0.09714300
v -0.01770741 -0.00360500 0.09487600
v -0.01770741 -0.00360500 0.09487600
v -0.01770741 -0.00360500 0.09487600
v -0.01769888 -0.00365600 0.09487600
v -0.01769888 -0.00365600 0.09487600
v -0.01768492 -0.00374100 0.09487600
v -0.01768492 -0.00374100 0.09487600
v -0.01768492 -0.00374100 0.09487600
v -0.01767483 -0.00379200 0.09487600
v -0.01767483 -0.00379200 0.09487600
v -0.01767483 -0.00379200 0.09487600
v -0.01765777 -0.00387700 0.09487600
v -0.01765777 -0.00387700 0.09487600
v -0.01765777 -0.00387700 0.09487600
v -0.01765777 -0.00387700 0.09487600
v -0.01596677 -0.00590900 0.09487600
v -0.01596677 -0.00590900 0.09487600
v -0.01596677 -0.00590900 0.09487600
v -0.01595979 -0.00591200 0.09487600
v -0.01595979 -0.00591200 0.09487600
v -0.01595979 -0.00591200 0.09487600
v -0.01584576 -0.00594100 0.09487600
v -0.01584576 -0.00594100 0.09487600
v -0.01584576 -0.00594100 0.09487600
v -0.01584576 -0.00594100 0.09487600
v -0.01583025 -0.00592800 0.09494600
v -0.01583025 -0.00592800 0.09494600
v -0.01583025 -0.00592800 0.09494600
v -0.01583025 -0.00592800 0.09494600
v -0.01583025 -0.00592800 0.09494600
v -0.01531908 -0.00554600 0.09685500
v -0.01531908 -0.00554600 0.09685500
v -0.01531908 -0.00554600 0.09685500
v -0.01531908 -0.00554600 0.09685500
v -0.01531908 -0.00554600 0.09685500
v -0.01531908 -0.00554600 0.09685500
v -0.01541759 -0.00551000 0.09689300
v -0.01541759 -0.00551000 0.09689300
v -0.01541759 -0.00551000 0.09689300
v -0.01541759 -0.00551000 0.09689300
v -0.01541759 -0.00551000 0.09689300
v -0.01436498 -0.00482600 0.09971199
v -0.01436498 -0.00482600 0.09971199
v -0.01436498 -0.00482600 0.09971199
v -0.01436498 -0.00482600 0.09971199
v -0.01436498 -0.00482600 0.09971199
v -0.01436498 -0.00482600 0.09971199
v -0.01436498 -0.00482600 0.09971199
v -0.01471249 -0.00509600 0.09875699
v -0.01471249 -0.00509600 0.09875699
v -0.01471249 -0.00509600 0.09875699
v -0.01471249 -0.00509600 0.09875699
v -0.01471249 -0.00509600 0.09875699
v -0.01471249 -0.00509600 0.09875699
v -0.01402368 -0.00450000 0.10068299
v -0.01402368 -0.00450000 0.10068299
v -0.01402368 -0.00450000 0.10068299
v -0.01402368 -0.00450000 0.10068299
v -0.01402368 -0.00450000 0.10068299
v -0.01408651 -0.00474100 0.10000599
v -0.01408651 -0.00474100 0.10000599
v -0.01408651 -0.00474100 0.10000599
v -0.01408651 -0.00474100 0.10000599
v -0.01408651 -0.00474100 0.10000599
v -0.01167646 -0.00495900 0.09931999
v -0.01167646 -0.00495900 0.09931999
v -0.01167646 -0.00495900 0.09931999
v -0.01167646 -0.00495900 0.09931999
v -0.01167646 -0.00495900 0.09931999
v -0.01165241 -0.00495800 0.09931899
v -0.01165241 -0.00495800 0.09931899
v -0.01165241 -0.00495800 0.09931899
v -0.01165241 -0.00495800 0.09931899
v -0.01160432 -0.00495400 0.09931799
v -0.01160432 -0.00495400 0.09931799
v -0.01160432 -0.00495400 0.09931799
v -0.01160432 -0.00495400 0.09931799
v -0.01160432 -0.00495400 0.09931799
v -0.01155778 -0.00536000 0.09780599
v -0.01155778 -0.00536000 0.09780599
v -0.01155778 -0.00536000 0.09780599
v -0.01155778 -0.00536000 0.09780599
v -0.01151124 -0.00534900 0.09780199
v -0.01151124 -0.00534900 0.09780199
v -0.01151124 -0.00534900 0.09780199
v -0.01151124 -0.00534900 0.09780199
v -0.01151124 -0.00534900 0.09780199
v -0.01151124 -0.00534900 0.09780199
v -0.01151124 -0.00534900 0.09780199
v -0.01146547 -0.00533400 0.09779899
v -0.01146547 -0.00533400 0.09779899
v -0.01146547 -0.00533400 0.09779899
v -0.01146547 -0.00533400 0.09779899
v -0.01146547 -0.00533400 0.09779899
v -0.01141971 -0.00531600 0.09779399
v -0.01141971 -0.00531600 0.09779399
v -0.01141971 -0.00531600 0.09779399
v -0.01141971 -0.00531600 0.09779399
v -0.01137549 -0.00529500 0.09778899
v -0.01137549 -0.00529500 0.09778899
v -0.01137549 -0.00529500 0.09778899
v -0.01137549 -0.00529500 0.09778899
v -0.01137549 -0.00529500 0.09778899
v -0.01133205 -0.00527100 0.09778299
v -0.01133205 -0.00527100 0.09778299
v -0.01133205 -0.00527100 0.09778299
v -0.01133205 -0.00527100 0.09778299
v -0.01133205 -0.00527100 0.09778299
v -0.01133205 -0.00527100 0.09778299
v -0.01133205 -0.00527100 0.09778299
v -0.01129017 -0.00524300 0.09777699
v -0.01129017 -0.00524300 0.09777699
v -0.01129017 -0.00524300 0.09777699
v -0.01129017 -0.00524300 0.09777699
v -0.01129017 -0.00524300 0.09777699
v -0.01124905 -0.00521100 0.09776899
v -0.01124905 -0.00521100 0.09776899
v -0.01124905 -0.00521100 0.09776899
v -0.01124905 -0.00521100 0.09776899
v -0.01124905 -0.00521100 0.09776899
v -0.01121027 -0.00517600 0.09775999
v -0.01121027 -0.00517600 0.09775999
v -0.01121027 -0.00517600 0.09775999
v -0.01121027 -0.00517600 0.09775999
v -0.01121027 -0.00517600 0.09775999
v -0.01117226 -0.00513800 0.09775099
v -0.01117226 -0.00513800 0.09775099
v -0.01117226 -0.00513800 0.09775099
v -0.01117226 -0.00513800 0.09775099
v -0.01117226 -0.00513800 0.09775099
v -0.01117226 -0.00513800 0.09775099
v -0.01117226 -0.00513800 0.09775099
v -0.01113658 -0.00509700 0.09774099
v -0.01113658 -0.00509700 0.09774099
v -0.01113658 -0.00509700 0.09774099
v -0.01113658 -0.00509700 0.09774099
v -0.01113658 -0.00509700 0.09774099
v -0.01110323 -0.00505400 0.09772899
v -0.01110323 -0.00505400 0.09772899
v -0.01110323 -0.00505400 0.09772899
v -0.01110323 -0.00505400 0.09772899
v -0.01107142 -0.00500800 0.09771799
v -0.01107142 -0.00500800 0.09771799
v -0.01107142 -0.00500800 0.09771799
v -0.01107142 -0.00500800 0.09771799
v -0.01104272 -0.00496000 0.09770699
v -0.01104272 -0.00496000 0.09770699
v -0.01104272 -0.00496000 0.09770699
v -0.01104272 -0.00496000 0.09770699
v -0.01104272 -0.00496000 0.09770699
v -0.01101557 -0.00491000 0.09769499
v -0.01101557 -0.00491000 0.09769499
v -0.01101557 -0.00491000 0.09769499
v -0.01101557 -0.00491000 0.09769499
v -0.01101557 -0.00491000 0.09769499
v -0.01101557 -0.00491000 0.09769499
v -0.01096981 -0.00400300 0.10034499
v -0.01096981 -0.00400300 0.10034499
v -0.01096981 -0.00400300 0.10034499
v -0.01096981 -0.00400300 0.10034499
v -0.01096981 -0.00400300 0.10034499
v -0.01099075 -0.00485700 0.09768099
v -0.01099075 -0.00485700 0.09768099
v -0.01099075 -0.00485700 0.09768099
v -0.01099075 -0.00485700 0.09768099
v -0.01099075 -0.00485700 0.09768099
v -0.01096981 -0.00439800 0.09915099
v -0.01096981 -0.00439800 0.09915099
v -0.01096981 -0.00439800 0.09915099
v -0.01096981 -0.00439800 0.09915099
v -0.01090543 -0.00280000 0.10227499
v -0.01090543 -0.00280000 0.10227499
v -0.01090543 -0.00280000 0.10227499
v -0.01090543 -0.00280000 0.10227499
v -0.01090543 -0.00280000 0.10227499
v -0.01091241 -0.00312600 0.10179499
v -0.01091241 -0.00312600 0.10179499
v -0.01091241 -0.00312600 0.10179499
v -0.01092172 -0.00348100 0.10117699
v -0.01092172 -0.00348100 0.10117699
v -0.01092172 -0.00348100 0.10117699
v -0.01092172 -0.00348100 0.10117699
v -0.01092172 -0.00348100 0.10117699
v -0.01091241 -0.00342400 0.10115199
v -0.01091241 -0.00342400 0.10115199
v -0.01091241 -0.00342400 0.10115199
v -0.01091241 -0.00342400 0.10115199
v -0.01091241 -0.00342400 0.10115199
v -0.01095119 -0.00394800 0.10032499
v -0.01095119 -0.00394800 0.10032499
v -0.01095119 -0.00394800 0.10032499
v -0.01095119 -0.00394800 0.10032499
v -0.01095119 -0.00394800 0.10032499
v -0.01093490 -0.00389100 0.10030399
v -0.01093490 -0.00389100 0.10030399
v -0.01093490 -0.00389100 0.10030399
v -0.01093490 -0.00389100 0.10030399
v -0.01092172 -0.00383400 0.10028299
v -0.01092172 -0.00383400 0.10028299
v -0.01092172 -0.00383400 0.10028299
v -0.01092172 -0.00383400 0.10028299
v -0.01090000 -0.00058900 0.10426699
v -0.01090000 -0.00058900 0.10426699
v -0.01090000 -0.00040400 0.10431699
v -0.01090000 -0.00040400 0.10431699
v -0.01090000 -0.00020700 0.10435299
v -0.01090000 -0.00020700 0.10435299
v -0.01090000 -0.00020700 0.10435299
v -0.01090000 -0.00000000 0.10437399
v -0.01090000 -0.00000000 0.10437399
v -0.01090000 -0.00000000 0.10437399
v -0.01090000 -0.00094300 0.10412199
v -0.01090000 -0.00094300 0.10412199
v -0.01090000 -0.00094300 0.10412199
v -0.01090000 -0.00076700 0.10420199
v -0.01090000 -0.00076700 0.10420199
v -0.01090000 -0.00111800 0.10402299
v -0.01090000 -0.00111800 0.10402299
v -0.01090000 -0.00130200 0.10390199
v -0.01090000 -0.00130200 0.10390199
v -0.01090000 -0.00149100 0.10375599
v -0.01090000 -0.00149100 0.10375599
v -0.01090000 -0.00149100 0.10375599
v -0.01090000 -0.00168900 0.10357799
v -0.01090000 -0.00168900 0.10357799
v -0.01090000 -0.00168900 0.10357799
v -0.01090000 -0.00190200 0.10335599
v -0.01090000 -0.00190200 0.10335599
v -0.01090000 -0.00190200 0.10335599
v -0.01090155 -0.00228200 0.10296899
v -0.01090155 -0.00228200 0.10296899
v -0.01090000 -0.00217700 0.10302399
v -0.01090000 -0.00217700 0.10302399
v -0.01090000 -0.00217700 0.10302399
v -0.01090155 -0.00250600 0.10264399
v -0.01090155 -0.00250600 0.10264399
v -0.01090155 -0.00250600 0.10264399
v -0.01090155 -0.00250600 0.10264399
v -0.01090000 0.00001600 0.10437299
v -0.01090000 0.00001600 0.10437299
v -0.01090000 0.00252400 0.10252099
v -0.01090000 0.00252400 0.10252099
v -0.01090000 0.00252400 0.10252099
v -0.01090077 0.00247900 0.10262699
v -0.01090077 0.00247900 0.10262699
v -0.01090233 0.00277400 0.10225999
v -0.01090233 0.00277400 0.10225999
v -0.01090233 0.00277400 0.10225999
v -0.01090233 0.00304300 0.10175399
v -0.01090233 0.00304300 0.10175399
v -0.01090233 0.00333900 0.10111599
v -0.01090233 0.00333900 0.10111599
v -0.01090233 0.00333900 0.10111599
v -0.01090232 0.00368900 0.10023099
v -0.01090232 0.00368900 0.10023099
v -0.01090232 0.00368900 0.10023099
v -0.01090232 0.00368900 0.10023099
v -0.01090775 0.00374500 0.10025199
v -0.01090775 0.00374500 0.10025199
v -0.01090775 0.00374500 0.10025199
v -0.01090775 0.00413500 0.09907199
v -0.01090775 0.00413500 0.09907199
v -0.01090775 0.00413500 0.09907199
v -0.01090775 0.00413500 0.09907199
v -0.01091629 0.00419300 0.09908899
v -0.01091629 0.00419300 0.09908899
v -0.01091629 0.00419300 0.09908899
v -0.01091629 0.00419300 0.09908899
v -0.01091629 0.00459500 0.09761599
v -0.01091629 0.00459500 0.09761599
v -0.01091629 0.00459500 0.09761599
v -0.01091629 0.00459500 0.09761599
v -0.01091629 0.00459500 0.09761599
v -0.01092714 0.00465200 0.09763099
v -0.01092714 0.00465200 0.09763099
v -0.01092714 0.00465200 0.09763099
v -0.01092714 0.00465200 0.09763099
v -0.01094111 0.00471000 0.09764499
v -0.01094111 0.00471000 0.09764499
v -0.01094111 0.00471000 0.09764499
v -0.01094111 0.00471000 0.09764499
v -0.01094111 0.00471000 0.09764499
v -0.01094111 0.00471000 0.09764499
v -0.01094111 0.00471000 0.09764499
v -0.01095740 0.00476600 0.09765899
v -0.01095740 0.00476600 0.09765899
v -0.01095740 0.00476600 0.09765899
v -0.01095740 0.00476600 0.09765899
v -0.01095740 0.00476600 0.09765899
v -0.01095740 0.00476600 0.09765899
v -0.01097601 0.00482000 0.09767199
v -0.01097601 0.00482000 0.09767199
v -0.01097601 0.00482000 0.09767199
v -0.01097601 0.00482000 0.09767199
v -0.01097601 0.00482000 0.09767199
v -0.01099851 0.00487300 0.09768499
v -0.01099851 0.00487300 0.09768499
v -0.01099851 0.00487300 0.09768499
v -0.01099851 0.00487300 0.09768499
v -0.01099851 0.00487300 0.09768499
v -0.01102333 0.00492400 0.09769799
v -0.01102333 0.00492400 0.09769799
v -0.01102333 0.00492400 0.09769799
v -0.01102333 0.00492400 0.09769799
v -0.01102333 0.00492400 0.09769799
v -0.01105048 0.00497500 0.09770999
v -0.01105048 0.00497500 0.09770999
v -0.01105048 0.00497500 0.09770999
v -0.01105048 0.00497500 0.09770999
v -0.01105048 0.00497500 0.09770999
v -0.01107996 0.00502100 0.09772199
v -0.01107996 0.00502100 0.09772199
v -0.01107996 0.00502100 0.09772199
v -0.01107996 0.00502100 0.09772199
v -0.01107996 0.00502100 0.09772199
v -0.01107996 0.00502100 0.09772199
v -0.01111253 0.00506700 0.09773199
v -0.01111253 0.00506700 0.09773199
v -0.01111253 0.00506700 0.09773199
v -0.01111253 0.00506700 0.09773199
v -0.01111253 0.00506700 0.09773199
v -0.01111253 0.00506700 0.09773199
v -0.01111253 0.00506700 0.09773199
v -0.01111253 0.00506700 0.09773199
v -0.01114666 0.00510900 0.09774399
v -0.01114666 0.00510900 0.09774399
v -0.01114666 0.00510900 0.09774399
v -0.01114666 0.00510900 0.09774399
v -0.01114666 0.00510900 0.09774399
v -0.01118235 0.00514900 0.09775299
v -0.01118235 0.00514900 0.09775299
v -0.01118235 0.00514900 0.09775299
v -0.01118235 0.00514900 0.09775299
v -0.01122113 0.00518700 0.09776199
v -0.01122113 0.00518700 0.09776199
v -0.01122113 0.00518700 0.09776199
v -0.01122113 0.00518700 0.09776199
v -0.01122113 0.00518700 0.09776199
v -0.01122113 0.00518700 0.09776199
v -0.01122113 0.00518700 0.09776199
v -0.01122113 0.00518700 0.09776199
v -0.01126069 0.00522100 0.09776999
v -0.01126069 0.00522100 0.09776999
v -0.01126069 0.00522100 0.09776999
v -0.01126069 0.00522100 0.09776999
v -0.01126069 0.00522100 0.09776999
v -0.01130335 0.00525100 0.09777899
v -0.01130335 0.00525100 0.09777899
v -0.01130335 0.00525100 0.09777899
v -0.01130335 0.00525100 0.09777899
v -0.01134679 0.00527900 0.09778499
v -0.01134679 0.00527900 0.09778499
v -0.01134679 0.00527900 0.09778499
v -0.01134679 0.00527900 0.09778499
v -0.01134679 0.00527900 0.09778499
v -0.01134679 0.00527900 0.09778499
v -0.01139178 0.00530300 0.09779099
v -0.01139178 0.00530300 0.09779099
v -0.01139178 0.00530300 0.09779099
v -0.01139178 0.00530300 0.09779099
v -0.01139178 0.00530300 0.09779099
v -0.01139178 0.00530300 0.09779099
v -0.01139178 0.00530300 0.09779099
v -0.01143755 0.00532400 0.09779599
v -0.01143755 0.00532400 0.09779599
v -0.01143755 0.00532400 0.09779599
v -0.01143755 0.00532400 0.09779599
v -0.01143755 0.00532400 0.09779599
v -0.01143755 0.00532400 0.09779599
v -0.01148486 0.00534000 0.09779999
v -0.01148486 0.00534000 0.09779999
v -0.01148486 0.00534000 0.09779999
v -0.01148486 0.00534000 0.09779999
v -0.01153218 0.00535400 0.09780499
v -0.01153218 0.00535400 0.09780499
v -0.01153218 0.00535400 0.09780499
v -0.01153218 0.00535400 0.09780499
v -0.01153218 0.00535400 0.09780499
v -0.01153218 0.00535400 0.09780499
v -0.01401825 0.00464800 0.10028099
v -0.01401825 0.00464800 0.10028099
v -0.01401825 0.00464800 0.10028099
v -0.01401825 0.00464800 0.10028099
v -0.01401825 0.00464800 0.10028099
v -0.01401825 0.00464800 0.10028099
v -0.01401825 0.00464800 0.10028099
v -0.01167646 0.00495800 0.09931999
v -0.01167646 0.00495800 0.09931999
v -0.01167646 0.00495800 0.09931999
v -0.01167646 0.00495800 0.09931999
v -0.01167646 0.00495800 0.09931999
v -0.01167646 0.00495800 0.09931999
v -0.01158105 0.00536400 0.09780599
v -0.01158105 0.00536400 0.09780599
v -0.01158105 0.00536400 0.09780599
v -0.01158105 0.00536400 0.09780599
v -0.01158105 0.00536400 0.09780599
v -0.01167646 0.00504400 0.09903199
v -0.01167646 0.00504400 0.09903199
v -0.01167646 0.00504400 0.09903199
v -0.01167646 0.00504400 0.09903199
v -0.01167646 0.00504400 0.09903199
v -0.01167646 0.00504400 0.09903199
v -0.01167646 0.00504400 0.09903199
v -0.01167646 0.00504400 0.09903199
v -0.01427113 0.00484700 0.09967399
v -0.01427113 0.00484700 0.09967399
v -0.01427113 0.00484700 0.09967399
v -0.01427113 0.00484700 0.09967399
v -0.01427113 0.00484700 0.09967399
v -0.01461708 0.00512100 0.09871899
v -0.01461708 0.00512100 0.09871899
v -0.01461708 0.00512100 0.09871899
v -0.01461708 0.00512100 0.09871899
v -0.01461708 0.00512100 0.09871899
v -0.01461708 0.00512100 0.09871899
v -0.01512360 0.00559900 0.09677500
v -0.01512360 0.00559900 0.09677500
v -0.01512360 0.00559900 0.09677500
v -0.01512360 0.00559900 0.09677500
v -0.01512360 0.00559900 0.09677500
v -0.01512360 0.00559900 0.09677500
v -0.01573174 0.00595700 0.09490500
v -0.01573174 0.00595700 0.09490500
v -0.01573174 0.00595700 0.09490500
v -0.01573174 0.00595700 0.09490500
v -0.01573174 0.00595700 0.09490500
v -0.01574105 0.00596100 0.09487600
v -0.01574105 0.00596100 0.09487600
v -0.01574105 0.00596100 0.09487600
v -0.01574105 0.00596100 0.09487600
v -0.01755770 0.00423200 0.09487600
v -0.01755770 0.00423200 0.09487600
v -0.01758563 0.00414700 0.09487600
v -0.01758563 0.00414700 0.09487600
v -0.01758563 0.00414700 0.09487600
v -0.01758563 0.00414700 0.09487600
v -0.01771362 0.00355500 0.09487600
v -0.01771362 0.00355500 0.09487600
v -0.01710083 0.00292800 0.09712200
v -0.01710083 0.00292800 0.09712200
v -0.01710083 0.00292800 0.09712200
v -0.01772292 0.00347000 0.09487600
v -0.01772292 0.00347000 0.09487600
v -0.01772292 0.00347000 0.09487600
v -0.01773456 0.00333500 0.09487600
v -0.01773456 0.00333500 0.09487600
v -0.01773456 0.00333500 0.09487600
v -0.01619560 0.00180300 0.10035300
v -0.01619560 0.00180300 0.10035300
v -0.01619560 0.00180300 0.10035300
v -0.01759881 0.00303400 0.09538500
v -0.01759881 0.00303400 0.09538500
v -0.01759881 0.00303400 0.09538500
v -0.01774232 0.00311000 0.09487600
v -0.01774232 0.00311000 0.09487600
v -0.01774232 0.00311000 0.09487600
v -0.01774232 -0.00309700 0.09487600
v -0.01774232 -0.00309700 0.09487600
v -0.01774232 -0.00309700 0.09487600
v -0.01747393 -0.00295300 0.09582600
v -0.01747393 -0.00295300 0.09582600
v -0.01747393 -0.00295300 0.09582600
v -0.01712022 -0.00269800 0.09708100
v -0.01712022 -0.00269800 0.09708100
v -0.01663697 -0.00228300 0.09879100
v -0.01663697 -0.00228300 0.09879100
v -0.01663697 -0.00228300 0.09879100
v -0.01663697 -0.00228300 0.09879100
v -0.01617543 -0.00177800 0.10042400
v -0.01617543 -0.00177800 0.10042400
v -0.01710083 -0.00292900 0.09712200
v -0.01710083 -0.00292900 0.09712200
v -0.01710083 -0.00292900 0.09712200
v -0.01710083 -0.00292900 0.09712200
v -0.01773068 -0.00338600 0.09487600
v -0.01773068 -0.00338600 0.09487600
v -0.01772292 -0.00347100 0.09487600
v -0.01772292 -0.00347100 0.09487600
v -0.01772292 -0.00347100 0.09487600
v -0.01573794 -0.00596200 0.09487600
v -0.01573794 -0.00596200 0.09487600
v -0.01573794 -0.00596200 0.09487600
v -0.01573174 -0.00595700 0.09490500
v -0.01573174 -0.00595700 0.09490500
v -0.01573174 -0.00595700 0.09490500
v -0.01573174 -0.00595700 0.09490500
v -0.01573174 -0.00595700 0.09490500
v -0.01573174 -0.00595700 0.09490500
v -0.01573174 -0.00595700 0.09490500
v -0.01522056 -0.00557700 0.09681600
v -0.01522056 -0.00557700 0.09681600
v -0.01522056 -0.00557700 0.09681600
v -0.01522056 -0.00557700 0.09681600
v -0.01522056 -0.00557700 0.09681600
v -0.01522056 -0.00557700 0.09681600
v -0.01427113 -0.00484600 0.09967399
v -0.01427113 -0.00484600 0.09967399
v -0.01427113 -0.00484600 0.09967399
v -0.01427113 -0.00484600 0.09967399
v -0.01427113 -0.00484600 0.09967399
v -0.01461708 -0.00512100 0.09871899
v -0.01461708 -0.00512100 0.09871899
v -0.01461708 -0.00512100 0.09871899
v -0.01461708 -0.00512100 0.09871899
v -0.01461708 -0.00512100 0.09871899
v -0.01442781 -0.00515500 0.09863999
v -0.01442781 -0.00515500 0.09863999
v -0.01442781 -0.00515500 0.09863999
v -0.01442781 -0.00515500 0.09863999
v -0.01442781 -0.00515500 0.09863999
v -0.01167646 -0.00533500 0.09795099
v -0.01167646 -0.00533500 0.09795099
v -0.01167646 -0.00533500 0.09795099
v -0.01167646 -0.00533500 0.09795099
v -0.01167646 -0.00533500 0.09795099
v -0.01167646 -0.00533500 0.09795099
v -0.01167646 -0.00533500 0.09795099
v -0.01160432 -0.00536700 0.09780699
v -0.01160432 -0.00536700 0.09780699
v -0.01160432 -0.00536700 0.09780699
v -0.01160432 -0.00536700 0.09780699
v -0.01160432 -0.00536700 0.09780699
v -0.01155778 -0.00588500 0.09537599
v -0.01155778 -0.00588500 0.09537599
v -0.01155778 -0.00588500 0.09537599
v -0.01155778 -0.00588500 0.09537599
v -0.01155778 -0.00588500 0.09537599
v -0.01155778 -0.00588500 0.09537599
v -0.01154381 -0.00588100 0.09537599
v -0.01154381 -0.00588100 0.09537599
v -0.01154381 -0.00588100 0.09537599
v -0.01154381 -0.00588100 0.09537599
v -0.01147866 -0.00586200 0.09537599
v -0.01147866 -0.00586200 0.09537599
v -0.01147866 -0.00586200 0.09537599
v -0.01147866 -0.00586200 0.09537599
v -0.01147866 -0.00586200 0.09537599
v -0.01147866 -0.00586200 0.09537599
v -0.01146547 -0.00585800 0.09537599
v -0.01146547 -0.00585800 0.09537599
v -0.01146547 -0.00585800 0.09537599
v -0.01146547 -0.00585800 0.09537599
v -0.01141505 -0.00583700 0.09537599
v -0.01141505 -0.00583700 0.09537599
v -0.01141505 -0.00583700 0.09537599
v -0.01141505 -0.00583700 0.09537599
v -0.01141505 -0.00583700 0.09537599
v -0.01137549 -0.00581700 0.09537599
v -0.01137549 -0.00581700 0.09537599
v -0.01137549 -0.00581700 0.09537599
v -0.01137549 -0.00581700 0.09537599
v -0.01135299 -0.00580400 0.09537599
v -0.01135299 -0.00580400 0.09537599
v -0.01135299 -0.00580400 0.09537599
v -0.01135299 -0.00580400 0.09537599
v -0.01135299 -0.00580400 0.09537599
v -0.01135299 -0.00580400 0.09537599
v -0.01133205 -0.00579100 0.09537599
v -0.01133205 -0.00579100 0.09537599
v -0.01133205 -0.00579100 0.09537599
v -0.01133205 -0.00579100 0.09537599
v -0.01129327 -0.00576400 0.09537599
v -0.01129327 -0.00576400 0.09537599
v -0.01129327 -0.00576400 0.09537599
v -0.01129327 -0.00576400 0.09537599
v -0.01129327 -0.00576400 0.09537599
v -0.01129327 -0.00576400 0.09537599
v -0.01124905 -0.00572800 0.09537599
v -0.01124905 -0.00572800 0.09537599
v -0.01124905 -0.00572800 0.09537599
v -0.01123587 -0.00571700 0.09537599
v -0.01123587 -0.00571700 0.09537599
v -0.01123587 -0.00571700 0.09537599
v -0.01123587 -0.00571700 0.09537599
v -0.01123587 -0.00571700 0.09537599
v -0.01123587 -0.00571700 0.09537599
v -0.01118234 -0.00566400 0.09537599
v -0.01118234 -0.00566400 0.09537599
v -0.01118234 -0.00566400 0.09537599
v -0.01118234 -0.00566400 0.09537599
v -0.01118234 -0.00566400 0.09537599
v -0.01118234 -0.00566400 0.09537599
v -0.01117226 -0.00565300 0.09537599
v -0.01117226 -0.00565300 0.09537599
v -0.01117226 -0.00565300 0.09537599
v -0.01117226 -0.00565300 0.09537599
v -0.01117226 -0.00565300 0.09537599
v -0.01113270 -0.00560500 0.09537599
v -0.01113270 -0.00560500 0.09537599
v -0.01113270 -0.00560500 0.09537599
v -0.01113270 -0.00560500 0.09537599
v -0.01113270 -0.00560500 0.09537599
v -0.01110322 -0.00556500 0.09537599
v -0.01110322 -0.00556500 0.09537599
v -0.01110322 -0.00556500 0.09537599
v -0.01110322 -0.00556500 0.09537599
v -0.01107142 -0.00551700 0.09537599
v -0.01107142 -0.00551700 0.09537599
v -0.01107142 -0.00551700 0.09537599
v -0.01107142 -0.00551700 0.09537599
v -0.01107142 -0.00551700 0.09537599
v -0.01104505 -0.00547000 0.09537599
v -0.01104505 -0.00547000 0.09537599
v -0.01104505 -0.00547000 0.09537599
v -0.01104505 -0.00547000 0.09537599
v -0.01101557 -0.00541200 0.09537599
v -0.01101557 -0.00541200 0.09537599
v -0.01101557 -0.00541200 0.09537599
v -0.01101557 -0.00541200 0.09537599
v -0.01100704 -0.00539400 0.09537599
v -0.01100704 -0.00539400 0.09537599
v -0.01100704 -0.00539400 0.09537599
v -0.01100704 -0.00539400 0.09537599
v -0.01100704 -0.00539400 0.09537599
v -0.01100704 -0.00539400 0.09537599
v -0.01095119 -0.00434100 0.09913399
v -0.01095119 -0.00434100 0.09913399
v -0.01095119 -0.00434100 0.09913399
v -0.01095119 -0.00434100 0.09913399
v -0.01096981 -0.00480200 0.09766799
v -0.01096981 -0.00480200 0.09766799
v -0.01096981 -0.00480200 0.09766799
v -0.01096981 -0.00480200 0.09766799
v -0.01096981 -0.00480200 0.09766799
v -0.01097524 -0.00531500 0.09537599
v -0.01097524 -0.00531500 0.09537599
v -0.01097524 -0.00531500 0.09537599
v -0.01097524 -0.00531500 0.09537599
v -0.01097524 -0.00531500 0.09537599
v -0.01097524 -0.00531500 0.09537599
v -0.01095119 -0.00474600 0.09765299
v -0.01095119 -0.00474600 0.09765299
v -0.01095119 -0.00474600 0.09765299
v -0.01095119 -0.00474600 0.09765299
v -0.01095119 -0.00474600 0.09765299
v -0.01095119 -0.00474600 0.09765299
v -0.01095119 -0.00474600 0.09765299
v -0.01090543 -0.00307000 0.10176799
v -0.01090543 -0.00307000 0.10176799
v -0.01090155 -0.00301800 0.10174099
v -0.01090155 -0.00301800 0.10174099
v -0.01090155 -0.00301800 0.10174099
v -0.01090155 -0.00274900 0.10224499
v -0.01090155 -0.00274900 0.10224499
v -0.01090155 -0.00274900 0.10224499
v -0.01090155 -0.00274900 0.10224499
v -0.01090543 -0.00336600 0.10112699
v -0.01090543 -0.00336600 0.10112699
v -0.01090543 -0.00336600 0.10112699
v -0.01090543 -0.00336600 0.10112699
v -0.01090543 -0.00336600 0.10112699
v -0.01091241 -0.00377600 0.10026299
v -0.01091241 -0.00377600 0.10026299
v -0.01091241 -0.00377600 0.10026299
v -0.01091241 -0.00377600 0.10026299
v -0.01091241 -0.00377600 0.10026299
v -0.01091241 -0.00377600 0.10026299
v -0.01091241 -0.00377600 0.10026299
v -0.01093490 -0.00428500 0.09911699
v -0.01093490 -0.00428500 0.09911699
v -0.01093490 -0.00428500 0.09911699
v -0.01093490 -0.00428500 0.09911699
v -0.01093490 -0.00428500 0.09911699
v -0.01093490 -0.00428500 0.09911699
v -0.01093490 -0.00428500 0.09911699
v -0.01092172 -0.00422600 0.09909899
v -0.01092172 -0.00422600 0.09909899
v -0.01092172 -0.00422600 0.09909899
v -0.01092172 -0.00422600 0.09909899
v -0.01092172 -0.00422600 0.09909899
v -0.01090000 -0.00232700 0.10281999
v -0.01090000 -0.00232700 0.10281999
v -0.01090000 -0.00260700 0.10238699
v -0.01090000 -0.00260700 0.10238699
v -0.01090000 -0.00260700 0.10238699
v -0.01090077 0.00272100 0.10222999
v -0.01090077 0.00272100 0.10222999
v -0.01090000 0.00284900 0.10195799
v -0.01090000 0.00284900 0.10195799
v -0.01090000 0.00284900 0.10195799
v -0.01090000 0.00284900 0.10195799
v -0.01090000 0.00321000 0.10121299
v -0.01090000 0.00321000 0.10121299
v -0.01090000 0.00321000 0.10121299
v -0.01090077 0.00298900 0.10172599
v -0.01090077 0.00298900 0.10172599
v -0.01090077 0.00328300 0.10109099
v -0.01090077 0.00328300 0.10109099
v -0.01090077 0.00363200 0.10020899
v -0.01090077 0.00363200 0.10020899
v -0.01090077 0.00363200 0.10020899
v -0.01090000 0.00370400 0.09994999
v -0.01090000 0.00370400 0.09994999
v -0.01090000 0.00370400 0.09994999
v -0.01090000 0.00370400 0.09994999
v -0.01090232 0.00407800 0.09905399
v -0.01090232 0.00407800 0.09905399
v -0.01090232 0.00407800 0.09905399
v -0.01090232 0.00407800 0.09905399
v -0.01090775 0.00453600 0.09760199
v -0.01090775 0.00453600 0.09760199
v -0.01090775 0.00453600 0.09760199
v -0.01090775 0.00453600 0.09760199
v -0.01091241 0.00505800 0.09537599
v -0.01091241 0.00505800 0.09537599
v -0.01091241 0.00505800 0.09537599
v -0.01091241 0.00505800 0.09537599
v -0.01091628 0.00508200 0.09537599
v -0.01091628 0.00508200 0.09537599
v -0.01091628 0.00508200 0.09537599
v -0.01091628 0.00508200 0.09537599
v -0.01092714 0.00514700 0.09537599
v -0.01092714 0.00514700 0.09537599
v -0.01092714 0.00514700 0.09537599
v -0.01092714 0.00514700 0.09537599
v -0.01092714 0.00514700 0.09537599
v -0.01092714 0.00514700 0.09537599
v -0.01094111 0.00520300 0.09537599
v -0.01094111 0.00520300 0.09537599
v -0.01094111 0.00520300 0.09537599
v -0.01094111 0.00520300 0.09537599
v -0.01094886 0.00523200 0.09537599
v -0.01094886 0.00523200 0.09537599
v -0.01094886 0.00523200 0.09537599
v -0.01094886 0.00523200 0.09537599
v -0.01094886 0.00523200 0.09537599
v -0.01095740 0.00526200 0.09537599
v -0.01095740 0.00526200 0.09537599
v -0.01095740 0.00526200 0.09537599
v -0.01095740 0.00526200 0.09537599
v -0.01097524 0.00531400 0.09537599
v -0.01097524 0.00531400 0.09537599
v -0.01097524 0.00531400 0.09537599
v -0.01097524 0.00531400 0.09537599
v -0.01099851 0.00537400 0.09537599
v -0.01099851 0.00537400 0.09537599
v -0.01099851 0.00537400 0.09537599
v -0.01099851 0.00537400 0.09537599
v -0.01099851 0.00537400 0.09537599
v -0.01100704 0.00539400 0.09537599
v -0.01100704 0.00539400 0.09537599
v -0.01100704 0.00539400 0.09537599
v -0.01100704 0.00539400 0.09537599
v -0.01100704 0.00539400 0.09537599
v -0.01104505 0.00546900 0.09537599
v -0.01104505 0.00546900 0.09537599
v -0.01104505 0.00546900 0.09537599
v -0.01105048 0.00548100 0.09537599
v -0.01105048 0.00548100 0.09537599
v -0.01105048 0.00548100 0.09537599
v -0.01105048 0.00548100 0.09537599
v -0.01105048 0.00548100 0.09537599
v -0.01105048 0.00548100 0.09537599
v -0.01108616 0.00553900 0.09537599
v -0.01108616 0.00553900 0.09537599
v -0.01108616 0.00553900 0.09537599
v -0.01108616 0.00553900 0.09537599
v -0.01108616 0.00553900 0.09537599
v -0.01111253 0.00557700 0.09537599
v -0.01111253 0.00557700 0.09537599
v -0.01111253 0.00557700 0.09537599
v -0.01111253 0.00557700 0.09537599
v -0.01113270 0.00560500 0.09537599
v -0.01113270 0.00560500 0.09537599
v -0.01113270 0.00560500 0.09537599
v -0.01113270 0.00560500 0.09537599
v -0.01113270 0.00560500 0.09537599
v -0.01113270 0.00560500 0.09537599
v -0.01118234 0.00566400 0.09537599
v -0.01118234 0.00566400 0.09537599
v -0.01118234 0.00566400 0.09537599
v -0.01118234 0.00566400 0.09537599
v -0.01118234 0.00566400 0.09537599
v -0.01118234 0.00566400 0.09537599
v -0.01122113 0.00570200 0.09537599
v -0.01122113 0.00570200 0.09537599
v -0.01122113 0.00570200 0.09537599
v -0.01122113 0.00570200 0.09537599
v -0.01123587 0.00571800 0.09537599
v -0.01123587 0.00571800 0.09537599
v -0.01123587 0.00571800 0.09537599
v -0.01123587 0.00571800 0.09537599
v -0.01123587 0.00571800 0.09537599
v -0.01123587 0.00571800 0.09537599
v -0.01130335 0.00577100 0.09537599
v -0.01130335 0.00577100 0.09537599
v -0.01130335 0.00577100 0.09537599
v -0.01130335 0.00577100 0.09537599
v -0.01130335 0.00577100 0.09537599
v -0.01130335 0.00577100 0.09537599
v -0.01130335 0.00577100 0.09537599
v -0.01130335 0.00577100 0.09537599
v -0.01135299 0.00580400 0.09537599
v -0.01135299 0.00580400 0.09537599
v -0.01135299 0.00580400 0.09537599
v -0.01135299 0.00580400 0.09537599
v -0.01135299 0.00580400 0.09537599
v -0.01135299 0.00580400 0.09537599
v -0.01139178 0.00582500 0.09537599
v -0.01139178 0.00582500 0.09537599
v -0.01139178 0.00582500 0.09537599
v -0.01139178 0.00582500 0.09537599
v -0.01141505 0.00583700 0.09537599
v -0.01141505 0.00583700 0.09537599
v -0.01141505 0.00583700 0.09537599
v -0.01141505 0.00583700 0.09537599
v -0.01141505 0.00583700 0.09537599
v -0.01141505 0.00583700 0.09537599
v -0.01143754 0.00584600 0.09537599
v -0.01143754 0.00584600 0.09537599
v -0.01143754 0.00584600 0.09537599
v -0.01143754 0.00584600 0.09537599
v -0.01147866 0.00586300 0.09537599
v -0.01147866 0.00586300 0.09537599
v -0.01147866 0.00586300 0.09537599
v -0.01147866 0.00586300 0.09537599
v -0.01147866 0.00586300 0.09537599
v -0.01147866 0.00586300 0.09537599
v -0.01153218 0.00587900 0.09537599
v -0.01153218 0.00587900 0.09537599
v -0.01153218 0.00587900 0.09537599
v -0.01153218 0.00587900 0.09537599
v -0.01153218 0.00587900 0.09537599
v -0.01153218 0.00587900 0.09537599
v -0.01167646 0.00563000 0.09669199
v -0.01167646 0.00563000 0.09669199
v -0.01167646 0.00563000 0.09669199
v -0.01167646 0.00563000 0.09669199
v -0.01167646 0.00563000 0.09669199
v -0.01167646 0.00563000 0.09669199
v -0.01167646 0.00563000 0.09669199
v -0.01167646 0.00563000 0.09669199
v -0.01167646 0.00563000 0.09669199
v -0.01167646 0.00563000 0.09669199
v -0.01167646 0.00563000 0.09669199
v -0.01417804 0.00486200 0.09963499
v -0.01417804 0.00486200 0.09963499
v -0.01417804 0.00486200 0.09963499
v -0.01417804 0.00486200 0.09963499
v -0.01432853 0.00504500 0.09902799
v -0.01432853 0.00504500 0.09902799
v -0.01432853 0.00504500 0.09902799
v -0.01432853 0.00504500 0.09902799
v -0.01432853 0.00504500 0.09902799
v -0.01432853 0.00504500 0.09902799
v -0.01162992 0.00537000 0.09780699
v -0.01162992 0.00537000 0.09780699
v -0.01162992 0.00537000 0.09780699
v -0.01162992 0.00537000 0.09780699
v -0.01167646 0.00537100 0.09780899
v -0.01167646 0.00537100 0.09780899
v -0.01167646 0.00537100 0.09780899
v -0.01167646 0.00537100 0.09780899
v -0.01167646 0.00537100 0.09780899
v -0.01446815 0.00519700 0.09848099
v -0.01446815 0.00519700 0.09848099
v -0.01446815 0.00519700 0.09848099
v -0.01446815 0.00519700 0.09848099
v -0.01446815 0.00519700 0.09848099
v -0.01446815 0.00519700 0.09848099
v -0.01452167 0.00514000 0.09867999
v -0.01452167 0.00514000 0.09867999
v -0.01452167 0.00514000 0.09867999
v -0.01502819 0.00561800 0.09673400
v -0.01502819 0.00561800 0.09673400
v -0.01502819 0.00561800 0.09673400
v -0.01502819 0.00561800 0.09673400
v -0.01511197 0.00577100 0.09601600
v -0.01511197 0.00577100 0.09601600
v -0.01511197 0.00577100 0.09601600
v -0.01511197 0.00577100 0.09601600
v -0.01511197 0.00577100 0.09601600
v -0.01511197 0.00577100 0.09601600
v -0.01511197 0.00577100 0.09601600
v -0.01563090 0.00597700 0.09487600
v -0.01563090 0.00597700 0.09487600
v -0.01563090 0.00597700 0.09487600
v -0.01563090 0.00597700 0.09487600
v -0.01563090 0.00597700 0.09487600
v -0.01773999 0.00318300 0.09487600
v -0.01773999 0.00318300 0.09487600
v -0.01773999 0.00318300 0.09487600
v -0.01773921 -0.00321000 0.09487600
v -0.01773921 -0.00321000 0.09487600
v -0.01773921 -0.00321000 0.09487600
v -0.01773921 -0.00321000 0.09487600
v -0.01773456 -0.00333600 0.09487600
v -0.01773456 -0.00333600 0.09487600
v -0.01773456 -0.00333600 0.09487600
v -0.01566425 -0.00597300 0.09487600
v -0.01566425 -0.00597300 0.09487600
v -0.01566425 -0.00597300 0.09487600
v -0.01563090 -0.00597700 0.09487600
v -0.01563090 -0.00597700 0.09487600
v -0.01563090 -0.00597700 0.09487600
v -0.01563090 -0.00597700 0.09487600
v -0.01563090 -0.00597700 0.09487600
v -0.01512360 -0.00560000 0.09677500
v -0.01512360 -0.00560000 0.09677500
v -0.01512360 -0.00560000 0.09677500
v -0.01512360 -0.00560000 0.09677500
v -0.01512360 -0.00560000 0.09677500
v -0.01452167 -0.00514100 0.09867999
v -0.01452167 -0.00514100 0.09867999
v -0.01452167 -0.00514100 0.09867999
v -0.01452167 -0.00514100 0.09867999
v -0.01461553 -0.00534600 0.09790799
v -0.01461553 -0.00534600 0.09790799
v -0.01461553 -0.00534600 0.09790799
v -0.01461553 -0.00534600 0.09790799
v -0.01461553 -0.00534600 0.09790799
v -0.01461553 -0.00534600 0.09790799
v -0.01461553 -0.00534600 0.09790799
v -0.01461553 -0.00534600 0.09790799
v -0.01165241 -0.00537000 0.09780699
v -0.01165241 -0.00537000 0.09780699
v -0.01165241 -0.00537000 0.09780699
v -0.01165241 -0.00537000 0.09780699
v -0.01165241 -0.00537000 0.09780699
v -0.01165241 -0.00537000 0.09780699
v -0.01160897 -0.00589300 0.09537599
v -0.01160897 -0.00589300 0.09537599
v -0.01160897 -0.00589300 0.09537599
v -0.01160897 -0.00589300 0.09537599
v -0.01160897 -0.00589300 0.09537599
v -0.01316887 -0.00598600 0.09487599
v -0.01316887 -0.00598600 0.09487599
v -0.01316887 -0.00598600 0.09487599
v -0.01316887 -0.00598600 0.09487599
v -0.01316887 -0.00598600 0.09487599
v -0.01316887 -0.00598600 0.09487599
v -0.01310992 -0.00597500 0.09487599
v -0.01310992 -0.00597500 0.09487599
v -0.01310992 -0.00597500 0.09487599
v -0.01306261 -0.00596300 0.09487599
v -0.01306261 -0.00596300 0.09487599
v -0.01306261 -0.00596300 0.09487599
v -0.01306261 -0.00596300 0.09487599
v -0.01301684 -0.00594900 0.09487599
v -0.01301684 -0.00594900 0.09487599
v -0.01301684 -0.00594900 0.09487599
v -0.01301684 -0.00594900 0.09487599
v -0.01297185 -0.00593000 0.09487599
v -0.01297185 -0.00593000 0.09487599
v -0.01297185 -0.00593000 0.09487599
v -0.01292686 -0.00590800 0.09487599
v -0.01292686 -0.00590800 0.09487599
v -0.01292686 -0.00590800 0.09487599
v -0.01292686 -0.00590800 0.09487599
v -0.01292686 -0.00590800 0.09487599
v -0.01288342 -0.00588200 0.09487599
v -0.01288342 -0.00588200 0.09487599
v -0.01288342 -0.00588200 0.09487599
v -0.01288342 -0.00588200 0.09487599
v -0.01284076 -0.00585300 0.09487599
v -0.01284076 -0.00585300 0.09487599
v -0.01284076 -0.00585300 0.09487599
v -0.01280042 -0.00582000 0.09487599
v -0.01280042 -0.00582000 0.09487599
v -0.01280042 -0.00582000 0.09487599
v -0.01280042 -0.00582000 0.09487599
v -0.01280042 -0.00582000 0.09487599
v -0.01276164 -0.00578400 0.09487599
v -0.01276164 -0.00578400 0.09487599
v -0.01276164 -0.00578400 0.09487599
v -0.01276164 -0.00578400 0.09487599
v -0.01272363 -0.00574500 0.09487599
v -0.01272363 -0.00574500 0.09487599
v -0.01272363 -0.00574500 0.09487599
v -0.01272363 -0.00574500 0.09487599
v -0.01268872 -0.00570200 0.09487599
v -0.01268872 -0.00570200 0.09487599
v -0.01268872 -0.00570200 0.09487599
v -0.01265459 -0.00565700 0.09487599
v -0.01265459 -0.00565700 0.09487599
v -0.01265459 -0.00565700 0.09487599
v -0.01265459 -0.00565700 0.09487599
v -0.01262977 -0.00562100 0.09487599
v -0.01262977 -0.00562100 0.09487599
v -0.01262977 -0.00562100 0.09487599
v -0.01262279 -0.00560900 0.09487599
v -0.01262279 -0.00560900 0.09487599
v -0.01262279 -0.00560900 0.09487599
v -0.01256772 -0.00550700 0.09487599
v -0.01256772 -0.00550700 0.09487599
v -0.01256772 -0.00550700 0.09487599
v -0.01256772 -0.00550700 0.09487599
v -0.01259409 -0.00555900 0.09487599
v -0.01259409 -0.00555900 0.09487599
v -0.01259409 -0.00555900 0.09487599
v -0.01254290 -0.00545000 0.09487599
v -0.01254290 -0.00545000 0.09487599
v -0.01254290 -0.00545000 0.09487599
v -0.01254290 -0.00545000 0.09487599
v -0.01096981 -0.00530000 0.09537599
v -0.01096981 -0.00530000 0.09537599
v -0.01096981 -0.00530000 0.09537599
v -0.01096981 -0.00530000 0.09537599
v -0.01096981 -0.00530000 0.09537599
v -0.01252195 -0.00539400 0.09487599
v -0.01252195 -0.00539400 0.09487599
v -0.01252195 -0.00539400 0.09487599
v -0.01252195 -0.00539400 0.09487599
v -0.01093490 -0.00468700 0.09763899
v -0.01093490 -0.00468700 0.09763899
v -0.01093490 -0.00468700 0.09763899
v -0.01093490 -0.00468700 0.09763899
v -0.01093490 -0.00468700 0.09763899
v -0.01094886 -0.00523200 0.09537599
v -0.01094886 -0.00523200 0.09537599
v -0.01094886 -0.00523200 0.09537599
v -0.01094886 -0.00523200 0.09537599
v -0.01093490 -0.00517900 0.09537599
v -0.01093490 -0.00517900 0.09537599
v -0.01093490 -0.00517900 0.09537599
v -0.01093490 -0.00517900 0.09537599
v -0.01093490 -0.00517900 0.09537599
v -0.01090155 -0.00331200 0.10110499
v -0.01090155 -0.00331200 0.10110499
v -0.01090155 -0.00331200 0.10110499
v -0.01090155 -0.00331200 0.10110499
v -0.01090000 -0.00298200 0.10169799
v -0.01090000 -0.00298200 0.10169799
v -0.01090000 -0.00298200 0.10169799
v -0.01090543 -0.00371700 0.10024099
v -0.01090543 -0.00371700 0.10024099
v -0.01090543 -0.00371700 0.10024099
v -0.01091241 -0.00416700 0.09908099
v -0.01091241 -0.00416700 0.09908099
v -0.01091241 -0.00416700 0.09908099
v -0.01091241 -0.00416700 0.09908099
v -0.01090543 -0.00410700 0.09906399
v -0.01090543 -0.00410700 0.09906399
v -0.01090543 -0.00410700 0.09906399
v -0.01090543 -0.00410700 0.09906399
v -0.01092172 -0.00462800 0.09762499
v -0.01092172 -0.00462800 0.09762499
v -0.01092172 -0.00462800 0.09762499
v -0.01092172 -0.00462800 0.09762499
v -0.01092172 -0.00462800 0.09762499
v -0.01092172 -0.00462800 0.09762499
v -0.01092172 -0.00462800 0.09762499
v -0.01090000 0.00422700 0.09823999
v -0.01090000 0.00422700 0.09823999
v -0.01090000 0.00422700 0.09823999
v -0.01090000 0.00422700 0.09823999
v -0.01090000 0.00422700 0.09823999
v -0.01090077 0.00401900 0.09903699
v -0.01090077 0.00401900 0.09903699
v -0.01090232 0.00447800 0.09758799
v -0.01090232 0.00447800 0.09758799
v -0.01090232 0.00447800 0.09758799
v -0.01090232 0.00447800 0.09758799
v -0.01090310 0.00496900 0.09537599
v -0.01090310 0.00496900 0.09537599
v -0.01090310 0.00496900 0.09537599
v -0.01090310 0.00496900 0.09537599
v -0.01090775 0.00502100 0.09537599
v -0.01090775 0.00502100 0.09537599
v -0.01090775 0.00502100 0.09537599
v -0.01090775 0.00502100 0.09537599
v -0.01246688 0.00517300 0.09487599
v -0.01246688 0.00517300 0.09487599
v -0.01246688 0.00517300 0.09487599
v -0.01247696 0.00522700 0.09487599
v -0.01247696 0.00522700 0.09487599
v -0.01248084 0.00524800 0.09487599
v -0.01248084 0.00524800 0.09487599
v -0.01248084 0.00524800 0.09487599
v -0.01249248 0.00529900 0.09487599
v -0.01249248 0.00529900 0.09487599
v -0.01249248 0.00529900 0.09487599
v -0.01249248 0.00529900 0.09487599
v -0.01250877 0.00535400 0.09487599
v -0.01250877 0.00535400 0.09487599
v -0.01250877 0.00535400 0.09487599
v -0.01250877 0.00535400 0.09487599
v -0.01252738 0.00541200 0.09487599
v -0.01252738 0.00541200 0.09487599
v -0.01252738 0.00541200 0.09487599
v -0.01252738 0.00541200 0.09487599
v -0.01255143 0.00547000 0.09487599
v -0.01255143 0.00547000 0.09487599
v -0.01255143 0.00547000 0.09487599
v -0.01257470 0.00552200 0.09487599
v -0.01257470 0.00552200 0.09487599
v -0.01257470 0.00552200 0.09487599
v -0.01257470 0.00552200 0.09487599
v -0.01260185 0.00557300 0.09487599
v -0.01260185 0.00557300 0.09487599
v -0.01260185 0.00557300 0.09487599
v -0.01263132 0.00562300 0.09487599
v -0.01263132 0.00562300 0.09487599
v -0.01263132 0.00562300 0.09487599
v -0.01266390 0.00567000 0.09487599
v -0.01266390 0.00567000 0.09487599
v -0.01266390 0.00567000 0.09487599
v -0.01266390 0.00567000 0.09487599
v -0.01269803 0.00571400 0.09487599
v -0.01269803 0.00571400 0.09487599
v -0.01269803 0.00571400 0.09487599
v -0.01269803 0.00571400 0.09487599
v -0.01273371 0.00575500 0.09487599
v -0.01273371 0.00575500 0.09487599
v -0.01273371 0.00575500 0.09487599
v -0.01277172 0.00579400 0.09487599
v -0.01277172 0.00579400 0.09487599
v -0.01277172 0.00579400 0.09487599
v -0.01277172 0.00579400 0.09487599
v -0.01281206 0.00583000 0.09487599
v -0.01281206 0.00583000 0.09487599
v -0.01281206 0.00583000 0.09487599
v -0.01281206 0.00583000 0.09487599
v -0.01285395 0.00586200 0.09487599
v -0.01285395 0.00586200 0.09487599
v -0.01285395 0.00586200 0.09487599
v -0.01289738 0.00589100 0.09487599
v -0.01289738 0.00589100 0.09487599
v -0.01289738 0.00589100 0.09487599
v -0.01289738 0.00589100 0.09487599
v -0.01294237 0.00591600 0.09487599
v -0.01294237 0.00591600 0.09487599
v -0.01294237 0.00591600 0.09487599
v -0.01294237 0.00591600 0.09487599
v -0.01294237 0.00591600 0.09487599
v -0.01298814 0.00593800 0.09487599
v -0.01298814 0.00593800 0.09487599
v -0.01298814 0.00593800 0.09487599
v -0.01298814 0.00593800 0.09487599
v -0.01298814 0.00593800 0.09487599
v -0.01303546 0.00595500 0.09487599
v -0.01303546 0.00595500 0.09487599
v -0.01303546 0.00595500 0.09487599
v -0.01303546 0.00595500 0.09487599
v -0.01154381 0.00588200 0.09537599
v -0.01154381 0.00588200 0.09537599
v -0.01154381 0.00588200 0.09537599
v -0.01154381 0.00588200 0.09537599
v -0.01154381 0.00588200 0.09537599
v -0.01308355 0.00597000 0.09487599
v -0.01308355 0.00597000 0.09487599
v -0.01308355 0.00597000 0.09487599
v -0.01308355 0.00597000 0.09487599
v -0.01160897 0.00589200 0.09537599
v -0.01160897 0.00589200 0.09537599
v -0.01160897 0.00589200 0.09537599
v -0.01160897 0.00589200 0.09537599
v -0.01162991 0.00589500 0.09537599
v -0.01162991 0.00589500 0.09537599
v -0.01162991 0.00589500 0.09537599
v -0.01162991 0.00589500 0.09537599
v -0.01162991 0.00589500 0.09537599
v -0.01167646 0.00589700 0.09537599
v -0.01167646 0.00589700 0.09537599
v -0.01167646 0.00589700 0.09537599
v -0.01167646 0.00589700 0.09537599
v -0.01167646 0.00589700 0.09537599
v -0.01167646 0.00589700 0.09537599
v -0.01493278 0.00563000 0.09669200
v -0.01493278 0.00563000 0.09669200
v -0.01493278 0.00563000 0.09669200
v -0.01493278 0.00563000 0.09669200
v -0.01493278 0.00563000 0.09669200
v -0.01322783 0.00589700 0.09537599
v -0.01322783 0.00589700 0.09537599
v -0.01551843 0.00598600 0.09487600
v -0.01551843 0.00598600 0.09487600
v -0.01551843 0.00598600 0.09487600
v -0.01551843 0.00598600 0.09487600
v -0.01551843 0.00598600 0.09487600
v -0.01552541 -0.00598400 0.09487600
v -0.01552541 -0.00598400 0.09487600
v -0.01552541 -0.00598400 0.09487600
v -0.01552541 -0.00598400 0.09487600
v -0.01552541 -0.00598400 0.09487600
v -0.01502742 -0.00561800 0.09673400
v -0.01502742 -0.00561800 0.09673400
v -0.01502742 -0.00561800 0.09673400
v -0.01502742 -0.00561800 0.09673400
v -0.01502742 -0.00561800 0.09673400
v -0.01493278 -0.00562900 0.09669200
v -0.01493278 -0.00562900 0.09669200
v -0.01493278 -0.00562900 0.09669200
v -0.01493278 -0.00562900 0.09669200
v -0.01493278 -0.00562900 0.09669200
v -0.01493278 -0.00562900 0.09669200
v -0.01167646 -0.00589600 0.09537599
v -0.01167646 -0.00589600 0.09537599
v -0.01167646 -0.00589600 0.09537599
v -0.01167646 -0.00589600 0.09537599
v -0.01167646 -0.00589600 0.09537599
v -0.01167646 -0.00589600 0.09537599
v -0.01165241 -0.00589500 0.09537599
v -0.01165241 -0.00589500 0.09537599
v -0.01165241 -0.00589500 0.09537599
v -0.01322783 -0.00598700 0.09487599
v -0.01322783 -0.00598700 0.09487599
v -0.01322783 -0.00598700 0.09487599
v -0.01250256 -0.00533300 0.09487599
v -0.01250256 -0.00533300 0.09487599
v -0.01250256 -0.00533300 0.09487599
v -0.01092714 -0.00514600 0.09537599
v -0.01092714 -0.00514600 0.09537599
v -0.01092714 -0.00514600 0.09537599
v -0.01092714 -0.00514600 0.09537599
v -0.01092714 -0.00514600 0.09537599
v -0.01092714 -0.00514600 0.09537599
v -0.01248550 -0.00526900 0.09487599
v -0.01248550 -0.00526900 0.09487599
v -0.01248550 -0.00526900 0.09487599
v -0.01248550 -0.00526900 0.09487599
v -0.01090155 -0.00366200 0.10022099
v -0.01090155 -0.00366200 0.10022099
v -0.01090155 -0.00366200 0.10022099
v -0.01090000 -0.00341400 0.10072499
v -0.01090000 -0.00341400 0.10072499
v -0.01090000 -0.00341400 0.10072499
v -0.01091241 -0.00456700 0.09760899
v -0.01091241 -0.00456700 0.09760899
v -0.01091241 -0.00456700 0.09760899
v -0.01091241 -0.00456700 0.09760899
v -0.01091241 -0.00456700 0.09760899
v -0.01090155 -0.00405100 0.09904599
v -0.01090155 -0.00405100 0.09904599
v -0.01090155 -0.00405100 0.09904599
v -0.01090155 -0.00405100 0.09904599
v -0.01090155 -0.00405100 0.09904599
v -0.01090543 -0.00450700 0.09759499
v -0.01090543 -0.00450700 0.09759499
v -0.01090543 -0.00450700 0.09759499
v -0.01090155 -0.00445000 0.09757999
v -0.01090155 -0.00445000 0.09757999
v -0.01090155 -0.00445000 0.09757999
v -0.01090155 -0.00445000 0.09757999
v -0.01090155 -0.00445000 0.09757999
v -0.01090155 -0.00445000 0.09757999
v -0.01091241 -0.00505900 0.09537599
v -0.01091241 -0.00505900 0.09537599
v -0.01091241 -0.00505900 0.09537599
v -0.01091241 -0.00505900 0.09537599
v -0.01089999 0.00487800 0.09537599
v -0.01089999 0.00487800 0.09537599
v -0.01089999 0.00487800 0.09537599
v -0.01089999 0.00487800 0.09537599
v -0.01089999 0.00487800 0.09537599
v -0.01090077 0.00441900 0.09757299
v -0.01090077 0.00441900 0.09757299
v -0.01090077 0.00489800 0.09537599
v -0.01090077 0.00489800 0.09537599
v -0.01090077 0.00489800 0.09537599
v -0.01245369 0.00505400 0.09487599
v -0.01245369 0.00505400 0.09487599
v -0.01245369 0.00505400 0.09487599
v -0.01245912 0.00511500 0.09487599
v -0.01245912 0.00511500 0.09487599
v -0.01245912 0.00511500 0.09487599
v -0.01313164 0.00597900 0.09487599
v -0.01313164 0.00597900 0.09487599
v -0.01313164 0.00597900 0.09487599
v -0.01313164 0.00597900 0.09487599
v -0.01313164 0.00597900 0.09487599
v -0.01314560 0.00598000 0.09487599
v -0.01314560 0.00598000 0.09487599
v -0.01314560 0.00598000 0.09487599
v -0.01314560 0.00598000 0.09487599
v -0.01314560 0.00596300 0.09498699
v -0.01322783 -0.00589600 0.09537599
v -0.01322783 -0.00589600 0.09537599
v -0.01322783 -0.00589600 0.09537599
v -0.01247308 -0.00521100 0.09487599
v -0.01247308 -0.00521100 0.09487599
v -0.01247308 -0.00521100 0.09487599
v -0.01090000 -0.00362600 0.10016699
v -0.01090000 -0.00362600 0.10016699
v -0.01090000 -0.00362600 0.10016699
v -0.01091241 -0.00505400 0.09537599
v -0.01091241 -0.00505400 0.09537599
v -0.01091241 -0.00505400 0.09537599
v -0.01091241 -0.00505400 0.09537599
v -0.01091241 -0.00505400 0.09537599
v -0.01090000 -0.00419100 0.09837199
v -0.01090000 -0.00419100 0.09837199
v -0.01090000 -0.00419100 0.09837199
v -0.01090310 -0.00496800 0.09537599
v -0.01090310 -0.00496800 0.09537599
v -0.01090310 -0.00496800 0.09537599
v -0.01090310 -0.00496800 0.09537599
v -0.01090310 -0.00496800 0.09537599
v -0.01090155 -0.00493100 0.09537599
v -0.01090155 -0.00493100 0.09537599
v -0.01090155 -0.00493100 0.09537599
v -0.01090155 -0.00493100 0.09537599
v -0.01089999 -0.00486500 0.09544599
v -0.01089999 -0.00486500 0.09544599
v -0.01089999 -0.00486500 0.09544599
v -0.01246455 -0.00515700 0.09487599
v -0.01246455 -0.00515700 0.09487599
v -0.01245214 0.00499100 0.09487599
v -0.01245214 0.00499100 0.09487599
v -0.01245214 0.00499100 0.09487599
v -0.01089999 -0.00487800 0.09537599
v -0.01089999 -0.00487800 0.09537599
v -0.01089999 -0.00487800 0.09537599
v -0.01089999 -0.00487800 0.09537599
v -0.01246300 -0.00514800 0.09487599
v -0.01246300 -0.00514800 0.09487599
v -0.01246300 -0.00514800 0.09487599
v -0.01245757 -0.00509400 0.09487599
v -0.01245757 -0.00509400 0.09487599
v -0.01245757 -0.00509400 0.09487599
v -0.01245757 -0.00509400 0.09487599
v -0.01245679 -0.00508400 0.09487599
v -0.01245679 -0.00508400 0.09487599
v -0.01245292 -0.00503000 0.09487599
v -0.01245292 -0.00503000 0.09487599
v -0.01245292 -0.00503000 0.09487599
v -0.01245292 -0.00501500 0.09487599
v -0.01245292 -0.00501500 0.09487599
v -0.01245292 -0.00501500 0.09487599
v -0.01245214 -0.00495500 0.09487599
v -0.01245214 -0.00495500 0.09487599
f 1 7 14
f 1 14 37
f 1 37 77
f 1 77 143
f 1 143 233
f 1 233 309
f 1 309 360
f 1 360 418
f 1 418 477
f 1 477 532
f 1 532 592
f 1 592 639
f 1 639 691
f 1 691 745
f 1 745 794
f 1 794 839
f 1 839 880
f 1 880 929
f 1 929 979
f 1 979 1025
f 1 1025 1094
f 1 1094 1205
f 1 1205 1214
f 1 1214 1353
f 1 1353 1471
f 1 1471 1568
f 1 1568 1647
f 1 1647 1730
f 1 1730 1725
f 1 1725 1799
f 1 1799 1881
f 1 1881 1957
f 1 1957 2030
f 1 2030 2095
f 1 2095 2169
f 1 2169 2226
f 1 2226 2282
f 1 2282 2339
f 1 2339 2348
f 1 2348 2420
f 1 2420 2484
f 1 2484 2534
f 1 2534 2592
f 1 2592 2648
f 1 2648 2645
f 1 2645 2709
f 1 2709 2764
f 1 2764 2818
f 1 2818 2876
f 1 2876 2874
f 1 2874 2930
f 1 2930 2926
f 1 2926 2981
f 1 2981 3042
f 1 3042 3041
f 1 3041 3097
f 1 3097 3138
f 1 3138 3168
f 1 3168 3141
f 1 3141 3101
f 1 3101 3051
f 1 3051 3049
f 1 3049 2992
f 1 2992 2940
f 1 2940 2898
f 1 2898 2894
f 1 2894 2844
f 1 2844 2839
f 1 2839 2784
f 1 2784 2780
f 1 2780 2736
f 1 2736 2681
f 1 2681 2623
f 1 2623 2571
f 1 2571 2557
f 1 2557 2505
f 1 2505 2502
f 1 2502 2442
f 1 2442 2378
f 1 2378 2310
f 1 2310 2305
f 1 2305 2255
f 1 2255 2252
f 1 2252 2198
f 1 2198 2133
f 1 2133 2129
f 1 2129 2063
f 1 2063 1998
f 1 1998 1919
f 1 1919 1918
f 1 1918 1915
f 1 1915 1833
f 1 1833 1756
f 1 1756 1752
f 1 1752 1679
f 1 1679 1601
f 1 1601 1518
f 1 1518 1517
f 1 1517 1449
f 1 1449 1454
f 1 1454 1323
f 1 1323 1200
f 1 1200 1185
f 1 1185 1085
f 1 1085 1019
f 1 1019 971
f 1 971 915
f 1 915 876
f 1 876 834
f 1 834 787
f 1 787 742
f 1 742 737
f 1 737 710
f 1 710 659
f 1 659 612
f 1 612 587
f 1 587 530
f 1 530 474
f 1 474 442
f 1 442 383
f 1 383 332
f 1 332 267
f 1 267 188
f 1 188 111
f 1 111 53
f 1 53 24
f 1 24 9
f 2 10 29
f 2 29 70
f 2 70 140
f 2 140 92
f 2 92 72
f 2 72 35
f 2 35 12
f 3 13 4
f 5 11 18
f 6 19 20
f 6 20 17
f 8 23 28
f 11 34 18
f 15 21 42
f 16 43 38
f 19 32 44
f 19 44 20
f 20 44 52
f 22 49 39
f 25 54 56
f 25 56 61
f 27 59 64
f 26 66 30
f 31 67 69
f 33 71 45
f 36 40 75
f 39 49 79
f 41 78 83
f 41 83 87
f 41 87 76
f 45 71 91
f 47 90 98
f 48 97 102
f 46 104 51
f 50 101 107
f 49 105 79
f 55 112 57
f 57 115 62
f 57 112 115
f 63 116 125
f 60 126 129
f 58 128 138
f 59 132 64
f 65 133 68
f 69 131 142
f 73 86 151
f 74 148 144
f 80 106 155
f 81 152 85
f 82 162 149
f 82 149 88
f 85 152 163
f 84 165 169
f 84 169 160
f 89 141 224
f 89 224 173
f 93 174 177
f 94 175 95
f 99 176 182
f 96 183 103
f 100 181 109
f 108 180 186
f 110 185 156
f 114 189 191
f 113 196 118
f 119 199 123
f 117 195 197
f 122 198 208
f 124 202 212
f 120 213 218
f 121 215 127
f 130 216 136
f 135 217 219
f 137 220 223
f 134 222 139
f 145 147 229
f 146 230 232
f 150 159 231
f 153 187 237
f 154 236 166
f 161 241 227
f 157 168 246
f 158 247 243
f 167 238 252
f 164 251 171
f 170 253 244
f 172 225 305
f 172 305 256
f 172 256 178
f 178 256 257
f 178 257 179
f 179 257 260
f 179 260 261
f 179 261 184
f 184 261 263
f 184 263 235
f 190 265 192
f 194 268 273
f 193 272 201
f 192 265 270
f 200 276 204
f 203 275 283
f 206 280 288
f 209 286 291
f 205 292 296
f 207 295 211
f 210 294 297
f 210 297 300
f 210 300 214
f 214 300 301
f 214 301 221
f 221 301 225
f 225 301 304
f 225 304 305
f 228 308 234
f 226 242 311
f 226 311 307
f 235 263 249
f 240 248 319
f 239 320 312
f 245 254 317
f 249 263 323
f 249 323 328
f 250 326 318
f 255 306 303
f 255 303 302
f 255 302 299
f 255 299 298
f 255 298 358
f 255 358 417
f 255 417 470
f 255 470 468
f 255 468 520
f 255 520 519
f 255 519 576
f 255 576 620
f 255 620 617
f 255 617 668
f 255 668 667
f 255 667 720
f 255 720 774
f 255 774 820
f 255 820 818
f 255 818 867
f 255 867 909
f 255 909 963
f 255 963 960
f 255 960 1005
f 255 1005 1055
f 255 1055 1135
f 255 1135 1254
f 255 1254 1304
f 255 1304 1444
f 255 1444 1441
f 255 1441 1558
f 255 1558 1555
f 255 1555 1550
f 255 1550 1639
f 255 1639 1634
f 255 1634 1632
f 255 1632 1715
f 255 1715 1789
f 255 1789 1876
f 255 1876 1873
f 255 1873 1868
f 255 1868 1954
f 255 1954 1952
f 255 1952 1946
f 255 1946 2025
f 255 2025 2022
f 255 2022 2092
f 255 2092 2164
f 255 2164 2160
f 255 2160 2156
f 255 2156 2223
f 255 2223 2278
f 255 2278 2276
f 255 2276 2336
f 255 2336 2332
f 255 2332 2411
f 255 2411 2408
f 255 2408 2405
f 255 2405 2469
f 255 2469 2525
f 255 2525 2583
f 255 2583 2635
f 255 2635 2697
f 255 2697 2749
f 255 2749 2798
f 255 2798 2854
f 255 2854 2907
f 255 2907 2957
f 255 2957 3015
f 255 3015 3073
f 255 3073 3072
f 255 3072 3067
f 255 3067 3106
f 255 3106 3149
f 255 3149 3155
f 255 3155 3109
f 255 3109 3083
f 255 3083 3026
f 255 3026 3018
f 255 3018 2963
f 255 2963 2959
f 255 2959 2933
f 255 2933 2880
f 255 2880 2820
f 255 2820 2766
f 255 2766 2720
f 255 2720 2664
f 255 2664 2660
f 255 2660 2657
f 255 2657 2609
f 255 2609 2554
f 255 2554 2551
f 255 2551 2500
f 255 2500 2496
f 255 2496 2440
f 255 2440 2367
f 255 2367 2364
f 255 2364 2362
f 255 2362 2304
f 255 2304 2247
f 255 2247 2190
f 255 2190 2188
f 255 2188 2185
f 255 2185 2124
f 255 2124 2120
f 255 2120 2117
f 255 2117 2051
f 255 2051 2047
f 255 2047 1997
f 255 1997 1900
f 255 1900 1815
f 255 1815 1813
f 255 1813 1748
f 255 1748 1674
f 255 1674 1672
f 255 1672 1590
f 255 1590 1585
f 255 1585 1582
f 255 1582 1581
f 255 1581 1571
f 255 1571 1484
f 255 1484 1477
f 255 1477 1475
f 255 1475 1398
f 255 1398 1251
f 255 1251 1130
f 255 1130 1128
f 255 1128 1049
f 255 1049 1046
f 255 1046 996
f 255 996 947
f 255 947 897
f 255 897 856
f 255 856 812
f 255 812 767
f 255 767 706
f 255 706 652
f 255 652 607
f 255 607 550
f 255 550 495
f 255 495 436
f 255 436 381
f 255 381 379
f 255 379 324
f 255 324 264
f 255 264 262
f 255 262 259
f 255 259 258
f 266 334 269
f 271 329 277
f 274 330 284
f 279 335 343
f 281 342 289
f 282 331 347
f 278 349 337
f 287 346 354
f 285 356 293
f 290 353 357
f 290 357 297
f 290 297 294
f 310 313 361
f 315 368 359
f 314 321 366
f 322 371 369
f 316 325 376
f 316 376 372
f 323 380 328
f 327 378 382
f 327 382 374
f 333 386 350
f 336 348 394
f 338 393 345
f 340 395 396
f 344 399 404
f 339 406 407
f 341 408 355
f 351 385 414
f 352 413 388
f 353 409 415
f 353 415 357
f 362 367 424
f 363 423 419
f 364 370 431
f 365 430 422
f 373 377 433
f 374 382 435
f 374 435 437
f 375 439 434
f 384 440 411
f 389 412 446
f 390 447 452
f 387 449 458
f 391 457 461
f 392 462 397
f 398 459 405
f 402 464 521
f 402 521 467
f 402 467 469
f 402 469 416
f 401 415 409
f 400 460 454
f 403 455 463
f 410 441 472
f 410 472 448
f 420 426 479
f 421 482 475
f 427 428 488
f 425 484 483
f 432 438 494
f 429 493 485
f 435 496 491
f 435 491 437
f 444 473 497
f 443 501 504
f 445 503 450
f 453 502 511
f 451 510 456
f 455 512 463
f 464 514 518
f 464 518 521
f 465 513 522
f 466 523 517
f 471 529 499
f 476 481 536
f 478 535 533
f 480 486 538
f 487 542 539
f 489 492 546
f 491 496 549
f 491 549 551
f 490 552 547
f 500 555 505
f 498 528 554
f 507 557 565
f 506 561 509
f 508 562 526
f 514 567 518
f 515 524 574
f 516 571 566
f 518 567 577
f 525 563 584
f 527 578 575
f 531 585 556
f 534 541 588
f 537 593 589
f 540 543 594
f 545 600 595
f 544 553 604
f 548 601 598
f 549 606 602
f 549 602 551
f 560 586 610
f 559 608 580
f 558 581 564
f 567 613 618
f 567 618 619
f 567 619 577
f 568 573 623
f 569 621 629
f 570 628 616
f 572 579 625
f 583 611 633
f 582 636 624
f 591 596 645
f 590 640 638
f 595 600 647
f 597 651 641
f 599 603 646
f 602 606 653
f 602 653 654
f 605 655 650
f 609 660 632
f 613 664 666
f 613 666 669
f 613 669 618
f 614 627 672
f 615 671 662
f 622 635 626
f 626 635 675
f 631 678 685
f 630 684 674
f 634 658 677
f 637 644 692
f 637 692 689
f 642 649 704
f 643 703 694
f 648 657 701
f 653 705 709
f 653 709 654
f 656 708 697
f 661 711 676
f 664 714 719
f 664 719 666
f 663 673 722
f 665 724 718
f 670 682 723
f 679 713 687
f 688 727 735
f 683 734 725
f 680 712 738
f 686 739 743
f 681 744 730
f 690 696 747
f 693 750 746
f 695 699 749
f 698 757 755
f 700 707 763
f 702 764 758
f 705 766 709
f 709 766 761
f 715 769 775
f 714 773 719
f 717 721 731
f 716 736 772
f 729 740 780
f 726 779 785
f 728 781 733
f 732 782 770
f 741 788 776
f 748 754 793
f 751 796 792
f 753 760 803
f 752 800 797
f 756 762 808
f 759 810 804
f 761 766 809
f 765 811 807
f 769 813 817
f 769 817 819
f 769 819 775
f 768 783 825
f 771 821 814
f 777 832 784
f 778 790 826
f 786 827 824
f 789 835 830
f 795 799 841
f 791 840 836
f 798 801 846
f 798 846 842
f 802 806 852
f 805 853 848
f 807 811 855
f 807 855 851
f 813 857 817
f 816 823 861
f 815 862 859
f 817 857 866
f 822 829 868
f 822 868 860
f 831 833 877
f 828 875 870
f 838 845 887
f 837 885 878
f 843 849 892
f 844 891 886
f 847 850 894
f 851 855 896
f 851 896 898
f 854 899 893
f 857 904 908
f 857 908 866
f 858 865 903
f 864 869 913
f 863 914 906
f 873 874 917
f 872 916 922
f 871 921 912
f 879 883 928
f 882 930 927
f 884 890 934
f 888 935 944
f 881 945 933
f 889 900 953
f 895 949 936
f 896 946 948
f 896 948 898
f 901 958 961
f 901 961 962
f 901 962 907
f 905 910 967
f 902 969 954
f 911 920 968
f 918 972 974
f 919 978 924
f 923 975 970
f 926 932 985
f 925 984 980
f 931 938 982
f 937 952 940
f 943 989 983
f 942 950 994
f 941 992 1039
f 939 1037 988
f 946 997 948
f 951 995 993
f 955 999 1004
f 957 1003 959
f 956 964 1012
f 956 1012 998
f 965 977 1009
f 966 1010 1011
f 973 1020 1006
f 973 1006 976
f 981 986 1024
f 986 1030 1024
f 987 990 1031
f 987 1031 1027
f 988 1037 1045
f 991 1041 1032
f 993 995 1047
f 993 1047 1050
f 993 1050 1038
f 1001 1053 1056
f 1001 1056 1002
f 1000 1017 1054
f 1007 1021 1061
f 1008 1062 1014
f 1016 1058 1070
f 1015 1069 1078
f 1013 1077 1079
f 1013 1079 1052
f 1018 1084 1086
f 1022 1087 1060
f 1023 1029 1097
f 1023 1097 1108
f 1026 1102 1096
f 1028 1035 1098
f 1033 1111 1113
f 1033 1113 1099
f 1034 1042 1126
f 1036 1124 1110
f 1038 1050 1043
f 1040 1048 1129
f 1040 1129 1132
f 1044 1133 1127
f 1051 1080 1137
f 1051 1137 1057
f 1063 1139 1068
f 1059 1088 1140
f 1067 1144 1146
f 1067 1146 1147
f 1066 1149 1154
f 1064 1153 1158
f 1064 1158 1165
f 1071 1164 1167
f 1072 1169 1076
f 1073 1138 1174
f 1065 1173 1143
f 1074 1166 1178
f 1075 1180 1081
f 1082 1181 1136
f 1083 1186 1093
f 1092 1187 1193
f 1091 1192 1198
f 1090 1195 1170
f 1089 1176 1141
f 1092 1184 1201
f 1092 1201 1187
f 1095 1106 1203
f 1101 1206 1103
f 1100 1115 1207
f 1104 1209 1212
f 1107 1210 1215
f 1105 1217 1204
f 1112 1221 1117
f 1109 1125 1218
f 1121 1222 1227
f 1118 1228 1229
f 1119 1230 1235
f 1120 1236 1238
f 1114 1237 1239
f 1114 1239 1240
f 1114 1240 1241
f 1114 1241 1244
f 1116 1243 1208
f 1123 1131 1250
f 1123 1250 1247
f 1122 1248 1219
f 1134 1179 1255
f 1142 1257 1259
f 1142 1259 1145
f 1142 1172 1257
f 1145 1259 1148
f 1147 1258 1260
f 1147 1260 1150
f 1153 1261 1158
f 1150 1260 1258
f 1150 1258 1265
f 1156 1264 1273
f 1151 1270 1275
f 1155 1274 1284
f 1152 1285 1262
f 1158 1261 1291
f 1157 1288 1294
f 1157 1294 1161
f 1161 1294 1299
f 1162 1298 1300
f 1163 1301 1302
f 1163 1302 1306
f 1163 1306 1309
f 1160 1307 1177
f 1159 1183 1168
f 1170 1195 1319
f 1171 1311 1269
f 1175 1268 1321
f 1172 1320 1257
f 1182 1308 1253
f 1190 1196 1194
f 1191 1202 1325
f 1188 1324 1330
f 1189 1331 1197
f 1199 1326 1316
f 1208 1243 1332
f 1209 1333 1335
f 1209 1335 1212
f 1213 1343 1348
f 1210 1346 1215
f 1211 1338 1342
f 1216 1345 1352
f 1223 1246 1355
f 1220 1356 1225
f 1226 1357 1362
f 1224 1361 1232
f 1233 1360 1367
f 1233 1367 1369
f 1234 1368 1371
f 1231 1370 1372
f 1231 1372 1381
f 1230 1379 1235
f 1235 1379 1382
f 1236 1383 1388
f 1236 1388 1238
f 1237 1389 1239
f 1239 1389 1240
f 1240 1389 1395
f 1240 1395 1241
f 1242 1332 1243
f 1242 1396 1332
f 1245 1252 1359
f 1249 1401 1354
f 1256 1310 1305
f 1257 1320 1259
f 1259 1320 1402
f 1259 1402 1266
f 1263 1283 1404
f 1263 1404 1289
f 1266 1402 1320
f 1267 1318 1272
f 1271 1313 1277
f 1276 1315 1279
f 1280 1312 1408
f 1286 1406 1415
f 1281 1414 1417
f 1282 1418 1421
f 1278 1423 1403
f 1289 1404 1425
f 1292 1429 1432
f 1290 1433 1437
f 1287 1436 1295
f 1296 1435 1440
f 1297 1438 1442
f 1293 1443 1303
f 1293 1303 1445
f 1293 1445 1298
f 1298 1445 1303
f 1298 1303 1300
f 1302 1309 1306
f 1314 1329 1448
f 1317 1447 1405
f 1322 1453 1328
f 1327 1452 1446
f 1332 1396 1339
f 1337 1458 1344
f 1334 1397 1390
f 1336 1391 1459
f 1340 1460 1347
f 1341 1457 1461
f 1347 1460 1470
f 1349 1468 1350
f 1351 1469 1472
f 1358 1400 1364
f 1366 1399 1474
f 1365 1476 1479
f 1363 1480 1368
f 1360 1369 1367
f 1368 1480 1371
f 1371 1480 1378
f 1373 1478 1483
f 1374 1482 1487
f 1375 1488 1490
f 1376 1491 1394
f 1377 1384 1380
f 1379 1393 1382
f 1386 1493 1455
f 1387 1489 1501
f 1392 1502 1504
f 1386 1506 1514
f 1385 1513 1498
f 1403 1423 1426
f 1407 1450 1409
f 1413 1451 1515
f 1411 1516 1519
f 1411 1519 1526
f 1412 1527 1530
f 1410 1529 1416
f 1420 1528 1535
f 1419 1536 1422
f 1422 1536 1540
f 1424 1538 1547
f 1423 1548 1426
f 1428 1546 1551
f 1428 1551 1553
f 1427 1554 1556
f 1427 1556 1430
f 1431 1557 1434
f 1434 1557 1439
f 1456 1496 1463
f 1462 1564 1567
f 1464 1566 1467
f 1465 1495 1563
f 1466 1565 1473
f 1481 1570 1485
f 1486 1503 1492
f 1485 1570 1500
f 1494 1574 1561
f 1497 1512 1573
f 1500 1570 1580
f 1499 1579 1584
f 1499 1584 1510
f 1508 1583 1587
f 1507 1586 1589
f 1509 1591 1594
f 1505 1592 1598
f 1505 1598 1511
f 1511 1598 1572
f 1523 1599 1604
f 1521 1605 1607
f 1520 1611 1613
f 1522 1614 1524
f 1525 1616 1621
f 1525 1621 1531
f 1532 1619 1622
f 1534 1624 1544
f 1533 1545 1537
f 1543 1623 1627
f 1541 1626 1631
f 1541 1631 1636
f 1539 1635 1638
f 1542 1637 1552
f 1542 1552 1549
f 1562 1644 1648
f 1559 1649 1569
f 1560 1578 1643
f 1577 1653 1659
f 1576 1657 1640
f 1572 1598 1661
f 1575 1663 1665
f 1575 1665 1651
f 1588 1671 1595
f 1596 1667 1662
f 1592 1661 1598
f 1593 1670 1673
f 1597 1676 1666
f 1600 1678 1602
f 1602 1678 1686
f 1603 1685 1688
f 1606 1691 1608
f 1610 1690 1698
f 1609 1699 1615
f 1612 1696 1620
f 1619 1703 1622
f 1618 1697 1707
f 1617 1706 1701
f 1622 1703 1628
f 1629 1710 1717
f 1630 1716 1633
f 1625 1702 1709
f 1641 1721 1728
f 1645 1723 1729
f 1646 1731 1650
f 1642 1654 1719
f 1652 1664 1733
f 1652 1733 1656
f 1658 1738 1741
f 1655 1740 1743
f 1660 1745 1718
f 1668 1675 1751
f 1669 1750 1737
f 1677 1753 1681
f 1687 1754 1757
f 1680 1758 1761
f 1682 1759 1764
f 1683 1769 1774
f 1684 1771 1693
f 1694 1776 1705
f 1695 1704 1700
f 1689 1773 1780
f 1692 1777 1781
f 1692 1781 1775
f 1701 1706 1708
f 1704 1783 1713
f 1705 1776 1785
f 1712 1782 1791
f 1711 1790 1714
f 1720 1796 1722
f 1718 1745 1795
f 1727 1794 1800
f 1724 1802 1809
f 1726 1806 1797
f 1739 1749 1811
f 1735 1812 1816
f 1736 1817 1822
f 1732 1820 1827
f 1734 1823 1742
f 1742 1823 1744
f 1746 1829 1792
f 1747 1826 1832
f 1755 1836 1762
f 1763 1834 1838
f 1760 1841 1767
f 1765 1846 1850
f 1765 1850 1855
f 1768 1852 1772
f 1766 1837 1847
f 1770 1853 1856
f 1770 1856 1778
f 1775 1781 1787
f 1778 1856 1857
f 1779 1859 1866
f 1777 1865 1787
f 1777 1787 1781
f 1786 1864 1870
f 1788 1869 1872
f 1784 1874 1877
f 1782 1875 1791
f 1793 1828 1803
f 1798 1805 1878
f 1801 1830 1887
f 1804 1882 1807
f 1805 1891 1878
f 1810 1886 1894
f 1808 1899 1889
f 1814 1901 1904
f 1818 1905 1821
f 1819 1909 1825
f 1824 1910 1912
f 1824 1912 1831
f 1831 1912 1888
f 1835 1914 1842
f 1842 1914 1917
f 1844 1916 1922
f 1843 1921 1928
f 1839 1923 1934
f 1840 1930 1848
f 1845 1929 1935
f 1845 1935 1937
f 1845 1937 1938
f 1849 1944 1851
f 1850 1945 1855
f 1854 1940 1861
f 1853 1857 1856
f 1862 1939 1947
f 1860 1949 1951
f 1863 1950 1955
f 1858 1953 1871
f 1858 1871 1867
f 1880 1892 1962
f 1879 1961 1958
f 1885 1913 1965
f 1884 1966 1968
f 1883 1967 1971
f 1884 1970 1896
f 1890 1897 1978
f 1893 1972 1964
f 1898 1979 1977
f 1896 1970 1986
f 1895 1988 1993
f 1895 1993 1981
f 1902 1996 1903
f 1906 1987 1969
f 1908 1968 1966
f 1907 1965 1913
f 1911 1994 1984
f 1920 1999 1926
f 1925 2000 2005
f 1924 2002 2009
f 1927 2011 1932
f 1933 2010 2014
f 1931 2012 1936
f 1936 2012 2016
f 1935 2019 1938
f 1935 1938 1937
f 1941 2017 2021
f 1942 2020 2026
f 1943 2024 1948
f 1956 1960 2033
f 1959 2032 2027
f 1963 1973 2034
f 1967 1983 1971
f 1975 1980 2036
f 1974 2037 2040
f 1976 2042 2045
f 1973 2044 2034
f 1980 1989 2036
f 1985 1995 2049
f 1982 2048 2053
f 1982 2053 1992
f 1990 2052 2058
f 1991 2059 2038
f 2001 2062 2006
f 2003 2065 2069
f 2004 2068 2008
f 2008 2068 2073
f 2007 2074 2013
f 2015 2078 2086
f 2012 2087 2016
f 2013 2074 2089
f 2013 2089 2079
f 2018 2085 2091
f 2018 2091 2023
f 2029 2035 2096
f 2028 2099 2093
f 2031 2043 2104
f 2031 2104 2100
f 2037 2055 2040
f 2039 2106 2046
f 2039 2054 2112
f 2041 2114 2107
f 2050 2118 2056
f 2057 2119 2122
f 2061 2121 2126
f 2060 2125 2111
f 2064 2127 2071
f 2066 2128 2130
f 2072 2134 2136
f 2067 2135 2144
f 2070 2145 2076
f 2075 2140 2148
f 2077 2146 2090
f 2081 2152 2158
f 2082 2159 2162
f 2084 2161 2088
f 2080 2090 2146
f 2083 2147 2151
f 2088 2161 2163
f 2085 2165 2091
f 2094 2101 2170
f 2098 2172 2167
f 2102 2108 2179
f 2097 2180 2173
f 2103 2181 2178
f 2105 2110 2182
f 2115 2123 2186
f 2113 2187 2189
f 2113 2189 2191
f 2116 2192 2197
f 2109 2194 2181
f 2131 2199 2202
f 2132 2204 2138
f 2139 2201 2209
f 2137 2212 2142
f 2141 2211 2215
f 2141 2215 2150
f 2143 2153 2149
f 2150 2215 2217
f 2155 2218 2221
f 2154 2222 2157
f 2166 2171 2227
f 2168 2229 2224
f 2174 2175 2228
f 2177 2234 2232
f 2176 2184 2238
f 2176 2238 2236
f 2183 2195 2241
f 2184 2243 2238
f 2193 2248 2196
f 2196 2248 2246
f 2200 2250 2203
f 2206 2251 2256
f 2207 2253 2260
f 2205 2261 2208
f 2208 2261 2262
f 2210 2263 2266
f 2213 2267 2214
f 2214 2273 2219
f 2214 2267 2273
f 2216 2271 2275
f 2220 2274 2279
f 2218 2277 2221
f 2225 2230 2281
f 2230 2287 2281
f 2233 2235 2290
f 2231 2291 2286
f 2237 2239 2289
f 2240 2242 2301
f 2239 2294 2289
f 2244 2249 2303
f 2245 2302 2295
f 2254 2307 2257
f 2258 2306 2308
f 2258 2308 2315
f 2259 2311 2320
f 2259 2320 2264
f 2265 2316 2322
f 2263 2323 2266
f 2266 2323 2272
f 2269 2322 2329
f 2268 2328 2333
f 2270 2334 2338
f 2271 2337 2275
f 2280 2284 2340
f 2288 2343 2347
f 2288 2347 2341
f 2285 2292 2353
f 2283 2351 2344
f 2293 2298 2358
f 2293 2358 2355
f 2295 2302 2361
f 2296 2360 2363
f 2299 2365 2368
f 2300 2366 2374
f 2297 2371 2356
f 2309 2377 2313
f 2312 2375 2380
f 2314 2383 2321
f 2319 2387 2391
f 2318 2392 2394
f 2317 2395 2396
f 2316 2397 2322
f 2321 2383 2388
f 2322 2397 2329
f 2330 2399 2404
f 2327 2403 2407
f 2324 2409 2410
f 2326 2412 2335
f 2325 2396 2395
f 2331 2394 2392
f 2330 2393 2399
f 2345 2413 2346
f 2342 2354 2414
f 2349 2415 2422
f 2354 2424 2414
f 2350 2357 2427
f 2352 2428 2423
f 2359 2370 2432
f 2357 2431 2427
f 2369 2439 2373
f 2372 2438 2436
f 2376 2441 2379
f 2381 2443 2448
f 2382 2447 2452
f 2382 2452 2385
f 2384 2453 2457
f 2386 2456 2459
f 2389 2460 2390
f 2390 2460 2398
f 2401 2462 2402
f 2400 2459 2461
f 2406 2466 2468
f 2418 2476 2419
f 2416 2425 2482
f 2417 2480 2475
f 2421 2474 2485
f 2426 2429 2483
f 2429 2435 2491
f 2430 2489 2493
f 2430 2493 2481
f 2433 2437 2497
f 2434 2495 2498
f 2434 2498 2488
f 2444 2501 2445
f 2445 2501 2504
f 2449 2503 2506
f 2446 2510 2513
f 2446 2513 2454
f 2455 2512 2516
f 2450 2515 2467
f 2451 2464 2458
f 2456 2461 2459
f 2465 2522 2527
f 2463 2526 2470
f 2463 2518 2521
f 2472 2533 2535
f 2471 2536 2486
f 2473 2479 2531
f 2479 2538 2531
f 2478 2494 2542
f 2478 2542 2549
f 2477 2548 2541
f 2490 2542 2494
f 2492 2499 2550
f 2492 2550 2555
f 2487 2552 2546
f 2503 2558 2506
f 2508 2561 2565
f 2507 2569 2514
f 2509 2556 2572
f 2509 2572 2563
f 2512 2574 2516
f 2511 2564 2581
f 2511 2581 2573
f 2517 2576 2519
f 2520 2577 2524
f 2523 2575 2580
f 2524 2577 2584
f 2528 2587 2593
f 2529 2595 2537
f 2532 2540 2597
f 2530 2600 2588
f 2539 2547 2598
f 2544 2601 2547
f 2545 2553 2610
f 2543 2608 2604
f 2547 2601 2598
f 2562 2614 2619
f 2560 2615 2567
f 2559 2570 2624
f 2559 2624 2611
f 2568 2620 2625
f 2566 2626 2579
f 2578 2628 2585
f 2578 2625 2628
f 2582 2632 2636
f 2591 2639 2644
f 2591 2644 2646
f 2586 2647 2594
f 2590 2599 2653
f 2589 2649 2640
f 2596 2602 2652
f 2604 2608 2656
f 2607 2658 2659
f 2603 2661 2663
f 2605 2665 2666
f 2606 2667 2671
f 2602 2672 2652
f 2613 2674 2616
f 2612 2622 2680
f 2612 2680 2678
f 2621 2675 2685
f 2617 2687 2688
f 2617 2688 2629
f 2618 2631 2627
f 2634 2693 2698
f 2633 2699 2637
f 2630 2689 2694
f 2641 2703 2642
f 2638 2650 2704
f 2643 2705 2708
f 2655 2673 2712
f 2654 2711 2717
f 2651 2716 2706
f 2662 2721 2722
f 2662 2722 2670
f 2668 2725 2710
f 2669 2712 2673
f 2676 2730 2733
f 2676 2733 2683
f 2677 2682 2738
f 2679 2737 2727
f 2684 2734 2740
f 2686 2739 2690
f 2690 2739 2692
f 2691 2743 2747
f 2691 2747 2696
f 2695 2740 2745
f 2702 2718 2750
f 2701 2752 2758
f 2700 2759 2761
f 2700 2761 2707
f 2713 2724 2714
f 2715 2723 2753
f 2719 2765 2769
f 2719 2769 2723
f 2723 2769 2753
f 2728 2774 2732
f 2727 2737 2782
f 2729 2781 2786
f 2726 2783 2778
f 2732 2774 2790
f 2735 2788 2792
f 2731 2793 2742
f 2741 2794 2744
f 2744 2794 2748
f 2746 2793 2797
f 2754 2801 2806
f 2756 2804 2811
f 2751 2807 2757
f 2755 2771 2802
f 2760 2812 2762
f 2763 2813 2816
f 2767 2821 2768
f 2772 2819 2825
f 2770 2823 2801
f 2777 2829 2836
f 2773 2834 2789
f 2775 2785 2841
f 2779 2840 2843
f 2776 2845 2830
f 2787 2835 2849
f 2791 2848 2796
f 2795 2849 2850
f 2795 2850 2855
f 2796 2857 2799
f 2800 2859 2803
f 2800 2826 2859
f 2803 2859 2863
f 2805 2864 2808
f 2809 2862 2870
f 2815 2867 2872
f 2814 2873 2875
f 2810 2877 2817
f 2822 2879 2828
f 2824 2878 2881
f 2827 2882 2861
f 2832 2885 2888
f 2831 2889 2838
f 2833 2842 2895
f 2832 2893 2896
f 2832 2896 2885
f 2837 2891 2847
f 2846 2890 2900
f 2846 2900 2852
f 2853 2904 2908
f 2851 2909 2856
f 2853 2902 2904
f 2860 2883 2910
f 2858 2911 2865
f 2866 2917 2921
f 2866 2921 2871
f 2865 2911 2918
f 2868 2920 2928
f 2869 2927 2931
f 2867 2929 2872
f 2878 2934 2881
f 2883 2932 2910
f 2884 2939 2887
f 2884 2897 2941
f 2884 2941 2939
f 2892 2938 2946
f 2886 2947 2901
f 2901 2947 2949
f 2899 2950 2903
f 2903 2950 2906
f 2905 2949 2956
f 2912 2935 2960
f 2914 2958 2961
f 2913 2962 2966
f 2913 2966 2968
f 2914 2967 2919
f 2915 2972 2922
f 2916 2968 2973
f 2922 2972 2978
f 2924 2975 2980
f 2923 2982 2925
f 2937 2983 2943
f 2936 2942 2990
f 2936 2990 2984
f 2944 2989 2995
f 2944 2995 2998
f 2944 2998 3002
f 2945 3001 2953
f 2952 3003 3008
f 2948 3006 3013
f 2951 3014 2955
f 2954 3002 2998
f 2952 2997 3003
f 2962 3017 2966
f 2964 3019 3022
f 2965 3021 2969
f 2964 3016 3025
f 2964 3025 3019
f 2969 3021 3032
f 2970 3029 2974
f 2971 3033 2976
f 2979 3034 3037
f 2977 3036 3040
f 2977 3040 3043
f 2975 3044 2980
f 2987 3045 2994
f 2986 2991 3048
f 2988 3050 3053
f 2985 3052 3046
f 2993 3054 3061
f 2996 3059 3000
f 2994 3045 3057
f 3000 3059 3005
f 2999 3007 3004
f 3010 3062 3069
f 3010 3069 3070
f 3009 3071 3074
f 3011 3075 3012
f 3010 3061 3062
f 3020 3028 3077
f 3020 3077 3024
f 3023 3076 3031
f 3027 3084 3080
f 3031 3076 3086
f 3030 3089 3092
f 3030 3092 3035
f 3035 3092 3039
f 3038 3093 3096
f 3046 3052 3098
f 3047 3099 3063
f 3047 3063 3056
f 3058 3103 3060
f 3055 3064 3102
f 3060 3103 3066
f 3065 3100 3068
f 3068 3100 3107
f 3068 3107 3108
f 3068 3108 3150
f 3068 3150 3105
f 3079 3085 3112
f 3082 3111 3118
f 3081 3117 3121
f 3081 3121 3124
f 3078 3123 3127
f 3082 3126 3087
f 3088 3127 3123
f 3088 3123 3128
f 3088 3128 3136
f 3087 3134 3091
f 3090 3135 3094
f 3095 3131 3137
f 3100 3140 3143
f 3100 3143 3107
f 3105 3150 3151
f 3105 3151 3143
f 3105 3143 3153
f 3104 3154 3114
f 3104 3114 3147
f 3107 3151 3150
f 3107 3150 3108
f 3107 3143 3151
f 3110 3157 3119
f 3115 3156 3148
f 3114 3154 3158
f 3114 3158 3163
f 3116 3162 3122
f 3113 3125 3120
f 3122 3162 3129
f 3130 3164 3165
f 3130 3165 3146
f 3129 3144 3132
f 3133 3146 3171
f 3132 3170 3139
f 3142 3169 3145
f 3145 3167 3152
f 3152 3167 3159
f 3160 3166 3161
f 3174 3175 3178
f 3172 3180 3181
f 3172 3181 3183
f 3173 3182 3198
f 3173 3198 3212
f 3173 3212 3220
f 3173 3220 3240
f 3173 3240 3236
f 3173 3236 3263
f 3173 3263 3260
f 3173 3260 3277
f 3173 3277 3298
f 3173 3298 3293
f 3173 3293 3312
f 3173 3312 3330
f 3173 3330 3351
f 3173 3351 3347
f 3173 3347 3368
f 3173 3368 3390
f 3173 3390 3388
f 3173 3388 3419
f 3173 3419 3418
f 3173 3418 3413
f 3173 3413 3410
f 3173 3410 3443
f 3173 3443 3459
f 3173 3459 3455
f 3173 3455 3475
f 3173 3475 3498
f 3173 3498 3514
f 3173 3514 3534
f 3173 3534 3553
f 3173 3553 3551
f 3173 3551 3572
f 3173 3572 3589
f 3173 3589 3587
f 3173 3587 3608
f 3173 3608 3626
f 3173 3626 3644
f 3173 3644 3641
f 3173 3641 3662
f 3173 3662 3675
f 3173 3675 3692
f 3173 3692 3700
f 3173 3700 3698
f 3173 3698 3715
f 3173 3715 3729
f 3173 3729 3753
f 3173 3753 3746
f 3173 3746 3768
f 3173 3768 3788
f 3173 3788 3785
f 3173 3785 3799
f 3173 3799 3814
f 3173 3814 3837
f 3173 3837 3868
f 3173 3868 3903
f 3173 3903 3940
f 3173 3940 3968
f 3173 3968 3997
f 3173 3997 4026
f 3173 4026 4062
f 3173 4062 4095
f 3173 4095 4111
f 3173 4111 4107
f 3173 4107 4144
f 3173 4144 4143
f 3173 4143 4178
f 3173 4178 4175
f 3173 4175 4206
f 3173 4206 4233
f 3173 4233 4269
f 3173 4269 4301
f 3173 4301 4317
f 3173 4317 4353
f 3173 4353 4393
f 3173 4393 4390
f 3173 4390 4387
f 3173 4387 4385
f 3173 4385 4384
f 3173 4384 4418
f 3173 4418 4445
f 3173 4445 4442
f 3173 4442 4468
f 3173 4468 4481
f 3173 4481 4478
f 3173 4478 4453
f 3173 4453 4425
f 3173 4425 4405
f 3173 4405 4370
f 3173 4370 4367
f 3173 4367 4327
f 3173 4327 4325
f 3173 4325 4291
f 3173 4291 4288
f 3173 4288 4268
f 3173 4268 4250
f 3173 4250 4215
f 3173 4215 4188
f 3173 4188 4153
f 3173 4153 4119
f 3173 4119 4115
f 3173 4115 4113
f 3173 4113 4079
f 3173 4079 4047
f 3173 4047 4013
f 3173 4013 3984
f 3173 3984 3956
f 3173 3956 3924
f 3173 3924 3923
f 3173 3923 3897
f 3173 3897 3863
f 3173 3863 3828
f 3173 3828 3805
f 3173 3805 3793
f 3173 3793 3776
f 3173 3776 3760
f 3173 3760 3742
f 3173 3742 3737
f 3173 3737 3722
f 3173 3722 3707
f 3173 3707 3689
f 3173 3689 3671
f 3173 3671 3657
f 3173 3657 3653
f 3173 3653 3634
f 3173 3634 3617
f 3173 3617 3601
f 3173 3601 3597
f 3173 3597 3579
f 3173 3579 3562
f 3173 3562 3560
f 3173 3560 3543
f 3173 3543 3525
f 3173 3525 3521
f 3173 3521 3506
f 3173 3506 3489
f 3173 3489 3485
f 3173 3485 3483
f 3173 3483 3467
f 3173 3467 3448
f 3173 3448 3432
f 3173 3432 3429
f 3173 3429 3428
f 3173 3428 3404
f 3173 3404 3399
f 3173 3399 3378
f 3173 3378 3363
f 3173 3363 3357
f 3173 3357 3339
f 3173 3339 3322
f 3173 3322 3319
f 3173 3319 3305
f 3173 3305 3286
f 3173 3286 3281
f 3173 3281 3269
f 3173 3269 3252
f 3173 3252 3249
f 3173 3249 3243
f 3173 3243 3225
f 3173 3225 3208
f 3173 3208 3186
f 3173 3186 3176
f 3177 3187 3189
f 3175 3191 3178
f 3179 3190 3210
f 3179 3210 3226
f 3179 3226 3245
f 3179 3245 3268
f 3179 3268 3278
f 3179 3278 3301
f 3179 3301 3314
f 3179 3314 3336
f 3179 3336 3354
f 3179 3354 3374
f 3179 3374 3396
f 3179 3396 3425
f 3179 3425 3445
f 3179 3445 3463
f 3179 3463 3478
f 3179 3478 3504
f 3179 3504 3518
f 3179 3518 3538
f 3179 3538 3557
f 3179 3557 3577
f 3179 3577 3592
f 3179 3592 3611
f 3179 3611 3628
f 3179 3628 3649
f 3179 3649 3666
f 3179 3666 3684
f 3179 3684 3704
f 3179 3704 3719
f 3179 3719 3732
f 3179 3732 3755
f 3179 3755 3772
f 3179 3772 3790
f 3179 3790 3802
f 3179 3802 3827
f 3179 3827 3851
f 3179 3851 3887
f 3179 3887 3918
f 3179 3918 3938
f 3179 3938 3962
f 3179 3962 3994
f 3179 3994 4022
f 3179 4022 4058
f 3179 4058 4090
f 3179 4090 4131
f 3179 4131 4128
f 3179 4128 4162
f 3179 4162 4193
f 3179 4193 4218
f 3179 4218 4255
f 3179 4255 4285
f 3179 4285 4320
f 3179 4320 4359
f 3179 4359 4398
f 3179 4398 4421
f 3179 4421 4448
f 3179 4448 4462
f 3179 4462 4432
f 3179 4432 4410
f 3179 4410 4375
f 3179 4375 4335
f 3179 4335 4309
f 3179 4309 4273
f 3179 4273 4241
f 3179 4241 4212
f 3179 4212 4182
f 3179 4182 4148
f 3179 4148 4133
f 3179 4133 4096
f 3179 4096 4063
f 3179 4063 4035
f 3179 4035 4008
f 3179 4008 3977
f 3179 3977 3974
f 3179 3974 3950
f 3179 3950 3911
f 3179 3911 3881
f 3179 3881 3848
f 3179 3848 3822
f 3179 3822 3818
f 3179 3818 3811
f 3179 3811 3794
f 3179 3794 3779
f 3179 3779 3764
f 3179 3764 3745
f 3179 3745 3727
f 3179 3727 3713
f 3179 3713 3695
f 3179 3695 3678
f 3179 3678 3674
f 3179 3674 3659
f 3179 3659 3636
f 3179 3636 3621
f 3179 3621 3602
f 3179 3602 3582
f 3179 3582 3568
f 3179 3568 3547
f 3179 3547 3533
f 3179 3533 3509
f 3179 3509 3492
f 3179 3492 3470
f 3179 3470 3453
f 3179 3453 3438
f 3179 3438 3407
f 3179 3407 3386
f 3179 3386 3367
f 3179 3367 3345
f 3179 3345 3324
f 3179 3324 3308
f 3179 3308 3292
f 3179 3292 3275
f 3179 3275 3258
f 3179 3258 3231
f 3179 3231 3217
f 3179 3217 3205
f 3179 3205 3196
f 3180 3195 3181
f 3181 3195 3197
f 3181 3197 3183
f 3183 3197 3195
f 3185 3194 3201
f 3184 3202 3200
f 3188 3207 3192
f 3193 3206 3209
f 3199 3204 3214
f 3203 3216 3222
f 3203 3222 3213
f 3206 3223 3209
f 3211 3224 3228
f 3215 3233 3237
f 3219 3238 3239
f 3218 3241 3221
f 3224 3244 3228
f 3230 3242 3251
f 3227 3250 3254
f 3229 3255 3247
f 3232 3256 3261
f 3234 3259 3264
f 3234 3264 3235
f 3246 3253 3270
f 3248 3271 3267
f 3257 3273 3297
f 3257 3297 3276
f 3257 3276 3262
f 3267 3271 3282
f 3266 3283 3287
f 3265 3284 3280
f 3272 3289 3294
f 3274 3295 3299
f 3279 3285 3303
f 3288 3306 3302
f 3291 3309 3311
f 3290 3313 3296
f 3304 3307 3320
f 3300 3318 3321
f 3300 3321 3316
f 3310 3327 3331
f 3309 3332 3311
f 3315 3323 3338
f 3317 3340 3337
f 3328 3342 3349
f 3326 3346 3350
f 3325 3352 3329
f 3333 3341 3358
f 3334 3359 3360
f 3335 3362 3356
f 3343 3366 3370
f 3344 3369 3348
f 3355 3361 3377
f 3353 3376 3372
f 3365 3385 3387
f 3365 3387 3392
f 3364 3391 3371
f 3375 3379 3400
f 3373 3401 3403
f 3373 3403 3395
f 3383 3406 3409
f 3382 3412 3415
f 3384 3414 3416
f 3381 3417 3421
f 3380 3420 3389
f 3393 3402 3427
f 3397 3426 3430
f 3394 3431 3435
f 3398 3433 3423
f 3405 3440 3411
f 3408 3439 3442
f 3422 3434 3450
f 3424 3451 3447
f 3436 3452 3457
f 3437 3456 3458
f 3437 3458 3441
f 3446 3449 3466
f 3444 3469 3460
f 3452 3474 3457
f 3454 3471 3476
f 3465 3468 3481
f 3461 3482 3486
f 3462 3484 3487
f 3464 3491 3479
f 3473 3493 3499
f 3472 3497 3477
f 3480 3490 3503
f 3488 3507 3505
f 3495 3511 3516
f 3494 3515 3496
f 3502 3508 3523
f 3501 3522 3527
f 3500 3526 3520
f 3510 3528 3513
f 3512 3529 3536
f 3519 3524 3541
f 3517 3542 3537
f 3531 3544 3550
f 3530 3549 3554
f 3532 3552 3535
f 3537 3542 3561
f 3540 3559 3565
f 3539 3564 3555
f 3546 3567 3570
f 3545 3571 3548
f 3558 3563 3581
f 3556 3578 3576
f 3569 3583 3586
f 3569 3586 3590
f 3566 3591 3573
f 3575 3580 3598
f 3574 3596 3599
f 3574 3599 3595
f 3584 3603 3606
f 3585 3607 3588
f 3593 3600 3615
f 3594 3616 3613
f 3604 3619 3623
f 3605 3624 3609
f 3610 3614 3633
f 3612 3632 3629
f 3622 3637 3639
f 3620 3642 3646
f 3618 3645 3625
f 3627 3635 3651
f 3631 3652 3655
f 3630 3654 3650
f 3638 3658 3643
f 3640 3661 3664
f 3647 3656 3669
f 3648 3670 3667
f 3660 3672 3665
f 3663 3673 3679
f 3663 3679 3677
f 3667 3670 3687
f 3668 3690 3683
f 3676 3680 3691
f 3682 3693 3699
f 3681 3697 3702
f 3680 3701 3691
f 3685 3688 3706
f 3686 3710 3705
f 3694 3712 3714
f 3694 3714 3696
f 3703 3709 3717
f 3708 3721 3716
f 3711 3726 3728
f 3712 3731 3714
f 3716 3721 3738
f 3720 3736 3741
f 3718 3739 3733
f 3725 3743 3750
f 3723 3748 3751
f 3724 3752 3730
f 3734 3740 3759
f 3735 3761 3756
f 3744 3763 3749
f 3747 3766 3770
f 3757 3758 3775
f 3754 3777 3771
f 3762 3780 3783
f 3765 3782 3787
f 3767 3786 3769
f 3773 3774 3791
f 3774 3792 3791
f 3778 3796 3784
f 3781 3795 3797
f 3791 3792 3808
f 3789 3809 3800
f 3795 3810 3797
f 3797 3810 3816
f 3798 3817 3820
f 3798 3820 3815
f 3801 3806 3826
f 3807 3829 3855
f 3807 3855 3833
f 3804 3834 3835
f 3803 3836 3824
f 3813 3819 3842
f 3812 3843 3840
f 3821 3847 3844
f 3824 3836 3832
f 3825 3831 3859
f 3823 3858 3854
f 3830 3864 3857
f 3841 3846 3869
f 3838 3870 3877
f 3839 3876 3866
f 3845 3850 3871
f 3849 3884 3873
f 3853 3860 3892
f 3852 3894 3886
f 3861 3862 3899
f 3856 3900 3889
f 3867 3875 3905
f 3865 3906 3915
f 3865 3915 3901
f 3872 3879 3874
f 3878 3882 3908
f 3883 3909 3917
f 3880 3913 3907
f 3885 3888 3919
f 3891 3898 3922
f 3893 3921 3925
f 3895 3926 3929
f 3890 3931 3934
f 3896 3937 3920
f 3902 3914 3944
f 3904 3946 3941
f 3910 3952 3916
f 3912 3949 3943
f 3927 3953 3959
f 3928 3961 3930
f 3932 3958 3935
f 3933 3960 3987
f 3936 3988 3963
f 3939 3948 3967
f 3945 3972 3966
f 3947 3951 3975
f 3942 3976 3979
f 3942 3979 3969
f 3954 3983 3990
f 3955 3986 3957
f 3964 3989 3992
f 3965 3970 3999
f 3973 4002 4000
f 3971 3980 4005
f 3978 4007 4001
f 3981 4011 4016
f 3982 4018 3985
f 3991 4019 3993
f 3995 4020 4021
f 3996 4003 4032
f 3998 4033 4027
f 4004 4010 4031
f 4006 4034 4042
f 4009 4040 4030
f 4012 4045 4014
f 4017 4046 4050
f 4015 4054 4024
f 4023 4053 4057
f 4028 4029 4043
f 4025 4041 4061
f 4036 4064 4068
f 4038 4066 4077
f 4037 4076 4039
f 4044 4074 4059
f 4048 4078 4052
f 4055 4081 4085
f 4051 4088 4089
f 4049 4092 4056
f 4060 4075 4094
f 4065 4097 4067
f 4073 4101 4106
f 4069 4108 4109
f 4070 4110 4093
f 4071 4094 4075
f 4072 4098 4103
f 4080 4112 4082
f 4082 4112 4116
f 4083 4114 4118
f 4083 4118 4120
f 4086 4122 4129
f 4087 4125 4132
f 4084 4130 4091
f 4099 4135 4104
f 4105 4137 4142
f 4100 4141 4146
f 4101 4145 4106
f 4102 4134 4147
f 4102 4147 4139
f 4117 4151 4155
f 4117 4155 4123
f 4121 4154 4126
f 4127 4157 4163
f 4124 4167 4161
f 4138 4170 4173
f 4140 4174 4179
f 4137 4177 4142
f 4136 4150 4172
f 4149 4183 4169
f 4152 4185 4158
f 4156 4184 4166
f 4160 4165 4197
f 4159 4196 4190
f 4164 4186 4195
f 4171 4199 4176
f 4168 4181 4200
f 4176 4199 4207
f 4180 4209 4203
f 4187 4214 4194
f 4192 4198 4220
f 4189 4223 4228
f 4191 4227 4259
f 4191 4259 4216
f 4194 4214 4219
f 4202 4231 4236
f 4204 4235 4205
f 4201 4211 4229
f 4210 4239 4246
f 4208 4244 4232
f 4213 4253 4221
f 4217 4257 4256
f 4222 4252 4226
f 4225 4251 4267
f 4224 4265 4260
f 4230 4243 4237
f 4234 4245 4270
f 4240 4272 4279
f 4238 4276 4282
f 4242 4283 4249
f 4247 4280 4302
f 4248 4304 4271
f 4254 4263 4284
f 4264 4266 4290
f 4261 4289 4293
f 4262 4294 4295
f 4258 4296 4286
f 4274 4306 4275
f 4278 4313 4355
f 4278 4355 4316
f 4277 4315 4281
f 4275 4306 4311
f 4281 4315 4303
f 4287 4299 4319
f 4292 4324 4298
f 4300 4323 4326
f 4300 4326 4330
f 4297 4329 4318
f 4310 4334 4339
f 4307 4342 4344
f 4308 4345 4349
f 4305 4351 4314
f 4312 4350 4354
f 4322 4333 4365
f 4321 4364 4357
f 4328 4368 4331
f 4332 4369 4371
f 4332 4371 4362
f 4336 4376 4340
f 4341 4378 4381
f 4343 4383 4386
f 4343 4386 4389
f 4337 4388 4391
f 4337 4391 4348
f 4338 4373 4379
f 4347 4392 4394
f 4346 4395 4356
f 4346 4356 4352
f 4358 4363 4400
f 4360 4399 4396
f 4361 4372 4407
f 4366 4406 4401
f 4377 4408 4411
f 4374 4412 4380
f 4378 4417 4381
f 4382 4414 4420
f 4397 4403 4423
f 4401 4406 4427
f 4402 4426 4428
f 4404 4429 4422
f 4409 4435 4413
f 4415 4438 4443
f 4415 4443 4446
f 4415 4446 4419
f 4416 4433 4436
f 4424 4431 4449
f 4426 4452 4428
f 4428 4452 4456
f 4430 4455 4450
f 4434 4463 4440
f 4439 4464 4469
f 4441 4471 4444
f 4437 4461 4467
f 4451 4459 4472
f 4447 4474 4476
f 4447 4476 4480
f 4447 4480 4460
f 4454 4479 4458
f 4457 4477 4473
f 4460 4480 4465
f 4466 4475 4483
f 4466 4483 4470
f 4465 4480 4476
f 4465 4476 4474
f 4473 4477 4482
f 4489 4493 4494
f 4487 4498 4499
f 4485 4503 4505
f 4488 4506 4510
f 4486 4511 4516
f 4484 4522 4525
f 4484 4525 4491
f 4490 4528 4497
f 4492 4523 4533
f 4490 4535 4528
f 4495 4527 4539
f 4496 4541 4546
f 4498 4545 4499
f 4502 4544 4553
f 4500 4552 4556
f 4501 4557 4565
f 4504 4562 4507
f 4509 4563 4567
f 4508 4568 4513
f 4514 4571 4578
f 4515 4573 4580
f 4512 4584 4517
f 4519 4583 4589
f 4521 4590 4598
f 4520 4592 4602
f 4518 4601 4526
f 4524 4603 4538
f 4529 4609 4614
f 4530 4615 4543
f 4531 4534 4621
f 4532 4620 4605
f 4536 4599 4625
f 4537 4626 4617
f 4540 4610 4629
f 4542 4630 4548
f 4547 4632 4634
f 4549 4635 4550
f 4551 4633 4643
f 4551 4643 4554
f 4560 4641 4564
f 4559 4644 4645
f 4558 4650 4652
f 4555 4654 4657
f 4555 4657 4638
f 4561 4642 4662
f 4566 4663 4671
f 4566 4671 4569
f 4570 4670 4575
f 4572 4669 4676
f 4574 4675 4679
f 4577 4680 4683
f 4576 4687 4690
f 4579 4691 4582
f 4586 4693 4699
f 4581 4700 4702
f 4585 4705 4588
f 4591 4704 4707
f 4587 4708 4593
f 4597 4622 4600
f 4596 4710 4716
f 4594 4715 4720
f 4595 4718 4624
f 4604 4727 4732
f 4607 4733 4613
f 4608 4619 4737
f 4606 4739 4726
f 4612 4734 4745
f 4611 4743 4748
f 4610 4749 4629
f 4617 4626 4752
f 4618 4755 4763
f 4616 4757 4738
f 4623 4722 4764
f 4623 4764 4754
f 4627 4751 4773
f 4627 4773 4779
f 4628 4777 4647
f 4631 4646 4636
f 4637 4645 4644
f 4640 4782 4664
f 4639 4656 4807
f 4639 4807 4783
f 4651 4776 4787
f 4648 4786 4794
f 4649 4792 4655
f 4653 4793 4659
f 4659 4793 4797
f 4660 4798 4804
f 4658 4800 4969
f 4658 4969 4808
f 4661 4785 4956
f 4665 4955 4811
f 4667 4812 4817
f 4667 4817 4672
f 4666 4673 4668
f 4674 4816 4681
f 4677 4819 4821
f 4677 4821 4828
f 4678 4829 4686
f 4685 4831 4838
f 4684 4837 4842
f 4682 4843 4695
f 4689 4694 4692
f 4688 4826 4833
f 4698 4845 4848
f 4697 4851 4854
f 4696 4855 4703
f 4701 4853 4709
f 4706 4852 4857
f 4713 4863 4864
f 4712 4866 4870
f 4711 4869 4717
f 4714 4868 4719
f 4719 4868 4873
f 4721 4875 4880
f 4723 4881 4765
f 4725 4884 4893
f 4729 4892 4731
f 4728 4735 4896
f 4724 4897 4885
f 4730 4888 4742
f 4736 4762 4894
f 4744 4891 4903
f 4747 4901 4905
f 4740 4906 4914
f 4746 4911 4774
f 4741 4771 4750
f 4753 4767 4759
f 4758 4768 4915
f 4761 4916 4923
f 4756 4924 4927
f 4760 4929 4899
f 4766 4877 4932
f 4769 4933 4917
f 4772 4913 4940
f 4775 4936 4942
f 4770 4947 4780
f 4781 4944 4950
f 4778 4952 4789
f 4784 4805 4953
f 4790 4951 4963
f 4788 4964 4791
f 4791 4964 4799
f 4796 4961 4967
f 4795 4968 4976
f 4795 4976 4802
f 4803 4974 5180
f 4801 5177 4972
f 4809 4971 4977
f 4806 4979 4959
f 4814 4958 4985
f 4815 4984 4989
f 4813 4990 4822
f 4810 4820 4818
f 4823 4991 4996
f 4825 4995 5002
f 4824 4997 4830
f 4827 5001 4835
f 4834 5003 5009
f 4832 5007 5014
f 4832 5014 4839
f 4840 5010 5019
f 4841 5020 5024
f 4836 5025 4846
f 4844 5022 4850
f 4847 5023 5030
f 4849 5028 4860
f 4849 4860 4856
f 4861 5031 5035
f 4862 5034 5040
f 4858 5039 5046
f 4859 5044 4867
f 4867 5044 5048
f 4865 5050 4869
f 4868 5047 4873
f 4871 5049 5053
f 4872 5052 5059
f 4872 5059 5062
f 4874 5061 4878
f 4878 5061 5066
f 4876 5068 5073
f 4879 5072 4931
f 4883 4898 5082
f 4882 5077 5088
f 4887 5086 5090
f 4886 5089 4889
f 4890 5094 4900
f 4895 4928 5079
f 4902 5093 5096
f 4904 5098 4907
f 4909 5097 5100
f 4908 5101 5110
f 4910 5109 4912
f 4912 5109 4937
f 4918 4935 5113
f 4918 5113 4920
f 4921 5117 4926
f 4922 5112 5121
f 4919 5123 5115
f 4925 5118 5078
f 4930 5071 5130
f 4934 5132 5114
f 4938 5136 5141
f 4939 5139 4946
f 4941 5107 5135
f 4943 5144 5149
f 4945 5147 5151
f 4945 5151 4949
f 4948 5150 4960
f 4957 4980 5191
f 4954 5193 4982
f 4962 5155 5158
f 4961 5160 4967
f 4965 5157 5163
f 4965 5163 5165
f 4966 5164 5186
f 4966 5186 4975
f 4971 5172 4977
f 4970 5178 5174
f 4973 5187 5179
f 4978 5173 5194
f 4983 5195 5201
f 4981 5200 5206
f 4986 5205 4987
f 4988 5207 4993
f 4992 5204 5209
f 4994 5210 4999
f 5005 5211 5217
f 5004 5216 5220
f 4998 5221 5228
f 5000 5229 5006
f 5008 5227 5012
f 5011 5226 5232
f 5013 5230 5235
f 5015 5238 5018
f 5017 5239 5243
f 5021 5244 5246
f 5016 5248 5027
f 5026 5249 5037
f 5026 5037 5029
f 5033 5247 5500
f 5033 5500 5254
f 5036 5252 5258
f 5032 5257 5041
f 5038 5259 5261
f 5038 5261 5045
f 5042 5262 5058
f 5043 5057 5051
f 5044 5054 5048
f 5055 5263 5265
f 5056 5268 5063
f 5065 5267 5269
f 5064 5271 5275
f 5060 5274 5069
f 5067 5277 5280
f 5070 5279 5074
f 5075 5282 5287
f 5076 5288 5128
f 5080 5292 5085
f 5083 5119 5303
f 5081 5301 5295
f 5087 5304 5314
f 5086 5311 5090
f 5084 5294 5309
f 5091 5310 5320
f 5092 5321 5095
f 5099 5322 5102
f 5106 5317 5323
f 5103 5324 5330
f 5104 5331 5336
f 5105 5333 5108
f 5108 5333 5138
f 5111 5129 5341
f 5111 5341 5122
f 5116 5126 5302
f 5125 5340 5346
f 5120 5344 5351
f 5124 5350 5299
f 5131 5289 5353
f 5127 5352 5342
f 5137 5335 5361
f 5133 5362 5366
f 5134 5367 5142
f 5145 5365 5370
f 5140 5371 5374
f 5143 5373 5146
f 5148 5377 5152
f 5154 5376 5382
f 5153 5383 5385
f 5156 5386 5161
f 5159 5388 5162
f 5163 5384 5389
f 5163 5389 5165
f 5167 5390 5396
f 5166 5395 5400
f 5169 5401 5403
f 5168 5404 5185
f 5170 5411 5192
f 5175 5182 5417
f 5171 5418 5412
f 5176 5184 5424
f 5181 5423 5419
f 5183 5409 5425
f 5189 5428 5196
f 5190 5413 5434
f 5188 5435 5430
f 5199 5441 5447
f 5197 5448 5208
f 5198 5429 5701
f 5198 5701 5444
f 5203 5445 5214
f 5202 5213 5212
f 5215 5446 5451
f 5218 5455 5222
f 5219 5454 5459
f 5223 5458 5225
f 5225 5458 5464
f 5224 5462 5471
f 5224 5471 5233
f 5231 5470 5479
f 5234 5475 5483
f 5230 5481 5235
f 5236 5480 5485
f 5237 5490 5241
f 5242 5491 5496
f 5240 5492 5498
f 5240 5498 5245
f 5251 5499 5799
f 5250 5803 5501
f 5253 5502 5505
f 5253 5505 5256
f 5255 5508 5260
f 5264 5509 5514
f 5263 5512 5265
f 5266 5515 5517
f 5267 5518 5269
f 5270 5516 5522
f 5270 5522 5529
f 5273 5525 5534
f 5272 5532 5276
f 5278 5531 5536
f 5278 5536 5281
f 5283 5539 5544
f 5284 5541 5285
f 5286 5546 5551
f 5290 5548 5354
f 5293 5297 5557
f 5291 5555 5563
f 5296 5558 5306
f 5298 5348 5565
f 5300 5569 5553
f 5305 5560 5572
f 5308 5575 5579
f 5307 5576 5315
f 5312 5577 5585
f 5313 5584 5319
f 5318 5581 5588
f 5316 5590 5325
f 5326 5586 5328
f 5328 5586 5594
f 5327 5595 5598
f 5329 5601 5603
f 5332 5604 5334
f 5337 5605 5360
f 5338 5357 5609
f 5339 5611 5345
f 5347 5614 5349
f 5343 5610 5622
f 5343 5622 5613
f 5349 5614 5564
f 5355 5552 5628
f 5356 5627 5612
f 5359 5606 5631
f 5359 5631 5639
f 5358 5634 5364
f 5363 5635 5640
f 5368 5641 5369
f 5369 5641 5645
f 5372 5648 5375
f 5375 5648 5654
f 5378 5653 5381
f 5380 5652 5658
f 5379 5656 5662
f 5379 5662 5393
f 5383 5397 5385
f 5387 5394 5391
f 5392 5661 5666
f 5392 5666 5402
f 5399 5667 5672
f 5398 5673 5683
f 5398 5683 5407
f 5408 5678 5426
f 5405 5684 5687
f 5406 5689 5676
f 5414 5421 5692
f 5410 5694 5432
f 5415 5422 5679
f 5420 5674 5697
f 5416 5699 5695
f 5427 5436 5702
f 5433 5710 5704
f 5438 5690 5714
f 5437 5713 5720
f 5431 5721 5709
f 5439 5703 5726
f 5443 5723 5734
f 5440 5731 5736
f 5442 5735 5449
f 5450 5737 5453
f 5452 5740 5742
f 5456 5746 5461
f 5457 5749 5467
f 5460 5743 5748
f 5465 5750 5754
f 5466 5756 5761
f 5463 5760 5468
f 5469 5763 5473
f 5472 5762 5764
f 5474 5765 5772
f 5476 5773 5779
f 5478 5776 5781
f 5477 5783 5484
f 5482 5784 5487
f 5486 5785 5787
f 5489 5791 5794
f 5488 5795 5495
f 5494 5792 5800
f 5493 5804 5497
f 5503 5802 5806
f 5504 5807 5506
f 5510 5808 5811
f 5507 5812 5513
f 5511 5815 5818
f 5511 5818 5520
f 5519 5817 5524
f 5521 5820 5823
f 5523 5821 5530
f 5527 5833 5836
f 5528 5837 5535
f 5526 5826 5827
f 5533 5838 5540
f 5537 5835 5840
f 5537 5840 5847
f 5538 5846 5542
f 5545 5845 5855
f 5543 5853 5550
f 5547 5854 5859
f 5549 5860 5624
f 5554 5864 5559
f 5556 5568 5868
f 5562 5863 5873
f 5561 5872 5574
f 5566 5616 5877
f 5566 5877 5882
f 5567 5878 5862
f 5571 5870 5883
f 5573 5884 5892
f 5570 5889 5578
f 5580 5890 5896
f 5580 5896 5583
f 5582 5897 5899
f 5582 5899 5587
f 5589 5901 5904
f 5589 5904 5591
f 5592 5907 5910
f 5593 5913 5596
f 5599 5911 5918
f 5600 5917 5921
f 5597 5920 5602
f 5602 5920 5633
f 5607 5626 5928
f 5608 5930 5621
f 5617 5619 5932
f 5615 5931 5876
f 5618 5927 5937
f 5620 5942 5936
f 5623 5861 5944
f 5625 5945 5929
f 5629 5954 5960
f 5630 5958 5638
f 5632 5922 5956
f 5637 5959 5967
f 5636 5964 5643
f 5642 5966 5971
f 5644 5972 5646
f 5647 5968 5973
f 5647 5973 5979
f 5649 5983 5651
f 5650 5978 5660
f 5659 5986 5664
f 5655 5982 5994
f 5657 5993 5988
f 5663 5985 5668
f 5669 5984 6002
f 5665 5996 5671
f 5670 6001 5682
f 5675 5688 6006
f 5677 6007 5696
f 5681 6000 6009
f 5680 6014 6016
f 5680 6016 5685
f 5686 6015 6005
f 5693 5700 6021
f 5691 6022 5712
f 5698 6004 6023
f 5705 5707 5724
f 5706 6031 5725
f 5708 5722 6027
f 5715 6024 6033
f 5716 6032 6042
f 5711 6040 5717
f 5718 6039 6043
f 5718 6043 6049
f 5719 6051 6029
f 5727 6028 6059
f 5729 6060 6064
f 5728 6063 6068
f 5730 6069 5732
f 5733 6070 6074
f 5733 6074 5738
f 5741 6072 6076
f 5739 6081 5744
f 5745 6080 5751
f 5752 6083 5753
f 5747 6075 6082
f 5753 6083 6089
f 5755 6087 5758
f 5759 6095 6097
f 5757 6096 5767
f 5758 6087 6094
f 5766 6100 5769
f 5774 6105 6110
f 5770 6112 6117
f 5775 6116 6124
f 5768 6122 5777
f 5771 6103 6107
f 5778 6121 5782
f 5780 6120 6125
f 5780 6125 6130
f 5786 6132 5789
f 5788 6133 6136
f 5790 6135 5796
f 5793 6134 5801
f 5797 6137 6144
f 5798 6143 5810
f 5809 6140 6543
f 5809 6543 6148
f 5805 6147 6153
f 5805 6153 5813
f 5814 6150 5816
f 5819 6154 6155
f 5817 6157 5825
f 5822 6156 6162
f 5824 6163 5828
f 5831 6162 6167
f 5830 6168 6171
f 5832 6169 6175
f 5829 6178 6179
f 5829 6179 5834
f 5839 6180 5842
f 5843 6181 6188
f 5841 6189 6190
f 5844 6191 5850
f 5849 6194 6195
f 5848 6196 6200
f 5848 6200 5852
f 5851 6202 6204
f 5851 6204 5857
f 5857 6204 6209
f 5856 6210 6213
f 5858 6211 5949
f 5866 6220 6221
f 5865 6226 5871
f 5867 5880 6230
f 5867 6230 6219
f 5869 6227 5887
f 5875 6236 5881
f 5874 5934 6239
f 5874 6239 6232
f 5879 6234 6231
f 5885 6224 6252
f 5886 6245 6253
f 5888 6254 5891
f 5893 6259 5895
f 5894 6263 6265
f 5894 6265 5900
f 5898 6258 6260
f 5903 6266 6272
f 5902 6273 5905
f 5906 6274 6277
f 5906 6277 5908
f 5912 6276 6281
f 5909 6283 5915
f 5916 6282 6287
f 5914 6288 6293
f 5919 6297 5923
f 5924 6292 5955
f 5926 5950 6302
f 5925 6301 5940
f 5933 5938 6307
f 5935 6308 6241
f 5939 6303 6313
f 5941 6310 6309
f 5943 6212 6318
f 5946 6316 6319
f 5947 6322 6327
f 5948 6323 6300
f 5953 6294 6332
f 5953 6332 6337
f 5951 6338 6341
f 5952 6340 5957
f 5962 6344 6347
f 5961 6348 5963
f 5963 6348 6353
f 5965 6352 5970
f 5970 6352 6356
f 5969 6355 5977
f 5976 6357 6363
f 5974 6361 6368
f 5975 6367 5980
f 5981 6365 5990
f 5987 5992 6370
f 5989 6371 5999
f 5995 6364 6380
f 5991 6379 6372
f 5997 6375 6382
f 5998 6383 6013
f 6003 6017 6391
f 6008 6392 6408
f 6008 6408 6026
f 6012 6384 6397
f 6010 6396 6399
f 6011 6401 6018
f 6020 6402 6825
f 6019 6828 6393
f 6025 6404 6036
f 6030 6050 6058
f 6035 6405 6409
f 6034 6410 6041
f 6041 6410 6415
f 6037 6414 6422
f 6038 6423 6045
f 6044 6419 6424
f 6046 6427 6430
f 6048 6431 6439
f 6047 6438 6053
f 6052 6436 6055
f 6054 6442 6446
f 6054 6446 6065
f 6057 6437 6451
f 6056 6452 6443
f 6061 6448 6456
f 6062 6455 6067
f 6066 6457 6466
f 6066 6466 6073
f 6071 6464 6079
f 6077 6465 6471
f 6078 6472 6084
f 6086 6477 6088
f 6085 6468 6476
f 6088 6477 6481
f 6090 6480 6484
f 6091 6485 6092
f 6093 6483 6098
f 6102 6482 6490
f 6101 6493 6499
f 6099 6498 6104
f 6106 6497 6111
f 6111 6497 6501
f 6108 6503 6505
f 6108 6505 6510
f 6109 6511 6114
f 6114 6511 6514
f 6115 6513 6518
f 6113 6524 6118
f 6119 6520 6525
f 6123 6527 6126
f 6128 6526 6530
f 6127 6533 6131
f 6129 6531 6536
f 6129 6536 6139
f 6138 6534 6141
f 6142 6539 6541
f 6145 6540 7012
f 6149 7013 6546
f 6146 6544 6552
f 6146 6552 6152
f 6151 6553 6159
f 6158 6551 6161
f 6164 6550 6559
f 6160 6558 6166
f 6165 6554 6172
f 6173 6557 6564
f 6173 6564 6565
f 6170 6566 6573
f 6174 6574 6177
f 6176 6572 6579
f 6176 6579 6183
f 6182 6578 6184
f 6186 6577 6583
f 6185 6582 6586
f 6187 6593 6192
f 6193 6594 6198
f 6197 6588 6201
f 6199 6589 6597
f 6203 6596 6205
f 6206 6595 6604
f 6205 6601 6208
f 6208 6601 6610
f 6207 6605 6214
f 6216 6606 6612
f 6215 6611 6317
f 6218 6624 6223
f 6217 6229 6629
f 6217 6629 6619
f 6222 6620 6631
f 6225 6635 6250
f 6228 6233 6630
f 6237 6243 6642
f 6235 6637 6644
f 6238 6646 6626
f 6242 6304 6648
f 6240 6652 6643
f 6244 6660 6665
f 6246 6666 6667
f 6248 6670 6255
f 6247 6632 6673
f 6249 6672 6680
f 6251 6677 6654
f 6257 6669 6684
f 6256 6682 6264
f 6261 6690 6267
f 6262 6683 6689
f 6268 6692 6271
f 6269 6688 6693
f 6275 6696 6701
f 6270 6697 6278
f 6280 6698 6705
f 6279 6710 6286
f 6285 6709 6711
f 6284 6715 6289
f 6290 6716 6719
f 6291 6718 6295
f 6296 6723 6333
f 6298 6328 6729
f 6299 6730 6314
f 6305 6311 6735
f 6306 6733 6650
f 6312 6731 6737
f 6315 6618 6321
f 6320 6617 6324
f 6326 6616 6741
f 6325 6742 6745
f 6325 6745 6728
f 6334 6753 6758
f 6330 6757 6762
f 6331 6761 6336
f 6329 6721 6751
f 6335 6763 6343
f 6342 6760 6773
f 6339 6769 6346
f 6345 6768 6349
f 6351 6772 6777
f 6350 6776 6358
f 6358 6776 6780
f 6354 6781 6359
f 6359 6781 6786
f 6362 6788 6795
f 6360 6792 6366
f 6369 6790 6378
f 6374 6381 6798
f 6373 6796 6389
f 6377 6793 6805
f 6376 6801 6807
f 6376 6807 6799
f 6388 6797 6811
f 6386 6813 6818
f 6385 6817 6823
f 6387 6821 6395
f 6390 6826 6836
f 6390 6836 6407
f 6398 6822 6832
f 6394 6831 6403
f 6400 6834 7328
f 6400 7328 6829
f 6406 6841 6413
f 6411 6839 6846
f 6412 6843 6850
f 6412 6850 6417
f 6416 6851 6418
f 6420 6847 6857
f 6421 6856 6428
f 6425 6863 6868
f 6425 6868 6432
f 6428 6856 6869
f 6429 6871 6876
f 6426 6878 6860
f 6433 6865 6434
f 6435 6867 6453
f 6444 6879 6884
f 6445 6889 6449
f 6440 6454 6892
f 6441 6893 6881
f 6447 6885 6460
f 6450 6864 6899
f 6450 6899 6894
f 6461 6904 6907
f 6458 6910 6462
f 6459 6883 6906
f 6463 6911 6918
f 6467 6917 6470
f 6469 6916 6474
f 6475 6921 6479
f 6473 6915 6925
f 6473 6925 6922
f 6479 6921 6930
f 6478 6929 6486
f 6489 6932 6938
f 6487 6937 6946
f 6488 6945 6491
f 6492 6944 6494
f 6495 6947 6951
f 6495 6951 6502
f 6496 6939 6948
f 6500 6954 6955
f 6500 6955 6507
f 6508 6958 6961
f 6506 6963 6968
f 6504 6969 6973
f 6504 6973 6509
f 6512 6972 6515
f 6516 6971 6980
f 6517 6976 6522
f 6521 6986 6528
f 6522 6976 6990
f 6519 6988 6995
f 6523 6997 6985
f 6526 7002 6530
f 6529 6981 7003
f 6532 6999 7007
f 6532 7007 6538
f 6535 7005 7011
f 6537 7008 6542
f 6545 7009 7540
f 6545 7540 7015
f 6547 7018 7019
f 6547 7019 6549
f 6548 7023 6555
f 6556 7022 6562
f 6561 7024 7032
f 6560 7029 7034
f 6560 7034 6567
f 6563 7021 7026
f 6568 7036 6575
f 6570 7037 7042
f 6571 7041 7047
f 6569 7048 6580
f 6576 7049 6581
f 6585 7045 7051
f 6584 7054 7056
f 6584 7056 6587
f 6592 7055 7059
f 6591 7062 7065
f 6590 7066 6598
f 6600 7064 7067
f 6600 7067 7075
f 6599 7073 6602
f 6603 7074 6608
f 6609 7073 7079
f 6607 7081 6613
f 6614 7080 7088
f 6615 7083 6739
f 6623 7090 6633
f 6622 6627 7094
f 6621 7095 7089
f 6628 6645 7103
f 6625 7104 7096
f 6634 7091 6674
f 6636 7106 7101
f 6641 7102 6647
f 6640 6651 7113
f 6639 7114 7119
f 6638 7118 7108
f 6649 6736 7122
f 6653 7123 7112
f 6659 6676 7126
f 6656 7131 7136
f 6657 7135 7142
f 6658 7141 7148
f 6655 7151 6664
f 6661 7152 7153
f 6663 7156 7161
f 6662 7160 6685
f 6662 6685 6668
f 6671 7092 7163
f 6671 7163 6678
f 6675 7165 7173
f 6679 7172 7128
f 6681 7162 7177
f 6681 7177 6686
f 6691 7175 7182
f 6687 7181 6695
f 6694 7183 6700
f 6704 7188 7190
f 6702 7189 6706
f 6699 7180 7194
f 6703 7198 7185
f 6707 7191 7203
f 6708 7200 6712
f 6717 7201 7209
f 6714 7207 7212
f 6713 7210 6722
f 6720 7211 7215
f 6724 7216 6752
f 6726 7221 6732
f 6727 6748 7228
f 6725 7229 7222
f 6738 7220 7235
f 6734 7234 7120
f 6740 7087 7238
f 6743 7237 6744
f 6747 7241 7246
f 6746 7242 7224
f 6750 7218 7249
f 6749 7248 7255
f 6754 7254 6755
f 6756 7256 7260
f 6759 7261 6767
f 6766 7269 6770
f 6764 7259 7273
f 6765 7274 7266
f 6771 7265 7279
f 6771 7279 6778
f 6775 7277 7280
f 6774 7281 6779
f 6782 7285 7287
f 6783 7286 6785
f 6787 7288 7294
f 6784 7293 7300
f 6789 7298 6794
f 6791 7299 6802
f 6800 6806 6812
f 6803 7305 6808
f 6802 7299 7309
f 6804 7308 7301
f 6809 7304 7313
f 6809 7313 7318
f 6806 7319 6812
f 6810 7320 6815
f 6814 7321 7317
f 6816 7314 6824
f 6820 7312 7323
f 6819 7324 6830
f 6827 7331 6838
f 6835 7322 7337
f 6833 7334 7340
f 6833 7340 7330
f 6840 7332 7345
f 6837 7342 6842
f 6845 7344 7885
f 6845 7885 7352
f 6844 7351 6852
f 6853 7349 7353
f 6849 7354 7359
f 6848 7360 6858
f 6855 7358 7365
f 6854 7367 6872
f 6859 7372 6866
f 6862 6877 7380
f 6861 7377 7373
f 6866 7372 6902
f 6870 7368 6874
f 6873 7366 7383
f 6875 7381 7374
f 6882 7386 6886
f 6880 6891 7385
f 6887 7391 7396
f 6890 7395 6903
f 6888 7388 7392
f 6895 6898 7406
f 6896 7404 7387
f 6897 7371 7409
f 6901 7410 7415
f 6900 7416 7405
f 6905 7397 6908
f 6912 7420 6926
f 6909 6927 6914
f 6913 7398 7421
f 6919 7426 7431
f 6924 7429 6931
f 6923 6928 7437
f 6920 7435 7439
f 6920 7439 7425
f 6926 7420 7434
f 6933 7427 6936
f 6934 7428 7448
f 6935 7444 6942
f 6941 7443 7449
f 6940 7450 7455
f 6943 7454 6949
f 6950 7459 6953
f 6953 7459 7462
f 6952 7461 7464
f 6952 7464 6957
f 6956 7465 6962
f 6959 7472 7479
f 6960 7477 6967
f 6962 7465 7481
f 6959 7482 7472
f 6964 7478 7488
f 6966 7487 7495
f 6965 7493 6970
f 6974 7494 6979
f 6977 7492 7499
f 6975 7498 7506
f 6978 7505 6987
f 6984 7509 7000
f 6982 6993 7516
f 6983 7512 7510
f 6989 7503 6992
f 6994 7507 7521
f 6996 7518 7528
f 6991 7529 7515
f 6998 7511 7533
f 7001 7530 7006
f 7004 7535 7538
f 7004 7538 7010
f 7017 7537 7541
f 7016 7546 7550
f 7014 7551 7027
f 7014 7027 7020
f 7028 7552 7556
f 7025 7557 7033
f 7031 7559 7565
f 7030 7566 7038
f 7035 7562 7567
f 7035 7567 7039
f 7040 7568 7574
f 7044 7573 7580
f 7043 7576 7046
f 7045 7579 7051
f 7053 7577 7586
f 7050 7582 7587
f 7052 7590 7058
f 7057 7588 7060
f 7061 7589 7069
f 7063 7067 7064
f 7071 7593 7595
f 7068 7598 7600
f 7070 7602 7072
f 7076 7604 7608
f 7076 7608 7082
f 7077 7607 7614
f 7078 7615 7085
f 7086 7616 7621
f 7084 7622 7239
f 7093 7100 7167
f 7096 7104 7105
f 7098 7107 7626
f 7097 7623 7628
f 7097 7628 7633
f 7099 7635 7164
f 7109 7117 7637
f 7110 7638 7625
f 7111 7122 7116
f 7115 7124 7636
f 7124 7647 7636
f 7125 7231 7649
f 7121 7650 7646
f 7132 7168 7655
f 7130 7657 7662
f 7127 7661 7668
f 7129 7667 7133
f 7138 7669 7671
f 7140 7676 7681
f 7139 7678 7691
f 7137 7692 7694
f 7134 7695 7146
f 7144 7696 7704
f 7143 7699 7706
f 7147 7707 7712
f 7145 7714 7149
f 7150 7709 7158
f 7154 7713 7716
f 7155 7718 7179
f 7157 7178 7159
f 7166 7632 7170
f 7171 7634 7719
f 7169 7721 7656
f 7176 7715 7729
f 7176 7729 7731
f 7174 7733 7197
f 7175 7195 7182
f 7186 7196 7739
f 7187 7738 7202
f 7184 7200 7192
f 7193 7734 7736
f 7199 7741 7747
f 7199 7747 7206
f 7202 7738 7740
f 7204 7749 7754
f 7208 7752 7758
f 7205 7756 7214
f 7213 7759 7219
f 7217 7755 7766
f 7217 7766 7250
f 7223 7225 7232
f 7227 7245 7768
f 7226 7769 7777
f 7225 7779 7232
f 7230 7778 7783
f 7233 7780 7648
f 7240 7619 7788
f 7236 7785 7243
f 7244 7789 7790
f 7244 7790 7770
f 7247 7797 7805
f 7252 7804 7258
f 7251 7765 7795
f 7253 7801 7810
f 7257 7809 7262
f 7264 7811 7815
f 7263 7814 7275
f 7268 7272 7820
f 7267 7823 7278
f 7271 7816 7827
f 7270 7831 7821
f 7276 7825 7283
f 7282 7819 7836
f 7284 7832 7290
f 7291 7833 7838
f 7289 7839 7295
f 7293 7845 7300
f 7292 7842 7849
f 7296 7852 7846
f 7297 7844 7306
f 7303 7311 7855
f 7302 7858 7315
f 7310 7843 7860
f 7307 7863 7866
f 7307 7866 7859
f 7316 7856 7871
f 7312 7869 7323
f 7325 7870 7875
f 7326 7874 7882
f 7327 7881 7336
f 7329 7339 7887
f 7329 7887 7343
f 7333 7880 7892
f 7335 7893 7338
f 7341 7890 7888
f 7348 7886 7897
f 7347 7896 7901
f 7346 7899 7906
f 7350 7909 7355
f 7356 7908 7361
f 7362 7907 7914
f 7357 7913 7915
f 7357 7915 7363
f 7369 7916 7925
f 7364 7923 7382
f 7370 7375 7412
f 7374 7381 7927
f 7376 7932 7938
f 7379 7933 7941
f 7378 7940 7413
f 7384 7924 7929
f 7389 7947 7952
f 7389 7952 7393
f 7390 7407 7955
f 7390 7955 7948
f 7394 7951 7399
f 7400 7961 7966
f 7402 7967 7422
f 7401 7949 7958
f 7403 7418 7971
f 7403 7971 7954
f 7414 7974 7417
f 7408 7942 7979
f 7411 7980 7975
f 7417 7974 7970
f 7419 7965 7441
f 7419 7441 7436
f 7423 7985 7430
f 7424 7438 7986
f 7432 7992 8000
f 7433 7997 7445
f 7430 7985 7993
f 7442 7968 8002
f 7440 8004 7987
f 7446 7996 8011
f 7447 8009 7452
f 7451 8010 7456
f 7457 8012 8017
f 7453 8015 8022
f 7458 8023 7460
f 7463 8024 7468
f 7467 8026 7480
f 7466 8018 8027
f 7470 7483 8034
f 7470 8034 8035
f 7474 8038 8041
f 7473 8040 8049
f 7471 8046 8053
f 7469 8052 7476
f 7475 8054 7485
f 7480 8026 8031
f 7486 8055 8061
f 7484 8058 7489
f 7496 8062 8065
f 7490 8064 8073
f 7491 8069 7500
f 7497 8070 7504
f 7502 8068 8075
f 7501 8076 8080
f 7501 8080 7520
f 7508 7517 7536
f 7513 7522 8086
f 7514 8088 7531
f 7519 8081 7526
f 7525 8092 8087
f 7527 8082 8099
f 7523 8098 8711
f 7524 8717 8093
f 7534 8090 7544
f 7532 7543 7539
f 7542 8089 8095
f 7547 8094 8100
f 7545 8104 8108
f 7545 8108 7548
f 7549 8109 7553
f 7554 8107 8112
f 7555 8113 8117
f 7558 8121 8125
f 7560 8124 7561
f 7563 8126 8130
f 7564 8129 7569
f 7568 8128 7574
f 7570 8131 8134
f 7572 8133 8144
f 7571 8146 7578
f 7575 8145 7581
f 7583 8143 8152
f 7585 8151 8154
f 7584 8153 7591
f 7592 8157 7596
f 7597 8158 8162
f 7599 8161 8172
f 7594 8168 7603
f 7605 8166 8178
f 7601 8174 7610
f 7609 8173 8184
f 7606 8183 7611
f 7613 8179 8186
f 7612 8185 7618
f 7620 8189 8196
f 7617 8195 7787
f 7624 7639 7630
f 7628 8200 7633
f 7631 7640 8201
f 7627 8204 8208
f 7629 8207 8197
f 7634 8199 7719
f 7641 7644 8202
f 7642 8212 8203
f 7645 7651 8218
f 7643 8219 8214
f 7648 7780 8227
f 7653 8226 8233
f 7654 8232 8235
f 7652 8239 8221
f 7658 7725 7660
f 7665 8242 7673
f 7659 7674 7670
f 7664 7720 8246
f 7666 8247 8249
f 7663 8250 8243
f 7672 8241 8257
f 7675 8255 8261
f 7677 8258 7679
f 7684 8264 8272
f 7682 8270 8273
f 7680 8275 7686
f 7685 8260 8282
f 7683 8283 8266
f 7687 8274 8284
f 7690 8285 8291
f 7689 8292 7703
f 7688 7701 7693
f 7697 8290 8293
f 7698 8297 8299
f 7700 8300 8304
f 7702 8305 7708
f 7705 8303 7710
f 7711 8302 7717
f 7717 8302 8312
f 7715 8310 7729
f 7722 8198 8211
f 7723 8210 8313
f 7724 8316 8245
f 7727 8311 8319
f 7730 8318 8326
f 7726 8328 7736
f 7728 7737 7732
f 7735 8327 7743
f 7742 8330 7751
f 7744 8325 8336
f 7745 8337 8329
f 7750 8333 8341
f 7746 8346 8348
f 7746 8348 8355
f 7748 8354 7752
f 7753 8353 7761
f 7753 7761 7757
f 7760 8352 8361
f 7762 8360 8363
f 7764 8365 8367
f 7763 8368 7799
f 7775 7794 8372
f 7771 8373 8378
f 7772 8377 8379
f 7774 8380 8225
f 7773 8228 7781
f 7767 7782 7776
f 7784 8194 8384
f 7786 8386 7793
f 7791 8389 8392
f 7792 8393 8371
f 7796 8370 8402
f 7798 8403 8406
f 7800 8404 7806
f 7802 8407 8415
f 7803 8412 7807
f 7808 8414 8419
f 7812 8421 7818
f 7813 8420 8426
f 7817 8423 7829
f 7824 7830 8429
f 7822 8427 7835
f 7826 8425 8435
f 7828 8433 8430
f 7835 8427 8440
f 7834 8441 7840
f 7837 8439 8448
f 7841 8445 7851
f 7847 7850 8451
f 7848 8452 7861
f 7854 8450 8456
f 7853 8461 8453
f 7857 7865 7867
f 7861 8452 8462
f 7862 8463 8468
f 7864 8471 8477
f 7863 8473 7866
f 7865 8476 7867
f 7868 8474 8482
f 7872 8479 8486
f 7873 8483 7877
f 7878 8484 8489
f 7879 8488 8496
f 7876 8497 7884
f 7883 8493 7891
f 7888 7890 7898
f 7891 8493 8500
f 7889 8498 8504
f 7889 8504 7895
f 7894 8505 8511
f 7894 8511 7900
f 7902 8510 7910
f 7904 8509 8514
f 7905 8515 8519
f 7903 8522 7912
f 7911 8524 7918
f 7920 8525 8528
f 7919 8527 8533
f 7917 8536 7926
f 7921 8539 7928
f 7922 8530 8540
f 7930 8538 8547
f 7931 8546 7934
f 7937 8551 7982
f 7936 7984 7939
f 7935 8543 8556
f 7935 8556 8552
f 7944 8564 8571
f 7946 8569 7950
f 7945 7957 8573
f 7943 8574 8563
f 7953 8570 7960
f 7956 7969 8577
f 7962 8578 7963
f 7959 8568 8581
f 7964 8586 8003
f 7963 8578 8582
f 7969 8591 8577
f 7972 7978 8590
f 7977 8594 8589
f 7976 7981 8597
f 7973 8600 8595
f 7983 8550 8603
f 7990 8606 8611
f 7988 8612 7995
f 7989 8006 8620
f 7991 8618 8607
f 7994 8610 8001
f 7998 8615 8625
f 7999 8623 8628
f 7999 8628 8008
f 8005 8583 8621
f 8013 8629 8632
f 8007 8636 8014
f 8016 8633 8025
f 8019 8634 8639
f 8021 8642 8647
f 8020 8646 8028
f 8029 8644 8030
f 8030 8644 8648
f 8032 8652 8657
f 8033 8656 8037
f 8036 8655 8044
f 8045 8653 8663
f 8042 8661 8665
f 8042 8665 8671
f 8039 8672 8674
f 8043 8676 8048
f 8047 8673 8057
f 8056 8678 8682
f 8051 8683 8686
f 8050 8685 8060
f 8059 8688 8066
f 8063 8684 8693
f 8067 8695 8072
f 8074 8694 8696
f 8071 8698 8078
f 8078 8698 8704
f 8077 8701 8707
f 8079 8709 8084
f 8083 8706 8725
f 8085 8719 8097
f 8091 8713 8103
f 8096 8720 8714
f 8102 8715 8726
f 8101 8728 8114
f 8105 8110 8106
f 8115 8727 8733
f 8116 8734 8739
f 8111 8738 8740
f 8111 8740 8120
f 8119 8741 8748
f 8118 8746 8122
f 8122 8746 8753
f 8123 8754 8755
f 8123 8755 8127
f 8132 8757 8136
f 8138 8756 8751
f 8135 8752 8759
f 8140 8760 8765
f 8139 8764 8770
f 8137 8771 8142
f 8141 8773 8149
f 8150 8772 8777
f 8148 8778 8785
f 8147 8782 8156
f 8155 8783 8160
f 8165 8784 8788
f 8159 8789 8793
f 8164 8796 8802
f 8163 8798 8171
f 8167 8799 8803
f 8169 8805 8809
f 8170 8808 8812
f 8170 8812 8176
f 8177 8811 8818
f 8175 8817 8181
f 8182 8820 8823
f 8180 8822 8829
f 8180 8829 8187
f 8188 8828 8833
f 8190 8836 8191
f 8193 8837 8843
f 8192 8839 8387
f 8205 8216 8209
f 8206 8217 8848
f 8206 8848 8315
f 8215 8223 8854
f 8213 8851 8846
f 8220 8237 8858
f 8222 8856 8860
f 8224 8859 8852
f 8230 8382 8870
f 8229 8869 8234
f 8231 8871 8236
f 8238 8868 8855
f 8240 8248 8872
f 8240 8872 8254
f 8244 8314 8880
f 8244 8880 8251
f 8252 8881 8882
f 8252 8882 8873
f 8256 8888 8262
f 8253 8876 8892
f 8253 8892 8887
f 8259 8886 8279
f 8263 8278 8903
f 8265 8899 8267
f 8269 8898 8907
f 8271 8908 8913
f 8268 8911 8276
f 8277 8912 8287
f 8281 8889 8916
f 8280 8914 8901
f 8286 8910 8925
f 8286 8925 8928
f 8288 8927 8289
f 8289 8927 8294
f 8295 8929 8932
f 8295 8932 8934
f 8296 8935 8298
f 8298 8935 8943
f 8301 8940 8306
f 8308 8939 8320
f 8307 8323 8309
f 8317 8844 8878
f 8321 8941 8944
f 8321 8944 8339
f 8322 8335 8324
f 8331 8338 8953
f 8334 8954 8961
f 8332 8960 8962
f 8332 8962 8343
f 8340 8948 8955
f 8345 8963 8965
f 8344 8964 8970
f 8342 8972 8349
f 8347 8968 8357
f 8350 8358 8351
f 8356 8976 8398
f 8359 8401 8366
f 8362 8971 8974
f 8364 8400 8369
f 8374 8394 8376
f 8375 8395 8980
f 8375 8980 8381
f 8383 8981 8867
f 8388 8838 8986
f 8385 8990 8390
f 8391 8985 8994
f 8391 8994 8979
f 8399 8975 8997
f 8396 9000 9005
f 8397 9003 8409
f 8405 9007 9011
f 8408 9012 8410
f 8411 9009 9014
f 8413 9019 8417
f 8418 9015 9025
f 8416 9022 8422
f 8422 9022 9026
f 8424 9030 8432
f 8431 8437 9040
f 8428 9035 8443
f 8434 9031 9042
f 8438 9041 9045
f 8436 9046 9034
f 8442 9039 9053
f 8444 9052 8447
f 8446 9054 9059
f 8449 9062 8460
f 8455 8459 9068
f 8454 9067 8465
f 8458 9063 9074
f 8457 9073 9064
f 8464 9069 9080
f 8467 9079 9086
f 8466 9083 8469
f 8472 8480 8475
f 8470 9085 8478
f 8481 9084 9089
f 8481 9089 8485
f 8484 9090 8489
f 8490 9091 9097
f 8491 9094 9100
f 8487 9101 9107
f 8487 9107 8495
f 8492 9105 9113
f 8494 9114 8502
f 8499 9112 9116
f 8501 9119 8503
f 8506 9118 8507
f 8513 9115 9123
f 8508 9126 9132
f 8512 9129 8517
f 8516 9131 8521
f 8520 9130 9135
f 8523 9133 9141
f 8518 9140 8529
f 8526 9137 8532
f 8531 9138 9148
f 8535 9147 9154
f 8534 9149 9155
f 8537 9158 8542
f 8541 9160 8549
f 8548 9157 9163
f 8544 9161 9168
f 8545 9171 8555
f 8554 9174 8602
f 8553 8559 9173
f 8557 9167 9180
f 8558 9176 9184
f 8559 9183 9173
f 8560 9189 8565
f 8562 8572 9196
f 8561 9197 9190
f 8567 9186 9198
f 8566 9201 9203
f 8566 9203 8579
f 8575 8592 9208
f 8576 9209 9195
f 8580 9202 8584
f 8585 9215 8617
f 8584 9202 9213
f 8588 8596 9217
f 8587 9216 9210
f 8593 8598 9218
f 8601 9172 9222
f 8601 9222 9227
f 8599 9228 9219
f 8604 9237 8614
f 8605 8619 9240
f 8604 9239 9237
f 8608 9246 9251
f 8613 9248 8624
f 8609 9238 9245
f 8616 9214 9243
f 8622 9249 8627
f 8630 9259 9264
f 8631 9263 8638
f 8626 9250 9256
f 8635 9265 9268
f 8637 9269 8641
f 8640 9267 8645
f 8643 9273 8649
f 8645 9267 9272
f 8650 9271 9279
f 8651 9280 8659
f 8658 9283 9288
f 8658 9288 8660
f 8654 9277 9282
f 8662 9289 9291
f 8662 9291 8667
f 8666 9293 9299
f 8664 9296 9305
f 8668 9302 8669
f 8669 9302 9308
f 8670 9307 8677
f 8677 9307 9316
f 8675 9311 8680
f 8680 9311 9319
f 8679 9317 9321
f 8681 9323 8687
f 8689 9324 8692
f 8691 9325 9328
f 8690 9329 8697
f 8697 9329 9332
f 8700 9333 9338
f 8699 9342 8703
f 8702 9340 8708
f 8705 9341 9347
f 8710 9343 8722
f 8716 8723 9351
f 8712 9349 8731
f 8712 8731 8729
f 8721 9346 9352
f 8718 9353 9360
f 8724 9361 9348
f 8732 9350 9359
f 8735 9358 9366
f 8730 9365 9372
f 8730 9372 8736
f 8737 9371 9379
f 8737 9379 8744
f 8743 9378 9382
f 8742 9380 8749
f 8747 9384 8761
f 8745 8758 8750
f 8762 9381 9387
f 8763 9390 8767
f 8766 9386 9395
f 8768 9397 8775
f 8774 9396 9403
f 8769 9400 8780
f 8781 9402 9406
f 8779 9405 9412
f 8776 9410 8787
f 8786 9414 8790
f 8791 9413 9422
f 8792 9421 8794
f 8795 9423 8797
f 8800 9420 9426
f 8801 9427 8806
f 8806 9427 9432
f 8804 9434 8810
f 8810 9434 9441
f 8807 9437 8813
f 8813 9437 9447
f 8814 9446 8819
f 8815 9445 9454
f 8816 9449 8824
f 8821 9455 8827
f 8825 9452 9462
f 8826 9463 9457
f 8831 9456 9464
f 8830 9461 9466
f 8832 9467 8834
f 8835 9468 9473
f 8835 9473 8841
f 8842 9474 9482
f 8840 9484 8988
f 8845 8853 9485
f 8849 9486 9496
f 8847 9495 8879
f 8850 8862 9497
f 8850 9497 9487
f 8855 8868 9503
f 8857 9502 9504
f 8857 9504 8863
f 8864 9507 9510
f 8861 9511 9514
f 8861 9514 9498
f 8866 8983 9519
f 8865 9518 9501
f 8874 8885 9524
f 8875 9522 9527
f 8874 9528 8893
f 8877 9494 9535
f 8877 9535 8883
f 8884 9536 9521
f 8890 8891 9538
f 8890 9538 8915
f 8895 9530 9546
f 8894 9545 9547
f 8894 9547 9541
f 8902 9551 9557
f 8896 9558 8906
f 8897 8918 9565
f 8900 9564 9552
f 8904 9560 9569
f 8904 9569 9579
f 8905 9575 8909
f 8909 9575 8922
f 8919 9542 9580
f 8917 9585 9566
f 8923 9577 9590
f 8920 9589 9592
f 8924 9593 9597
f 8921 9595 8926
f 8926 9595 8931
f 8930 9598 9600
f 8933 9599 8937
f 8937 9599 9609
f 8936 9605 8946
f 8938 8947 8942
f 8949 9607 9612
f 8945 9613 8951
f 8950 9615 9618
f 8952 9617 9623
f 8950 9625 8956
f 8959 9624 9628
f 8958 9631 9632
f 8958 9632 9639
f 8957 9636 8963
f 8963 9636 8965
f 8967 9637 9642
f 8966 9640 8969
f 8969 9640 8977
f 8973 9649 9001
f 8978 9641 9647
f 8984 8995 9653
f 8982 9654 9516
f 8989 9483 9658
f 8987 9660 8992
f 8993 9657 9665
f 8991 9661 9652
f 8998 9669 9678
f 8999 9679 9004
f 8996 9646 9668
f 9002 9680 9686
f 9006 9682 9013
f 9010 9685 9689
f 9008 9690 9016
f 9017 9691 9694
f 9018 9693 9023
f 9021 9701 9027
f 9024 9697 9707
f 9020 9709 9700
f 9028 9699 9705
f 9032 9706 9713
f 9029 9711 9714
f 9033 9715 9043
f 9038 9047 9721
f 9037 9722 9726
f 9036 9725 9056
f 9043 9715 9049
f 9044 9718 9728
f 9048 9729 9732
f 9050 9737 9744
f 9051 9745 9720
f 9055 9727 9752
f 9057 9747 9060
f 9058 9751 9756
f 9061 9753 9071
f 9070 9076 9762
f 9065 9763 9769
f 9066 9768 9082
f 9072 9757 9770
f 9075 9773 9760
f 9077 9767 9777
f 9081 9782 9788
f 9078 9786 9087
f 9088 9784 9093
f 9092 9787 9790
f 9091 9791 9097
f 9096 9792 9776
f 9098 9781 9797
f 9095 9796 9102
f 9104 9795 9802
f 9103 9803 9807
f 9099 9804 9106
f 9108 9809 9109
f 9110 9808 9813
f 9111 9815 9117
f 9122 9814 9818
f 9121 9817 9825
f 9120 9822 9125
f 9124 9821 9127
f 9127 9821 9826
f 9128 9829 9832
f 9128 9832 9136
f 9134 9831 9143
f 9139 9833 9836
f 9144 9835 9844
f 9142 9845 9146
f 9145 9841 9152
f 9150 9851 9156
f 9152 9841 9853
f 9151 9852 9857
f 9153 9856 9848
f 9159 9847 9162
f 9164 9849 9166
f 9170 9850 9866
f 9165 9865 9873
f 9169 9870 9179
f 9175 9182 9225
f 9177 9875 9181
f 9178 9874 9882
f 9178 9882 9877
f 9181 9875 9886
f 9185 9889 9223
f 9187 9892 9898
f 9191 9897 9200
f 9188 9194 9890
f 9193 9207 9902
f 9192 9903 9908
f 9194 9907 9890
f 9199 9896 9205
f 9204 9912 9913
f 9204 9913 9212
f 9205 9896 9909
f 9206 9220 9918
f 9206 9918 9899
f 9212 9913 9926
f 9211 9925 9242
f 9221 9231 9921
f 9224 9888 9930
f 9224 9930 9934
f 9226 9936 9938
f 9226 9938 9230
f 9229 9940 9919
f 9233 9945 9949
f 9235 9950 9247
f 9234 9241 9923
f 9232 9922 9955
f 9236 9958 9944
f 9244 9952 9252
f 9253 9948 9963
f 9254 9959 9969
f 9255 9967 9257
f 9258 9968 9972
f 9260 9973 9262
f 9261 9971 9976
f 9261 9976 9266
f 9270 9980 9274
f 9275 9981 9986
f 9276 9990 9281
f 9274 9980 9984
f 9278 9989 9284
f 9286 9995 9996
f 9285 9998 9290
f 9284 9989 9993
f 9287 10000 9292
f 9294 10002 10010
f 9294 10010 9300
f 9292 10000 10005
f 9295 10007 10011
f 9298 10016 10017
f 9297 10018 10023
f 9301 10027 9303
f 9304 10024 10029
f 9306 10030 9309
f 9310 10028 9312
f 9315 10032 10038
f 9313 10036 10043
f 9314 10041 9320
f 9318 10040 10045
f 9318 10045 9326
f 9322 10048 10053
f 9322 10053 9330
f 9327 10052 10055
f 9327 10055 9331
f 9335 10056 10063
f 9334 10062 9339
f 9337 10059 10068
f 9336 10067 9344
f 9345 10066 9357
f 9356 10065 10073
f 9355 10076 10078
f 9354 10079 9363
f 9362 10077 10086
f 9362 10086 9367
f 9364 10085 10088
f 9368 10090 9369
f 9370 10092 9377
f 9375 10096 9385
f 9374 10091 10099
f 9373 10103 10109
f 9376 10105 10093
f 9383 10095 9388
f 9389 10094 10115
f 9391 10114 9394
f 9393 10113 10119
f 9392 10116 9399
f 9398 10121 10127
f 9401 10126 9408
f 9407 10125 10128
f 9409 10130 9417
f 9404 9418 9411
f 9419 10129 10133
f 9425 10137 10141
f 9416 10139 10143
f 9424 10144 10148
f 9415 10147 9430
f 9429 10149 10155
f 9431 10151 10160
f 9428 10162 9436
f 9433 10161 10167
f 9435 10165 9439
f 9440 10166 10171
f 9438 10168 9442
f 9448 10170 10175
f 9443 10174 10178
f 9444 10180 9450
f 9453 10181 10187
f 9451 10184 9460
f 9458 10186 10191
f 9465 10190 10194
f 9459 10195 9472
f 9471 10199 10203
f 9469 10202 10208
f 9470 10207 9477
f 9476 10205 10212
f 9478 10211 10213
f 9475 10214 9481
f 9480 10217 10222
f 9479 10223 9659
f 9488 10230 9492
f 9490 9500 10232
f 9489 10234 10236
f 9491 10239 10229
f 9493 10227 9537
f 9499 9512 10233
f 9501 9518 10244
f 9501 10244 9505
f 9506 10246 9509
f 9508 10243 9513
f 9513 10243 10248
f 9515 10253 10257
f 9512 10258 10233
f 9520 9651 10264
f 9517 10263 10242
f 9523 9532 9529
f 9525 9533 10269
f 9526 10267 10270
f 9526 10270 10275
f 9526 10275 9544
f 9531 10228 10278
f 9534 10281 10265
f 9540 9548 10282
f 9539 10283 9583
f 9543 10274 9549
f 9550 10273 10285
f 9553 9563 10291
f 9555 10288 10292
f 9556 10293 10297
f 9554 10299 9561
f 9562 10300 10305
f 9559 10304 9573
f 9568 9581 10309
f 9567 10310 10290
f 9572 10316 10320
f 9571 10321 9574
f 9570 10303 10315
f 9576 10319 10324
f 9578 10322 9588
f 9584 10286 10327
f 9582 10328 10306
f 9587 10323 10333
f 9586 10334 9594
f 9594 10334 10339
f 9594 10339 10346
f 9591 10345 9602
f 9591 9602 9596
f 9604 10342 10350
f 9603 10347 10352
f 9601 10356 9608
f 9606 10355 9614
f 9610 10360 9619
f 9611 10353 10363
f 9620 10361 10366
f 9621 10365 10372
f 9622 10373 9629
f 9616 9628 9624
f 9626 10370 10377
f 9630 10378 10386
f 9627 10385 9633
f 9634 10382 9635
f 9638 10383 9643
f 9644 10384 10390
f 9645 10389 9648
f 9650 10393 9674
f 9655 9662 10259
f 9656 10220 10395
f 9656 10395 9666
f 9664 10398 10400
f 9663 10401 10407
f 9667 10409 10262
f 9673 10394 10417
f 9671 10413 10422
f 9670 10421 10431
f 9672 10426 9676
f 9675 10428 10432
f 9677 10433 9684
f 9683 10437 10439
f 9681 10441 9687
f 9692 10440 10446
f 9688 10449 10454
f 9688 10454 9695
f 9698 10453 10455
f 9696 10458 9708
f 9702 10457 10464
f 9704 10463 10469
f 9703 10471 9712
f 9710 10468 10472
f 9710 10472 9717
f 9716 10473 10477
f 9716 10477 9730
f 9719 9740 9724
f 9723 9742 9748
f 9731 10482 9734
f 9738 10483 9739
f 9733 10476 10488
f 9735 10487 10494
f 9736 10491 10484
f 9746 10486 10499
f 9743 10495 10503
f 9741 10504 9749
f 9750 10505 9754
f 9758 10501 10508
f 9755 10507 9775
f 9759 9771 10516
f 9764 10517 10523
f 9761 10524 9766
f 9765 10518 9778
f 9774 10506 10527
f 9772 10526 10514
f 9783 9789 9785
f 9780 10519 10531
f 9779 10534 9794
f 9793 10535 10539
f 9798 10540 9800
f 9801 10536 10548
f 9799 10542 9810
f 9811 10545 10553
f 9805 10554 10559
f 9806 10555 9812
f 9816 10558 10563
f 9816 10563 9820
f 9819 10560 9824
f 9824 10560 10569
f 9823 10566 9827
f 9827 10566 10575
f 9828 10570 9830
f 9830 10570 10578
f 9834 10576 9840
f 9838 10577 10584
f 9837 10583 10590
f 9839 10585 9843
f 9842 10586 9854
f 9846 9862 9867
f 9854 10586 10593
f 9855 10592 9861
f 9859 10599 9864
f 9863 10594 10605
f 9858 10602 10606
f 9860 10609 10600
f 9868 10597 9871
f 9872 10596 10619
f 9869 10615 9880
f 9879 10620 9928
f 9878 9929 9887
f 9876 9883 10623
f 9881 10617 10628
f 9884 10625 10629
f 9885 10632 10621
f 9893 9905 10635
f 9893 10635 10644
f 9891 10643 9894
f 9894 10643 10647
f 9895 10648 10652
f 9895 10652 9910
f 9904 10657 10636
f 9900 10637 9906
f 9901 9917 10661
f 9901 10661 10656
f 9911 10655 9916
f 9914 10667 9957
f 9915 9956 9924
f 9914 10653 10667
f 9920 9942 10672
f 9920 10672 10662
f 9933 10674 10679
f 9932 10680 9937
f 9931 10624 10689
f 9927 10687 10675
f 9935 10681 9939
f 9941 10682 10669
f 9943 10692 9947
f 9946 9954 10695
f 9946 10695 10691
f 9951 10704 9961
f 9947 10692 10705
f 9953 10664 10696
f 9960 10702 10708
f 9964 10707 10712
f 9962 10711 9965
f 9966 10714 9974
f 9975 10713 10720
f 9970 10717 10723
f 9970 10723 9979
f 9978 10724 10730
f 9977 10726 9982
f 9983 10725 9987
f 9988 10727 10736
f 9991 10733 10740
f 9985 10738 9994
f 9992 10741 10744
f 9992 10744 9997
f 9999 10743 10003
f 10001 10752 10756
f 10001 10756 10006
f 10004 10745 10749
f 10008 10754 10762
f 10009 10757 10012
f 10013 10758 10767
f 10014 10765 10768
f 10015 10774 10020
f 10019 10773 10025
f 10026 10771 10777
f 10022 10778 10779
f 10021 10784 10033
f 10031 10780 10787
f 10034 10789 10037
f 10035 10790 10039
f 10042 10788 10795
f 10044 10796 10046
f 10050 10794 10798
f 10049 10797 10802
f 10047 10805 10054
f 10051 10806 10810
f 10051 10810 10058
f 10057 10812 10061
f 10060 10808 10818
f 10064 10814 10069
f 10072 10817 10819
f 10070 10821 10827
f 10071 10828 10075
f 10074 10825 10080
f 10082 10826 10835
f 10081 10832 10084
f 10084 10832 10836
f 10083 10840 10846
f 10083 10846 10087
f 10089 10844 10104
f 10097 10106 10110
f 10098 10850 10108
f 10100 10843 10853
f 10102 10855 10862
f 10101 10860 10848
f 10107 10851 10112
f 10112 10851 10865
f 10111 10864 10120
f 10117 10867 10872
f 10118 10874 10123
f 10124 10873 10876
f 10122 10879 10131
f 10132 10878 10884
f 10129 10885 10133
f 10136 10886 10889
f 10135 10888 10894
f 10134 10893 10140
f 10140 10893 10899
f 10138 10901 10146
f 10142 10900 10155
f 10145 10154 10150
f 10152 10897 10903
f 10153 10904 10159
f 10157 10909 10914
f 10158 10911 10916
f 10158 10916 10921
f 10156 10922 10164
f 10163 10918 10172
f 10172 10918 10926
f 10169 10925 10928
f 10169 10928 10173
f 10176 10930 10933
f 10177 10932 10179
f 10182 10936 10185
f 10188 10937 10941
f 10183 10939 10189
f 10189 10939 10945
f 10192 10942 10193
f 10198 10944 10950
f 10197 10949 10951
f 10196 10952 10201
f 10200 10954 10206
f 10209 10953 10961
f 10204 10958 10210
f 10210 10958 10963
f 10210 10963 10216
f 10218 10964 10967
f 10215 10968 10221
f 10221 10968 10972
f 10225 10973 10978
f 10224 10977 10979
f 10219 10981 10397
f 10226 10241 10279
f 10235 10255 10985
f 10231 10984 10238
f 10241 10991 10279
f 10237 10989 11002
f 10240 11000 10994
f 10245 10261 11003
f 10247 11005 10249
f 10249 11005 11008
f 10252 11009 11014
f 10254 11013 11020
f 10250 11019 10988
f 10251 10986 10256
f 10260 10408 11004
f 10268 10280 10992
f 10266 10993 11022
f 10266 11022 10272
f 10271 11027 10277
f 10276 11028 11032
f 10276 11032 11034
f 10273 11037 10285
f 10284 11036 11041
f 10284 11041 10331
f 10289 10308 11048
f 10287 11047 11051
f 10288 11050 10292
f 10294 11052 11061
f 10295 11058 11065
f 10293 11066 10297
f 10296 11069 11075
f 10298 11073 10301
f 10302 11074 10312
f 10307 10332 11046
f 10312 11074 11078
f 10311 11076 11083
f 10313 11084 11088
f 10314 11087 10318
f 10318 11087 11093
f 10317 11094 10326
f 10325 11095 10338
f 10330 11040 11097
f 10329 11099 11103
f 10332 11106 11046
f 10335 11096 11110
f 10337 11107 11115
f 10336 11119 10341
f 10340 11113 10343
f 10343 11113 11123
f 10344 11125 10349
f 10351 11124 10359
f 10348 10362 10354
f 10358 11122 11128
f 10358 11128 11134
f 10357 11130 10369
f 10368 11133 11141
f 10364 11139 10380
f 10367 10374 10371
f 10379 11138 11142
f 10376 11144 11146
f 10375 11147 11153
f 10381 11154 10388
f 10387 11150 10391
f 10392 11152 10414
f 10396 10982 11157
f 10399 11160 10403
f 10406 11166 10411
f 10404 11159 11171
f 10405 11168 11176
f 10402 11173 11162
f 10410 11164 11184
f 10412 11181 11007
f 10412 11007 11006
f 10415 11189 11192
f 10415 11192 10420
f 10416 11151 11187
f 10423 11198 11203
f 10425 11205 11210
f 10424 11212 11215
f 10418 11216 10430
f 10419 11196 11201
f 10427 11214 11219
f 10429 11222 10438
f 10435 11220 11225
f 10436 11227 11228
f 10434 11229 10444
f 10443 11230 11236
f 10445 11233 11241
f 10442 11243 10450
f 10447 11242 11244
f 10448 11247 11252
f 10448 11252 10451
f 10452 11249 10461
f 10456 11248 11255
f 10460 11258 11261
f 10459 11259 10465
f 10465 11259 11265
f 10462 11266 10466
f 10467 11262 11270
f 10470 11268 10475
f 10474 11267 10479
f 10478 11271 11277
f 10481 11274 11282
f 10480 11281 10490
f 10484 10491 11284
f 10485 11283 10498
f 10489 11278 11289
f 10489 11289 11294
f 10489 11294 10492
f 10493 11293 11285
f 10498 11283 11301
f 10496 11300 11307
f 10497 11308 10502
f 10500 11306 10510
f 10511 11305 11312
f 10509 11316 10525
f 10512 10528 11318
f 10513 11317 11328
f 10515 11325 10521
f 10520 11323 11331
f 10522 11330 10533
f 10530 11311 11339
f 10529 11338 11322
f 10532 11329 10537
f 10538 11332 11344
f 10541 11342 10544
f 10546 11341 11347
f 10543 11349 11359
f 10547 11357 11360
f 10550 11361 11366
f 10549 11368 10551
f 10552 11367 11371
f 10552 11371 10556
f 10557 11370 10561
f 10562 11372 11375
f 10565 11376 11386
f 10564 11385 10568
f 10567 11381 10571
f 10574 11382 11390
f 10573 11388 11392
f 10572 11396 10579
f 10580 11395 11399
f 10580 11399 10582
f 10581 11402 10587
f 10589 11400 11405
f 10588 11407 11410
f 10588 11410 10591
f 10595 11408 10601
f 10598 10607 10618
f 10604 11411 11417
f 10603 11414 10610
f 10608 11415 11420
f 10612 11421 11424
f 10612 11424 11427
f 10611 11428 10613
f 10616 11429 11431
f 10614 11432 10626
f 10622 10630 11438
f 10622 11438 10686
f 10625 11443 10629
f 10627 11433 11446
f 10631 11441 11437
f 10638 11448 10642
f 10634 10659 11456
f 10633 11454 11451
f 10641 11460 11465
f 10639 11464 10645
f 10640 11449 11463
f 10646 11470 10650
f 10651 11471 11480
f 10649 11476 10668
f 10654 11466 11473
f 10658 10660 11453
f 10663 10670 11481
f 10660 11484 11453
f 10666 11475 11487
f 10665 11486 10697
f 10670 11494 11481
f 10673 10683 11499
f 10671 11496 11493
f 10676 11503 11497
f 10677 11495 10684
f 10678 10688 11505
f 10678 11505 11504
f 10685 11440 11512
f 10685 11512 11508
f 10694 11519 10701
f 10693 10698 11485
f 10690 11488 11520
f 10690 11520 11517
f 10703 11518 11526
f 10699 11527 11531
f 10700 11532 10709
f 10706 11534 10715
f 10710 11540 11544
f 10710 11544 10718
f 10716 11533 11537
f 10719 11541 10721
f 10722 11548 10732
f 10721 11541 11547
f 10728 11552 10735
f 10729 11549 11556
f 10731 11559 11551
f 10734 11553 11562
f 10737 11564 10742
f 10739 11563 10748
f 10746 11565 11567
f 10747 11566 10750
f 10751 11573 11576
f 10751 11576 10755
f 10750 11566 11572
f 10753 11578 10759
f 10760 11582 11585
f 10760 11585 11590
f 10761 11587 10764
f 10759 11578 11581
f 10766 11589 11592
f 10766 11592 11597
f 10763 11598 11603
f 10763 11603 10770
f 10769 11602 11607
f 10772 11610 10775
f 10776 11609 10783
f 10781 11606 11615
f 10782 11614 10785
f 10785 11614 11616
f 10786 11618 11621
f 10786 11621 10791
f 10792 11622 11627
f 10793 11626 10800
f 10799 11630 10804
f 10807 11624 11634
f 10803 11631 11638
f 10801 11637 10811
f 10813 11640 11643
f 10809 11645 10815
f 10816 11646 10820
f 10823 11644 11650
f 10822 11649 11658
f 10824 11653 10829
f 10830 11654 11661
f 10830 11661 10831
f 10834 11662 11666
f 10833 11667 10837
f 10839 11665 11670
f 10838 11671 10845
f 10842 11669 11677
f 10841 11676 10856
f 10849 10857 11681
f 10847 11680 10863
f 10854 11678 11690
f 10852 11691 10859
f 10861 11695 11683
f 10858 11688 11697
f 10866 11684 10870
f 10869 11682 11694
f 10868 11696 11698
f 10871 11699 10875
f 10877 11700 11705
f 10880 11706 10883
f 10882 11708 11709
f 10881 11711 10887
f 10890 11710 11719
f 10891 11715 11720
f 10891 11720 10896
f 10895 11722 10902
f 10892 10905 10898
f 10906 11721 11726
f 10907 11725 11732
f 10908 11731 11738
f 10910 11739 10912
f 10915 11737 11746
f 10913 11743 10917
f 10917 11743 10919
f 10923 11744 11749
f 10920 11750 10927
f 10924 11747 11754
f 10924 11754 10931
f 10929 11755 10934
f 10935 11753 11760
f 10935 11760 10940
f 10938 11763 10946
f 10943 11762 11764
f 10943 11764 10947
f 10948 11766 10957
f 10955 11765 11770
f 10956 11774 10960
f 10960 11774 11776
f 10959 11779 10965
f 10962 11775 11780
f 10962 11780 10970
f 10969 11783 11788
f 10966 11791 10974
f 10971 11789 10976
f 10975 11793 10983
f 10980 11792 11161
f 10987 11021 10997
f 10990 11001 11794
f 10995 11796 11801
f 10996 11800 11025
f 10998 11015 11806
f 10999 11803 11795
f 11010 11180 11011
f 11012 11178 11016
f 11017 11179 11808
f 11018 11810 11807
f 11026 11802 11818
f 11023 11814 11824
f 11024 11823 11033
f 11030 11826 11035
f 11029 11822 11834
f 11031 11837 11825
f 11038 11828 11043
f 11042 11829 11842
f 11039 11841 11098
f 11044 11102 11847
f 11045 11848 11850
f 11049 11854 11054
f 11055 11852 11857
f 11053 11856 11057
f 11056 11855 11864
f 11062 11863 11869
f 11063 11872 11874
f 11060 11875 11882
f 11059 11881 11068
f 11067 11880 11888
f 11064 11889 11070
f 11072 11887 11890
f 11071 11893 11080
f 11077 11892 11898
f 11079 11897 11085
f 11082 11899 11902
f 11082 11902 11909
f 11081 11910 11090
f 11089 11911 11916
f 11086 11913 11091
f 11092 11912 11112
f 11101 11919 11105
f 11100 11839 11918
f 11104 11923 11845
f 11109 11917 11929
f 11111 11930 11933
f 11108 11936 11117
f 11116 11935 11937
f 11118 11941 11947
f 11114 11942 11120
f 11121 11943 11129
f 11126 11948 11951
f 11127 11953 11132
f 11131 11955 11136
f 11137 11954 11956
f 11135 11960 11186
f 11140 11185 11145
f 11143 11190 11148
f 11149 11187 11151
f 11156 11784 11965
f 11155 11963 11968
f 11158 11969 11172
f 11167 11974 11183
f 11163 11175 11979
f 11165 11982 11971
f 11169 11970 11983
f 11170 11985 11177
f 11174 11984 11989
f 11174 11989 11980
f 11182 11973 11811
f 11188 11957 11997
f 11191 11995 11193
f 11194 11996 11998
f 11195 11999 12008
f 11197 12006 11199
f 11200 12007 12012
f 11202 12009 11206
f 11208 12014 12015
f 11204 12018 12019
f 11207 12020 11209
f 11211 12025 11217
f 11213 12022 12028
f 11213 12028 12038
f 11218 12039 11221
f 11223 12037 11224
f 11226 12035 11231
f 11232 12030 11237
f 11234 12033 12045
f 11235 12043 11239
f 11238 12042 12048
f 11240 12047 11245
f 11246 12049 12056
f 11246 12056 11250
f 11253 12055 12062
f 11251 12057 11256
f 11254 12061 12066
f 11257 12064 11260
f 11260 12064 11264
f 11263 12067 11269
f 11273 12063 12072
f 11272 12073 11275
f 11276 12070 11279
f 11279 12070 12080
f 11280 12079 11291
f 11286 11299 11304
f 11290 12083 11296
f 11288 12078 12091
f 11287 12090 12081
f 11297 12084 12096
f 11298 12095 12099
f 11295 12100 12106
f 11292 12105 11303
f 11302 12107 11310
f 11309 12103 11314
f 11315 12102 12112
f 11313 12110 11336
f 11320 11337 12118
f 11321 12119 12120
f 11319 12124 11327
f 11324 12125 12127
f 11326 12130 11334
f 11333 12129 11343
f 11335 12113 12133
f 11340 12135 12116
f 11345 12128 12141
f 11346 12139 11350
f 11348 12138 11351
f 11352 12139 12143
f 11358 12145 12146
f 11356 12150 12152
f 11354 12154 12160
f 11355 12159 12164
f 11353 12163 11364
f 11362 12162 12170
f 11363 12167 11365
f 11369 12168 11374
f 11374 12168 12176
f 11373 12173 12179
f 11373 12179 11378
f 11377 12178 11383
f 11384 12181 12186
f 11380 12185 12191
f 11379 12193 11389
f 11387 12190 11394
f 11393 12192 12198
f 11391 12197 11401
f 11398 12195 12202
f 11397 12200 12207
f 11403 12203 11406
f 11404 12204 12212
f 11404 12212 11412
f 11409 12211 12215
f 11409 12215 11413
f 11416 12216 11418
f 11418 12216 12221
f 11419 12219 12223
f 11419 12223 11425
f 11422 12232 11426
f 11423 12225 12231
f 11430 12230 11436
f 11435 12229 12239
f 11434 12237 11444
f 11437 11441 12242
f 11439 12243 11509
f 11442 12236 12246
f 11445 12248 12241
f 11450 12251 11461
f 11452 11458 12257
f 11447 12256 12249
f 11455 11483 12259
f 11457 12262 12258
f 11462 12268 11469
f 11459 12252 12266
f 11468 12275 12282
f 11467 12276 11472
f 11469 12268 12274
f 11474 12280 11478
f 11479 11525 11489
f 11477 12283 11522
f 11482 11492 12264
f 11490 12286 12261
f 11491 11498 12285
f 11500 11501 12289
f 11498 12288 12285
f 11501 12293 12289
f 11502 11507 12297
f 11502 12297 12294
f 11506 11510 12300
f 11506 12300 12296
f 11509 12243 12307
f 11511 12306 12301
f 11514 12309 12319
f 11516 12318 11529
f 11513 11523 12323
f 11515 12325 12310
f 11521 12281 12331
f 11524 12330 12324
f 11528 12321 11535
f 11536 12320 12334
f 11530 12335 12338
f 11530 12338 11538
f 11539 12337 11542
f 11542 12337 12344
f 11543 12345 12346
f 11543 12346 11546
f 11550 12348 12353
f 11545 12356 11558
f 11554 11557 12355
f 11554 12355 12360
f 11555 12357 11561
f 11561 12357 12362
f 11560 12363 11570
f 11570 12363 12368
f 11569 12367 12370
f 11568 12374 11574
f 11571 12377 11577
f 11571 12373 12377
f 11575 12379 11580
f 11579 12380 11583
f 11580 12379 12387
f 11579 12384 12380
f 11586 12381 12389
f 11584 12392 11588
f 11591 12388 11593
f 11594 12391 12399
f 11595 12394 11599
f 11600 12395 12405
f 11596 12404 11605
f 11601 12401 12407
f 11604 12406 12410
f 11604 12410 11608
f 11611 12411 11613
f 11613 12411 12418
f 11612 12417 12424
f 11612 12424 11619
f 11617 12421 11623
f 11623 12421 12426
f 11620 12425 11625
f 11625 12425 12432
f 11629 12431 12439
f 11628 12438 11633
f 11632 12436 11635
f 11639 12433 12442
f 11636 12443 11641
f 11641 12443 12446
f 11642 12447 12450
f 11647 12454 11651
f 11648 12452 11655
f 11657 12455 12459
f 11656 12460 12464
f 11652 12465 11659
f 11660 12463 12469
f 11660 12469 11668
f 11663 12468 12477
f 11664 12476 11673
f 11672 12474 12480
f 11672 12480 11674
f 11679 12481 12487
f 11675 12484 11685
f 11687 12486 12491
f 11689 12493 12500
f 11686 12499 11693
f 11692 12494 11701
f 11702 12497 11704
f 11707 12495 12505
f 11703 12506 11713
f 11712 12504 12509
f 11714 12508 11717
f 11718 12507 12512
f 11716 12514 11724
f 11724 12514 12520
f 11723 12517 11729
f 11730 12519 12523
f 11727 12525 12529
f 11728 12534 11733
f 11734 12530 11735
f 11736 12532 11741
f 11742 12531 12537
f 11740 12541 12542
f 11745 12548 11751
f 11752 12546 12553
f 11748 12551 11756
f 11757 12549 12561
f 11758 12555 11761
f 11759 12556 12562
f 11759 12562 11768
f 11767 12563 12569
f 11769 12570 11772
f 11771 12566 12574
f 11773 12575 11777
f 11777 12575 12579
f 11778 12581 11781
f 11782 12577 12584
f 11782 12584 11785
f 11786 12583 12587
f 11790 12589 12596
f 11787 12592 12598
f 11784 12600 11965
f 11795 11803 12603
f 11797 12605 11798
f 11799 12601 12606
f 11799 12606 11816
f 11804 11813 12618
f 11805 12620 12602
f 11812 11976 12626
f 11809 12622 12612
f 11815 12607 12628
f 11815 12628 12632
f 11817 12633 11819
f 11820 12631 12639
f 11821 12640 11836
f 11830 11835 12644
f 11827 12643 11840
f 11833 12636 12649
f 11832 12647 12655
f 11831 12654 12641
f 11838 12642 12658
f 11843 12657 12662
f 11839 12664 11918
f 11846 12667 11853
f 11844 11922 12675
f 11844 12675 12671
f 11849 12670 11859
f 11851 11861 11858
f 11860 12668 12679
f 11862 12680 11871
f 11865 12688 12692
f 11866 12693 12697
f 11868 12695 11879
f 11870 12678 12700
f 11867 12699 12683
f 11877 12706 12715
f 11876 12712 11884
f 11878 11885 11883
f 11873 12698 12710
f 11886 12713 11894
f 11891 12711 12716
f 11891 12716 11896
f 11895 12725 11901
f 11900 12717 12723
f 11904 12730 12737
f 11903 12735 11907
f 11905 12724 12731
f 11906 12736 12738
f 11908 12743 11915
f 11914 12742 11927
f 11920 12663 12747
f 11921 12745 12673
f 11926 12739 12755
f 11924 12753 12756
f 11928 12758 12763
f 11925 12765 11931
f 11934 12766 12768
f 11932 12767 11938
f 11940 12771 12776
f 11939 12777 11945
f 11944 12775 12782
f 11946 12781 11949
f 11952 12779 12790
f 11950 12791 11961
f 11959 12795 11994
f 11958 12787 12793
f 11962 12599 12803
f 11964 12802 11966
f 11966 12802 12808
f 11967 12805 11986
f 11975 11977 12815
f 11972 12817 12623
f 11981 11990 12819
f 11978 12820 12816
f 11987 12807 11992
f 11991 12806 12829
f 11988 12824 12818
f 11993 12797 12001
f 12004 12792 12835
f 12002 12834 12841
f 12003 12838 12843
f 12000 12842 12005
f 12005 12842 12010
f 12011 12844 12851
f 12013 12852 12853
f 12013 12853 12016
f 12017 12856 12024
f 12023 12858 12862
f 12021 12861 12029
f 12027 12870 12036
f 12026 12860 12869
f 12040 12868 12875
f 12034 12874 12876
f 12031 12879 12881
f 12032 12884 12041
f 12044 12883 12885
f 12046 12886 12051
f 12050 12887 12893
f 12050 12893 12053
f 12052 12894 12895
f 12054 12896 12060
f 12058 12897 12902
f 12059 12904 12069
f 12065 12903 12907
f 12068 12908 12071
f 12071 12908 12913
f 12074 12911 12075
f 12076 12912 12918
f 12077 12916 12086
f 12082 12088 12093
f 12089 12919 12924
f 12087 12925 12929
f 12085 12934 12092
f 12094 12931 12938
f 12095 12939 12099
f 12098 12937 12940
f 12101 12943 12111
f 12097 12108 12104
f 12109 12944 12132
f 12114 12949 12121
f 12117 12134 12952
f 12115 12950 12945
f 12122 12946 12142
f 12122 12142 12137
f 12123 12140 12126
f 12136 12941 12957
f 12131 12959 12951
f 12144 12948 12148
f 12149 12947 12963
f 12151 12960 12968
f 12147 12969 12973
f 12147 12973 12153
f 12155 12972 12156
f 12157 12971 12975
f 12158 12978 12165
f 12161 12979 12981
f 12161 12981 12989
f 12166 12986 12992
f 12166 12992 12169
f 12171 12993 12996
f 12171 12996 12174
f 12175 12998 13002
f 12172 13005 12180
f 12177 13003 12182
f 12187 13006 13009
f 12184 13010 13011
f 12183 13013 12189
f 12188 13014 13018
f 12188 13018 12196
f 12194 13019 12201
f 12201 13019 13027
f 12199 13025 12206
f 12208 13026 13030
f 12205 13031 13032
f 12205 13032 12213
f 12209 13037 13041
f 12210 13040 12217
f 12214 13042 13044
f 12214 13044 12218
f 12220 13046 12227
f 12228 13043 13052
f 12226 13054 13058
f 12224 13057 13060
f 12222 13063 12234
f 12229 13067 12239
f 12233 13062 13071
f 12235 13072 13066
f 12238 13065 13077
f 12238 13077 12247
f 12240 12244 12308
f 12245 13074 13080
f 12245 13080 13085
f 12244 13086 12308
f 12250 13090 12265
f 12253 12254 13088
f 12255 12263 13095
f 12254 13093 13088
f 12260 12284 13096
f 12260 13096 13104
f 12263 13105 13095
f 12267 13107 12271
f 12269 13091 13108
f 12273 13106 13111
f 12272 13114 13117
f 12270 13119 12277
f 12279 13116 13120
f 12278 13123 12328
f 12287 12291 13127
f 12287 13127 13101
f 12290 12292 13131
f 12290 13131 13126
f 12295 12298 13133
f 12299 12303 13139
f 12298 13138 13133
f 12304 13143 13137
f 12301 12306 13146
f 12302 13147 13144
f 12305 13083 13150
f 12305 13150 13145
f 12311 12326 13156
f 12312 13159 13166
f 12313 13165 12315
f 12316 13169 13177
f 12317 13178 12332
f 12314 13167 13168
f 12322 12327 13158
f 12329 13124 13157
f 12336 13174 13181
f 12333 13180 12340
f 12341 13179 13188
f 12339 13187 12343
f 12342 13186 12347
f 12349 13195 12350
f 12347 13186 13194
f 12354 13197 13199
f 12352 13200 13204
f 12351 13202 12359
f 12358 13203 13209
f 12358 13209 12364
f 12361 13213 12365
f 12366 13215 12372
f 12369 13210 13216
f 12372 13215 13221
f 12371 13220 13223
f 12371 13223 12375
f 12376 13225 13232
f 12378 13228 12385
f 12382 12386 13227
f 12382 13227 13238
f 12383 13237 13241
f 12381 13242 12389
f 12390 13246 13249
f 12393 13251 12400
f 12390 13243 13246
f 12397 13248 13253
f 12397 13253 13258
f 12396 13260 13263
f 12398 13266 12402
f 12403 13265 13270
f 12403 13270 12408
f 12409 13267 12412
f 12412 13267 13275
f 12413 13276 13280
f 12414 13279 12415
f 12416 13281 12423
f 12419 13282 13286
f 12420 13283 13289
f 12422 13288 12428
f 12427 13292 12429
f 12429 13292 13297
f 12430 13296 12434
f 12440 13293 13300
f 12435 13301 13306
f 12437 13305 12444
f 12445 13302 13311
f 12441 13313 12449
f 12448 13309 12453
f 12451 13312 13319
f 12456 13314 12457
f 12458 13315 13323
f 12461 13320 13327
f 12461 13327 12462
f 12466 13326 13329
f 12467 13333 12470
f 12471 13330 12475
f 12473 13332 13339
f 12472 13338 13344
f 12472 13344 12482
f 12479 13342 12488
f 12478 13348 13353
f 12483 13354 13343
f 12485 13340 12490
f 12490 13340 13357
f 12489 13356 13360
f 12492 13364 12496
f 12498 13366 12502
f 12503 13362 13371
f 12501 13368 12510
f 12511 13369 13375
f 12507 13373 12512
f 12516 13377 13384
f 12513 13381 12522
f 12515 12524 12518
f 12521 13382 13385
f 12521 13385 13391
f 12526 13389 13396
f 12527 13397 12535
f 12528 13398 13401
f 12533 13402 12536
f 12538 13403 13405
f 12539 13406 13412
f 12540 13409 13414
f 12540 13414 12547
f 12544 13415 13420
f 12545 13418 13423
f 12543 13421 12550
f 12554 13422 13432
f 12552 13428 12559
f 12558 13429 13434
f 12560 13435 13440
f 12557 13439 12564
f 12565 13438 12571
f 12572 13437 13445
f 12567 13447 13450
f 12568 13449 12576
f 12573 13453 13455
f 12573 13455 12580
f 12582 13456 13459
f 12578 13460 13464
f 12578 13464 12585
f 12586 13463 12590
f 12591 13465 13469
f 12588 13470 12595
f 12594 13474 12804
f 12593 12800 12597
f 12604 12619 12609
f 12608 12615 12627
f 12617 12624 13477
f 12616 13476 13482
f 12613 13483 13485
f 12614 13487 13492
f 12610 13491 12634
f 12611 12635 12629
f 12621 12812 13494
f 12625 13498 13479
f 12630 13488 12638
f 12638 13488 13502
f 12637 13503 12650
f 12646 12656 13504
f 12645 13505 12659
f 12651 13500 13510
f 12648 13511 12652
f 12653 13512 13517
f 12653 13517 13506
f 12661 13525 12666
f 12660 13507 13526
f 12660 13526 13521
f 12665 13520 12749
f 12672 13532 12682
f 12669 12677 13531
f 12676 12744 13540
f 12674 13538 13530
f 12681 13533 13544
f 12681 13544 12704
f 12687 13547 13557
f 12685 13554 12691
f 12686 12702 13561
f 12684 13560 13550
f 12694 13555 13564
f 12690 13566 13571
f 12689 13570 12696
f 12696 13570 12707
f 12701 13543 13577
f 12703 13575 13558
f 12708 13568 13583
f 12709 13580 12719
f 12705 12720 12714
f 12718 13584 12722
f 12721 13579 12726
f 12732 13578 13589
f 12729 13588 13591
f 12728 13593 13596
f 12727 13595 12733
f 12733 13595 13600
f 12734 13603 12741
f 12740 13604 12754
f 12748 13522 13605
f 12746 13608 13536
f 12752 13611 13620
f 12750 13622 12757
f 12751 13599 13615
f 12760 13621 13628
f 12759 13627 12764
f 12762 13625 13631
f 12761 13630 12770
f 12772 13631 13635
f 12769 13638 12789
f 12773 12783 12778
f 12774 12784 12780
f 12785 13637 13642
f 12786 13641 13643
f 12788 13646 12794
f 12796 13644 12832
f 12799 13471 13648
f 12798 13650 13655
f 12801 13653 12810
f 12809 13654 13663
f 12811 13662 12826
f 12813 12822 13668
f 12814 13669 13493
f 12823 12827 13675
f 12821 13672 13664
f 12828 13659 13680
f 12825 13677 13674
f 12831 13645 13683
f 12833 13681 13690
f 12830 13691 12837
f 12840 13689 13692
f 12839 13694 13698
f 12836 13700 12846
f 12845 13699 12850
f 12849 13702 13707
f 12847 13705 13711
f 12848 13710 12857
f 12854 13712 13716
f 12855 13717 13724
f 12859 13722 12864
f 12865 13723 13729
f 12866 13732 12873
f 12863 12871 12867
f 12872 13730 12877
f 12878 13731 12880
f 12880 13731 13738
f 12882 13733 12890
f 12889 13735 13739
f 12888 13744 12892
f 12891 13745 12898
f 12899 13742 12901
f 12901 13742 13750
f 12900 13747 12906
f 12905 13748 13755
f 12909 13754 12914
f 12915 13751 13762
f 12910 13757 12921
f 12917 13760 13765
f 12920 13766 12923
f 12922 13772 12932
f 12926 13763 13774
f 12927 13777 13773
f 12930 13770 13780
f 12933 13781 13785
f 12928 13786 12936
f 12937 13794 12940
f 12935 13788 13795
f 12942 13791 12955
f 12945 12950 12966
f 12953 12956 13801
f 12954 13797 12965
f 12955 13791 13802
f 12958 13803 13798
f 12962 13796 13812
f 12961 13808 13815
f 12964 13817 12970
f 12967 13819 12977
f 12967 12977 12974
f 12976 13818 12984
f 12983 13816 13820
f 12980 13822 13827
f 12982 13825 13829
f 12985 13833 13834
f 12985 13834 12987
f 12988 13837 12990
f 12991 13838 13841
f 12994 13840 13846
f 12994 13846 12995
f 12997 13847 13004
f 13001 13848 13849
f 13000 13850 13855
f 12999 13854 13008
f 13007 13860 13015
f 13012 13859 13861
f 13016 13863 13866
f 13017 13870 13021
f 13022 13867 13875
f 13020 13871 13023
f 13024 13872 13881
f 13024 13881 13029
f 13028 13879 13033
f 13034 13882 13886
f 13035 13883 13889
f 13036 13891 13039
f 13038 13894 13047
f 13048 13893 13896
f 13049 13895 13904
f 13045 13903 13053
f 13050 13905 13908
f 13051 13909 13056
f 13055 13914 13064
f 13059 13907 13913
f 13061 13919 13069
f 13068 13070 13076
f 13073 13912 13925
f 13070 13924 13076
f 13075 13923 13078
f 13079 13927 13152
f 13081 13151 13084
f 13078 13923 13936
f 13082 13931 13928
f 13089 13938 13109
f 13087 13094 13937
f 13092 13103 13941
f 13092 13941 13948
f 13094 13949 13937
f 13097 13951 13944
f 13099 13945 13102
f 13098 13125 13958
f 13100 13957 13950
f 13110 13960 13112
f 13109 13938 13963
f 13112 13960 13967
f 13113 13968 13118
f 13115 13972 13162
f 13115 13162 13121
f 13118 13968 13973
f 13122 13164 13155
f 13128 13134 13955
f 13129 13135 13976
f 13130 13974 13981
f 13132 13982 13959
f 13136 13140 13987
f 13136 13987 13978
f 13142 13148 13991
f 13141 13990 13988
f 13149 13154 13996
f 13149 13996 13989
f 13153 13930 13998
f 13153 13998 13997
f 13161 14004 13172
f 13163 13970 14008
f 13160 14009 14002
f 13173 14015 14018
f 13170 14021 13175
f 13171 14007 14013
f 13176 14017 13182
f 13183 14023 14027
f 13185 14026 13189
f 13184 14019 14025
f 13190 14031 13191
f 13192 14035 14043
f 13193 14041 13198
f 13196 14033 14036
f 13201 14042 13207
f 13206 14045 14049
f 13206 14049 13211
f 13205 14040 14046
f 13212 14048 14054
f 13208 14052 13218
f 13217 14053 14058
f 13214 14063 13222
f 13219 14062 13224
f 13226 14068 13231
f 13224 14062 14067
f 13229 14064 14070
f 13230 14073 13234
f 13233 14076 14079
f 13235 14078 14086
f 13236 14085 13240
f 13234 14073 14075
f 13239 14087 14089
f 13239 14089 13247
f 13245 14088 14096
f 13244 14095 13252
f 13250 14092 13255
f 13257 14100 14102
f 13256 14101 14107
f 13254 14105 13261
f 13257 14093 14100
f 13259 14106 13262
f 13262 14106 14114
f 13264 14113 13268
f 13268 14113 14118
f 13269 14117 13272
f 13274 14120 14124
f 13271 14123 14130
f 13273 14126 13277
f 13278 14127 13284
f 13284 14127 14133
f 13285 14132 13287
f 13291 14131 14136
f 13290 14137 13294
f 13294 14137 14141
f 13295 14144 13298
f 13298 14144 14149
f 13299 14148 13307
f 13307 14148 14154
f 13303 14153 14158
f 13304 14159 13310
f 13308 14156 14163
f 13308 14163 13317
f 13316 14160 14165
f 13318 14169 13321
f 13322 14166 13328
f 13325 14167 14172
f 13324 14174 13335
f 13334 14171 14178
f 13331 14177 14184
f 13331 14184 13337
f 13336 14183 13347
f 13341 13350 13358
f 13346 14181 14190
f 13349 14187 14194
f 13345 14195 13355
f 13352 14193 14198
f 13352 14198 14203
f 13351 14201 14210
f 13350 14209 13358
f 13359 14207 13361
f 13363 14208 14202
f 13365 14205 13372
f 13370 14204 14214
f 13367 14216 13376
f 13374 14211 14219
f 13378 14220 13383
f 13379 14217 14226
f 13380 14224 13386
f 13387 14225 14229
f 13388 14237 13390
f 13392 14234 13395
f 13393 14228 14240
f 13394 14243 14249
f 13394 14249 13399
f 13400 14245 13408
f 13404 14246 14254
f 13404 14254 14266
f 13407 14263 13411
f 13410 14264 13413
f 13416 14259 13417
f 13419 14260 13424
f 13425 14261 13431
f 13427 14267 14273
f 13426 14269 14275
f 13426 14275 14280
f 13430 14281 13436
f 13433 14279 13441
f 13444 14278 14285
f 13442 14284 14290
f 13443 14289 13446
f 13446 14289 13451
f 13452 14286 14292
f 13454 14294 14297
f 13448 14296 13457
f 13458 14300 13462
f 13461 14295 14303
f 13461 14303 13468
f 13467 14302 14306
f 13466 14308 13472
f 13473 14307 13651
f 13478 13497 14315
f 13475 14314 13481
f 13480 14313 13486
f 13484 14316 13489
f 13489 14316 14319
f 13490 14317 13501
f 13495 13667 14325
f 13496 14327 14311
f 13499 14318 14333
f 13499 14333 13513
f 13509 13518 14337
f 13508 14340 13529
f 13514 14332 14344
f 13515 14348 13519
f 13516 14346 14338
f 13524 13528 14350
f 13523 14353 13607
f 13527 14335 14351
f 13534 13535 13545
f 13541 13610 14355
f 13537 14357 14360
f 13539 14361 13546
f 13542 14362 14365
f 13542 14365 13574
f 13549 13559 14369
f 13551 14368 14376
f 13551 14376 14381
f 13548 14384 14388
f 13548 14388 14394
f 13552 14390 13556
f 13553 14392 13567
f 13562 13573 14373
f 13565 14389 14396
f 13563 14399 13569
f 13569 14399 14403
f 13572 14402 13585
f 13576 14366 14374
f 13581 14401 14408
f 13582 14405 13587
f 13590 14414 14420
f 13588 14418 13591
f 13586 14406 14415
f 13594 14417 14423
f 13592 14427 13597
f 13598 14426 13602
f 13601 14422 13612
f 13607 14353 14435
f 13609 14434 14442
f 13606 14436 14354
f 13613 14428 14447
f 13616 14446 14448
f 13614 14449 13623
f 13619 14452 14453
f 13618 14456 14459
f 13617 14460 14463
f 13617 14463 13624
f 13624 14463 14464
f 13626 14466 13629
f 13632 14470 13636
f 13634 14465 13685
f 13633 13682 13640
f 13639 13683 13645
f 13649 14305 14472
f 13652 14475 14481
f 13647 14479 13658
f 13656 14480 14488
f 13657 14487 13661
f 13660 14483 14489
f 13660 14489 13679
f 13666 13670 14496
f 13665 14493 14324
f 13673 13676 14504
f 13671 14501 14495
f 13678 14491 14506
f 13678 14506 14502
f 13684 14469 14511
f 13684 14511 13688
f 13687 14510 14515
f 13686 14518 13695
f 13697 14514 14520
f 13693 14521 14530
f 13696 14529 13701
f 13703 14531 13706
f 13704 14526 14532
f 13708 14537 13713
f 13714 14538 14541
f 13709 14540 13719
f 13719 14540 14545
f 13718 14546 14553
f 13715 14550 13726
f 13720 14552 14556
f 13725 14555 14561
f 13725 14561 14564
f 13727 14568 13737
f 13721 13736 13728
f 13734 14565 13741
f 13740 14566 14572
f 13743 14571 13749
f 13749 14571 14578
f 13746 14576 13752
f 13756 14575 14582
f 13753 14583 13761
f 13759 14579 14586
f 13758 14587 13764
f 13767 14588 14595
f 13768 14596 13775
f 13769 13778 14598
f 13771 14599 13782
f 13776 14591 14605
f 13779 14604 14603
f 13783 14597 14611
f 13783 14611 14621
f 13784 14620 13787
f 13790 14622 14623
f 13789 14625 13792
f 13793 14627 13806
f 13800 13804 14632
f 13799 14630 13810
f 13807 14629 14636
f 13805 14640 14635
f 13813 14631 14643
f 13809 14645 13826
f 13811 13828 13821
f 13811 13821 13814
f 13824 14644 14651
f 13823 14652 13831
f 13831 14652 14656
f 13832 14653 14659
f 13830 14660 14665
f 13830 14665 13836
f 13835 14664 14672
f 13835 14672 13839
f 13842 14670 14674
f 13842 14674 13844
f 13845 14675 14684
f 13843 14682 13852
f 13851 14681 13853
f 13857 14683 14685
f 13856 14686 14691
f 13858 14692 13864
f 13862 14693 13865
f 13869 14694 14698
f 13868 14697 13873
f 13873 14697 14702
f 13874 14706 13878
f 13876 14704 14709
f 13877 14707 14715
f 13880 14711 13884
f 13885 14712 13890
f 13887 14714 14719
f 13888 14720 14727
f 13892 14728 13898
f 13897 14726 13901
f 13902 14723 14731
f 13900 14730 14735
f 13899 14736 13910
f 13911 14734 14740
f 13906 14741 13918
f 13917 14746 13920
f 13916 14742 14748
f 13915 14749 14745
f 13921 14744 14752
f 13922 14754 13933
f 13929 13935 14760
f 13926 14758 14763
f 13926 14763 13999
f 13932 14755 14769
f 13934 14768 14757
f 13939 14778 14781
f 13939 14781 13961
f 13940 13947 14776
f 13942 13952 14786
f 13942 14786 14789
f 13943 14788 13946
f 13946 14788 14795
f 13947 14794 14776
f 13953 13954 14783
f 13956 13980 14798
f 13954 14797 14783
f 13962 14782 13964
f 13964 14782 14801
f 13966 14802 14806
f 13965 14809 13971
f 13969 14810 14811
f 13969 14811 14010
f 13977 14814 14819
f 13977 14819 13983
f 13979 13984 14824
f 13975 14826 14816
f 13980 14821 14798
f 13988 13990 14828
f 13986 14827 14837
f 13985 14836 14823
f 13992 13993 14829
f 13995 14843 14831
f 13994 14001 14844
f 13994 14844 14842
f 14000 14762 14848
f 14003 14010 14811
f 14003 14811 14852
f 14005 14851 14854
f 14006 14853 14014
f 14011 14856 14858
f 14011 14858 14862
f 14012 14863 14016
f 14016 14863 14868
f 14020 14870 14871
f 14020 14871 14024
f 14022 14874 14029
f 14028 14876 14879
f 14030 14878 14881
f 14032 14883 14034
f 14037 14884 14039
f 14039 14884 14889
f 14038 14888 14893
f 14038 14893 14044
f 14047 14894 14899
f 14047 14899 14051
f 14050 14897 14056
f 14055 14904 14905
f 14057 14907 14059
f 14056 14897 14903
f 14061 14906 14910
f 14060 14911 14066
f 14065 14912 14069
f 14069 14912 14916
f 14071 14917 14919
f 14072 14921 14074
f 14077 14923 14082
f 14083 14922 14924
f 14081 14927 14929
f 14080 14932 14084
f 14084 14932 14090
f 14091 14928 14936
f 14088 14934 14096
f 14094 14933 14099
f 14099 14933 14941
f 14098 14942 14943
f 14098 14943 14952
f 14097 14951 14956
f 14097 14956 14103
f 14104 14954 14110
f 14109 14955 14960
f 14111 14959 14964
f 14108 14966 14112
f 14115 14967 14968
f 14115 14968 14116
f 14119 14970 14122
f 14122 14970 14974
f 14121 14972 14979
f 14125 14976 14129
f 14128 14980 14982
f 14128 14982 14135
f 14134 14983 14140
f 14140 14983 14988
f 14138 14989 14995
f 14139 14996 14142
f 14143 14994 14150
f 14145 14991 14998
f 14146 14999 15002
f 14147 15001 14152
f 14151 15004 15006
f 14151 15006 14157
f 14155 15007 15012
f 14155 15012 14162
f 14161 15013 14168
f 14164 15014 15020
f 14170 15019 15026
f 14170 15026 14175
f 14173 15025 15028
f 14173 15028 14179
f 14176 15030 15034
f 14176 15034 14185
f 14186 15035 15038
f 14180 15039 15048
f 14182 15046 14189
f 14188 15042 14192
f 14191 15047 15051
f 14191 15051 15056
f 14193 15054 14198
f 14200 14212 14206
f 14199 15055 15050
f 14197 15049 15057
f 14197 15057 15062
f 14196 15063 14215
f 14213 15065 14221
f 14222 15064 15067
f 14218 15070 14223
f 14227 15069 14238
f 14238 15069 15076
f 14232 15075 15081
f 14233 15082 15086
f 14236 15085 15088
f 14235 15087 15095
f 14231 15092 15098
f 14230 15097 14241
f 14242 15101 15105
f 14244 15104 15112
f 14239 15111 14247
f 14248 15108 14252
f 14253 15110 15113
f 14250 15117 15122
f 14251 15119 14262
f 14265 15123 15125
f 14256 15127 15128
f 14255 15130 15133
f 14258 15134 15139
f 14257 15137 14270
f 14268 15138 15143
f 14271 15144 15149
f 14272 15146 14274
f 14274 15146 14277
f 14276 15150 15152
f 14276 15152 14283
f 14282 15155 14288
f 14287 15156 15158
f 14291 15160 14293
f 14293 15160 14299
f 14298 15163 15165
f 14298 15165 14304
f 14301 15164 14310
f 14309 15166 14473
f 14312 14323 15169
f 14312 15169 14320
f 14321 15170 15178
f 14322 15179 14329
f 14328 14498 15184
f 14326 15182 15173
f 14331 15175 15187
f 14330 15188 14345
f 14338 14346 15191
f 14341 15190 15195
f 14342 15196 15201
f 14343 15200 15205
f 14339 15204 14438
f 14336 14439 14432
f 14334 14433 14352
f 14347 15189 15211
f 14349 15215 15192
f 14358 15217 14359
f 14356 14441 15222
f 14356 15222 15218
f 14359 15217 14364
f 14363 15219 15228
f 14367 15231 14372
f 14370 15227 15234
f 14371 15235 14378
f 14375 15236 15241
f 14377 15242 14379
f 14382 15243 15248
f 14383 15247 15251
f 14380 15253 14386
f 14387 15252 15261
f 14385 15257 14395
f 14393 15259 15264
f 14391 15266 14397
f 14398 15265 15267
f 14400 15269 14404
f 14404 15269 14409
f 14407 15268 15275
f 14407 15275 14410
f 14416 15274 15278
f 14412 15280 15283
f 14413 15284 14429
f 14411 14431 14419
f 14430 15282 15290
f 14425 15288 15295
f 14424 15292 15298
f 14421 15299 14445
f 14437 15207 15301
f 14440 15304 15225
f 14444 15307 14451
f 14443 15300 15312
f 14450 15313 14455
f 14454 15310 14457
f 14458 15314 14462
f 14462 15314 15322
f 14461 15318 14468
f 14467 15317 14512
f 14474 15168 15324
f 14476 15325 15326
f 14476 15326 15329
f 14471 15330 14477
f 14478 15331 15332
f 14478 15332 14486
f 14482 15334 15336
f 14484 15337 15341
f 14485 15340 14490
f 14492 15339 14507
f 14494 14499 15345
f 14497 15343 15181
f 14500 14505 15349
f 14503 15353 15342
f 14507 15339 15355
f 14509 15356 15359
f 14508 15360 15348
f 14513 15320 14519
f 14517 15321 15361
f 14516 15363 15364
f 14516 15364 14523
f 14524 15367 15381
f 14525 15380 15384
f 14522 15386 14527
f 14528 15383 15392
f 14526 15391 14532
f 14534 15389 15393
f 14535 15394 15397
f 14533 15398 15402
f 14536 15401 14539
f 14542 15399 15404
f 14543 15403 14547
f 14549 15408 14551
f 14547 15403 15411
f 14544 15410 15414
f 14548 15413 15409
f 14554 15407 14557
f 14557 15407 15419
f 14558 15418 14562
f 14560 15423 14570
f 14560 14570 14567
f 14563 15417 15433
f 14559 15432 15425
f 14569 15427 14573
f 14574 15426 15435
f 14577 15438 14581
f 14580 15436 15444
f 14584 15445 14585
f 14590 15446 15452
f 14589 15448 14592
f 14594 15451 15458
f 14593 15457 14609
f 14602 14607 15459
f 14601 15463 15468
f 14600 15467 14615
f 14606 15456 15475
f 14608 15470 15464
f 14610 15481 15484
f 14614 15482 15489
f 14614 15489 14619
f 14616 15465 15493
f 14613 15490 15497
f 14617 15495 15499
f 14612 15500 15476
f 14618 15488 14626
f 14624 15487 15483
f 14628 15485 14641
f 14634 14637 15506
f 14633 15505 14642
f 14638 15486 15478
f 14639 15479 15507
f 14646 15502 15514
f 14647 15512 14650
f 14648 15511 15516
f 14649 15515 14655
f 14654 15519 14661
f 14662 15517 15525
f 14658 15524 15529
f 14657 15526 14667
f 14666 15527 15539
f 14663 15538 15541
f 14663 15541 14669
f 14671 15542 15548
f 14668 15544 14676
f 14673 15549 14677
f 14680 15550 15555
f 14679 15552 15560
f 14678 15562 14687
f 14688 15561 14695
f 14689 15558 15566
f 14696 15567 15569
f 14690 15570 14699
f 14700 15568 15578
f 14701 15574 14705
f 14703 15573 14710
f 14710 15573 15580
f 14708 15583 14718
f 14713 15584 15586
f 14717 15585 15595
f 14716 15592 14721
f 14722 15590 14724
f 14724 15590 15600
f 14725 15596 14729
f 14729 15596 15605
f 14732 15604 14737
f 14734 15609 14740
f 14733 15603 15611
f 14738 15610 15616
f 14738 15616 15608
f 14739 15607 15620
f 14739 15620 14751
f 14743 14750 15623
f 14743 15623 14753
f 14747 15619 15626
f 14756 15624 14771
f 14759 14773 14767
f 14764 15630 14847
f 14765 14774 15634
f 14766 15635 15640
f 14761 15641 15631
f 14770 15622 15644
f 14772 15646 15650
f 14772 15650 15636
f 14775 15655 15659
f 14775 15659 14779
f 14777 14792 15661
f 14777 15661 15653
f 14780 15656 14800
f 14784 15665 15669
f 14784 15669 14791
f 14785 14796 15674
f 14787 15675 15664
f 14790 15670 15662
f 14790 15662 14793
f 14799 14820 15672
f 14803 15680 14805
f 14800 15656 15677
f 14807 15684 15689
f 14804 15691 14813
f 14808 15679 15688
f 14812 15692 14849
f 14817 15696 14818
f 14815 14822 15697
f 14818 15696 15703
f 14820 15702 15672
f 14825 14832 15704
f 14822 15705 15697
f 14830 14839 14835
f 14832 15708 15704
f 14834 14838 15713
f 14833 15714 15718
f 14833 15718 15709
f 14841 14845 15723
f 14840 15724 15715
f 14846 15627 15719
f 14850 15690 14855
f 14855 15690 14857
f 14860 15693 15725
f 14859 15729 14864
f 14861 15726 15734
f 14865 15735 14869
f 14867 15734 15737
f 14866 15738 15740
f 14866 15740 14872
f 14875 15739 15748
f 14873 15747 14877
f 14880 15746 14886
f 14885 15743 15753
f 14882 15751 14890
f 14890 15751 15755
f 14891 15756 15760
f 14887 15759 14892
f 14895 15762 14900
f 14898 15765 14901
f 14896 15761 15770
f 14898 15769 15765
f 14902 15764 14909
f 14908 15773 14913
f 14909 15764 15776
f 14908 15778 15773
f 14914 15774 14915
f 14915 15774 15780
f 14915 15780 15781
f 14915 15781 14920
f 14918 15782 15785
f 14918 15785 14926
f 14925 15786 15792
f 14927 15789 14929
f 14930 15795 14938
f 14931 15791 15796
f 14937 15797 15802
f 14935 15801 14939
f 14940 15803 14947
f 14946 15810 15811
f 14945 15814 14949
f 14948 15798 15818
f 14944 15819 15807
f 14950 15813 14953
f 14953 15813 15825
f 14957 15826 15827
f 14957 15827 14958
f 14961 15828 14962
f 14963 15829 15834
f 14965 15832 14971
f 14971 15832 15838
f 14969 15837 14975
f 14975 15837 15841
f 14973 15844 15848
f 14973 15848 14977
f 14978 15849 15852
f 14981 15851 14985
f 14984 15850 15856
f 14984 15856 14986
f 14987 15857 14993
f 14993 15857 15860
f 14992 15861 15865
f 14990 15866 15000
f 14997 15867 15871
f 14997 15871 15003
f 15005 15868 15008
f 15011 15869 15875
f 15010 15876 15880
f 15009 15878 15015
f 15016 15885 15021
f 15017 15879 15886
f 15022 15889 15893
f 15018 15894 15027
f 15024 15895 15898
f 15023 15897 15029
f 15031 15900 15032
f 15036 15899 15906
f 15033 15904 15910
f 15033 15910 15040
f 15041 15909 15916
f 15037 15915 15044
f 15045 15914 15922
f 15043 15921 15052
f 15053 15918 15059
f 15060 15917 15927
f 15061 15926 15932
f 15058 15930 15066
f 15064 15931 15067
f 15068 15933 15071
f 15073 15934 15940
f 15074 15936 15942
f 15072 15945 15077
f 15080 15946 15947
f 15078 15950 15954
f 15079 15953 15084
f 15083 15957 15090
f 15089 15956 15962
f 15091 15963 15093
f 15094 15961 15966
f 15096 15968 15100
f 15099 15970 15106
f 15103 15967 15973
f 15102 15976 15978
f 15107 15979 15109
f 15109 15979 15115
f 15114 15980 15981
f 15116 15983 15120
f 15121 15986 15993
f 15118 15991 15126
f 15124 15990 15999
f 15124 15999 15131
f 15129 15997 15132
f 15135 15996 15136
f 15136 15996 15145
f 15142 15995 16004
f 15141 16002 16007
f 15140 16006 15151
f 15147 16005 16010
f 15148 16009 15157
f 15154 16011 16016
f 15153 16015 15159
f 15161 16013 16019
f 15162 16017 15167
f 15168 16018 15324
f 15171 15180 16022
f 15172 16023 15176
f 15177 16025 16029
f 15174 16031 15185
f 15183 15344 16035
f 15183 16035 16026
f 15186 16030 16039
f 15186 16039 15208
f 15193 15216 15197
f 15194 15213 15199
f 15198 15210 15206
f 15203 15209 16042
f 15202 16040 16047
f 15202 16047 15302
f 15214 16038 16050
f 15212 16052 16044
f 15220 15226 16060
f 15221 16055 15230
f 15223 15303 16065
f 15224 16067 16059
f 15229 16061 15238
f 15232 16058 16068
f 15237 16071 16075
f 15233 16074 15240
f 15240 16074 16077
f 15240 16077 16081
f 15239 16085 15245
f 15244 16083 16087
f 15246 16091 16096
f 15249 16094 15254
f 15250 16095 16101
f 15250 16101 16102
f 15250 16102 15255
f 15258 16104 16109
f 15260 16108 16112
f 15256 16114 15263
f 15262 16111 15271
f 15270 16115 15272
f 15273 16113 15276
f 15276 16113 16121
f 15279 16120 16126
f 15277 16124 16129
f 15281 16128 15286
f 15286 16128 16136
f 15285 16132 15289
f 15291 16133 16139
f 15287 16142 15293
f 15294 16141 15296
f 15296 16141 16146
f 15297 16149 15316
f 15306 16045 16154
f 15305 16153 16066
f 15309 16145 16156
f 15308 16158 16162
f 15311 16159 16165
f 15315 16164 16168
f 15315 16168 15319
f 15321 16169 15361
f 15323 16020 16014
f 15323 16014 16012
f 15323 16012 16008
f 15323 16008 16003
f 15323 16003 16796
f 15323 16796 16795
f 15323 16795 17475
f 15323 17475 17472
f 15323 17472 17467
f 15323 17467 17991
f 15323 17991 18441
f 15323 18441 18729
f 15323 18729 18828
f 15323 18828 18824
f 15323 18824 18704
f 15323 18704 18696
f 15323 18696 18689
f 15323 18689 18688
f 15323 18688 18681
f 15323 18681 18678
f 15323 18678 18676
f 15323 18676 18669
f 15323 18669 18668
f 15323 18668 18663
f 15323 18663 18659
f 15323 18659 18655
f 15323 18655 18652
f 15323 18652 18649
f 15323 18649 18645
f 15323 18645 18641
f 15323 18641 18638
f 15323 18638 18636
f 15323 18636 18632
f 15323 18632 18629
f 15323 18629 18627
f 15323 18627 18819
f 15323 18819 18816
f 15323 18816 18861
f 15323 18861 18884
f 15323 18884 18882
f 15323 18882 18878
f 15323 18878 18876
f 15323 18876 18874
f 15323 18874 18868
f 15323 18868 18860
f 15323 18860 18833
f 15323 18833 18772
f 15323 18772 18762
f 15323 18762 18566
f 15323 18566 18556
f 15323 18556 18550
f 15323 18550 18553
f 15323 18553 18544
f 15323 18544 18541
f 15323 18541 18537
f 15323 18537 18536
f 15323 18536 18533
f 15323 18533 18529
f 15323 18529 18524
f 15323 18524 18519
f 15323 18519 18515
f 15323 18515 18513
f 15323 18513 18506
f 15323 18506 18502
f 15323 18502 18500
f 15323 18500 18497
f 15323 18497 18494
f 15323 18494 18759
f 15323 18759 18737
f 15323 18737 18457
f 15323 18457 18455
f 15323 18455 18044
f 15323 18044 17584
f 15323 17584 17583
f 15323 17583 17578
f 15323 17578 16979
f 15323 16979 16976
f 15323 16976 16972
f 15323 16972 16970
f 15323 16970 16965
f 15323 16965 16964
f 15323 16964 16960
f 15323 16960 16958
f 15323 16958 16953
f 15323 16953 16238
f 15323 16238 16235
f 15323 16235 16226
f 15323 16226 16224
f 15323 16224 16219
f 15323 16219 16216
f 15323 16216 15415
f 15323 15415 15412
f 15323 15412 15405
f 15323 15405 15400
f 15323 15400 15396
f 15323 15396 15395
f 15323 15395 16215
f 15323 16215 16210
f 15323 16210 16205
f 15323 16205 16204
f 15323 16204 16199
f 15323 16199 16951
f 15323 16951 16947
f 15323 16947 16945
f 15323 16945 16940
f 15323 16940 16939
f 15323 16939 17575
f 15323 17575 17571
f 15323 17571 17568
f 15323 17568 17566
f 15323 17566 17563
f 15323 17563 18041
f 15323 18041 18038
f 15323 18038 18452
f 15323 18452 18447
f 15323 18447 18020
f 15323 18020 17534
f 15323 17534 18019
f 15323 18019 18444
f 15323 18444 18010
f 15323 18010 18006
f 15323 18006 18001
f 15323 18001 17502
f 15323 17502 17499
f 15323 17499 17497
f 15323 17497 17493
f 15323 17493 17490
f 15323 17490 17999
f 15323 17999 17994
f 15323 17994 17488
f 15323 17488 16933
f 15323 16933 16180
f 15323 16180 16177
f 15323 16177 15357
f 15323 15357 15354
f 15323 15354 15338
f 15323 15338 15335
f 15323 15335 15333
f 15323 15333 15328
f 15323 15328 15327
f 15347 15351 16175
f 15346 16171 16033
f 15350 15358 16176
f 15350 16176 16178
f 15352 16181 16173
f 15362 16170 15369
f 15368 16188 16190
f 15371 16193 16198
f 15370 16196 15379
f 15375 16167 16163
f 15373 16166 16161
f 15372 16160 16157
f 15366 16155 16147
f 15365 16148 16140
f 15374 16138 16185
f 15378 16195 16200
f 15378 16200 16202
f 15377 16203 16207
f 15376 16208 15385
f 15387 16206 16211
f 15382 16209 15390
f 15388 16212 16213
f 15389 16214 15393
f 15409 15413 16218
f 15406 16217 15421
f 15421 16217 16221
f 15420 16220 16223
f 15416 16222 16227
f 15422 16228 15434
f 15424 15430 16229
f 15428 16234 15439
f 15429 16225 16237
f 15431 16236 16240
f 15431 16240 16232
f 15437 16231 16245
f 15440 16241 15441
f 15443 16246 16247
f 15442 16248 15450
f 15449 16252 16256
f 15447 16255 15454
f 15455 16257 16265
f 15453 16259 15471
f 15460 16268 15469
f 15461 15473 16274
f 15462 16275 16267
f 15466 16271 15491
f 15472 16262 16281
f 15474 16280 16272
f 15477 15501 16283
f 15480 16284 15503
f 15492 16270 16290
f 15492 16290 15494
f 15495 16294 15499
f 15496 16292 16296
f 15498 16295 16304
f 15501 16300 16283
f 15504 16286 15513
f 15509 16287 16306
f 15510 16307 15522
f 15508 15520 15518
f 15521 16305 16311
f 15523 16315 15532
f 15528 16312 16319
f 15530 16318 16321
f 15531 16322 15537
f 15536 16323 16330
f 15534 16329 16334
f 15533 16333 16337
f 15535 16338 15540
f 15543 16343 15545
f 15547 16342 16347
f 15546 16346 16353
f 15551 16349 15554
f 15553 16352 15557
f 15556 16348 16356
f 15559 16354 16360
f 15563 16361 15564
f 15565 16363 16367
f 15565 16367 15572
f 15571 16369 15577
f 15579 16366 16370
f 15575 16373 16378
f 15576 16379 15581
f 15582 16376 15587
f 15589 16375 16383
f 15588 16384 15593
f 15594 16385 16390
f 15591 16387 15597
f 15597 16387 16393
f 15598 16391 16399
f 15599 16397 15601
f 15602 16395 15613
f 15606 15614 15618
f 15613 16395 16403
f 15612 16404 16405
f 15612 16405 15617
f 15615 16408 16413
f 15615 16413 16414
f 15614 16415 15618
f 15619 16422 15626
f 15621 16417 16419
f 15625 16421 15643
f 15632 16424 15722
f 15629 15642 16427
f 15628 16430 16426
f 15633 15647 15637
f 15638 15648 16437
f 15639 16434 16431
f 15643 16421 16442
f 15645 16440 15649
f 15649 16440 16443
f 15651 16444 16451
f 15652 16450 16435
f 15654 16453 15657
f 15654 15660 16453
f 15657 16453 16459
f 15658 16458 16462
f 15658 16462 15678
f 15663 15671 16467
f 15663 16467 16469
f 15660 16471 16453
f 15666 15673 16474
f 15667 16473 15668
f 15668 16473 16466
f 15673 16477 16474
f 15676 15700 16478
f 15681 16463 15683
f 15682 16464 16482
f 15682 16482 16487
f 15685 16486 15728
f 15686 15727 16491
f 15687 16490 15695
f 15694 16489 15730
f 15699 16495 15700
f 15698 15706 16499
f 15698 16499 16492
f 15700 16495 16500
f 15701 16501 16479
f 15707 15711 16497
f 15711 16505 16497
f 15710 15716 16504
f 15712 15721 15717
f 15717 15721 16506
f 15716 16508 16512
f 15716 16512 16516
f 15716 16516 16504
f 15720 16425 16519
f 15720 16519 16509
f 15731 16484 16523
f 15726 16522 15734
f 15732 16521 16526
f 15732 16526 16531
f 15733 16532 16535
f 15733 16535 15736
f 15736 16535 16538
f 15736 16538 15741
f 15742 16536 15744
f 15744 16536 16541
f 15749 16540 16544
f 15745 16545 15750
f 15752 16544 16548
f 15752 16548 15757
f 15754 16547 15763
f 15758 16550 15771
f 15763 16547 16553
f 15758 16554 16550
f 15768 15771 16550
f 15767 16551 16556
f 15766 16555 16561
f 15766 16561 15777
f 15772 15777 16564
f 15775 16562 15779
f 15777 16561 16564
f 15779 16562 16566
f 15779 16566 15784
f 15783 16567 15787
f 15784 16566 16569
f 15783 16571 16567
f 15787 16573 16577
f 15788 16579 15790
f 15787 16567 16573
f 15792 16578 16584
f 15793 16583 16589
f 15791 16587 15796
f 15794 16588 15804
f 15799 16592 16600
f 15800 16597 15817
f 15805 16586 16591
f 15807 15819 16605
f 15808 16603 16611
f 15809 16610 16615
f 15806 16612 15812
f 15812 16612 16616
f 15815 16617 15824
f 15820 16598 16624
f 15816 16625 16604
f 15823 16619 16629
f 15821 16628 16630
f 15822 16635 15830
f 15831 16634 15836
f 15835 16631 16638
f 15833 16640 15840
f 15840 16640 16642
f 15839 16641 16645
f 15839 16645 15843
f 15842 16648 15845
f 15847 16646 16652
f 15846 16655 16657
f 15846 16657 15854
f 15853 16658 16663
f 15853 16663 15858
f 15855 16664 15859
f 15859 16664 16669
f 15862 16665 15863
f 15863 16665 16673
f 15864 16674 16676
f 15864 16676 15870
f 15873 16679 16685
f 15872 16683 15874
f 15877 16686 15884
f 15883 16681 16687
f 15882 16690 16696
f 15881 16692 15888
f 15887 16695 15892
f 15891 16694 16701
f 15896 16699 16705
f 15890 16704 15903
f 15901 16702 16709
f 15902 16710 15907
f 15904 16717 15910
f 15905 16707 16714
f 15911 16715 16721
f 15912 16724 16726
f 15908 16725 15913
f 15913 16725 15919
f 15920 16729 15923
f 15929 16728 16733
f 15924 16732 16736
f 15925 16738 15938
f 15928 15941 15935
f 15939 16737 16740
f 15937 16743 16748
f 15936 16744 15942
f 15943 16745 16752
f 15944 16751 15952
f 15948 16753 16755
f 15949 16758 16762
f 15951 16763 15958
f 15960 16760 16767
f 15955 16766 16772
f 15959 16770 15965
f 15964 16773 16775
f 15964 16775 15969
f 15969 16775 15971
f 15974 16776 16777
f 15972 16779 15984
f 15975 15982 15977
f 15987 16778 16787
f 15985 16790 15989
f 15988 16791 16794
f 15994 16792 16797
f 15992 16799 15998
f 16000 16798 16001
f 16021 16034 16805
f 16024 16804 16028
f 16027 16801 16037
f 16032 16172 16809
f 16032 16809 16807
f 16036 16806 16054
f 16043 16051 16819
f 16041 16814 16820
f 16041 16820 16046
f 16049 16821 16826
f 16048 16825 16151
f 16053 16808 16816
f 16057 16064 16830
f 16056 16833 16069
f 16063 16150 16838
f 16062 16835 16831
f 16070 16834 16840
f 16070 16840 16073
f 16072 16843 16846
f 16072 16846 16076
f 16080 16849 16857
f 16079 16856 16082
f 16078 16845 16851
f 16084 16853 16858
f 16084 16858 16860
f 16084 16860 16086
f 16088 16863 16864
f 16090 16866 16870
f 16090 16870 16093
f 16086 16860 16874
f 16089 16876 16862
f 16092 16867 16098
f 16099 16878 16882
f 16099 16882 16884
f 16099 16884 16886
f 16097 16887 16105
f 16100 16870 16891
f 16099 16890 16878
f 16105 16887 16894
f 16103 16895 16106
f 16106 16895 16899
f 16107 16898 16110
f 16116 16897 16118
f 16119 16901 16903
f 16117 16906 16123
f 16122 16907 16911
f 16122 16911 16916
f 16125 16914 16130
f 16127 16915 16922
f 16131 16920 16135
f 16134 16917 16926
f 16137 16928 16143
f 16144 16927 16187
f 16152 16827 16929
f 16152 16929 16836
f 16174 16179 16934
f 16174 16934 16812
f 16184 16936 16942
f 16183 16941 16946
f 16186 16943 16192
f 16182 16925 16937
f 16194 16944 16949
f 16191 16948 16952
f 16189 16950 16197
f 16197 16950 16201
f 16233 16239 16954
f 16230 16955 16244
f 16244 16955 16957
f 16243 16956 16961
f 16242 16959 16962
f 16242 16962 16249
f 16250 16963 16966
f 16251 16967 16254
f 16254 16967 16969
f 16258 16968 16974
f 16253 16971 16260
f 16263 16973 16975
f 16261 16977 16978
f 16264 16980 16985
f 16264 16985 16282
f 16266 16273 16989
f 16269 16988 16289
f 16277 16279 16994
f 16276 16996 16992
f 16278 16982 16997
f 16285 16303 16310
f 16293 17001 16298
f 16291 16993 17008
f 16288 17006 17002
f 16299 17003 17012
f 16297 17013 16302
f 16301 17011 17022
f 16303 17020 16310
f 16309 17021 17024
f 16308 17025 16313
f 16314 17026 16316
f 16320 17023 16327
f 16317 16328 16324
f 16327 17023 17018
f 16327 17018 17031
f 16326 17027 17034
f 16325 17032 16335
f 16331 17033 17037
f 16332 17038 16340
f 16341 17039 17046
f 16339 17045 17052
f 16336 17053 16345
f 16344 17050 17055
f 16344 17055 16350
f 16351 17058 17059
f 16351 17059 16357
f 16358 17061 17063
f 16355 17066 16362
f 16359 17068 16364
f 16365 17065 17073
f 16368 17070 16371
f 16371 17070 17077
f 16372 17074 17079
f 16372 17079 16374
f 16380 17081 17085
f 16377 17089 16382
f 16381 17084 16389
f 16389 17084 17093
f 16388 17092 17097
f 16386 17100 16394
f 16392 17094 16398
f 16396 17099 17104
f 16400 17103 16402
f 16402 17103 17106
f 16401 17105 16406
f 16406 17105 17111
f 16407 17115 16412
f 16411 17117 17122
f 16411 17122 16416
f 16410 17110 17126
f 16409 17125 17128
f 16409 17128 17116
f 16417 17120 16419
f 16418 17123 17134
f 16420 17135 16439
f 16423 16429 16520
f 16428 17138 16518
f 16432 16433 17141
f 16428 17140 17144
f 16428 17144 17138
f 16438 16448 17151
f 16436 17150 17142
f 16441 17136 17156
f 16441 17156 16445
f 16447 17160 17166
f 16446 17163 16452
f 16449 17162 17149
f 16455 17169 16457
f 16454 16470 17167
f 16456 17170 17172
f 16456 17172 16461
f 16460 17174 17176
f 16460 17176 16481
f 16461 17172 17175
f 16468 17183 16470
f 16465 16472 17182
f 16470 17183 17185
f 16470 17185 17167
f 16472 16475 17187
f 16472 17187 17189
f 16472 17189 17182
f 16476 16502 17192
f 16476 17192 17188
f 16480 17194 16488
f 16481 17176 16529
f 16483 16527 17195
f 16485 17193 16524
f 16494 17199 17192
f 16494 17192 16502
f 16493 16498 17201
f 16493 17201 17198
f 16496 16503 17200
f 16503 17205 17200
f 16503 16515 17205
f 16507 16517 16510
f 16511 17209 16514
f 16510 16517 17211
f 16513 17212 17207
f 16514 17209 17213
f 16515 17214 17205
f 16517 17139 17218
f 16517 17218 17211
f 16521 17196 16526
f 16525 17178 17221
f 16528 17222 16533
f 16530 17228 16534
f 16530 17223 17228
f 16534 17229 17230
f 16534 17230 16537
f 16534 17228 17229
f 16537 17232 17234
f 16537 17234 16539
f 16537 17230 17232
f 16539 17234 16542
f 16543 17235 17239
f 16543 17239 16546
f 16542 17234 17236
f 16546 17240 17241
f 16546 17241 16552
f 16546 17239 17240
f 16549 16552 17244
f 16549 17244 17246
f 16549 17246 16557
f 16552 17241 17248
f 16552 17248 17244
f 16557 17246 17250
f 16558 17249 16559
f 16560 17254 17256
f 16560 17256 16563
f 16560 17253 17254
f 16563 17256 17259
f 16563 17259 17260
f 16563 17260 16565
f 16565 17260 16570
f 16568 16570 17264
f 16568 17264 17266
f 16568 17266 17268
f 16568 17268 16576
f 16570 17260 17271
f 16570 17271 17264
f 16572 17267 17273
f 16575 17272 17276
f 16574 17277 16585
f 16573 16582 16577
f 16581 17275 17281
f 16580 17279 16590
f 16590 17279 16594
f 16593 17278 16601
f 16596 17280 17284
f 16595 17285 17286
f 16599 17290 16623
f 16602 16622 17296
f 16602 17296 16607
f 16609 17294 17298
f 16608 17299 17307
f 16606 17304 16614
f 16613 17303 16618
f 16618 17303 17309
f 16620 17308 16627
f 16621 17288 17293
f 16627 17308 17316
f 16626 17313 17321
f 16626 17321 16636
f 16632 17319 17327
f 16633 17326 16639
f 16637 17324 17329
f 16637 17329 16643
f 16644 17331 16647
f 16650 17332 17334
f 16651 17335 17342
f 16649 17341 16654
f 16653 17343 17347
f 16656 17346 16660
f 16659 17344 17351
f 16659 17351 16662
f 16661 17355 16666
f 16667 17352 17358
f 16668 17357 17364
f 16670 17366 16671
f 16672 17362 16678
f 16675 17361 17370
f 16677 17371 16682
f 16684 17368 17377
f 16680 17376 16689
f 16689 17376 17380
f 16691 17381 17384
f 16688 17387 16697
f 16693 17382 16700
f 16700 17382 17389
f 16698 17390 16703
f 16703 17390 17393
f 16706 17394 16713
f 16712 17397 16718
f 16713 17394 17406
f 16711 17403 17409
f 16708 17408 17400
f 16719 17399 17414
f 16716 17416 16720
f 16722 16731 16727
f 16723 17413 16730
f 16730 17413 17421
f 16730 17421 16735
f 16734 17418 17422
f 16737 17426 16740
f 16742 17425 17432
f 16741 17431 17436
f 16739 17437 16747
f 16746 17435 16750
f 16749 17433 16754
f 16757 17440 17446
f 16757 17446 17449
f 16756 17453 16759
f 16754 17433 17441
f 16764 17454 17460
f 16761 17455 16765
f 16768 17456 16771
f 16769 17457 16780
f 16769 16780 16774
f 16781 17459 16783
f 16789 17461 17469
f 16782 17470 17473
f 16785 17471 17476
f 16786 17474 16793
f 16788 17458 17452
f 16784 17451 17464
f 16800 16810 17478
f 16802 17477 17484
f 16803 17483 16818
f 16811 16935 17486
f 16811 17486 17481
f 16813 17485 17489
f 16817 17491 17492
f 16817 17492 17495
f 16815 17496 16823
f 16822 17494 17500
f 16822 17500 16824
f 16828 17498 17501
f 16828 17501 16930
f 16832 16839 17504
f 16829 17507 16842
f 16837 16931 17511
f 16837 17511 17508
f 16841 17506 17514
f 16841 17514 16844
f 16845 17512 17522
f 16847 17518 17524
f 16847 17524 17527
f 16847 17527 16849
f 16852 16875 16855
f 16850 17528 17520
f 16848 17523 17529
f 16848 17529 17533
f 16848 17533 17535
f 16848 17535 17536
f 16848 17536 17540
f 16848 17540 16872
f 16853 16874 16860
f 16854 16861 16859
f 16863 16873 16864
f 16865 16872 16869
f 16868 16879 16892
f 16871 16875 16880
f 16872 17540 16877
f 16877 17540 17542
f 16877 17542 16881
f 16883 17544 16885
f 16884 17543 16886
f 16886 17543 17541
f 16888 17539 17546
f 16888 17546 17554
f 16889 17553 16896
f 16896 17553 17558
f 16893 17557 16902
f 16900 17556 16905
f 16904 17555 17562
f 16904 17562 16908
f 16910 17561 17565
f 16909 17564 16912
f 16912 17564 17567
f 16912 17567 17569
f 16913 17570 17572
f 16913 17572 16919
f 16921 17573 17574
f 16918 17577 16923
f 16924 17576 16938
f 16932 17503 17510
f 16980 17579 16985
f 16984 17580 17582
f 16983 17581 17587
f 16983 17587 17589
f 16987 17588 17597
f 16986 17593 17600
f 16981 17603 16998
f 16991 16995 17602
f 16990 17601 17009
f 17004 17604 17014
f 17000 17007 17616
f 16999 17615 17605
f 17010 17599 17595
f 17005 17594 17614
f 17016 17610 17619
f 17015 17621 17017
f 17019 17617 17029
f 17028 17620 17625
f 17030 17626 17043
f 17030 17043 17035
f 17040 17623 17628
f 17041 17629 17633
f 17036 17632 17636
f 17042 17637 17047
f 17044 17640 18081
f 17044 18081 17642
f 17048 17643 17650
f 17048 17650 17049
f 17051 17651 17056
f 17057 17648 17653
f 17054 17654 17659
f 17054 17659 17062
f 17060 17660 17661
f 17060 17661 17064
f 17069 17663 17669
f 17067 17667 17071
f 17072 17668 17673
f 17072 17673 17075
f 17076 17677 17080
f 17082 17675 17680
f 17078 17682 17086
f 17083 17679 17684
f 17088 17683 17688
f 17087 17692 17090
f 17091 17690 17095
f 17096 17694 17699
f 17098 17697 17101
f 17101 17697 17700
f 17102 17701 17704
f 17102 17704 17108
f 17107 17706 17708
f 17109 17711 17113
f 17114 17712 17715
f 17112 17717 17127
f 17119 17721 17121
f 17118 17131 17720
f 17121 17721 17132
f 17124 17714 17129
f 17129 17714 17727
f 17130 17726 17729
f 17131 17732 17720
f 17133 17719 17159
f 17137 17146 17737
f 17137 17737 17219
f 17143 17155 17148
f 17147 17152 17739
f 17145 17738 17736
f 17154 17165 17743
f 17152 17742 17749
f 17153 17750 17740
f 17157 17723 17753
f 17158 17751 17757
f 17158 17757 17164
f 17161 17758 17761
f 17161 17761 17741
f 17168 17184 17765
f 17168 17765 17171
f 17171 17766 17173
f 17171 17765 17766
f 17173 17768 17179
f 17173 17766 17768
f 17177 17769 17771
f 17177 17771 17225
f 17180 17190 17775
f 17181 17774 17777
f 17181 17777 17184
f 17184 17777 17765
f 17186 17779 17190
f 17186 17191 17779
f 17190 17779 17775
f 17191 17197 17781
f 17191 17781 17779
f 17197 17203 17783
f 17197 17783 17781
f 17203 17206 17787
f 17202 17786 17785
f 17204 17215 17791
f 17204 17791 17786
f 17207 17212 17793
f 17210 17792 17796
f 17208 17795 17791
f 17210 17789 17216
f 17212 17220 17793
f 17220 17798 17793
f 17217 17735 17800
f 17224 17773 17802
f 17224 17802 17227
f 17226 17801 17772
f 17226 17772 17770
f 17226 17770 17767
f 17226 17767 17764
f 17226 17764 17778
f 17226 17778 17776
f 17226 17776 17780
f 17226 17780 17782
f 17226 17782 17784
f 17226 17784 17788
f 17226 17788 17790
f 17226 17790 17794
f 17226 17794 18235
f 17226 18235 18238
f 17226 18238 18585
f 17226 18585 18780
f 17226 18780 18837
f 17226 18837 18846
f 17226 18846 18857
f 17226 18857 18864
f 17226 18864 18807
f 17226 18807 18610
f 17226 18610 18257
f 17226 18257 18247
f 17226 18247 18243
f 17226 18243 17805
f 17226 17805 17270
f 17226 17270 17262
f 17226 17262 17261
f 17226 17261 17258
f 17226 17258 17252
f 17226 17252 17245
f 17226 17245 17242
f 17226 17242 17237
f 17226 17237 17233
f 17226 17233 17231
f 17228 17230 17229
f 17230 17234 17232
f 17234 17238 17236
f 17239 17241 17240
f 17241 17244 17248
f 17243 17251 17247
f 17251 17257 17255
f 17256 17260 17259
f 17260 17264 17271
f 17263 17269 17265
f 17269 17803 17807
f 17269 17807 17276
f 17267 17274 17273
f 17274 17806 17804
f 17274 17804 17809
f 17275 17808 17281
f 17282 17811 17283
f 17282 17810 17811
f 17283 17811 17287
f 17291 17813 17819
f 17289 17816 17820
f 17288 17821 17293
f 17287 17811 17815
f 17292 17823 17830
f 17295 17827 17300
f 17292 17822 17823
f 17301 17829 17831
f 17301 17831 17837
f 17297 17838 17844
f 17302 17845 17305
f 17306 17842 17847
f 17306 17847 17311
f 17310 17849 17315
f 17314 17851 17853
f 17312 17856 17320
f 17318 17857 17859
f 17317 17862 17866
f 17317 17866 17323
f 17325 17867 17870
f 17322 17872 17328
f 17330 17871 17873
f 17333 17874 17338
f 17337 17878 17882
f 17336 17883 17340
f 17339 17880 17349
f 17345 17881 17891
f 17348 17889 17354
f 17353 17890 17894
f 17350 17895 17896
f 17356 17903 17360
f 17359 17902 17365
f 17363 17901 17904
f 17367 17905 17373
f 17373 17905 17910
f 17372 17912 17917
f 17369 17914 17374
f 17375 17913 17378
f 17378 17913 17921
f 17379 17924 17385
f 17386 17925 17928
f 17383 17929 17388
f 17388 17929 17935
f 17392 17932 17938
f 17391 17937 17395
f 17396 17939 17956
f 17396 17956 17405
f 17398 17944 17417
f 17401 17411 17952
f 17402 17951 17942
f 17404 17955 17966
f 17407 17964 17410
f 17412 17961 17954
f 17415 17943 17419
f 17420 17946 17424
f 17423 17945 17429
f 17429 17945 17968
f 17430 17969 17976
f 17427 17973 17439
f 17428 17442 17434
f 17438 17975 17443
f 17447 17983 17989
f 17448 17986 17466
f 17445 17465 17450
f 17444 17974 17984
f 17463 17985 17990
f 17462 17992 17468
f 17479 17487 17995
f 17479 17995 17996
f 17480 17998 17482
f 17485 17997 17489
f 17503 18000 17510
f 17505 17509 18003
f 17505 18003 17517
f 17510 18000 18005
f 17509 18007 18008
f 17509 18008 18003
f 17516 18013 17519
f 17513 18002 17532
f 17515 17530 18012
f 17521 17526 17525
f 17520 18011 17531
f 17530 18004 18014
f 17529 18015 17533
f 17533 18015 18017
f 17533 18021 17535
f 17535 18021 18025
f 17535 18025 17536
f 17536 18025 18027
f 17536 18027 18028
f 17537 18029 17551
f 17538 17550 18032
f 17537 18033 17547
f 17536 17545 17540
f 17548 18032 17550
f 17549 18030 18037
f 17552 18034 17559
f 17559 18034 17560
f 17560 18034 18039
f 17560 18039 18042
f 17561 18040 17565
f 17585 18045 18049
f 17586 18050 17592
f 17591 18051 18058
f 17590 18056 17598
f 17596 18057 17612
f 17608 18060 17622
f 17609 17624 17618
f 17606 17613 18067
f 17607 18064 18062
f 17611 18053 18068
f 17623 18059 17628
f 17627 18072 18074
f 17630 18076 17635
f 17631 18061 18070
f 17634 18077 17638
f 17639 18075 18083
f 17641 18082 18087
f 17644 18091 17647
f 17649 18090 18093
f 17646 18094 18097
f 17645 18096 17655
f 17656 18100 18103
f 17652 18104 17658
f 17658 18104 18109
f 17657 18106 17662
f 17662 18106 18111
f 17665 18114 18120
f 17664 18116 17666
f 17671 18118 18122
f 17672 18121 18125
f 17670 18126 17674
f 17676 18129 17678
f 17678 18129 18132
f 17678 18132 18134
f 17681 18139 17685
f 17686 18135 18145
f 17687 18142 17691
f 17693 18141 18148
f 17689 18150 17695
f 17696 18147 18153
f 17698 18151 18157
f 17698 18157 17703
f 17702 18156 18161
f 17702 18161 17707
f 17705 18164 18167
f 17705 18167 17709
f 17710 18166 17716
f 17716 18166 18171
f 17713 18172 18177
f 17718 18173 17725
f 17722 17731 18179
f 17722 18179 17755
f 17726 18185 17729
f 17724 18178 18191
f 17728 18189 18183
f 17730 18184 18195
f 17730 18195 18182
f 17736 17738 18202
f 17733 18201 18203
f 17733 18203 18206
f 17734 18209 17797
f 17738 17747 18210
f 17738 18210 18202
f 17745 17762 18221
f 17744 18220 17746
f 17748 18218 18214
f 17752 18181 18222
f 17754 18224 17756
f 17759 18225 17760
f 17760 18225 18229
f 17763 18231 18219
f 17792 17799 18234
f 17792 18234 17796
f 17799 18208 18237
f 17799 18237 18234
f 17804 18239 17809
f 17803 18244 18240
f 17809 18239 18241
f 17809 18241 17812
f 17812 18246 17814
f 17812 18241 18249
f 17812 18249 18246
f 17814 18251 17817
f 17814 18246 18251
f 17818 18253 18255
f 17818 18255 18261
f 17816 18260 17825
f 17816 17825 17820
f 17817 18251 18252
f 17824 18262 18264
f 17826 18265 17834
f 17826 17834 17828
f 17835 18266 18267
f 17833 18270 18272
f 17832 18271 18279
f 17832 18279 17836
f 17839 18277 17843
f 17840 18280 18282
f 17846 18281 18287
f 17841 18289 17848
f 17852 18288 18292
f 17850 18291 17854
f 17854 18291 18297
f 17855 18295 18301
f 17855 18301 17860
f 17861 18300 18304
f 17858 18306 17863
f 17864 18305 18310
f 17865 18309 18311
f 17865 18311 17868
f 17869 18316 17876
f 17877 18315 18318
f 17875 18321 17879
f 17884 18319 18325
f 17885 18324 18330
f 17886 18329 17888
f 17887 18328 18336
f 17887 18336 17893
f 17892 18337 17900
f 17899 18332 18340
f 17897 18341 18345
f 17898 18342 17906
f 17908 18344 18349
f 17907 18351 17909
f 17911 18350 17915
f 17916 18352 18356
f 17918 18359 17923
f 17922 18360 18365
f 17920 18364 18369
f 17919 18371 17927
f 17931 18370 18375
f 17926 18372 18376
f 17930 18381 17933
f 17934 18380 17936
f 17936 18380 18385
f 17941 18382 18396
f 17940 18398 17958
f 17947 18400 17972
f 17948 17950 18401
f 17949 17962 18404
f 17953 18408 18399
f 17959 18409 17960
f 17957 18395 18412
f 17965 18410 18417
f 17967 18416 18420
f 17963 18423 18407
f 17970 18402 18403
f 17971 18406 17977
f 17977 18406 18426
f 17978 18424 17979
f 17981 18427 18431
f 17980 18433 18439
f 17982 18442 17987
f 17979 18424 18430
f 17988 18440 17993
f 18004 18009 18014
f 18009 18445 18014
f 18016 18443 18018
f 18022 18448 18023
f 18024 18449 18035
f 18024 18035 18026
f 18026 18035 18031
f 18036 18446 18451
f 18034 18450 18039
f 18043 18454 18046
f 18047 18453 18459
f 18048 18456 18462
f 18052 18465 18055
f 18054 18461 18066
f 18062 18064 18468
f 18063 18467 18071
f 18066 18461 18473
f 18065 18474 18469
f 18069 18466 18471
f 18073 18470 18080
f 18079 18472 18483
f 18078 18482 18085
f 18084 18479 18484
f 18082 18486 18087
f 18086 18487 18489
f 18089 18493 18496
f 18088 18495 18499
f 18088 18499 18095
f 18092 18501 18101
f 18099 18498 18503
f 18098 18505 18105
f 18102 18504 18508
f 18102 18508 18108
f 18110 18507 18511
f 18107 18510 18112
f 18113 18512 18117
f 18119 18509 18514
f 18115 18516 18123
f 18124 18517 18130
f 18130 18517 18520
f 18128 18518 18523
f 18127 18521 18133
f 18131 18522 18138
f 18136 18525 18527
f 18137 18526 18144
f 18140 18528 18531
f 18143 18532 18146
f 18149 18530 18152
f 18152 18530 18535
f 18154 18534 18539
f 18155 18538 18158
f 18159 18540 18542
f 18159 18542 18163
f 18160 18543 18546
f 18162 18545 18552
f 18162 18552 18165
f 18168 18547 18169
f 18168 18551 18547
f 18170 18549 18176
f 18175 18548 18554
f 18174 18557 18193
f 18180 18200 18228
f 18187 18188 18560
f 18186 18559 18196
f 18190 18555 18564
f 18192 18563 18558
f 18197 18570 18223
f 18198 18561 18572
f 18199 18575 18576
f 18194 18578 18567
f 18201 18211 18203
f 18203 18211 18584
f 18204 18582 18586
f 18205 18587 18208
f 18207 18586 18236
f 18213 18217 18590
f 18212 18588 18583
f 18216 18233 18594
f 18215 18592 18596
f 18215 18596 18589
f 18227 18571 18599
f 18226 18600 18230
f 18232 18601 18591
f 18242 18245 18248
f 18245 18258 18254
f 18245 18254 18250
f 18256 18606 18611
f 18255 18612 18261
f 18261 18612 18607
f 18259 18609 18613
f 18262 18615 18264
f 18263 18616 18619
f 18263 18619 18624
f 18265 18623 18269
f 18268 18622 18625
f 18268 18625 18273
f 18274 18626 18275
f 18275 18626 18628
f 18275 18628 18631
f 18276 18630 18633
f 18278 18634 18284
f 18283 18635 18285
f 18285 18635 18637
f 18286 18639 18293
f 18290 18640 18644
f 18290 18644 18296
f 18294 18642 18302
f 18299 18643 18647
f 18298 18646 18307
f 18307 18646 18651
f 18303 18648 18308
f 18308 18648 18314
f 18313 18650 18653
f 18312 18654 18656
f 18312 18656 18320
f 18317 18657 18658
f 18317 18658 18322
f 18323 18660 18326
f 18327 18661 18662
f 18331 18665 18335
f 18334 18664 18667
f 18333 18666 18671
f 18333 18671 18338
f 18339 18672 18347
f 18343 18670 18674
f 18346 18675 18348
f 18355 18673 18679
f 18354 18677 18683
f 18353 18680 18357
f 18358 18682 18685
f 18361 18684 18363
f 18362 18686 18366
f 18367 18687 18692
f 18368 18693 18373
f 18374 18691 18379
f 18378 18690 18695
f 18377 18697 18383
f 18386 18699 18393
f 18387 18694 18705
f 18384 18706 18702
f 18391 18700 18709
f 18394 18708 18715
f 18392 18714 18718
f 18390 18720 18437
f 18389 18434 18723
f 18397 18726 18413
f 18388 18414 18411
f 18405 18421 18425
f 18415 18725 18422
f 18418 18722 18428
f 18419 18430 18424
f 18429 18724 18435
f 18432 18717 18727
f 18432 18727 18733
f 18436 18732 18438
f 18458 18736 18743
f 18460 18740 18464
f 18463 18739 18476
f 18475 18741 18747
f 18477 18748 18480
f 18481 18745 18753
f 18478 18751 18757
f 18478 18757 18488
f 18485 18758 18490
f 18491 18756 18755
f 18492 18752 18760
f 18562 18565 18764
f 18562 18764 18574
f 18569 18579 18765
f 18568 18769 18602
f 18573 18763 18580
f 18580 18763 18773
f 18577 18774 18767
f 18583 18588 18776
f 18581 18777 18778
f 18582 18779 18586
f 18588 18595 18776
f 18593 18605 18785
f 18592 18781 18596
f 18595 18789 18776
f 18596 18781 18793
f 18598 18792 18794
f 18597 18796 18788
f 18603 18770 18802
f 18604 18803 18782
f 18608 18806 18810
f 18607 18809 18614
f 18614 18809 18804
f 18614 18804 18811
f 18613 18813 18620
f 18617 18812 18815
f 18618 18814 18818
f 18618 18818 18621
f 18622 18817 18625
f 18698 18703 18823
f 18701 18820 18710
f 18707 18821 18713
f 18712 18822 18826
f 18711 18825 18716
f 18719 18827 18829
f 18719 18829 18731
f 18721 18730 18728
f 18731 18829 18827
f 18738 18761 18830
f 18735 18832 18744
f 18734 18749 18742
f 18746 18831 18750
f 18754 18830 18761
f 18766 18771 18835
f 18768 18834 18800
f 18775 18790 18836
f 18775 18836 18779
f 18784 18801 18842
f 18783 18839 18791
f 18787 18798 18845
f 18786 18844 18838
f 18791 18839 18851
f 18792 18848 18794
f 18797 18850 18852
f 18799 18854 18856
f 18795 18858 18844
f 18800 18834 18859
f 18800 18859 18869
f 18800 18869 18841
f 18805 18862 18815
f 18805 18815 18812
f 18808 18865 18883
f 18808 18883 18863
f 18840 18870 18871
f 18843 18872 18849
f 18847 18873 18875
f 18847 18875 18879
f 18847 18879 18855
f 18854 18867 18856
f 18853 18877 18880
f 18853 18880 18866
f 18865 18881 18883

