# https://github.com/mikedh/trimesh
v -0.01154935 -0.08184995 -0.00060756
v -0.01007802 -0.08167926 -0.00052261
v -0.01155259 -0.08188564 -0.00041935
v -0.01008019 -0.08169757 -0.00041935
v -0.01155503 -0.08191258 -0.00020923
v -0.01008235 -0.08171530 -0.00029418
v -0.01155552 -0.08191796 -0.00014797
v -0.01008404 -0.08172858 -0.00016576
v -0.01155629 -0.08192651 0.00000000
v -0.01008524 -0.08173764 -0.00002450
v -0.01008538 -0.08173863 0.00000000
v -0.01154773 -0.08183208 -0.00068455
v -0.01154482 -0.08180003 -0.00080554
v -0.01007131 -0.08162171 -0.00076928
v -0.01007385 -0.08164352 -0.00068580
v -0.01007388 -0.08164382 -0.00068456
v -0.01007767 -0.08167629 -0.00053780
v -0.01137977 -0.07997950 -0.00313264
v -0.00972645 -0.07995339 -0.00299558
v -0.00977878 -0.08014237 -0.00285071
v -0.01139568 -0.08015504 -0.00300441
v -0.00979195 -0.08019139 -0.00281129
v -0.01141782 -0.08039924 -0.00281113
v -0.00986771 -0.08048810 -0.00255323
v -0.01142237 -0.08044934 -0.00276902
v -0.00987775 -0.08052974 -0.00251393
v -0.01144785 -0.08073039 -0.00251384
v -0.00992206 -0.08072259 -0.00231977
v -0.01146353 -0.08090333 -0.00233735
v -0.00993875 -0.08079983 -0.00223546
v -0.01147190 -0.08099575 -0.00223536
v -0.00996393 -0.08092277 -0.00209193
v -0.01147974 -0.08108221 -0.00213415
v -0.00998222 -0.08101808 -0.00197121
v -0.01149141 -0.08121089 -0.00197114
v -0.00999541 -0.08109081 -0.00187247
v -0.01149347 -0.08123360 -0.00194060
v -0.01001325 -0.08119578 -0.00171736
v -0.01150735 -0.08138667 -0.00171735
v -0.01001920 -0.08123289 -0.00165835
v -0.01151571 -0.08147891 -0.00156440
v -0.01003717 -0.08135260 -0.00144897
v -0.01152040 -0.08153063 -0.00147058
v -0.01004274 -0.08139250 -0.00137061
v -0.01152458 -0.08157677 -0.00138083
v -0.01005129 -0.08145681 -0.00123314
v -0.01153168 -0.08165508 -0.00121181
v -0.01005250 -0.08146614 -0.00121181
v -0.01153212 -0.08165987 -0.00120064
v -0.01006225 -0.08154476 -0.00101334
v -0.01153909 -0.08173682 -0.00100341
v -0.01006396 -0.08155905 -0.00097252
v -0.01154084 -0.08175607 -0.00094748
v -0.01006497 -0.08156751 -0.00094746
v -0.01006917 -0.08160325 -0.00083392
v -0.00967358 -0.07977005 -0.00312656
v -0.01136154 -0.07977849 -0.00327021
v -0.00953875 -0.07932765 -0.00341134
v -0.01001096 -0.08118181 0.00173900
v -0.00999491 -0.08108800 0.00187642
v -0.01149767 -0.08127997 0.00187635
v -0.00998075 -0.08101022 0.00198152
v -0.00995696 -0.08088790 0.00213391
v -0.01147977 -0.08108249 0.00213380
v -0.00970563 -0.07988037 0.00304880
v -0.00959864 -0.07952041 0.00329213
v -0.01135858 -0.07974578 0.00329175
v -0.00956238 -0.07940307 0.00336552
v -0.00958543 -0.07947742 0.00331933
v -0.01143169 -0.08055220 0.00267957
v -0.00983276 -0.08034772 0.00267979
v -0.01142185 -0.08044369 0.00277382
v -0.00980871 -0.08025473 0.00275912
v -0.01139917 -0.08019347 0.00297522
v -0.00973408 -0.07998042 0.00297550
v -0.00972332 -0.07994229 0.00300375
v -0.01145810 -0.08084350 0.00240039
v -0.00993956 -0.08080370 0.00223113
v -0.00990466 -0.08064492 0.00240055
v -0.01144403 -0.08068825 0.00255437
v -0.00989591 -0.08060690 0.00243879
v -0.00988396 -0.08055585 0.00248887
v -0.00998440 -0.08102990 0.00195558
v -0.01002141 -0.08124697 0.00163537
v -0.01150508 -0.08136167 0.00175613
v -0.01002240 -0.08125329 0.00162491
v -0.01151251 -0.08144362 0.00162487
v -0.01152492 -0.08158052 0.00137327
v -0.01005003 -0.08144711 0.00125497
v -0.01004128 -0.08138196 0.00139172
v -0.01003320 -0.08132502 0.00150029
v -0.01152783 -0.08161265 0.00130635
v -0.01153197 -0.08165831 0.00120430
v -0.01006031 -0.08152876 0.00105680
v -0.01153733 -0.08171740 0.00105679
v -0.01006235 -0.08154560 0.00101082
v -0.01155062 -0.08186393 0.00054068
v -0.01007760 -0.08167568 0.00054065
v -0.01007729 -0.08167303 0.00055384
v -0.01154929 -0.08184929 0.00061059
v -0.01007326 -0.08163842 0.00070626
v -0.01154489 -0.08180081 0.00080280
v -0.01007146 -0.08162293 0.00076525
v -0.01007024 -0.08161245 0.00080280
v -0.01154475 -0.08179918 0.00080850
v -0.01006835 -0.08159624 0.00085783
v -0.01006297 -0.08155074 0.00099635
v -0.01155448 -0.08190656 0.00026645
v -0.01008399 -0.08172819 0.00017041
v -0.01008267 -0.08171780 0.00027319
v -0.01155268 -0.08188669 0.00041281
v -0.01008036 -0.08169900 0.00041050
v -0.01007816 -0.08168041 0.00051644
v 0.00318034 -0.04445158 -0.00043018
v 0.00321882 -0.04421735 -0.00064952
v 0.00318034 -0.04445158 0.00043018
v 0.00155264 -0.05435863 -0.00013024
v 0.00165045 -0.05376331 -0.00073861
v 0.00155264 -0.05435863 0.00013024
v -0.01171534 -0.08181908 -0.00069941
v -0.01171745 -0.08184234 -0.00060076
v -0.01175798 -0.08183103 -0.00059690
v -0.01146281 -0.07997413 -0.00313508
v -0.01144570 -0.07978539 -0.00326402
v -0.01140214 -0.07978283 -0.00326886
v -0.01174457 -0.08168312 -0.00108484
v -0.01174100 -0.08164377 -0.00118121
v -0.01170038 -0.08165407 -0.00118824
v -0.01182973 -0.08187829 0.00000000
v -0.01184183 -0.08187156 -0.00000216
v -0.01180402 -0.08189075 -0.00000314
v -0.01197619 -0.08175991 0.00000000
v -0.01197504 -0.08174725 -0.00018663
v -0.01194421 -0.08177995 -0.00019041
v -0.01201245 -0.08171356 0.00000000
v -0.01203511 -0.08167937 0.00000000
v -0.01203046 -0.08167287 -0.00017823
v -0.01206669 -0.08162279 -0.00000000
v -0.01207807 -0.08159911 -0.00000000
v -0.01207702 -0.08158746 -0.00016880
v -0.01210323 -0.08153801 -0.00000000
v -0.01211506 -0.08150357 -0.00000000
v -0.01211406 -0.08149252 -0.00015852
v -0.01211745 -0.08149602 -0.00000000
v -0.01213628 -0.08142661 -0.00000000
v -0.01212887 -0.08144196 -0.00015311
v -0.01214590 -0.08138051 -0.00000000
v -0.01215049 -0.08135398 -0.00000000
v -0.01215086 -0.08133566 -0.00014185
v -0.01215486 -0.08132407 -0.00000000
v -0.01215997 -0.08127882 -0.00000000
v -0.01215798 -0.08128035 -0.00013605
v -0.01216471 -0.08120128 -0.00000000
v -0.01216524 -0.08117551 -0.00000000
v -0.01216442 -0.08116648 -0.00012422
v -0.01216520 -0.08114602 -0.00000000
v -0.01216468 -0.08112185 -0.00000000
v -0.01216374 -0.08110835 -0.00011823
v -0.01215774 -0.08101804 -0.00021899
v -0.01216049 -0.08104974 -0.00011223
v -0.01215949 -0.08103726 -0.00003387
v -0.01216124 -0.08105803 -0.00000000
v -0.01215966 -0.08103924 -0.00000000
v -0.01215887 -0.08103189 -0.00025318
v -0.01215466 -0.08098408 -0.00040307
v -0.01205489 -0.08163144 -0.00017363
v -0.01205597 -0.08164336 -0.00000000
v -0.01206236 -0.08163129 -0.00000000
v -0.01191146 -0.08180944 -0.00019389
v -0.01192295 -0.08181368 0.00000000
v -0.01196512 -0.08177234 0.00000000
v -0.01187689 -0.08183558 -0.00019704
v -0.01190681 -0.08182728 0.00000000
v -0.01191264 -0.08182249 0.00000000
v -0.01187809 -0.08184882 0.00000000
v -0.01187808 -0.08184877 -0.00000105
v -0.01187775 -0.08184905 0.00000000
v -0.01185386 -0.08186458 0.00000000
v -0.01168269 -0.08192582 -0.00000520
v -0.01170112 -0.08192304 0.00000000
v -0.01172430 -0.08191796 -0.00000466
v -0.01172646 -0.08191762 0.00000000
v -0.01176480 -0.08190625 -0.00000397
v -0.01177912 -0.08190122 0.00000000
v -0.01180403 -0.08189087 0.00000000
v -0.01160611 -0.08192974 -0.00001546
v -0.01161608 -0.08193050 0.00000000
v -0.01164014 -0.08193000 0.00000000
v -0.01216208 -0.08109005 -0.00026283
v -0.01215650 -0.08100580 -0.00039198
v -0.01215013 -0.08093409 -0.00058745
v -0.01216335 -0.08123326 -0.00000000
v -0.01216250 -0.08122388 -0.00013017
v -0.01216272 -0.08114771 -0.00027246
v -0.01215965 -0.08106326 -0.00040532
v -0.01215335 -0.08097098 -0.00053007
v -0.01216075 -0.08120466 -0.00028202
v -0.01216022 -0.08112022 -0.00041863
v -0.01215641 -0.08102750 -0.00054712
v -0.01214934 -0.08092679 -0.00066841
v -0.01214402 -0.08086669 -0.00077275
v -0.01215620 -0.08126067 -0.00029148
v -0.01215820 -0.08117648 -0.00043185
v -0.01215690 -0.08108353 -0.00056412
v -0.01215230 -0.08098213 -0.00068915
v -0.01214443 -0.08087259 -0.00080739
v -0.01213698 -0.08078900 -0.00094232
v -0.01214209 -0.08140001 -0.00000000
v -0.01214115 -0.08138961 -0.00014755
v -0.01214903 -0.08131554 -0.00030081
v -0.01215358 -0.08123182 -0.00044493
v -0.01215479 -0.08113887 -0.00058102
v -0.01215268 -0.08103699 -0.00070983
v -0.01214726 -0.08092652 -0.00083173
v -0.01213905 -0.08081328 -0.00093587
v -0.01213928 -0.08136904 -0.00030996
v -0.01214636 -0.08128601 -0.00045782
v -0.01215009 -0.08119328 -0.00059773
v -0.01215046 -0.08109116 -0.00073037
v -0.01214751 -0.08097997 -0.00085601
v -0.01214175 -0.08086575 -0.00096341
v -0.01213262 -0.08074232 -0.00106881
v -0.01212803 -0.08069033 -0.00111999
v -0.01212697 -0.08142096 -0.00031890
v -0.01213655 -0.08133885 -0.00047047
v -0.01214278 -0.08124658 -0.00061420
v -0.01214566 -0.08114442 -0.00075069
v -0.01214517 -0.08103274 -0.00088012
v -0.01214187 -0.08091774 -0.00099088
v -0.01213516 -0.08079311 -0.00109949
v -0.01212493 -0.08065759 -0.00120762
v -0.01211686 -0.08056716 -0.00130652
v -0.01209420 -0.08156156 -0.00000000
v -0.01209676 -0.08154109 -0.00016376
v -0.01211212 -0.08147111 -0.00032760
v -0.01212418 -0.08139014 -0.00048284
v -0.01213289 -0.08129854 -0.00063037
v -0.01213825 -0.08119658 -0.00077073
v -0.01214024 -0.08108464 -0.00090398
v -0.01213939 -0.08096904 -0.00101816
v -0.01213513 -0.08084344 -0.00113008
v -0.01212731 -0.08070653 -0.00124135
v -0.01211602 -0.08055931 -0.00134944
v -0.01210306 -0.08041489 -0.00150237
v -0.01209478 -0.08151928 -0.00033602
v -0.01210927 -0.08143966 -0.00049487
v -0.01212044 -0.08134896 -0.00064617
v -0.01212826 -0.08124742 -0.00079039
v -0.01213270 -0.08113543 -0.00092750
v -0.01213433 -0.08101949 -0.00104516
v -0.01213251 -0.08089310 -0.00116046
v -0.01212711 -0.08075500 -0.00127498
v -0.01211822 -0.08060625 -0.00138603
v -0.01210543 -0.08044245 -0.00149872
v -0.01207500 -0.08156526 -0.00034413
v -0.01209187 -0.08148721 -0.00050651
v -0.01210546 -0.08139764 -0.00066154
v -0.01211571 -0.08129675 -0.00080960
v -0.01212259 -0.08118494 -0.00095058
v -0.01212667 -0.08106886 -0.00107177
v -0.01212730 -0.08094190 -0.00119053
v -0.01212432 -0.08080281 -0.00130840
v -0.01211784 -0.08065274 -0.00142253
v -0.01210743 -0.08048726 -0.00153805
v -0.01209261 -0.08030102 -0.00165933
v -0.01208553 -0.08022157 -0.00171519
v -0.01205284 -0.08160887 -0.00035190
v -0.01207204 -0.08153262 -0.00051772
v -0.01208799 -0.08144438 -0.00067642
v -0.01210063 -0.08134436 -0.00082829
v -0.01210993 -0.08123296 -0.00097314
v -0.01211643 -0.08111697 -0.00109789
v -0.01211949 -0.08098966 -0.00122016
v -0.01211894 -0.08084978 -0.00134146
v -0.01211487 -0.08069859 -0.00145878
v -0.01210686 -0.08053161 -0.00157727
v -0.01209440 -0.08034351 -0.00170130
v -0.01207726 -0.08013175 -0.00183039
v -0.01206319 -0.07997515 -0.00194785
v -0.01200395 -0.08172527 0.00000000
v -0.01200384 -0.08171148 -0.00018256
v -0.01202838 -0.08164994 -0.00035928
v -0.01204983 -0.08157567 -0.00052845
v -0.01206809 -0.08148899 -0.00069075
v -0.01208307 -0.08139008 -0.00084639
v -0.01209473 -0.08127931 -0.00099508
v -0.01210364 -0.08116363 -0.00112341
v -0.01210911 -0.08103618 -0.00124925
v -0.01211097 -0.08089574 -0.00137404
v -0.01210932 -0.08074362 -0.00149465
v -0.01210370 -0.08057534 -0.00161624
v -0.01209362 -0.08038555 -0.00174315
v -0.01207883 -0.08017179 -0.00187484
v -0.01205878 -0.07992793 -0.00201373
v -0.01203412 -0.07965447 -0.00220749
v -0.01202532 -0.08161620 -0.00053867
v -0.01199862 -0.08165399 -0.00054830
v -0.01200173 -0.08168822 -0.00036625
v -0.01197290 -0.08172367 -0.00037279
v -0.01196976 -0.08168896 -0.00055734
v -0.01194205 -0.08175608 -0.00037887
v -0.01193886 -0.08172094 -0.00056575
v -0.01190927 -0.08178530 -0.00038446
v -0.01190605 -0.08174975 -0.00057347
v -0.01187468 -0.08181120 -0.00038952
v -0.01187142 -0.08177528 -0.00058047
v -0.01183839 -0.08183364 -0.00039405
v -0.01183511 -0.08179742 -0.00058673
v -0.01180056 -0.08185255 -0.00039802
v -0.01179725 -0.08181603 -0.00059222
v -0.01176132 -0.08186780 -0.00040141
v -0.01179282 -0.08176718 -0.00078594
v -0.01183071 -0.08174895 -0.00077893
v -0.01186707 -0.08172726 -0.00077093
v -0.01190174 -0.08170223 -0.00076198
v -0.01193460 -0.08167394 -0.00075211
v -0.01196555 -0.08164256 -0.00074138
v -0.01199447 -0.08160822 -0.00072982
v -0.01202123 -0.08157111 -0.00071751
v -0.01204581 -0.08153130 -0.00070446
v -0.01178038 -0.08163000 -0.00117266
v -0.01178721 -0.08170532 -0.00097957
v -0.01181837 -0.08161283 -0.00116266
v -0.01182515 -0.08168758 -0.00097105
v -0.01185484 -0.08159236 -0.00115124
v -0.01186155 -0.08166644 -0.00096132
v -0.01188963 -0.08156867 -0.00113846
v -0.01189628 -0.08164202 -0.00095043
v -0.01192263 -0.08154189 -0.00112437
v -0.01192920 -0.08161442 -0.00093843
v -0.01195373 -0.08151214 -0.00110905
v -0.01196022 -0.08158378 -0.00092538
v -0.01198281 -0.08147954 -0.00109255
v -0.01198922 -0.08155022 -0.00091133
v -0.01200973 -0.08144430 -0.00107498
v -0.01201605 -0.08151397 -0.00089635
v -0.01203449 -0.08140646 -0.00105635
v -0.01204071 -0.08147506 -0.00088049
v -0.01205696 -0.08136624 -0.00103677
v -0.01206307 -0.08143370 -0.00086381
v -0.01207706 -0.08132380 -0.00101632
v -0.01184062 -0.08185824 -0.00019986
v -0.01180281 -0.08187733 -0.00020232
v -0.01176358 -0.08189275 -0.00020443
v -0.01172307 -0.08190439 -0.00020617
v -0.01172080 -0.08187930 -0.00040420
v -0.01168145 -0.08191220 -0.00020752
v -0.01169291 -0.08157170 -0.00136679
v -0.01173358 -0.08156184 -0.00135883
v -0.01177300 -0.08154859 -0.00134917
v -0.01181104 -0.08153202 -0.00133785
v -0.01184757 -0.08151224 -0.00132493
v -0.01188243 -0.08148933 -0.00131046
v -0.01191551 -0.08146340 -0.00129453
v -0.01194669 -0.08143457 -0.00127719
v -0.01197587 -0.08140298 -0.00125852
v -0.01200289 -0.08136880 -0.00123864
v -0.01202775 -0.08133210 -0.00121756
v -0.01205032 -0.08129305 -0.00119540
v -0.01207053 -0.08125185 -0.00117226
v -0.01208832 -0.08120865 -0.00114823
v -0.01168411 -0.08147462 -0.00154872
v -0.01172482 -0.08146523 -0.00153986
v -0.01176430 -0.08145257 -0.00152910
v -0.01180240 -0.08143669 -0.00151649
v -0.01183900 -0.08141769 -0.00150210
v -0.01187394 -0.08139566 -0.00148599
v -0.01190711 -0.08137069 -0.00146825
v -0.01193838 -0.08134292 -0.00144894
v -0.01196766 -0.08131246 -0.00142815
v -0.01199479 -0.08127948 -0.00140600
v -0.01201977 -0.08124405 -0.00138253
v -0.01204246 -0.08120636 -0.00135785
v -0.01206280 -0.08116656 -0.00133208
v -0.01208072 -0.08112481 -0.00130532
v -0.01209618 -0.08108129 -0.00127767
v -0.01167378 -0.08136076 -0.00173531
v -0.01171454 -0.08135191 -0.00172556
v -0.01175408 -0.08133990 -0.00171372
v -0.01179226 -0.08132479 -0.00169986
v -0.01182893 -0.08130665 -0.00168404
v -0.01186396 -0.08128561 -0.00166633
v -0.01189723 -0.08126172 -0.00164682
v -0.01192861 -0.08123512 -0.00162559
v -0.01195800 -0.08120591 -0.00160273
v -0.01198525 -0.08117428 -0.00157837
v -0.01201036 -0.08114028 -0.00155256
v -0.01203319 -0.08110408 -0.00152543
v -0.01205367 -0.08106585 -0.00149710
v -0.01207174 -0.08102573 -0.00146767
v -0.01208734 -0.08098389 -0.00143727
v -0.01210043 -0.08094050 -0.00140602
v -0.01166206 -0.08123141 -0.00192199
v -0.01170287 -0.08122314 -0.00191142
v -0.01174247 -0.08121183 -0.00189858
v -0.01178072 -0.08119753 -0.00188353
v -0.01181748 -0.08118033 -0.00186637
v -0.01185261 -0.08116032 -0.00184715
v -0.01188597 -0.08113758 -0.00182598
v -0.01191747 -0.08111222 -0.00180294
v -0.01194698 -0.08108437 -0.00177814
v -0.01197436 -0.08105417 -0.00175172
v -0.01199961 -0.08102169 -0.00172371
v -0.01202258 -0.08098709 -0.00169427
v -0.01204321 -0.08095051 -0.00166353
v -0.01206144 -0.08091213 -0.00163160
v -0.01207721 -0.08087208 -0.00159861
v -0.01209046 -0.08083054 -0.00156471
v -0.01210117 -0.08078766 -0.00153001
v -0.01164842 -0.08108105 -0.00211410
v -0.01168929 -0.08107340 -0.00210274
v -0.01172896 -0.08106283 -0.00208893
v -0.01176729 -0.08104942 -0.00207277
v -0.01180414 -0.08103323 -0.00205432
v -0.01183937 -0.08101434 -0.00203367
v -0.01187285 -0.08099284 -0.00201091
v -0.01190447 -0.08096883 -0.00198615
v -0.01193411 -0.08094244 -0.00195949
v -0.01196164 -0.08091378 -0.00193109
v -0.01198703 -0.08088293 -0.00190099
v -0.01201016 -0.08085006 -0.00186935
v -0.01203095 -0.08081529 -0.00183631
v -0.01204935 -0.08077877 -0.00180199
v -0.01206529 -0.08074065 -0.00176653
v -0.01207873 -0.08070109 -0.00173009
v -0.01208962 -0.08066024 -0.00169279
v -0.01209795 -0.08061827 -0.00165479
v -0.01163231 -0.08090335 -0.00231596
v -0.01167324 -0.08089636 -0.00230383
v -0.01171299 -0.08088662 -0.00228910
v -0.01175140 -0.08087416 -0.00227185
v -0.01178835 -0.08085905 -0.00225217
v -0.01182369 -0.08084138 -0.00223013
v -0.01185729 -0.08082122 -0.00220585
v -0.01188904 -0.08079868 -0.00217943
v -0.01191883 -0.08077384 -0.00215098
v -0.01194650 -0.08074687 -0.00212068
v -0.01197205 -0.08071780 -0.00208856
v -0.01199536 -0.08068679 -0.00205480
v -0.01201633 -0.08065396 -0.00201954
v -0.01203490 -0.08061946 -0.00198293
v -0.01205104 -0.08058344 -0.00194510
v -0.01206467 -0.08054603 -0.00190621
v -0.01207576 -0.08050738 -0.00186641
v -0.01208430 -0.08046764 -0.00182587
v -0.01209025 -0.08042698 -0.00178473
v -0.01161350 -0.08069579 -0.00252575
v -0.01165449 -0.08068952 -0.00251291
v -0.01169431 -0.08068063 -0.00249731
v -0.01173282 -0.08066918 -0.00247905
v -0.01176987 -0.08065522 -0.00245820
v -0.01180533 -0.08063883 -0.00243486
v -0.01183905 -0.08062009 -0.00240915
v -0.01187094 -0.08059908 -0.00238117
v -0.01190088 -0.08057590 -0.00235105
v -0.01192872 -0.08055070 -0.00231896
v -0.01195444 -0.08052350 -0.00228494
v -0.01197792 -0.08049446 -0.00224919
v -0.01199908 -0.08046369 -0.00221185
v -0.01201785 -0.08043132 -0.00217308
v -0.01203418 -0.08039750 -0.00213302
v -0.01204802 -0.08036236 -0.00209183
v -0.01205932 -0.08032602 -0.00204969
v -0.01206807 -0.08028865 -0.00200675
v -0.01207424 -0.08025039 -0.00196319
v -0.01207783 -0.08021139 -0.00191916
v -0.01159138 -0.08045190 -0.00274519
v -0.01163244 -0.08044637 -0.00273168
v -0.01167235 -0.08043837 -0.00271527
v -0.01171095 -0.08042798 -0.00269606
v -0.01174811 -0.08041522 -0.00267413
v -0.01178369 -0.08040018 -0.00264958
v -0.01181755 -0.08038292 -0.00262253
v -0.01184959 -0.08036353 -0.00259310
v -0.01187968 -0.08034208 -0.00256141
v -0.01190769 -0.08031873 -0.00252766
v -0.01193358 -0.08029349 -0.00249188
v -0.01195725 -0.08026650 -0.00245428
v -0.01197861 -0.08023789 -0.00241500
v -0.01199758 -0.08020776 -0.00237421
v -0.01201412 -0.08017624 -0.00233207
v -0.01202817 -0.08014347 -0.00228875
v -0.01203970 -0.08010957 -0.00224442
v -0.01204867 -0.08007468 -0.00219925
v -0.01205506 -0.08003892 -0.00215342
v -0.01205888 -0.08000245 -0.00210711
v -0.01206012 -0.07996542 -0.00206049
v -0.01156483 -0.08015899 -0.00297948
v -0.01160596 -0.08015423 -0.00296535
v -0.01164595 -0.08014718 -0.00294818
v -0.01168465 -0.08013789 -0.00292808
v -0.01172193 -0.08012641 -0.00290513
v -0.01175763 -0.08011278 -0.00287945
v -0.01179164 -0.08009708 -0.00285115
v -0.01182383 -0.08007938 -0.00282036
v -0.01185409 -0.08005977 -0.00278721
v -0.01188227 -0.08003836 -0.00275189
v -0.01190835 -0.08001518 -0.00271446
v -0.01193222 -0.07999037 -0.00267512
v -0.01195378 -0.07996402 -0.00263402
v -0.01197296 -0.07993625 -0.00259135
v -0.01198973 -0.07990718 -0.00254726
v -0.01200400 -0.07987690 -0.00250193
v -0.01201576 -0.07984555 -0.00245556
v -0.01202497 -0.07981327 -0.00240830
v -0.01203160 -0.07978016 -0.00236035
v -0.01203567 -0.07974637 -0.00231190
v -0.01203715 -0.07971201 -0.00226312
v -0.01203605 -0.07967723 -0.00221421
v -0.01167580 -0.08184989 -0.00060377
v -0.01167368 -0.08182653 -0.00070284
v -0.01167130 -0.08180023 -0.00080070
v -0.01200626 -0.07934865 -0.00244619
v -0.01200709 -0.07938046 -0.00249720
v -0.01200534 -0.07941186 -0.00254807
v -0.01200101 -0.07944272 -0.00259861
v -0.01199411 -0.07947292 -0.00264861
v -0.01198464 -0.07950234 -0.00269789
v -0.01197263 -0.07953088 -0.00274626
v -0.01195811 -0.07955839 -0.00279353
v -0.01194110 -0.07958481 -0.00283951
v -0.01192168 -0.07960999 -0.00288402
v -0.01189989 -0.07963385 -0.00292688
v -0.01187581 -0.07965627 -0.00296791
v -0.01184952 -0.07967718 -0.00300695
v -0.01182115 -0.07969645 -0.00304378
v -0.01179071 -0.07971405 -0.00307836
v -0.01175835 -0.07972989 -0.00311047
v -0.01172419 -0.07974387 -0.00313999
v -0.01168834 -0.07975594 -0.00316677
v -0.01165093 -0.07976603 -0.00319070
v -0.01161212 -0.07977411 -0.00321167
v -0.01157204 -0.07978012 -0.00322957
v -0.01153083 -0.07978402 -0.00324431
v -0.01150575 -0.07997429 -0.00312704
v -0.01148866 -0.07978578 -0.00325582
v -0.01159325 -0.08189080 -0.00040884
v -0.01163787 -0.08190501 -0.00030797
v -0.01163659 -0.08189085 -0.00040792
v -0.01167917 -0.08188701 -0.00040637
v -0.01163321 -0.08185362 -0.00060591
v -0.01163109 -0.08183019 -0.00070528
v -0.01162870 -0.08180382 -0.00080344
v -0.01162597 -0.08177376 -0.00090287
v -0.01152272 -0.08016142 -0.00299051
v -0.01154933 -0.08045495 -0.00275574
v -0.01157150 -0.08069942 -0.00253578
v -0.01159036 -0.08090753 -0.00232543
v -0.01160652 -0.08108574 -0.00212297
v -0.01162020 -0.08123658 -0.00193025
v -0.01163197 -0.08136639 -0.00174291
v -0.01164233 -0.08148067 -0.00155564
v -0.01165116 -0.08157813 -0.00137300
v -0.01165866 -0.08166082 -0.00119373
v -0.01170396 -0.08169362 -0.00109136
v -0.01174788 -0.08171958 -0.00098684
v -0.01159454 -0.08190498 -0.00030872
v -0.01159555 -0.08191611 -0.00020906
v -0.01163888 -0.08191613 -0.00020849
v -0.01164011 -0.08192978 -0.00000558
v -0.01167196 -0.08192741 0.00000000
v -0.01158987 -0.08185350 -0.00060718
v -0.01158774 -0.08183003 -0.00070673
v -0.01158535 -0.08180361 -0.00080506
v -0.01158262 -0.08177349 -0.00090466
v -0.01157962 -0.08174043 -0.00100282
v -0.01157265 -0.08166353 -0.00119995
v -0.01157627 -0.08170343 -0.00110222
v -0.01161963 -0.08170382 -0.00110008
v -0.01162298 -0.08174075 -0.00100085
v -0.01166560 -0.08173736 -0.00099751
v -0.01166858 -0.08177026 -0.00089983
v -0.01171026 -0.08176306 -0.00089556
v -0.01171296 -0.08179290 -0.00079685
v -0.01175352 -0.08178186 -0.00079192
v -0.01175588 -0.08180789 -0.00069501
v -0.01141926 -0.07997171 -0.00313983
v -0.01147980 -0.08016151 -0.00299838
v -0.01150645 -0.08045547 -0.00276325
v -0.01152865 -0.08070035 -0.00254293
v -0.01154755 -0.08090885 -0.00233217
v -0.01156375 -0.08108745 -0.00212930
v -0.01157745 -0.08123864 -0.00193613
v -0.01158925 -0.08136875 -0.00174834
v -0.01159964 -0.08148333 -0.00156058
v -0.01160850 -0.08158107 -0.00137743
v -0.01161602 -0.08166399 -0.00119765
v -0.01166226 -0.08170054 -0.00109645
v -0.01170729 -0.08173028 -0.00099284
v -0.01175083 -0.08175217 -0.00089009
v -0.01192692 -0.07847352 -0.00295131
v -0.01187108 -0.07785768 -0.00324195
v -0.01192722 -0.07849952 -0.00300571
v -0.01187111 -0.07788071 -0.00329775
v -0.01192494 -0.07852511 -0.00305996
v -0.01186857 -0.07790335 -0.00335340
v -0.01192009 -0.07855020 -0.00311385
v -0.01186345 -0.07792550 -0.00340868
v -0.01191268 -0.07857469 -0.00316718
v -0.01190270 -0.07859849 -0.00321974
v -0.01189018 -0.07862150 -0.00327132
v -0.01187517 -0.07864363 -0.00332173
v -0.01185769 -0.07866479 -0.00337076
v -0.01183781 -0.07868489 -0.00341823
v -0.01171926 -0.08186230 -0.00050276
v -0.01167762 -0.08186994 -0.00050535
v -0.01163503 -0.08187373 -0.00050720
v -0.01159170 -0.08187365 -0.00050829
v -0.01156512 -0.08158047 -0.00138004
v -0.01155624 -0.08148257 -0.00156348
v -0.01154584 -0.08136782 -0.00175154
v -0.01153403 -0.08123751 -0.00193960
v -0.01152030 -0.08108612 -0.00213303
v -0.01146294 -0.08045346 -0.00276769
v -0.01148516 -0.08069857 -0.00254714
v -0.01150409 -0.08090731 -0.00233615
v -0.01143627 -0.08015923 -0.00300302
v -0.01168576 -0.07932008 -0.00340278
v -0.01172007 -0.07930775 -0.00337224
v -0.01175260 -0.07929373 -0.00333901
v -0.01178321 -0.07927806 -0.00330323
v -0.01181178 -0.07926087 -0.00326512
v -0.01183827 -0.07924214 -0.00322472
v -0.01186256 -0.07922201 -0.00318226
v -0.01188456 -0.07920056 -0.00313791
v -0.01190421 -0.07917787 -0.00309185
v -0.01192144 -0.07915404 -0.00304427
v -0.01193621 -0.07912916 -0.00299536
v -0.01194847 -0.07910335 -0.00294531
v -0.01195819 -0.07907668 -0.00289431
v -0.01196534 -0.07904928 -0.00284257
v -0.01196992 -0.07902125 -0.00279028
v -0.01197193 -0.07899270 -0.00273764
v -0.01197136 -0.07896375 -0.00268485
v -0.01199303 -0.07920132 -0.00251860
v -0.01194206 -0.07863911 -0.00284364
v -0.01187454 -0.07789440 -0.00320492
v -0.01144331 -0.08044622 0.00277356
v -0.01154585 -0.08157720 0.00138443
v -0.01159874 -0.08170273 0.00110477
v -0.01159511 -0.08166265 0.00120261
v -0.01163635 -0.08166137 0.00119962
v -0.01161936 -0.08193012 0.00001001
v -0.01177966 -0.08190070 0.00000792
v -0.01174085 -0.08191350 0.00000866
v -0.01185384 -0.08186433 0.00000600
v -0.01181737 -0.08188430 0.00000703
v -0.01188890 -0.08184088 0.00000484
v -0.01192288 -0.08181356 0.00000418
v -0.01197981 -0.08175522 0.00001010
v -0.01196004 -0.08177715 0.00001468
v -0.01203734 -0.08166143 0.00018078
v -0.01206126 -0.08161909 0.00017604
v -0.01208290 -0.08157401 0.00017104
v -0.01210217 -0.08152639 0.00016581
v -0.01213328 -0.08142414 0.00015471
v -0.01211900 -0.08147637 0.00016036
v -0.01214494 -0.08136988 0.00014889
v -0.01216019 -0.08125612 0.00013680
v -0.01215393 -0.08131380 0.00014291
v -0.01216368 -0.08119705 0.00013058
v -0.01216250 -0.08108052 0.00011842
v -0.01215796 -0.08102046 0.00020170
v -0.01216437 -0.08113688 0.00012429
v -0.01210658 -0.08046371 0.00152257
v -0.01210615 -0.08044901 0.00146097
v -0.01211889 -0.08058948 0.00127491
v -0.01188215 -0.07797832 0.00316735
v -0.01157643 -0.08191446 0.00021337
v -0.01157769 -0.08192839 0.00001016
v -0.01157073 -0.08185156 0.00061048
v -0.01157412 -0.08188896 0.00041273
v -0.01155705 -0.08170075 0.00110616
v -0.01155342 -0.08166062 0.00120411
v -0.01156043 -0.08173796 0.00100650
v -0.01156344 -0.08177119 0.00090817
v -0.01160211 -0.08173990 0.00100522
v -0.01163997 -0.08170135 0.00110199
v -0.01167698 -0.08165674 0.00119514
v -0.01168966 -0.08179663 0.00080208
v -0.01169417 -0.08184637 0.00060555
v -0.01165360 -0.08185166 0.00060801
v -0.01169754 -0.08188351 0.00040916
v -0.01165698 -0.08188892 0.00041094
v -0.01169983 -0.08190883 0.00021114
v -0.01165928 -0.08191433 0.00021225
v -0.01170109 -0.08192267 0.00000926
v -0.01166054 -0.08192822 0.00000971
v -0.01161810 -0.08191620 0.00021300
v -0.01161579 -0.08189073 0.00041213
v -0.01161240 -0.08185338 0.00060965
v -0.01165147 -0.08182817 0.00070722
v -0.01168059 -0.08169659 0.00109784
v -0.01164334 -0.08173843 0.00100267
v -0.01160512 -0.08177311 0.00090700
v -0.01156619 -0.08180148 0.00080836
v -0.01161027 -0.08182984 0.00070909
v -0.01164908 -0.08180175 0.00080522
v -0.01168693 -0.08176655 0.00090120
v -0.01172378 -0.08172523 0.00099378
v -0.01171685 -0.08164877 0.00118919
v -0.01168394 -0.08173354 0.00099886
v -0.01164634 -0.08177156 0.00090467
v -0.01160786 -0.08180335 0.00080731
v -0.01156859 -0.08182800 0.00071003
v -0.01173960 -0.08189972 0.00020966
v -0.01177841 -0.08188699 0.00020781
v -0.01181614 -0.08187068 0.00020560
v -0.01185261 -0.08185084 0.00020304
v -0.01188769 -0.08182749 0.00020013
v -0.01192123 -0.08180073 0.00019689
v -0.01195310 -0.08177063 0.00019332
v -0.01198317 -0.08173730 0.00018943
v -0.01201130 -0.08170083 0.00018525
v -0.01151465 -0.08123307 0.00194438
v -0.01150090 -0.08108142 0.00213768
v -0.01155638 -0.08123553 0.00194212
v -0.01154265 -0.08108400 0.00213525
v -0.01159770 -0.08123510 0.00193763
v -0.01158399 -0.08108384 0.00213043
v -0.01163845 -0.08123176 0.00193091
v -0.01162477 -0.08108088 0.00212320
v -0.01167847 -0.08122549 0.00192197
v -0.01166484 -0.08107514 0.00211360
v -0.01171761 -0.08121632 0.00191083
v -0.01170404 -0.08106663 0.00210163
v -0.01175572 -0.08120426 0.00189752
v -0.01174222 -0.08105534 0.00208733
v -0.01179264 -0.08118934 0.00188208
v -0.01177922 -0.08104132 0.00207074
v -0.01182822 -0.08117159 0.00186455
v -0.01181490 -0.08102460 0.00205190
v -0.01186233 -0.08115108 0.00184500
v -0.01184911 -0.08100523 0.00203089
v -0.01189483 -0.08112785 0.00182347
v -0.01188172 -0.08098326 0.00200776
v -0.01192557 -0.08110199 0.00180006
v -0.01191259 -0.08095876 0.00198260
v -0.01195443 -0.08107357 0.00177482
v -0.01194158 -0.08093183 0.00195549
v -0.01198125 -0.08104277 0.00174791
v -0.01196854 -0.08090259 0.00192657
v -0.01200599 -0.08100956 0.00171931
v -0.01199344 -0.08087105 0.00189584
v -0.01202851 -0.08097412 0.00168918
v -0.01201611 -0.08083736 0.00186347
v -0.01204870 -0.08093657 0.00165763
v -0.01203647 -0.08080166 0.00182956
v -0.01206647 -0.08089703 0.00162476
v -0.01205441 -0.08076405 0.00179425
v -0.01208174 -0.08085568 0.00159071
v -0.01206986 -0.08072468 0.00175766
v -0.01209442 -0.08081263 0.00155560
v -0.01208273 -0.08068369 0.00171993
v -0.01210445 -0.08076807 0.00151955
v -0.01209295 -0.08064123 0.00168120
v -0.01211178 -0.08072216 0.00148271
v -0.01210047 -0.08059746 0.00164162
v -0.01211635 -0.08067504 0.00144522
v -0.01210525 -0.08055255 0.00160134
v -0.01211815 -0.08062700 0.00140727
v -0.01210724 -0.08050671 0.00156055
v -0.01211730 -0.08058192 0.00137191
v -0.01186615 -0.07791530 0.00338311
v -0.01187018 -0.07789197 0.00332532
v -0.01187142 -0.07786992 0.00327149
v -0.01173731 -0.08187452 0.00040679
v -0.01177614 -0.08186193 0.00040384
v -0.01181388 -0.08184579 0.00040031
v -0.01185037 -0.08182614 0.00039621
v -0.01188547 -0.08180301 0.00039156
v -0.01191904 -0.08177650 0.00038638
v -0.01195093 -0.08174668 0.00038067
v -0.01198103 -0.08171364 0.00037446
v -0.01200919 -0.08167749 0.00036777
v -0.01203525 -0.08163843 0.00036063
v -0.01205920 -0.08159646 0.00035305
v -0.01208088 -0.08155177 0.00034506
v -0.01210019 -0.08150455 0.00033669
v -0.01211705 -0.08145495 0.00032797
v -0.01213137 -0.08140314 0.00031894
v -0.01214308 -0.08134933 0.00030963
v -0.01215211 -0.08129371 0.00030007
v -0.01215841 -0.08123650 0.00029030
v -0.01216195 -0.08117791 0.00028036
v -0.01216268 -0.08111823 0.00027029
v -0.01216085 -0.08106231 0.00026092
v -0.01173396 -0.08183754 0.00060229
v -0.01177281 -0.08182517 0.00059821
v -0.01181057 -0.08180928 0.00059335
v -0.01184709 -0.08178992 0.00058770
v -0.01188222 -0.08176713 0.00058129
v -0.01191582 -0.08174099 0.00057414
v -0.01194775 -0.08171157 0.00056628
v -0.01197788 -0.08167898 0.00055771
v -0.01200609 -0.08164331 0.00054849
v -0.01203220 -0.08160476 0.00053865
v -0.01205620 -0.08156333 0.00052819
v -0.01207793 -0.08151922 0.00051718
v -0.01209730 -0.08147259 0.00050564
v -0.01211421 -0.08142362 0.00049363
v -0.01212859 -0.08137246 0.00048118
v -0.01214036 -0.08131932 0.00046834
v -0.01214945 -0.08126439 0.00045516
v -0.01215581 -0.08120788 0.00044169
v -0.01215941 -0.08115000 0.00042799
v -0.01216022 -0.08109102 0.00041411
v -0.01215845 -0.08103578 0.00040119
v -0.01215482 -0.08098579 0.00039545
v -0.01172947 -0.08178804 0.00079791
v -0.01176835 -0.08177594 0.00079271
v -0.01180614 -0.08176039 0.00078649
v -0.01184269 -0.08174143 0.00077929
v -0.01187786 -0.08171909 0.00077111
v -0.01191151 -0.08169345 0.00076198
v -0.01194349 -0.08166458 0.00075194
v -0.01197368 -0.08163259 0.00074101
v -0.01200194 -0.08159757 0.00072923
v -0.01202812 -0.08155971 0.00071667
v -0.01205218 -0.08151901 0.00070332
v -0.01207398 -0.08147567 0.00068926
v -0.01209342 -0.08142985 0.00067453
v -0.01211041 -0.08138171 0.00065920
v -0.01212487 -0.08133142 0.00064330
v -0.01213672 -0.08127919 0.00062692
v -0.01214589 -0.08122518 0.00061009
v -0.01215234 -0.08116960 0.00059290
v -0.01215603 -0.08111269 0.00057540
v -0.01215692 -0.08105469 0.00055769
v -0.01215524 -0.08100035 0.00054119
v -0.01215045 -0.08093763 0.00057619
v -0.01214485 -0.08087584 0.00075027
v -0.01215115 -0.08095531 0.00068171
v -0.01215273 -0.08100850 0.00070177
v -0.01215173 -0.08106528 0.00072330
v -0.01214794 -0.08112099 0.00074457
v -0.01214138 -0.08117536 0.00076547
v -0.01213210 -0.08122821 0.00078592
v -0.01212015 -0.08127932 0.00080584
v -0.01210559 -0.08132850 0.00082516
v -0.01208850 -0.08137558 0.00084381
v -0.01206897 -0.08142039 0.00086171
v -0.01204708 -0.08146275 0.00087880
v -0.01202293 -0.08150253 0.00089503
v -0.01199668 -0.08153952 0.00091030
v -0.01196834 -0.08157372 0.00092462
v -0.01193808 -0.08160496 0.00093790
v -0.01190604 -0.08163313 0.00095011
v -0.01187234 -0.08165815 0.00096121
v -0.01183712 -0.08167992 0.00097115
v -0.01180052 -0.08169838 0.00097991
v -0.01176269 -0.08171350 0.00098746
v -0.01158755 -0.08157932 0.00138273
v -0.01162881 -0.08157821 0.00137935
v -0.01166946 -0.08157385 0.00137428
v -0.01170937 -0.08156624 0.00136755
v -0.01175579 -0.08163747 0.00118177
v -0.01174835 -0.08155539 0.00135916
v -0.01179367 -0.08162286 0.00117290
v -0.01178628 -0.08154133 0.00134913
v -0.01183032 -0.08160499 0.00116262
v -0.01182299 -0.08152407 0.00133750
v -0.01186560 -0.08158389 0.00115095
v -0.01185833 -0.08150368 0.00132430
v -0.01189937 -0.08155964 0.00113793
v -0.01189217 -0.08148022 0.00130957
v -0.01193150 -0.08153229 0.00112360
v -0.01192437 -0.08145375 0.00129336
v -0.01196184 -0.08150196 0.00110800
v -0.01195480 -0.08142436 0.00127572
v -0.01199026 -0.08146872 0.00109120
v -0.01198331 -0.08139214 0.00125671
v -0.01201661 -0.08143277 0.00107328
v -0.01200976 -0.08135727 0.00123644
v -0.01204086 -0.08139409 0.00105423
v -0.01203412 -0.08131975 0.00121490
v -0.01206285 -0.08135289 0.00103417
v -0.01205622 -0.08127976 0.00119221
v -0.01208249 -0.08130931 0.00101316
v -0.01207598 -0.08123745 0.00116844
v -0.01209970 -0.08126349 0.00099128
v -0.01209330 -0.08119297 0.00114369
v -0.01211437 -0.08121563 0.00096860
v -0.01210810 -0.08114647 0.00111804
v -0.01212644 -0.08116587 0.00094522
v -0.01212030 -0.08109813 0.00109159
v -0.01213585 -0.08111442 0.00092121
v -0.01212984 -0.08104813 0.00106444
v -0.01214254 -0.08106145 0.00089668
v -0.01213666 -0.08099665 0.00103669
v -0.01214647 -0.08100719 0.00087172
v -0.01214073 -0.08094390 0.00100845
v -0.01214760 -0.08095188 0.00084644
v -0.01214200 -0.08089013 0.00097986
v -0.01214614 -0.08090005 0.00082290
v -0.01214067 -0.08083973 0.00095323
v -0.01153695 -0.08147904 0.00156786
v -0.01157866 -0.08148126 0.00156597
v -0.01161994 -0.08148036 0.00156220
v -0.01166062 -0.08147631 0.00155656
v -0.01170056 -0.08146911 0.00154907
v -0.01173959 -0.08145877 0.00153972
v -0.01177757 -0.08144530 0.00152856
v -0.01181435 -0.08142876 0.00151562
v -0.01184976 -0.08140917 0.00150092
v -0.01188369 -0.08138659 0.00148452
v -0.01191598 -0.08136110 0.00146647
v -0.01194650 -0.08133279 0.00144684
v -0.01197512 -0.08130172 0.00142568
v -0.01200168 -0.08126807 0.00140311
v -0.01202615 -0.08123186 0.00137913
v -0.01204838 -0.08119325 0.00135386
v -0.01206827 -0.08115237 0.00132740
v -0.01208572 -0.08110939 0.00129985
v -0.01210067 -0.08106444 0.00127129
v -0.01211301 -0.08101770 0.00124185
v -0.01212270 -0.08096936 0.00121162
v -0.01212967 -0.08091956 0.00118073
v -0.01213389 -0.08086851 0.00114929
v -0.01213532 -0.08081647 0.00111747
v -0.01213414 -0.08076768 0.00108782
v -0.01152653 -0.08136402 0.00175585
v -0.01156824 -0.08136635 0.00175377
v -0.01160954 -0.08136568 0.00174963
v -0.01165025 -0.08136196 0.00174344
v -0.01169023 -0.08135522 0.00173520
v -0.01172932 -0.08134545 0.00172493
v -0.01176736 -0.08133266 0.00171266
v -0.01180421 -0.08131691 0.00169843
v -0.01183970 -0.08129820 0.00168228
v -0.01187371 -0.08127662 0.00166425
v -0.01190610 -0.08125223 0.00164441
v -0.01193673 -0.08122510 0.00162283
v -0.01196547 -0.08119532 0.00159957
v -0.01199215 -0.08116304 0.00157476
v -0.01201676 -0.08112828 0.00154841
v -0.01203913 -0.08109120 0.00152064
v -0.01205916 -0.08105193 0.00149155
v -0.01207677 -0.08101062 0.00146126
v -0.01209187 -0.08096740 0.00142988
v -0.01210437 -0.08092245 0.00139751
v -0.01211423 -0.08087593 0.00136429
v -0.01212137 -0.08082801 0.00133034
v -0.01212577 -0.08077887 0.00129578
v -0.01212737 -0.08072876 0.00126080
v -0.01212635 -0.08068176 0.00122821
v -0.01213787 -0.08079888 0.00092253
v -0.01212936 -0.08070503 0.00109544
v -0.01148461 -0.08090175 0.00234123
v -0.01152637 -0.08090449 0.00233865
v -0.01156774 -0.08090460 0.00233350
v -0.01160856 -0.08090208 0.00232579
v -0.01164868 -0.08089690 0.00231554
v -0.01168794 -0.08088909 0.00230277
v -0.01172620 -0.08087865 0.00228751
v -0.01176329 -0.08086561 0.00226981
v -0.01179907 -0.08085000 0.00224972
v -0.01183339 -0.08083187 0.00222730
v -0.01186612 -0.08081126 0.00220263
v -0.01189713 -0.08078825 0.00217578
v -0.01192627 -0.08076292 0.00214685
v -0.01195338 -0.08073539 0.00211600
v -0.01197844 -0.08070566 0.00208322
v -0.01200129 -0.08067389 0.00204868
v -0.01202183 -0.08064018 0.00201251
v -0.01203996 -0.08060465 0.00197483
v -0.01205561 -0.08056744 0.00193579
v -0.01206867 -0.08052868 0.00189554
v -0.01207910 -0.08048850 0.00185422
v -0.01208684 -0.08044708 0.00181199
v -0.01209183 -0.08040454 0.00176901
v -0.01209404 -0.08036112 0.00172550
v -0.01209358 -0.08032035 0.00168497
v -0.01209067 -0.08027820 0.00165601
v -0.01146548 -0.08069072 0.00255407
v -0.01150725 -0.08069361 0.00255133
v -0.01154865 -0.08069402 0.00254588
v -0.01158951 -0.08069195 0.00253772
v -0.01162969 -0.08068738 0.00252686
v -0.01166901 -0.08068032 0.00251333
v -0.01170735 -0.08067078 0.00249717
v -0.01174454 -0.08065878 0.00247842
v -0.01178042 -0.08064434 0.00245713
v -0.01181486 -0.08062752 0.00243338
v -0.01184773 -0.08060836 0.00240725
v -0.01187888 -0.08058694 0.00237881
v -0.01190817 -0.08056330 0.00234816
v -0.01193545 -0.08053757 0.00231548
v -0.01196068 -0.08050978 0.00228075
v -0.01198372 -0.08048002 0.00224416
v -0.01200444 -0.08044844 0.00220584
v -0.01202278 -0.08041513 0.00216594
v -0.01203863 -0.08038021 0.00212458
v -0.01205191 -0.08034380 0.00208194
v -0.01206256 -0.08030605 0.00203817
v -0.01207052 -0.08026711 0.00199343
v -0.01207574 -0.08022710 0.00194791
v -0.01207818 -0.08018623 0.00190181
v -0.01207794 -0.08014783 0.00185888
v -0.01207130 -0.08006465 0.00186739
v -0.01148510 -0.08044927 0.00277068
v -0.01152652 -0.08045000 0.00276495
v -0.01156743 -0.08044839 0.00275637
v -0.01160766 -0.08044444 0.00274495
v -0.01164706 -0.08043815 0.00273073
v -0.01168548 -0.08042954 0.00271373
v -0.01172276 -0.08041860 0.00269402
v -0.01175876 -0.08040539 0.00267164
v -0.01179332 -0.08038992 0.00264667
v -0.01182632 -0.08037227 0.00261918
v -0.01185762 -0.08035246 0.00258928
v -0.01188707 -0.08033058 0.00255706
v -0.01191452 -0.08030674 0.00252269
v -0.01193993 -0.08028092 0.00248618
v -0.01196316 -0.08025326 0.00244770
v -0.01198408 -0.08022386 0.00240741
v -0.01200263 -0.08019283 0.00236545
v -0.01201869 -0.08016027 0.00232197
v -0.01203219 -0.08012631 0.00227713
v -0.01204307 -0.08009107 0.00223111
v -0.01205126 -0.08005467 0.00218407
v -0.01205672 -0.08001726 0.00213620
v -0.01205940 -0.07997903 0.00208773
v -0.01205938 -0.07994310 0.00204258
v -0.01204262 -0.07974826 0.00213562
v -0.01141684 -0.08015426 0.00300647
v -0.01138301 -0.07978107 0.00326982
v -0.01145864 -0.08015747 0.00300346
v -0.01142483 -0.07978447 0.00326668
v -0.01150010 -0.08015852 0.00299746
v -0.01146631 -0.07978587 0.00326043
v -0.01154104 -0.08015741 0.00298849
v -0.01150731 -0.07978530 0.00325108
v -0.01158134 -0.08015411 0.00297655
v -0.01154767 -0.07978272 0.00323864
v -0.01162081 -0.08014864 0.00296168
v -0.01158722 -0.07977814 0.00322313
v -0.01165932 -0.08014098 0.00294391
v -0.01162583 -0.07977156 0.00320461
v -0.01169670 -0.08013118 0.00292330
v -0.01166332 -0.07976298 0.00318312
v -0.01173281 -0.08011924 0.00289990
v -0.01169956 -0.07975246 0.00315873
v -0.01176751 -0.08010522 0.00287380
v -0.01173440 -0.07973999 0.00313152
v -0.01180065 -0.08008912 0.00284506
v -0.01176770 -0.07972562 0.00310156
v -0.01183210 -0.08007102 0.00281380
v -0.01179932 -0.07970940 0.00306897
v -0.01186172 -0.08005098 0.00278011
v -0.01182912 -0.07969139 0.00303385
v -0.01188935 -0.08002909 0.00274418
v -0.01185694 -0.07967166 0.00299640
v -0.01191495 -0.08000536 0.00270600
v -0.01188275 -0.07965020 0.00295660
v -0.01193837 -0.07997990 0.00266578
v -0.01190639 -0.07962716 0.00291468
v -0.01195951 -0.07995281 0.00262366
v -0.01192776 -0.07960260 0.00287076
v -0.01197827 -0.07992417 0.00257978
v -0.01194676 -0.07957660 0.00282503
v -0.01199456 -0.07989410 0.00253432
v -0.01196329 -0.07954926 0.00277764
v -0.01200829 -0.07986270 0.00248745
v -0.01197728 -0.07952066 0.00272877
v -0.01201941 -0.07983008 0.00243933
v -0.01198866 -0.07949094 0.00267861
v -0.01202784 -0.07979637 0.00239015
v -0.01199736 -0.07946018 0.00262735
v -0.01203355 -0.07976170 0.00234010
v -0.01200334 -0.07942852 0.00257517
v -0.01203648 -0.07972623 0.00228942
v -0.01200655 -0.07939609 0.00252235
v -0.01203670 -0.07969287 0.00224223
v -0.01200702 -0.07936557 0.00247315
v -0.01197194 -0.07897863 0.00271309
v -0.01197122 -0.07900639 0.00276401
v -0.01196774 -0.07903585 0.00281868
v -0.01196150 -0.07906460 0.00287267
v -0.01195254 -0.07909247 0.00292572
v -0.01194090 -0.07911938 0.00297763
v -0.01192666 -0.07914523 0.00302820
v -0.01190988 -0.07916991 0.00307725
v -0.01189065 -0.07919335 0.00312458
v -0.01186907 -0.07921545 0.00317002
v -0.01184521 -0.07923614 0.00321341
v -0.01181920 -0.07925535 0.00325459
v -0.01179118 -0.07927297 0.00329336
v -0.01176120 -0.07928903 0.00332970
v -0.01172942 -0.07930342 0.00336342
v -0.01169597 -0.07931610 0.00339442
v -0.01166099 -0.07932705 0.00342259
v -0.01184404 -0.07867921 0.00340405
v -0.01186351 -0.07865842 0.00335528
v -0.01188054 -0.07863648 0.00330474
v -0.01189504 -0.07861348 0.00325262
v -0.01190693 -0.07858947 0.00319913
v -0.01191616 -0.07856457 0.00314445
v -0.01192268 -0.07853885 0.00308881
v -0.01192643 -0.07851245 0.00303248
v -0.01192742 -0.07848754 0.00298001
v -0.01200677 -0.07935280 0.00242050
v -0.01195494 -0.07878121 0.00276650
v -0.00849519 -0.07994049 -0.00200769
v -0.00843153 -0.07991130 -0.00191901
v -0.00857393 -0.08029604 -0.00156443
v -0.00851166 -0.08025550 -0.00148223
v -0.00845153 -0.08021209 -0.00139836
v -0.00852238 -0.08040399 -0.00117904
v -0.00818715 -0.07995712 -0.00096188
v -0.00814217 -0.07989971 -0.00087279
v -0.00826938 -0.08021585 -0.00048083
v -0.00613507 -0.07520212 -0.00259895
v -0.00611607 -0.07517898 -0.00247312
v -0.00721366 -0.07779934 -0.00160750
v -0.00993759 -0.08165565 -0.00051722
v -0.00992896 -0.08158689 -0.00080441
v -0.00993372 -0.08162481 -0.00066069
v -0.00965506 -0.07997571 -0.00296872
v -0.00953921 -0.08131713 -0.00118554
v -0.00946577 -0.08129244 -0.00115181
v -0.00947699 -0.08135396 -0.00100211
v -0.00938843 -0.08065863 -0.00216721
v -0.00935264 -0.08052892 -0.00230266
v -0.00927815 -0.08052451 -0.00225090
v -0.00943327 -0.08149066 -0.00030702
v -0.00936035 -0.08144942 -0.00029399
v -0.00936406 -0.08146885 -0.00010778
v -0.00898448 -0.08026464 -0.00229432
v -0.00891291 -0.08004854 -0.00247949
v -0.00883999 -0.08003872 -0.00240906
v -0.00891168 -0.08025119 -0.00222623
v -0.00876812 -0.08002561 -0.00233510
v -0.00851943 -0.07960650 -0.00251377
v -0.00848511 -0.07959925 -0.00247098
v -0.00862836 -0.07998950 -0.00217731
v -0.00833018 -0.08037564 0.00000000
v -0.00833054 -0.08037625 0.00000000
v -0.00832922 -0.08037261 -0.00003393
v -0.00805460 -0.07982051 -0.00003328
v -0.00806157 -0.07983715 0.00000000
v -0.00815380 -0.08004377 0.00000002
v -0.00800354 -0.07969867 -0.00019916
v -0.00803180 -0.07976611 -0.00011659
v -0.00810066 -0.07991946 -0.00021445
v -0.00804609 -0.07980022 -0.00006758
v -0.00774316 -0.07906407 -0.00096313
v -0.00779253 -0.07919512 -0.00063000
v -0.00799019 -0.07965470 -0.00051788
v -0.00789502 -0.07943971 -0.00044553
v -0.00795996 -0.07959467 -0.00030776
v -0.00738683 -0.07822694 -0.00117867
v -0.00763402 -0.07881684 -0.00086971
v -0.00634187 -0.07573325 -0.00208479
v -0.00699271 -0.07728641 -0.00157581
v -0.01008337 -0.08173838 -0.00000002
v -0.01006580 -0.08173602 -0.00000015
v -0.00972875 -0.08164328 -0.00014075
v -0.00980231 -0.08167592 -0.00000002
v -0.00980106 -0.08166735 -0.00014640
v -0.00980239 -0.08167594 -0.00000002
v -0.00987287 -0.08168788 -0.00015173
v -0.00990938 -0.08170586 -0.00000024
v -0.00994404 -0.08170489 -0.00015674
v -0.00994534 -0.08171422 -0.00000031
v -0.01001447 -0.08171843 -0.00016141
v -0.00958309 -0.08158433 -0.00012848
v -0.00965723 -0.08162336 0.00000005
v -0.00965604 -0.08161560 -0.00013477
v -0.00965735 -0.08162341 0.00000005
v -0.00972705 -0.08165038 0.00000001
v -0.00951001 -0.08154942 -0.00012188
v -0.00943696 -0.08151093 -0.00011497
v -0.00937977 -0.08148377 0.00000000
v -0.00951113 -0.08155636 0.00000002
v -0.00951129 -0.08155644 0.00000002
v -0.00955574 -0.08157833 0.00000004
v -0.00907696 -0.08126566 -0.00007629
v -0.00907775 -0.08126989 0.00000002
v -0.00920436 -0.08136784 0.00000002
v -0.00905361 -0.08124977 0.00000002
v -0.00893443 -0.08112978 -0.00020579
v -0.00890928 -0.08111941 0.00000000
v -0.00900773 -0.08121025 0.00000002
v -0.00886671 -0.08106527 -0.00018966
v -0.00880028 -0.08099784 -0.00017321
v -0.00880424 -0.08101287 0.00000001
v -0.00873528 -0.08092765 -0.00015646
v -0.00876732 -0.08097289 0.00000002
v -0.00867182 -0.08085485 -0.00013945
v -0.00867532 -0.08086715 0.00000007
v -0.00861001 -0.08077960 -0.00012222
v -0.00862774 -0.08080882 0.00000010
v -0.00854997 -0.08070205 -0.00010479
v -0.00850533 -0.08064604 0.00000010
v -0.00838134 -0.08045750 -0.00005175
v -0.00839334 -0.08047892 0.00000002
v -0.00843554 -0.08054082 -0.00006953
v -0.00843764 -0.08054730 0.00000006
v -0.00849178 -0.08062241 -0.00008722
v -0.00827926 -0.08028635 -0.00001610
v -0.00824338 -0.08022124 0.00000000
v -0.00826663 -0.08026413 0.00000001
v -0.00820804 -0.08013955 -0.00021545
v -0.00817992 -0.08007000 -0.00034717
v -0.00813901 -0.07999523 -0.00028063
v -0.00823760 -0.08021038 0.00000000
v -0.00825335 -0.08021908 -0.00026785
v -0.00823117 -0.08019823 0.00000000
v -0.00823082 -0.08019755 0.00000000
v -0.00818455 -0.08010701 -0.00000001
v -0.00818420 -0.08010630 -0.00000001
v -0.00863242 -0.08016412 -0.00192266
v -0.00856085 -0.07996659 -0.00209387
v -0.00870006 -0.08019082 -0.00200288
v -0.00869751 -0.08000918 -0.00225779
v -0.00855418 -0.07961295 -0.00255572
v -0.00877210 -0.08039932 -0.00179879
v -0.00877713 -0.08058331 -0.00147523
v -0.00884512 -0.08062045 -0.00154471
v -0.00881421 -0.08069826 -0.00131968
v -0.00888234 -0.08073915 -0.00138447
v -0.00885251 -0.08082307 -0.00112179
v -0.00892081 -0.08086870 -0.00117978
v -0.00887250 -0.08089179 -0.00099346
v -0.00894090 -0.08094040 -0.00104649
v -0.00889365 -0.08096839 -0.00082436
v -0.00896220 -0.08102073 -0.00087023
v -0.00897358 -0.08106603 -0.00075156
v -0.00904334 -0.08111743 -0.00079117
v -0.00905511 -0.08116849 -0.00063182
v -0.00890495 -0.08101140 -0.00071086
v -0.00898529 -0.08111447 -0.00059899
v -0.00899604 -0.08116029 -0.00040966
v -0.00906591 -0.08121688 -0.00043375
v -0.00900332 -0.08119127 -0.00022156
v -0.00907324 -0.08124959 -0.00023693
v -0.00900801 -0.08121050 0.00000002
v -0.00903190 -0.08106985 -0.00091486
v -0.00901052 -0.08098578 -0.00109803
v -0.00899037 -0.08091107 -0.00123608
v -0.00895180 -0.08077676 -0.00144730
v -0.00891451 -0.08065431 -0.00161200
v -0.00884139 -0.08042731 -0.00187216
v -0.00784612 -0.07811357 -0.00319418
v -0.00819943 -0.07884850 -0.00292907
v -0.00791297 -0.07811584 -0.00329095
v -0.00823369 -0.07885150 -0.00297445
v -0.00798187 -0.07811508 -0.00338366
v -0.00826839 -0.07885373 -0.00301885
v -0.00830354 -0.07885518 -0.00306226
v -0.00876927 -0.08021425 -0.00208034
v -0.00883987 -0.08023439 -0.00215485
v -0.00891200 -0.08045198 -0.00194285
v -0.00898373 -0.08047327 -0.00201069
v -0.00898513 -0.08068482 -0.00167697
v -0.00905680 -0.08071193 -0.00173946
v -0.00914777 -0.08132156 -0.00008454
v -0.00922026 -0.08137928 0.00000002
v -0.00905641 -0.08049117 -0.00207554
v -0.00858931 -0.07961861 -0.00259679
v -0.00862481 -0.07962345 -0.00263695
v -0.00866064 -0.07962749 -0.00267619
v -0.00837500 -0.07885577 -0.00314596
v -0.00841126 -0.07885492 -0.00318619
v -0.00833908 -0.07885587 -0.00310463
v -0.00869679 -0.07963072 -0.00271447
v -0.00844784 -0.07885330 -0.00322533
v -0.00880682 -0.07963561 -0.00282338
v -0.00876991 -0.07963478 -0.00278808
v -0.00873322 -0.07963314 -0.00275177
v -0.00927626 -0.08077257 -0.00191082
v -0.00916605 -0.08062768 -0.00200667
v -0.00920255 -0.08075582 -0.00185649
v -0.00912933 -0.08073560 -0.00179934
v -0.00929147 -0.08142323 -0.00010030
v -0.00928775 -0.08140465 -0.00028045
v -0.00921933 -0.08137412 -0.00009255
v -0.00921559 -0.08135637 -0.00026641
v -0.00914405 -0.08130466 -0.00025189
v -0.00884394 -0.07963565 -0.00285764
v -0.00898667 -0.08005506 -0.00254626
v -0.00905808 -0.08027475 -0.00235899
v -0.00912983 -0.08050567 -0.00213726
v -0.00863445 -0.07883402 -0.00340368
v -0.00906106 -0.08005833 -0.00260922
v -0.00891867 -0.07963339 -0.00292301
v -0.00888123 -0.07963491 -0.00289086
v -0.00873902 -0.07923144 -0.00314842
v -0.00870159 -0.07923431 -0.00311444
v -0.00855918 -0.07884393 -0.00333587
v -0.00852183 -0.07884779 -0.00330019
v -0.00923990 -0.08064139 -0.00206335
v -0.00935030 -0.08078587 -0.00196224
v -0.00938703 -0.08093050 -0.00177592
v -0.00931318 -0.08091358 -0.00172744
v -0.00923962 -0.08089317 -0.00167632
v -0.00916652 -0.08086926 -0.00162264
v -0.00909407 -0.08084187 -0.00156651
v -0.00902244 -0.08081102 -0.00150802
v -0.00944478 -0.08118582 -0.00137038
v -0.00942498 -0.08109313 -0.00153244
v -0.00937126 -0.08116128 -0.00132980
v -0.00935133 -0.08107156 -0.00148844
v -0.00929798 -0.08113319 -0.00128720
v -0.00927795 -0.08104647 -0.00144219
v -0.00922510 -0.08110156 -0.00124264
v -0.00920499 -0.08101783 -0.00139373
v -0.00915279 -0.08106642 -0.00119621
v -0.00913263 -0.08098570 -0.00134316
v -0.00908120 -0.08102780 -0.00114797
v -0.00906103 -0.08095009 -0.00129058
v -0.00911407 -0.08116553 -0.00082963
v -0.00912586 -0.08121922 -0.00066371
v -0.00918562 -0.08121024 -0.00086685
v -0.00919742 -0.08126655 -0.00069461
v -0.00925785 -0.08125148 -0.00090277
v -0.00926961 -0.08131045 -0.00072445
v -0.00933059 -0.08128921 -0.00093732
v -0.00934230 -0.08135082 -0.00075319
v -0.00940369 -0.08132337 -0.00097045
v -0.00941532 -0.08138764 -0.00078078
v -0.00910261 -0.08111564 -0.00095815
v -0.00917417 -0.08115802 -0.00100002
v -0.00924643 -0.08119694 -0.00104039
v -0.00931922 -0.08123233 -0.00107918
v -0.00939239 -0.08126417 -0.00111634
v -0.00913670 -0.08127019 -0.00045716
v -0.00920825 -0.08132013 -0.00047987
v -0.00928042 -0.08136664 -0.00050182
v -0.00935305 -0.08140964 -0.00052298
v -0.00942602 -0.08144909 -0.00054333
v -0.00949915 -0.08148495 -0.00056281
v -0.00949413 -0.08145446 -0.00068880
v -0.00881433 -0.07922345 -0.00321298
v -0.00885215 -0.07921836 -0.00324351
v -0.00889004 -0.07921256 -0.00327288
v -0.00906935 -0.07961971 -0.00304078
v -0.00903160 -0.07962425 -0.00301298
v -0.00899388 -0.07962805 -0.00298408
v -0.00892798 -0.07920604 -0.00330107
v -0.00914487 -0.07960847 -0.00309304
v -0.00942713 -0.08053007 -0.00235094
v -0.00946275 -0.08066225 -0.00221427
v -0.00949859 -0.08080224 -0.00205608
v -0.00949872 -0.08111117 -0.00157410
v -0.00951838 -0.08120680 -0.00140889
v -0.00957231 -0.08151722 -0.00058143
v -0.00957637 -0.08154302 -0.00045247
v -0.00964938 -0.08157270 -0.00046692
v -0.00961256 -0.08133827 -0.00121748
v -0.00960203 -0.08127869 -0.00134223
v -0.00900388 -0.07919096 -0.00335390
v -0.00907966 -0.07917324 -0.00340197
v -0.00950142 -0.08052802 -0.00239573
v -0.00953685 -0.08066260 -0.00225802
v -0.00957250 -0.08080543 -0.00209840
v -0.00953492 -0.08095395 -0.00186474
v -0.00957534 -0.08052286 -0.00243700
v -0.00961059 -0.08065978 -0.00229844
v -0.00964604 -0.08080537 -0.00213762
v -0.00960860 -0.08096057 -0.00190498
v -0.00962701 -0.08104521 -0.00178818
v -0.00948853 -0.08142087 -0.00080718
v -0.00956733 -0.08148545 -0.00071083
v -0.00964536 -0.08154587 -0.00059914
v -0.00972214 -0.08159876 -0.00048063
v -0.00955034 -0.08138096 -0.00103225
v -0.00956179 -0.08145052 -0.00083236
v -0.00964042 -0.08151286 -0.00073177
v -0.00971815 -0.08157092 -0.00061593
v -0.00979451 -0.08162126 -0.00049359
v -0.00964871 -0.08051469 -0.00247475
v -0.00968379 -0.08065388 -0.00233553
v -0.00971904 -0.08080215 -0.00217374
v -0.00968191 -0.08096387 -0.00194240
v -0.00970020 -0.08105054 -0.00182432
v -0.00971886 -0.08114446 -0.00168472
v -0.00972140 -0.08050362 -0.00250898
v -0.00975629 -0.08064500 -0.00236930
v -0.00979135 -0.08079585 -0.00220675
v -0.00975469 -0.08096393 -0.00197699
v -0.00977285 -0.08105257 -0.00185781
v -0.00979138 -0.08114880 -0.00171671
v -0.00973809 -0.08124870 -0.00151154
v -0.00962359 -0.08140439 -0.00106085
v -0.00963493 -0.08147656 -0.00085628
v -0.00971326 -0.08153668 -0.00075162
v -0.00979056 -0.08159241 -0.00063180
v -0.00986637 -0.08164021 -0.00050579
v -0.00968566 -0.08135585 -0.00124762
v -0.00969659 -0.08142424 -0.00108787
v -0.00970782 -0.08149902 -0.00087892
v -0.00978572 -0.08155692 -0.00077035
v -0.00986246 -0.08161036 -0.00064672
v -0.00990212 -0.08138782 -0.00132698
v -0.00989195 -0.08132064 -0.00145983
v -0.00982032 -0.08131524 -0.00143349
v -0.00914011 -0.07983406 -0.00289110
v -0.00921541 -0.07982516 -0.00294288
v -0.00929055 -0.07981337 -0.00299037
v -0.00922024 -0.07959442 -0.00314084
v -0.00936533 -0.07979879 -0.00303357
v -0.00929525 -0.07957769 -0.00318418
v -0.00943957 -0.07978155 -0.00307250
v -0.00936973 -0.07955839 -0.00322308
v -0.00951310 -0.07976179 -0.00310720
v -0.00944349 -0.07953665 -0.00325757
v -0.00958576 -0.07973963 -0.00313771
v -0.00951637 -0.07951264 -0.00328773
v -0.00972413 -0.08022364 -0.00277391
v -0.00965199 -0.08024091 -0.00274299
v -0.00958265 -0.07999567 -0.00293792
v -0.00957900 -0.08025554 -0.00270830
v -0.00950937 -0.08001311 -0.00290314
v -0.00950529 -0.08026741 -0.00266980
v -0.00943538 -0.08002792 -0.00286431
v -0.00943106 -0.08027639 -0.00262748
v -0.00936086 -0.08003995 -0.00282140
v -0.00935645 -0.08028238 -0.00258132
v -0.00928597 -0.08004911 -0.00277442
v -0.00928166 -0.08028529 -0.00253135
v -0.00921092 -0.08005528 -0.00272337
v -0.00920687 -0.08028503 -0.00247759
v -0.00913588 -0.08005837 -0.00266828
v -0.00859673 -0.07883934 -0.00337038
v -0.00877661 -0.07922782 -0.00318127
v -0.00895623 -0.07963109 -0.00295409
v -0.00979323 -0.08048975 -0.00253974
v -0.00982796 -0.08063324 -0.00239976
v -0.00986283 -0.08078660 -0.00223667
v -0.00982678 -0.08096083 -0.00200876
v -0.00984483 -0.08105139 -0.00188863
v -0.00986323 -0.08114987 -0.00174624
v -0.00981045 -0.08125580 -0.00154140
v -0.00991600 -0.08104710 -0.00191682
v -0.00989807 -0.08095467 -0.00203771
v -0.00988215 -0.08125959 -0.00156905
v -0.00993428 -0.08114777 -0.00177333
v -0.00991275 -0.08146285 -0.00115929
v -0.00997287 -0.08139177 -0.00134972
v -0.00998342 -0.08146893 -0.00117986
v -0.00992367 -0.08154527 -0.00093903
v -0.00999426 -0.08155381 -0.00095643
v -0.00998885 -0.08151071 -0.00107621
v -0.00985766 -0.08157364 -0.00078794
v -0.00978033 -0.08151792 -0.00090027
v -0.00976921 -0.08144057 -0.00111329
v -0.00975838 -0.08136994 -0.00127592
v -0.00967523 -0.08129433 -0.00137468
v -0.00959190 -0.08122425 -0.00144527
v -0.00957238 -0.08112570 -0.00161339
v -0.00947965 -0.08102442 -0.00170798
v -0.00985233 -0.08153332 -0.00092031
v -0.00984131 -0.08145342 -0.00113710
v -0.00983058 -0.08138057 -0.00130238
v -0.00974804 -0.08130650 -0.00140511
v -0.00966518 -0.08123820 -0.00147950
v -0.00964581 -0.08113679 -0.00165027
v -0.00955345 -0.08103653 -0.00174939
v -0.00946100 -0.08094394 -0.00182171
v -0.00942446 -0.08079574 -0.00201068
v -0.00931409 -0.08065170 -0.00211688
v -0.00920381 -0.08051677 -0.00219575
v -0.00913228 -0.08028153 -0.00242011
v -0.00848471 -0.07885092 -0.00326333
v -0.00996279 -0.08132276 -0.00148413
v -0.00995306 -0.08126014 -0.00159450
v -0.01001099 -0.08169147 -0.00039092
v -0.00994055 -0.08167874 -0.00038250
v -0.00986934 -0.08166255 -0.00037347
v -0.00979751 -0.08164286 -0.00036385
v -0.00972517 -0.08161961 -0.00035363
v -0.00965244 -0.08159279 -0.00034283
v -0.00957945 -0.08156235 -0.00033146
v -0.00950635 -0.08152831 -0.00031951
v -0.00503631 -0.07254499 -0.00333062
v -0.00501631 -0.07253094 -0.00319968
v -0.00499996 -0.07251495 -0.00306990
v -0.00521645 -0.07304750 -0.00272833
v -0.00723764 -0.07783588 -0.00172407
v -0.00777218 -0.07911427 -0.00106718
v -0.00806055 -0.07977990 -0.00069463
v -0.00822339 -0.08014361 -0.00041395
v -0.00809996 -0.07984057 -0.00078363
v -0.00615762 -0.07522344 -0.00272585
v -0.00726493 -0.07787083 -0.00184154
v -0.00618376 -0.07524280 -0.00285344
v -0.00729557 -0.07790404 -0.00195960
v -0.00621356 -0.07526006 -0.00298134
v -0.00732959 -0.07793533 -0.00207792
v -0.00624703 -0.07527510 -0.00310915
v -0.00736698 -0.07796456 -0.00219614
v -0.00628419 -0.07528778 -0.00323642
v -0.00740775 -0.07799159 -0.00231391
v -0.00632502 -0.07529801 -0.00336272
v -0.00745185 -0.07801626 -0.00243085
v -0.00709145 -0.07669340 -0.00342637
v -0.00703591 -0.07668799 -0.00331147
v -0.00749921 -0.07803843 -0.00254657
v -0.00778133 -0.07872773 -0.00221280
v -0.00783296 -0.07875355 -0.00232229
v -0.00780426 -0.07916312 -0.00117196
v -0.00783942 -0.07921042 -0.00127721
v -0.00787768 -0.07925600 -0.00138266
v -0.00791900 -0.07929970 -0.00148803
v -0.00796336 -0.07934133 -0.00159303
v -0.00801071 -0.07938073 -0.00169734
v -0.00830174 -0.08018179 -0.00086278
v -0.00823486 -0.08001262 -0.00105068
v -0.00835330 -0.08024081 -0.00094303
v -0.00828523 -0.08006605 -0.00113896
v -0.00840733 -0.08029763 -0.00102262
v -0.00845791 -0.08052239 -0.00047705
v -0.00842197 -0.08042252 -0.00068058
v -0.00840339 -0.08044915 -0.00042503
v -0.00836872 -0.08035550 -0.00061429
v -0.00835107 -0.08037406 -0.00037275
v -0.00831784 -0.08028655 -0.00054766
v -0.00830104 -0.08029730 -0.00032032
v -0.00831719 -0.08034014 -0.00019663
v -0.00836834 -0.08042125 -0.00023492
v -0.00842167 -0.08050074 -0.00027310
v -0.00847712 -0.08057845 -0.00031110
v -0.00853460 -0.08065417 -0.00034883
v -0.00851458 -0.08059358 -0.00052870
v -0.00847749 -0.08048741 -0.00074635
v -0.00833820 -0.08011721 -0.00122649
v -0.00860356 -0.08075865 -0.00025386
v -0.00813240 -0.07884017 -0.00283556
v -0.00806751 -0.07882878 -0.00273858
v -0.00778155 -0.07810832 -0.00309365
v -0.00800495 -0.07881435 -0.00263844
v -0.00771946 -0.07810009 -0.00298969
v -0.00794490 -0.07879696 -0.00253546
v -0.00766003 -0.07808891 -0.00288264
v -0.00788752 -0.07877665 -0.00242996
v -0.00760341 -0.07807486 -0.00277285
v -0.00754976 -0.07805800 -0.00266070
v -0.00698356 -0.07667978 -0.00319396
v -0.00859498 -0.08061018 -0.00087577
v -0.00865673 -0.08066770 -0.00093911
v -0.00861945 -0.08055698 -0.00111510
v -0.00858318 -0.08045321 -0.00125546
v -0.00863394 -0.08072915 -0.00063042
v -0.00865530 -0.08079895 -0.00042320
v -0.00869643 -0.08079318 -0.00068026
v -0.00871831 -0.08086767 -0.00045967
v -0.00876063 -0.08085449 -0.00072927
v -0.00837005 -0.07987909 -0.00182809
v -0.00831089 -0.07984400 -0.00173518
v -0.00825420 -0.07980613 -0.00164056
v -0.00811409 -0.07945225 -0.00190272
v -0.00806099 -0.07941776 -0.00180068
v -0.00841781 -0.07958236 -0.00238295
v -0.00835246 -0.07956232 -0.00229188
v -0.00828925 -0.07953920 -0.00219804
v -0.00822835 -0.07951309 -0.00210171
v -0.00816992 -0.07948407 -0.00200317
v -0.00870432 -0.08036805 -0.00172292
v -0.00863820 -0.08033361 -0.00164473
v -0.00871070 -0.08054299 -0.00140374
v -0.00864600 -0.08049958 -0.00133043
v -0.00874758 -0.08065419 -0.00125308
v -0.00868261 -0.08060705 -0.00118483
v -0.00878564 -0.08077429 -0.00106226
v -0.00872032 -0.08072245 -0.00100132
v -0.00880546 -0.08084002 -0.00093905
v -0.00873993 -0.08078524 -0.00088338
v -0.00882642 -0.08091294 -0.00077733
v -0.00891657 -0.08105725 -0.00056529
v -0.00883760 -0.08095368 -0.00066917
v -0.00884906 -0.08099697 -0.00053079
v -0.00878294 -0.08093372 -0.00049556
v -0.00892722 -0.08110053 -0.00038495
v -0.00885958 -0.08103772 -0.00035967
v -0.00879328 -0.08097198 -0.00033387
v -0.00872843 -0.08090346 -0.00030759
v -0.00866514 -0.08083229 -0.00028091
v -0.00859402 -0.08072773 -0.00038623
v -0.00857329 -0.08066257 -0.00057986
v -0.00853519 -0.08055003 -0.00081147
v -0.00846372 -0.08035208 -0.00110136
v -0.00839367 -0.08016594 -0.00131303
v -0.00820009 -0.07976561 -0.00154450
v -0.00893885 -0.08093373 0.00105911
v -0.00887044 -0.08088536 0.00100557
v -0.00885034 -0.08081655 0.00113253
v -0.00950268 -0.08150720 0.00045086
v -0.00950595 -0.08152684 0.00032944
v -0.00943285 -0.08148923 0.00031666
v -0.00931098 -0.08090556 0.00173832
v -0.00938487 -0.08092228 0.00178701
v -0.00942296 -0.08108468 0.00154606
v -0.00869821 -0.07922549 0.00311954
v -0.00855489 -0.07883289 0.00334162
v -0.00863018 -0.07882289 0.00340949
v -0.00969516 -0.08141562 0.00110927
v -0.00976781 -0.08143167 0.00113510
v -0.00977923 -0.08151055 0.00092263
v -0.00921231 -0.07981589 0.00294948
v -0.00914191 -0.07959989 0.00309869
v -0.00921730 -0.07958575 0.00314652
v -0.00884881 -0.07920939 0.00324872
v -0.00892467 -0.07919699 0.00330632
v -0.00907641 -0.07916404 0.00340727
v -0.00929235 -0.07956894 0.00318988
v -0.00991415 -0.08103740 0.00192994
v -0.00982518 -0.08062157 0.00241156
v -0.00831611 -0.08033761 0.00020331
v -0.00832870 -0.08037158 0.00003720
v -0.00827876 -0.08028535 0.00001895
v -0.00838080 -0.08045645 0.00005543
v -0.00836720 -0.08041853 0.00024246
v -0.00842048 -0.08049784 0.00028151
v -0.00843500 -0.08053976 0.00007362
v -0.00819662 -0.07975742 0.00155031
v -0.00833492 -0.08010926 0.00123383
v -0.00828199 -0.08005829 0.00114600
v -0.00777701 -0.07871770 0.00221738
v -0.00805787 -0.07941057 0.00180480
v -0.00800763 -0.07937363 0.00170133
v -0.00873789 -0.08077932 0.00089441
v -0.00875878 -0.08084896 0.00074188
v -0.00869460 -0.08078790 0.00069217
v -0.00784193 -0.07810374 0.00319819
v -0.00809915 -0.07991594 0.00021835
v -0.00813740 -0.07999151 0.00028502
v -0.00782063 -0.07926218 0.00058236
v -0.00770170 -0.07897836 0.00077259
v -0.00774036 -0.07905750 0.00096619
v -0.00692128 -0.07711594 0.00163908
v -0.00627104 -0.07556419 0.00213261
v -0.00611439 -0.07517512 0.00247308
v -0.00753007 -0.07856877 0.00100723
v -0.00728905 -0.07799360 0.00128606
v -0.00720979 -0.07779023 0.00161029
v -0.00799790 -0.07968520 0.00021427
v -0.00795727 -0.07958825 0.00031398
v -0.00798741 -0.07964816 0.00052279
v -0.00790110 -0.07945419 0.00043358
v -0.00804965 -0.07980871 0.00005399
v -0.00803919 -0.07978374 0.00009244
v -0.00802347 -0.07974623 0.00014239
v -0.00805772 -0.07982797 0.00001912
v -0.00820672 -0.08013648 0.00022072
v -0.00825194 -0.08021577 0.00027387
v -0.00817824 -0.08006608 0.00035206
v -0.00860946 -0.08077849 0.00012754
v -0.00867126 -0.08085373 0.00014518
v -0.00873472 -0.08092650 0.00016258
v -0.00879973 -0.08099668 0.00017972
v -0.00886617 -0.08106408 0.00019656
v -0.00893391 -0.08112858 0.00021307
v -0.00900669 -0.08120606 0.00007086
v -0.00900280 -0.08119003 0.00022920
v -0.00907273 -0.08124832 0.00024494
v -0.00929120 -0.08142283 0.00010388
v -0.00921903 -0.08137369 0.00009600
v -0.00914747 -0.08132112 0.00008787
v -0.00907664 -0.08126523 0.00007948
v -0.00936381 -0.08146845 0.00011148
v -0.00943672 -0.08151054 0.00011879
v -0.00950980 -0.08154905 0.00012581
v -0.00958290 -0.08158394 0.00013252
v -0.00965587 -0.08161522 0.00013891
v -0.00980093 -0.08166698 0.00015074
v -0.01001440 -0.08171805 0.00016599
v -0.00828609 -0.07953168 0.00220268
v -0.00834929 -0.07955471 0.00229665
v -0.00849164 -0.07993162 0.00201445
v -0.00878347 -0.08076800 0.00107255
v -0.00880340 -0.08083386 0.00095062
v -0.00882456 -0.08090715 0.00079063
v -0.00871817 -0.08071639 0.00101116
v -0.00806313 -0.07881834 0.00274374
v -0.00800057 -0.07880399 0.00264350
v -0.00777736 -0.07809855 0.00309758
v -0.00771528 -0.07809036 0.00299353
v -0.00708879 -0.07668759 0.00342776
v -0.00765584 -0.07807925 0.00288639
v -0.00794053 -0.07878667 0.00254040
v -0.00822519 -0.07950566 0.00210622
v -0.00842798 -0.07990256 0.00192560
v -0.00863481 -0.08032470 0.00165351
v -0.00864332 -0.08049251 0.00133874
v -0.00858051 -0.08044631 0.00126345
v -0.00850829 -0.08024700 0.00149046
v -0.00844818 -0.08020376 0.00140630
v -0.00830737 -0.07983553 0.00174139
v -0.00870801 -0.08053572 0.00141237
v -0.00857055 -0.08028735 0.00157294
v -0.00836651 -0.07987050 0.00183449
v -0.00816677 -0.07947671 0.00200755
v -0.00877444 -0.08057585 0.00148416
v -0.00788317 -0.07876645 0.00243479
v -0.00759924 -0.07806524 0.00277651
v -0.00703325 -0.07668218 0.00331281
v -0.00859285 -0.08060457 0.00088467
v -0.00853309 -0.08054464 0.00081988
v -0.00846110 -0.08034558 0.00110869
v -0.00840473 -0.08029131 0.00102961
v -0.00835075 -0.08023468 0.00094967
v -0.00829923 -0.08017583 0.00086907
v -0.00823166 -0.08000504 0.00105741
v -0.00849123 -0.08062132 0.00009173
v -0.00847588 -0.08057535 0.00032037
v -0.00854941 -0.08070096 0.00010971
v -0.00853333 -0.08065086 0.00035896
v -0.00860265 -0.08075639 0.00026307
v -0.00859272 -0.08072423 0.00039720
v -0.00865397 -0.08079524 0.00043501
v -0.00831594 -0.08028201 0.00055407
v -0.00836676 -0.08035076 0.00062120
v -0.00841996 -0.08041756 0.00068799
v -0.00847543 -0.08048225 0.00075427
v -0.00865458 -0.08066187 0.00094848
v -0.00863214 -0.08072414 0.00064163
v -0.00857153 -0.08065781 0.00059035
v -0.00851285 -0.08058908 0.00053846
v -0.00845623 -0.08051813 0.00048607
v -0.00840176 -0.08044514 0.00043330
v -0.00834951 -0.08037029 0.00038027
v -0.00826754 -0.08021153 0.00048673
v -0.00829955 -0.08029376 0.00032709
v -0.00822162 -0.08013949 0.00041935
v -0.00818400 -0.07994971 0.00096831
v -0.00813909 -0.07989248 0.00087891
v -0.00809694 -0.07983352 0.00078944
v -0.00805760 -0.07977302 0.00070013
v -0.00723372 -0.07782672 0.00172693
v -0.00613338 -0.07519827 0.00259894
v -0.00726097 -0.07786163 0.00184449
v -0.00615589 -0.07521960 0.00272587
v -0.00729157 -0.07789478 0.00196263
v -0.00618201 -0.07523896 0.00285350
v -0.00732555 -0.07792603 0.00208103
v -0.00621179 -0.07525624 0.00298145
v -0.00736292 -0.07795522 0.00219934
v -0.00624524 -0.07527128 0.00310930
v -0.00740365 -0.07798218 0.00231720
v -0.00628238 -0.07528397 0.00323662
v -0.00744772 -0.07800680 0.00243423
v -0.00632320 -0.07529419 0.00336297
v -0.00749507 -0.07802892 0.00255005
v -0.00796031 -0.07933430 0.00159687
v -0.00791597 -0.07929274 0.00149174
v -0.00787469 -0.07924914 0.00138624
v -0.00783648 -0.07920362 0.00128065
v -0.00780135 -0.07915640 0.00117527
v -0.00776932 -0.07910764 0.00107037
v -0.00503489 -0.07254191 0.00333020
v -0.00501492 -0.07252784 0.00319924
v -0.00499860 -0.07251185 0.00306943
v -0.00513023 -0.07284176 0.00276943
v -0.00951355 -0.07950366 0.00329344
v -0.00965189 -0.07996473 0.00297690
v -0.00972093 -0.08021188 0.00278362
v -0.00993248 -0.08113767 0.00178835
v -0.00995138 -0.08124979 0.00161195
v -0.00989033 -0.08131052 0.00147857
v -0.00996120 -0.08131238 0.00150309
v -0.00998212 -0.08145921 0.00120269
v -0.00999324 -0.08154573 0.00097995
v -0.01000360 -0.08163089 0.00069388
v -0.00999866 -0.08158993 0.00084330
v -0.00993717 -0.08165258 0.00053276
v -0.00993307 -0.08162001 0.00068053
v -0.00992809 -0.08158030 0.00082760
v -0.00992263 -0.08153742 0.00096219
v -0.00991142 -0.08145339 0.00118181
v -0.01001075 -0.08168968 0.00040249
v -0.00994028 -0.08167700 0.00039387
v -0.00994395 -0.08170450 0.00016124
v -0.00986140 -0.08114000 0.00176114
v -0.00988045 -0.08124950 0.00158632
v -0.00981867 -0.08130539 0.00145199
v -0.00986052 -0.08077620 0.00224825
v -0.00989613 -0.08094508 0.00204974
v -0.00984295 -0.08104189 0.00190166
v -0.00978953 -0.08113915 0.00173145
v -0.00980871 -0.08124596 0.00155846
v -0.00974635 -0.08129692 0.00142334
v -0.00979404 -0.08161836 0.00050855
v -0.00978987 -0.08158790 0.00065090
v -0.00986180 -0.08160569 0.00066620
v -0.00978480 -0.08155073 0.00079271
v -0.00985677 -0.08156725 0.00081074
v -0.00985125 -0.08152572 0.00094309
v -0.00983994 -0.08144423 0.00115928
v -0.00986906 -0.08166086 0.00038464
v -0.00979721 -0.08164122 0.00037480
v -0.00987276 -0.08168750 0.00015615
v -0.00967350 -0.08128502 0.00139261
v -0.00966337 -0.08122888 0.00149607
v -0.00973631 -0.08123911 0.00152838
v -0.00964389 -0.08112762 0.00166464
v -0.00971698 -0.08113505 0.00169928
v -0.00969825 -0.08104145 0.00183709
v -0.00977094 -0.08104327 0.00187072
v -0.00975269 -0.08095472 0.00198885
v -0.00982482 -0.08095143 0.00202071
v -0.00971666 -0.08079209 0.00218518
v -0.00978900 -0.08078562 0.00221827
v -0.00975349 -0.08063351 0.00238106
v -0.00979023 -0.08047781 0.00255091
v -0.00997139 -0.08138150 0.00137060
v -0.00990061 -0.08137782 0.00134760
v -0.00982904 -0.08137085 0.00132271
v -0.00975680 -0.08136050 0.00129594
v -0.00968405 -0.08134670 0.00126729
v -0.00961091 -0.08132940 0.00123677
v -0.00958281 -0.07972987 0.00314440
v -0.00957945 -0.07998481 0.00294611
v -0.00964875 -0.08022929 0.00275268
v -0.00971837 -0.08049184 0.00252013
v -0.00968094 -0.08064258 0.00234723
v -0.00964363 -0.08079551 0.00214898
v -0.00967988 -0.08095485 0.00195414
v -0.00962503 -0.08103634 0.00180079
v -0.00957043 -0.08111678 0.00162753
v -0.00959006 -0.08121519 0.00146156
v -0.00951012 -0.07975213 0.00311389
v -0.00950613 -0.08000236 0.00291131
v -0.00957573 -0.08024406 0.00271797
v -0.00964565 -0.08050310 0.00248585
v -0.00960772 -0.08064867 0.00231007
v -0.00957006 -0.08079577 0.00210965
v -0.00960653 -0.08095175 0.00191658
v -0.00955143 -0.08102787 0.00176182
v -0.00949673 -0.08110247 0.00158800
v -0.00900061 -0.07918184 0.00335918
v -0.00906636 -0.07961122 0.00304639
v -0.00920755 -0.08004503 0.00273138
v -0.00928747 -0.07980399 0.00299701
v -0.00928264 -0.08003874 0.00278249
v -0.00935308 -0.08027136 0.00259084
v -0.00927825 -0.08027443 0.00254078
v -0.00942396 -0.08051902 0.00236182
v -0.00934944 -0.08051806 0.00231342
v -0.00947761 -0.08101599 0.00172022
v -0.00945887 -0.08093552 0.00183299
v -0.00953281 -0.08094533 0.00187619
v -0.00942195 -0.08078647 0.00202166
v -0.00949611 -0.08079278 0.00206720
v -0.00945980 -0.08065153 0.00222569
v -0.00953395 -0.08065169 0.00226955
v -0.00949828 -0.08051678 0.00240670
v -0.00957224 -0.08051144 0.00244804
v -0.00942772 -0.08026521 0.00263706
v -0.00950199 -0.08025608 0.00267944
v -0.00935756 -0.08002945 0.00282952
v -0.00943211 -0.08001728 0.00287246
v -0.00936229 -0.07978931 0.00304024
v -0.00943656 -0.07977198 0.00307918
v -0.00936685 -0.07954955 0.00322879
v -0.00944065 -0.07952775 0.00326329
v -0.00899086 -0.07961964 0.00298965
v -0.00913248 -0.08004828 0.00267622
v -0.00920343 -0.08027433 0.00248693
v -0.00927491 -0.08051384 0.00226154
v -0.00797770 -0.07810513 0.00338782
v -0.00848039 -0.07883996 0.00326902
v -0.00862392 -0.07922904 0.00304815
v -0.00876681 -0.07962664 0.00279346
v -0.00898321 -0.08004522 0.00255401
v -0.00884087 -0.07962742 0.00286309
v -0.00877325 -0.07921891 0.00318644
v -0.00891563 -0.07962507 0.00292852
v -0.00905763 -0.08004835 0.00261707
v -0.00912881 -0.08027100 0.00242934
v -0.00920054 -0.08050630 0.00220624
v -0.00934776 -0.08077679 0.00197306
v -0.00927369 -0.08076369 0.00192146
v -0.00919995 -0.08074714 0.00186694
v -0.00972484 -0.08161803 0.00036435
v -0.00972164 -0.08159596 0.00049527
v -0.00971743 -0.08156655 0.00063463
v -0.00971232 -0.08153069 0.00077351
v -0.00970669 -0.08149189 0.00090083
v -0.00962212 -0.08139604 0.00108180
v -0.00953753 -0.08130855 0.00120441
v -0.00951651 -0.08119801 0.00142487
v -0.00944288 -0.08117729 0.00138603
v -0.00934928 -0.08106336 0.00150178
v -0.00923739 -0.08088536 0.00168698
v -0.00912671 -0.08072713 0.00180957
v -0.00905459 -0.08026439 0.00236810
v -0.00912654 -0.08049539 0.00214759
v -0.00938546 -0.08064812 0.00217850
v -0.00931108 -0.08064139 0.00212803
v -0.00923685 -0.08063129 0.00207433
v -0.00916298 -0.08061779 0.00201747
v -0.00905309 -0.08048109 0.00208569
v -0.00898095 -0.08025445 0.00230329
v -0.00890943 -0.08003884 0.00248714
v -0.00869368 -0.07962266 0.00271976
v -0.00855061 -0.07922951 0.00297239
v -0.00840693 -0.07884404 0.00319181
v -0.00898039 -0.08046339 0.00202065
v -0.00890813 -0.08024117 0.00223504
v -0.00883649 -0.08002916 0.00241658
v -0.00862168 -0.07961548 0.00264215
v -0.00847850 -0.07922685 0.00289244
v -0.00833473 -0.07884507 0.00311017
v -0.00972860 -0.08164290 0.00014499
v -0.00965208 -0.08159124 0.00035330
v -0.00964886 -0.08156997 0.00048122
v -0.00964461 -0.08154164 0.00061741
v -0.00963944 -0.08150707 0.00075317
v -0.00963377 -0.08146967 0.00087771
v -0.00954884 -0.08137290 0.00105273
v -0.00946406 -0.08128415 0.00117025
v -0.00936932 -0.08115303 0.00134508
v -0.00927587 -0.08103850 0.00145521
v -0.00916427 -0.08086166 0.00163306
v -0.00905416 -0.08070367 0.00174945
v -0.00890863 -0.08044230 0.00195260
v -0.00883631 -0.08022454 0.00216349
v -0.00876461 -0.08001618 0.00234249
v -0.00855103 -0.07960508 0.00256082
v -0.00840783 -0.07922104 0.00280848
v -0.00826404 -0.07884303 0.00302431
v -0.00790879 -0.07810593 0.00329503
v -0.00935222 -0.08140599 0.00053928
v -0.00927956 -0.08136313 0.00051757
v -0.00926831 -0.08130475 0.00074301
v -0.00919609 -0.08126109 0.00071251
v -0.00918399 -0.08120358 0.00088451
v -0.00911242 -0.08115915 0.00084664
v -0.00910078 -0.08110876 0.00097397
v -0.00903005 -0.08106324 0.00093008
v -0.00957908 -0.08156085 0.00034166
v -0.00957582 -0.08154039 0.00046641
v -0.00957154 -0.08151314 0.00059924
v -0.00956632 -0.08147987 0.00073170
v -0.00956059 -0.08144386 0.00085327
v -0.00947546 -0.08134619 0.00102208
v -0.00939064 -0.08125616 0.00113431
v -0.00929601 -0.08112521 0.00130210
v -0.00920289 -0.08101012 0.00140642
v -0.00909180 -0.08083447 0.00157666
v -0.00898247 -0.08067676 0.00168672
v -0.00883801 -0.08041783 0.00188169
v -0.00876569 -0.08020458 0.00208881
v -0.00869398 -0.07999991 0.00226504
v -0.00848195 -0.07959147 0.00247597
v -0.00833881 -0.07921207 0.00272074
v -0.00819506 -0.07883789 0.00293444
v -0.00855731 -0.07995758 0.00210080
v -0.00862883 -0.08015478 0.00193074
v -0.00870092 -0.08035896 0.00173196
v -0.00884243 -0.08061278 0.00155392
v -0.00888003 -0.08073236 0.00139375
v -0.00894949 -0.08076977 0.00145688
v -0.00898821 -0.08090408 0.00124765
v -0.00905888 -0.08094286 0.00130254
v -0.00907917 -0.08102061 0.00116157
v -0.00915077 -0.08105897 0.00121026
v -0.00917235 -0.08115086 0.00101642
v -0.00924464 -0.08118949 0.00105734
v -0.00925624 -0.08124455 0.00092105
v -0.00932900 -0.08128199 0.00095619
v -0.00934102 -0.08134489 0.00077238
v -0.00941407 -0.08138148 0.00080058
v -0.00941989 -0.08141467 0.00068545
v -0.00900848 -0.08097884 0.00111115
v -0.00891864 -0.08086194 0.00119093
v -0.00881189 -0.08069167 0.00132864
v -0.00874526 -0.08064780 0.00126171
v -0.00868031 -0.08060086 0.00119312
v -0.00861715 -0.08055097 0.00112304
v -0.00851973 -0.08039730 0.00118670
v -0.00839035 -0.08015780 0.00132068
v -0.00825070 -0.07979780 0.00164657
v -0.00811096 -0.07944498 0.00190698
v -0.00782862 -0.07874343 0.00232700
v -0.00754561 -0.07804844 0.00266427
v -0.00698091 -0.07667399 0.00319523
v -0.00920737 -0.08131676 0.00049504
v -0.00912452 -0.08121399 0.00068093
v -0.00904168 -0.08111132 0.00080751
v -0.00897191 -0.08106018 0.00076720
v -0.00896034 -0.08101441 0.00088483
v -0.00890328 -0.08100582 0.00072578
v -0.00889179 -0.08096234 0.00083831
v -0.00883592 -0.08094835 0.00068335
v -0.00866422 -0.08082991 0.00029083
v -0.00872749 -0.08090095 0.00031822
v -0.00871696 -0.08086376 0.00047230
v -0.00879235 -0.08096936 0.00034519
v -0.00878158 -0.08092960 0.00050900
v -0.00885865 -0.08103498 0.00037168
v -0.00884770 -0.08099263 0.00054503
v -0.00892629 -0.08109768 0.00039762
v -0.00891520 -0.08105270 0.00058031
v -0.00899512 -0.08115730 0.00042298
v -0.00898393 -0.08110969 0.00061476
v -0.00906501 -0.08121377 0.00044770
v -0.00905375 -0.08116349 0.00064832
v -0.00913581 -0.08126695 0.00047174
v -0.00914355 -0.08130337 0.00026025
v -0.00921512 -0.08135505 0.00027510
v -0.00928729 -0.08140329 0.00028946
v -0.00935992 -0.08144804 0.00030332
v -0.00942520 -0.08144530 0.00056015
v -0.00812803 -0.07882964 0.00284082
v -0.00841465 -0.07957466 0.00238783
v -0.00862482 -0.07998036 0.00218440
v -0.00869647 -0.08018130 0.00201116
v -0.00876872 -0.08039003 0.00180809
v -0.00891184 -0.08064644 0.00162149
v -0.00902014 -0.08080383 0.00151790
v -0.00913050 -0.08097823 0.00135550
v -0.00922310 -0.08109384 0.00125713
v -0.00931745 -0.08122460 0.00109666
v -0.00940213 -0.08131588 0.00098989
v -0.00948731 -0.08141447 0.00082755
v -0.00949309 -0.08144907 0.00070911
v -0.00949835 -0.08148102 0.00058015
v -0.00469566 -0.07180469 0.00057453
v -0.00469566 -0.07180469 -0.00057453
v -0.00079956 -0.06250695 -0.00037500
v -0.00079956 -0.06250695 0.00037500
v -0.01133870 -0.07952653 -0.00342857
v -0.00995811 -0.07935320 -0.00342857
v -0.01186067 -0.07793336 -0.00342857
v -0.01186246 -0.07802086 -0.00342857
v -0.01186258 -0.07815601 -0.00342857
v -0.01185465 -0.07841726 -0.00342857
v -0.01184658 -0.07854232 -0.00342857
v -0.01150389 -0.07948687 -0.00342857
v -0.01154294 -0.07945919 -0.00342857
v -0.01153254 -0.07946657 -0.00342857
v -0.01158041 -0.07942433 -0.00342857
v -0.01165006 -0.07933375 -0.00342857
v -0.01165227 -0.07932992 -0.00342857
v -0.01183277 -0.07868918 -0.00342857
v -0.01182148 -0.07876891 -0.00342857
v -0.01173766 -0.07912897 -0.00342857
v -0.01171068 -0.07920413 -0.00342857
v -0.01182709 -0.07737186 -0.00342857
v -0.01182912 -0.07739477 -0.00342857
v -0.01185167 -0.07771690 -0.00342857
v 0.00090852 -0.05824085 -0.00342857
v 0.00090278 -0.05826666 -0.00342857
v 0.00084516 -0.05849444 -0.00342857
v 0.00075836 -0.05876926 -0.00342857
v 0.00067505 -0.05898772 -0.00342857
v -0.00822354 -0.07836297 -0.00342857
v -0.00809559 -0.07821058 -0.00342857
v -0.00808651 -0.07819943 -0.00342857
v -0.00824929 -0.07839293 -0.00342857
v -0.00867690 -0.07884078 -0.00342857
v -0.00866380 -0.07882935 -0.00342857
v -0.00867904 -0.07884262 -0.00342857
v -0.00874559 -0.07889815 -0.00342857
v -0.00873448 -0.07888902 -0.00342857
v -0.00881063 -0.07894989 -0.00342857
v -0.00906292 -0.07912497 -0.00342857
v -0.00861547 -0.07878302 -0.00342857
v -0.00479297 -0.07196392 -0.00342857
v -0.00444570 -0.07116880 -0.00342857
v -0.00410279 -0.07037366 -0.00342857
v -0.00402889 -0.07019912 -0.00342857
v -0.00634846 -0.07530204 -0.00342857
v -0.00649292 -0.07558190 -0.00342857
v -0.00854117 -0.07870926 -0.00342857
v -0.00848819 -0.07865475 -0.00342857
v -0.00839786 -0.07855904 -0.00342857
v -0.00835749 -0.07851474 -0.00342857
v -0.00801781 -0.07811318 -0.00342857
v -0.00793956 -0.07800792 -0.00342857
v -0.00783759 -0.07786404 -0.00342857
v -0.00760609 -0.07751573 -0.00342857
v -0.00709260 -0.07669345 -0.00342857
v -0.00666479 -0.07590884 -0.00342857
v -0.00952948 -0.07929844 -0.00342857
v -0.00912597 -0.07916080 -0.00342857
v -0.00884726 -0.07897781 -0.00342857
v -0.00620581 -0.07501192 -0.00342857
v -0.00593462 -0.07444994 -0.00342857
v -0.00566309 -0.07387705 -0.00342857
v -0.00512229 -0.07270576 -0.00342857
v 0.00066482 -0.05901234 -0.00342857
v 0.00031489 -0.05984741 -0.00342857
v -0.00304615 -0.06786826 -0.00342857
v -0.00334561 -0.06858289 -0.00342857
v 0.00108771 -0.05718839 -0.00342857
v 0.00113595 -0.05689480 -0.00342857
v -0.01185998 -0.07828833 -0.00342857
v -0.01183582 -0.07866298 -0.00342857
v -0.01134924 -0.07952710 -0.00342857
v -0.01140488 -0.07952209 -0.00342857
v -0.01137879 -0.07952528 -0.00342857
v -0.01142164 -0.07952004 -0.00342857
v -0.01146341 -0.07950719 -0.00342857
v -0.01161224 -0.07938703 -0.00342857
v -0.01161616 -0.07938245 -0.00342857
v -0.01180427 -0.07886716 -0.00342857
v -0.01178452 -0.07896019 -0.00342857
v -0.01176231 -0.07904750 -0.00342857
v -0.01168146 -0.07927264 -0.00342857
v -0.01184170 -0.07755623 -0.00342857
v -0.01185898 -0.07787617 -0.00342857
v -0.01182326 -0.07732879 -0.00342857
v 0.00095257 -0.05801097 -0.00342857
v 0.00083788 -0.05852007 -0.00342857
v 0.00076714 -0.05874404 -0.00342857
v -0.00879127 -0.07893470 -0.00342857
v -0.00890880 -0.07902255 -0.00342857
v -0.00895678 -0.07905642 -0.00342857
v -0.00505395 -0.07255388 -0.00342857
v -0.00708849 -0.07668622 -0.00342857
v -0.00687776 -0.07630445 -0.00342857
v -0.00679381 -0.07614883 -0.00342857
v -0.00743630 -0.07725283 -0.00342857
v -0.00726387 -0.07697670 -0.00342857
v -0.00944094 -0.07927695 -0.00342857
v -0.00935193 -0.07925335 -0.00342857
v -0.00925962 -0.07922114 -0.00342857
v -0.00916406 -0.07918019 -0.00342857
v -0.00539203 -0.07329504 -0.00342857
v -0.01136446 -0.07226826 -0.00342857
v 0.00453028 -0.03623512 -0.00342857
v -0.01185592 -0.07780253 0.00342857
v -0.01184696 -0.07763587 0.00342857
v -0.01184035 -0.07754118 0.00342857
v -0.01165237 -0.07932922 0.00342857
v -0.01162744 -0.07936726 0.00342857
v -0.01162962 -0.07936394 0.00342857
v -0.01159309 -0.07941046 0.00342857
v -0.01148136 -0.07949913 0.00342857
v -0.01149371 -0.07949188 0.00342857
v -0.01144173 -0.07951479 0.00342857
v -0.01140116 -0.07952346 0.00342857
v -0.01135981 -0.07952512 0.00342857
v -0.01169027 -0.07925328 0.00342857
v -0.01171278 -0.07919783 0.00342857
v -0.01171855 -0.07918357 0.00342857
v -0.01173664 -0.07913072 0.00342857
v -0.01174471 -0.07910714 0.00342857
v -0.01176863 -0.07902423 0.00342857
v -0.01177858 -0.07898314 0.00342857
v -0.01179018 -0.07893529 0.00342857
v -0.01179663 -0.07890326 0.00342857
v -0.01180932 -0.07884032 0.00342857
v -0.01182594 -0.07873980 0.00342857
v -0.01182690 -0.07873257 0.00342857
v -0.01183933 -0.07862725 0.00342857
v -0.01185675 -0.07837412 0.00342857
v -0.01186180 -0.07819286 0.00342857
v -0.01186261 -0.07807625 0.00342857
v -0.01186158 -0.07796258 0.00342857
v -0.01186145 -0.07795784 0.00342857
v -0.01186074 -0.07793337 0.00342857
v -0.01183610 -0.07748030 0.00342857
v -0.01183076 -0.07741732 0.00342857
v -0.00911349 -0.07915406 0.00342857
v -0.00916374 -0.07917966 0.00342857
v -0.00726291 -0.07697505 0.00342857
v -0.00730570 -0.07704415 0.00342857
v -0.00634653 -0.07529822 0.00342857
v -0.00444301 -0.07116260 0.00342857
v -0.00468356 -0.07171351 0.00342857
v -0.00419700 -0.07059213 0.00342857
v -0.00402471 -0.07018937 0.00342857
v -0.00409994 -0.07036701 0.00342857
v -0.00952810 -0.07929543 0.00342857
v -0.00925940 -0.07922080 0.00342857
v -0.00935181 -0.07925317 0.00342857
v -0.00938850 -0.07926387 0.00342857
v -0.00895667 -0.07905646 0.00342857
v -0.00905010 -0.07911722 0.00342857
v -0.00865316 -0.07881900 0.00342857
v -0.00884700 -0.07897755 0.00342857
v -0.00873406 -0.07888843 0.00342857
v -0.00860752 -0.07877575 0.00342857
v -0.00835719 -0.07851453 0.00342857
v -0.00844961 -0.07861434 0.00342857
v -0.00822302 -0.07836228 0.00342857
v -0.00828332 -0.07843142 0.00342857
v -0.00808575 -0.07819821 0.00342857
v -0.00801030 -0.07810337 0.00342857
v -0.00783568 -0.07786148 0.00342857
v -0.00793923 -0.07800770 0.00342857
v -0.00687678 -0.07630272 0.00342857
v -0.00743558 -0.07725173 0.00342857
v -0.00751780 -0.07737989 0.00342857
v -0.00505259 -0.07255084 0.00342857
v -0.00512018 -0.07270108 0.00342857
v -0.00539008 -0.07329080 0.00342857
v -0.00566131 -0.07387327 0.00342857
v -0.00582540 -0.07421979 0.00342857
v -0.00593302 -0.07444662 0.00342857
v -0.00917322 -0.07918404 0.00342857
v 0.00031489 -0.05984741 0.00342857
v -0.00341868 -0.06875727 0.00342857
v -0.00151925 -0.06422445 0.00342857
v -0.01182336 -0.07732988 0.00342857
v 0.00108771 -0.05718839 0.00342857
v 0.00187849 -0.05237535 0.00342857
v 0.00446939 -0.03660573 0.00342857
v 0.00095257 -0.05801097 0.00342857
v -0.01136446 -0.07226826 0.00342857
v 0.00090852 -0.05824085 0.00342857
v 0.00084516 -0.05849444 0.00342857
v 0.00076714 -0.05874404 0.00342857
v 0.00067505 -0.05898772 0.00342857
v -0.01185660 -0.07782086 0.00342857
v -0.01184923 -0.07767818 0.00342857
v -0.01156484 -0.07943915 0.00342857
v -0.01153004 -0.07946845 0.00342857
v -0.01155719 -0.07944691 0.00342857
v -0.01151990 -0.07947650 0.00342857
v -0.01145595 -0.07950918 0.00342857
v -0.01137644 -0.07952446 0.00342857
v -0.01135040 -0.07952516 0.00342857
v -0.01165938 -0.07931709 0.00342857
v -0.01165999 -0.07931603 0.00342857
v -0.01175859 -0.07905904 0.00342857
v -0.01181275 -0.07881963 0.00342857
v -0.01183262 -0.07868944 0.00342857
v -0.01183844 -0.07863556 0.00342857
v -0.01184732 -0.07852904 0.00342857
v -0.01184943 -0.07850313 0.00342857
v -0.01185418 -0.07841954 0.00342857
v -0.01185899 -0.07830738 0.00342857
v -0.01186124 -0.07824069 0.00342857
v -0.01186286 -0.07810333 0.00342857
v -0.00760561 -0.07751519 0.00342857
v -0.00479044 -0.07195819 0.00342857
v -0.00944091 -0.07927691 0.00342857
v -0.00928419 -0.07923018 0.00342857
v -0.00906296 -0.07912528 0.00342857
v -0.00861559 -0.07878368 0.00342857
v -0.00848811 -0.07865498 0.00342857
v -0.00810856 -0.07822586 0.00342857
v -0.00649195 -0.07558002 0.00342857
v -0.00666362 -0.07590665 0.00342857
v -0.00708770 -0.07668495 0.00342857
v -0.00708921 -0.07668761 0.00342857
v -0.00513865 -0.07274148 0.00342857
v -0.00548169 -0.07348773 0.00342857
v -0.00616786 -0.07493352 0.00342857
v -0.00620437 -0.07500905 0.00342857
v 0.00090278 -0.05826666 0.00342857
v 0.00083788 -0.05852007 0.00342857
v 0.00075836 -0.05876926 0.00342857
v 0.00066482 -0.05901234 0.00342857
v 0.00464373 -0.03554464 -0.00334192
v 0.00464373 -0.03554464 -0.00342857
v 0.00464373 -0.03554464 0.00342857
v -0.00541621 -0.03682957 0.00342857
v 0.00464373 -0.03554464 -0.00062669
v 0.00464373 -0.03554464 0.00050874
v -0.00541621 -0.03682957 -0.00342857
f 2256 2253 2203
f 2203 2202 2256
f 507 516 506
f 630 600 629
f 67 1027 66
f 2251 2125 2252
f 2256 2202 116
f 2090 2125 118
f 509 513 514
f 516 630 517
f 517 630 629
f 506 516 517
f 517 505 506
f 596 594 2044
f 516 507 515
f 597 632 595
f 595 598 597
f 596 598 595
f 629 600 601
f 601 2030 602
f 631 630 516
f 516 515 631
f 631 515 632
f 631 632 597
f 600 630 599
f 2029 600 599
f 599 631 597
f 630 631 599
f 833 831 830
f 938 937 747
f 65 1026 74
f 1027 1026 65
f 2211 2127 765
f 2128 2157 766
f 2158 2200 668
f 2125 2251 2255
f 2202 2201 119
f 119 117 2202
f 724 953 726
f 70 73 72
f 1648 1646 1628
f 829 833 830
f 513 509 295
f 294 279 295
f 295 509 294
f 634 636 591
f 591 636 637
f 2106 2042 637
f 485 507 506
f 506 505 485
f 465 464 446
f 508 509 514
f 507 487 508
f 294 509 508
f 508 487 294
f 514 515 508
f 508 515 507
f 2104 2044 594
f 597 598 2027
f 602 2030 2031
f 591 594 593
f 593 634 591
f 593 594 596
f 596 595 593
f 602 627 628
f 628 601 602
f 629 601 628
f 2030 601 2091
f 2091 600 2029
f 2091 601 600
f 830 831 809
f 831 833 832
f 939 938 747
f 939 940 914
f 914 938 939
f 747 937 745
f 937 743 745
f 66 1756 69
f 69 67 66
f 976 70 1001
f 79 1778 1609
f 75 74 72
f 72 73 75
f 981 955 980
f 957 732 956
f 732 730 956
f 981 982 956
f 956 955 981
f 2146 2147 1086
f 1065 1063 1082
f 1082 1061 1083
f 1082 1063 1061
f 1029 1026 1027
f 2136 2135 1029
f 1087 2144 2145
f 969 995 970
f 970 995 996
f 1021 997 996
f 1067 1066 1065
f 1079 1097 1098
f 1075 1074 1072
f 919 892 918
f 756 754 968
f 968 969 756
f 756 969 970
f 999 974 973
f 1022 997 1021
f 117 118 115
f 115 118 2125
f 2125 2255 115
f 1191 1189 1188
f 2024 1755 2021
f 34 37 35
f 581 548 580
f 580 548 547
f 547 546 580
f 582 548 581
f 549 548 582
f 582 583 549
f 1490 1488 1491
f 1490 2084 1488
f 1494 1540 1496
f 1497 1540 1494
f 1496 2082 1494
f 1494 2082 2083
f 2083 1492 1494
f 1491 1488 1489
f 1115 1482 1481
f 1481 1114 1115
f 1488 1477 1486
f 1486 1489 1488
f 1487 1489 1486
f 2088 2087 1154
f 1115 1114 1154
f 954 955 726
f 726 953 954
f 954 980 955
f 954 953 979
f 979 980 954
f 77 82 80
f 1211 1646 1210
f 1210 1204 1211
f 1237 1258 1280
f 1938 2018 2017
f 1937 2018 1938
f 833 829 834
f 914 940 915
f 915 940 916
f 513 295 635
f 635 634 513
f 636 634 635
f 592 594 591
f 591 637 592
f 2043 2104 592
f 592 2104 594
f 534 488 489
f 57 58 1410
f 24 27 25
f 1410 2120 1408
f 620 527 526
f 526 496 525
f 526 527 496
f 528 527 620
f 2041 620 2040
f 2040 620 621
f 620 526 621
f 525 622 621
f 621 526 525
f 524 622 525
f 624 524 523
f 35 37 612
f 488 546 467
f 467 546 547
f 547 447 467
f 496 527 495
f 527 528 495
f 496 495 475
f 475 495 474
f 439 440 458
f 472 492 471
f 492 470 471
f 355 370 369
f 369 384 383
f 370 384 369
f 403 388 404
f 404 421 403
f 373 388 387
f 387 403 402
f 387 388 403
f 403 421 420
f 456 437 438
f 437 420 438
f 438 421 439
f 438 420 421
f 455 437 456
f 455 475 474
f 465 485 484
f 484 464 465
f 484 485 505
f 465 446 292
f 2105 2027 598
f 596 2044 2105
f 2105 598 596
f 2029 599 2028
f 2028 599 597
f 597 2027 2028
f 602 2031 603
f 626 627 603
f 603 627 602
f 629 628 519
f 519 628 627
f 633 595 632
f 633 593 595
f 633 515 514
f 632 515 633
f 634 593 633
f 514 513 633
f 513 634 633
f 830 809 808
f 808 829 830
f 947 921 948
f 667 948 946
f 946 948 921
f 920 921 896
f 896 921 947
f 753 942 941
f 916 940 941
f 941 751 753
f 940 751 941
f 918 942 943
f 890 888 918
f 889 888 890
f 918 892 890
f 916 941 917
f 917 941 942
f 917 942 918
f 918 888 917
f 752 754 753
f 753 751 752
f 752 751 750
f 750 966 752
f 968 754 752
f 749 939 747
f 747 750 749
f 750 751 749
f 749 751 940
f 940 939 749
f 936 743 937
f 729 730 732
f 68 2233 2169
f 1756 2233 68
f 68 69 1756
f 67 69 68
f 2169 2218 68
f 2218 67 68
f 2172 2233 1756
f 74 1026 638
f 1026 1001 638
f 72 74 638
f 638 70 72
f 638 1001 70
f 976 1001 977
f 1815 1814 1758
f 1758 75 73
f 76 65 74
f 74 75 76
f 957 956 983
f 983 956 982
f 983 982 1007
f 959 960 736
f 1055 1054 1053
f 1055 1087 1086
f 1053 1087 1055
f 2126 764 2210
f 764 2156 2210
f 2148 1085 2222
f 1083 1061 1084
f 1061 1063 1062
f 1043 1044 1042
f 2136 1029 2217
f 1088 1087 1053
f 967 993 968
f 968 752 967
f 967 752 966
f 966 992 967
f 967 992 993
f 1065 1082 1081
f 1081 1067 1065
f 765 766 1101
f 1101 766 668
f 1074 1075 1102
f 757 943 755
f 755 943 942
f 755 942 753
f 753 754 755
f 754 756 755
f 758 756 970
f 757 755 758
f 758 755 756
f 1023 1022 1072
f 1072 1074 1023
f 998 999 973
f 998 1023 999
f 997 1022 998
f 1022 1023 998
f 117 115 114
f 2202 117 114
f 114 116 2202
f 2256 116 114
f 114 2255 2256
f 114 115 2255
f 1206 1149 1145
f 1145 1142 1206
f 1115 1152 1147
f 1147 1482 1115
f 1147 1149 1482
f 1497 1494 1495
f 1495 1494 1492
f 1497 1495 1501
f 1501 1495 1507
f 1613 1138 1611
f 1197 1138 1613
f 1193 1191 1190
f 1190 1192 1193
f 1190 1191 1188
f 2199 2198 1755
f 2199 1755 2024
f 1755 2198 2167
f 35 33 32
f 32 34 35
f 25 614 23
f 577 57 18
f 615 580 614
f 25 27 615
f 615 614 25
f 579 580 546
f 614 580 579
f 1531 1556 1555
f 1555 1530 1531
f 1200 1523 1198
f 1522 1198 1523
f 1496 2066 2081
f 2081 2082 1496
f 2084 1490 2123
f 2123 1492 2083
f 2123 1490 1492
f 2062 1477 2113
f 2063 1477 2062
f 1491 1489 1505
f 1114 1481 1113
f 1113 1481 1487
f 1487 1486 1113
f 2088 1154 1480
f 1480 1154 1114
f 1155 1152 1115
f 1115 1154 1155
f 1155 1154 1152
f 2087 2086 2023
f 2023 2022 2087
f 720 951 952
f 953 724 952
f 979 953 952
f 952 978 979
f 952 977 978
f 951 977 952
f 79 77 949
f 73 70 71
f 70 80 71
f 71 80 82
f 71 1758 73
f 79 1609 81
f 1609 82 81
f 81 77 79
f 81 82 77
f 975 70 976
f 975 80 70
f 976 77 975
f 77 80 975
f 64 63 78
f 78 63 1778
f 78 949 64
f 78 1778 79
f 79 949 78
f 1778 63 1779
f 1779 1608 1802
f 1802 1803 1804
f 1804 1779 1802
f 1778 1779 1804
f 1801 1803 1802
f 1843 1844 1845
f 1882 1883 1812
f 59 84 1760
f 1949 1924 1923
f 2163 1744 2246
f 2162 2188 1678
f 1142 1628 1212
f 1212 1206 1142
f 1212 1628 1646
f 1646 1211 1212
f 1212 1211 1204
f 1204 1206 1212
f 1611 1612 1610
f 1610 1613 1611
f 1614 1613 1610
f 1910 1937 1911
f 1187 1189 1652
f 1672 1588 1587
f 1954 1953 1955
f 1660 1659 1180
f 1660 2002 1659
f 1178 1258 1237
f 1237 1236 1178
f 1236 1238 1178
f 1279 1276 1277
f 1592 1886 1875
f 1875 1886 1887
f 1955 1953 2012
f 1790 1599 1810
f 2017 2018 1965
f 1962 1927 1929
f 361 360 286
f 373 360 374
f 1468 1439 1434
f 380 364 365
f 1440 1445 1442
f 1442 1445 48
f 834 835 893
f 833 834 893
f 914 882 880
f 111 97 672
f 716 715 64
f 64 949 716
f 1760 84 86
f 722 721 720
f 724 721 722
f 720 952 722
f 722 952 724
f 720 721 719
f 1908 1935 1909
f 1173 1126 1127
f 1330 1277 1127
f 1443 1445 1440
f 1440 1455 1443
f 533 534 489
f 489 490 533
f 533 490 532
f 2078 58 2026
f 2119 58 2078
f 2119 2120 1410
f 1410 58 2119
f 22 20 1411
f 22 24 25
f 1411 24 22
f 25 23 22
f 22 23 20
f 1374 1359 1360
f 2121 1408 2120
f 1410 1408 1409
f 620 2041 619
f 619 528 620
f 530 531 492
f 531 530 2099
f 492 531 491
f 491 470 492
f 491 490 470
f 532 490 491
f 491 531 532
f 2040 621 2102
f 622 2101 2102
f 2102 621 622
f 498 524 525
f 626 603 625
f 422 404 405
f 421 404 422
f 405 406 422
f 439 421 422
f 422 440 439
f 434 416 417
f 450 471 470
f 451 471 450
f 412 413 430
f 430 450 449
f 412 430 411
f 411 430 429
f 583 612 611
f 37 39 611
f 611 612 37
f 613 33 35
f 35 612 613
f 583 582 613
f 613 612 583
f 412 411 395
f 379 364 380
f 380 395 379
f 394 395 411
f 394 379 395
f 448 430 449
f 429 430 448
f 448 467 447
f 428 411 429
f 547 548 428
f 428 447 547
f 429 448 428
f 428 448 447
f 468 448 449
f 467 448 468
f 468 490 489
f 489 488 468
f 488 467 468
f 493 528 529
f 493 492 472
f 529 530 493
f 493 530 492
f 496 475 476
f 477 498 476
f 476 455 456
f 475 455 476
f 457 458 477
f 457 476 456
f 477 476 457
f 456 438 457
f 439 458 457
f 457 438 439
f 383 384 399
f 399 417 416
f 356 370 355
f 356 357 370
f 359 360 373
f 376 391 390
f 373 387 372
f 385 384 370
f 445 446 464
f 464 444 445
f 486 487 507
f 507 485 486
f 487 486 293
f 2092 603 2031
f 502 482 503
f 520 519 627
f 502 503 520
f 520 503 519
f 763 666 667
f 667 946 763
f 945 921 920
f 945 946 921
f 945 763 946
f 920 919 945
f 743 936 741
f 742 743 741
f 739 740 741
f 741 740 742
f 736 735 734
f 931 907 906
f 731 729 732
f 730 729 728
f 726 955 728
f 728 956 730
f 955 956 728
f 723 724 726
f 723 721 724
f 2196 2170 1856
f 2171 1857 2234
f 1833 1605 1602
f 1813 1857 1756
f 1813 1756 66
f 66 1027 1813
f 1027 65 1813
f 1005 980 979
f 1826 1851 1825
f 1825 1816 1826
f 1825 1815 1816
f 1825 1851 1853
f 75 1758 1757
f 1757 1758 1814
f 1757 76 75
f 65 76 1757
f 1757 1813 65
f 1010 1009 1044
f 1010 1048 1011
f 1011 986 1010
f 1008 983 1007
f 1044 1009 1008
f 1008 1042 1044
f 736 960 738
f 960 740 738
f 961 962 742
f 742 740 961
f 961 740 960
f 960 986 961
f 987 1011 1012
f 987 986 1011
f 962 961 987
f 987 961 986
f 985 1010 986
f 985 986 960
f 960 959 985
f 1009 1010 985
f 1012 1011 1050
f 1011 1048 1050
f 1050 1048 1049
f 1056 1014 1054
f 1054 1055 1056
f 1059 1084 1061
f 1058 1056 1059
f 1085 1084 1059
f 1083 1084 1093
f 1065 1066 1064
f 1064 1063 1065
f 1064 1062 1063
f 1061 1062 1060
f 1060 1059 1061
f 1058 1059 1060
f 1016 1058 1060
f 1017 992 1016
f 993 992 1017
f 1016 1060 1017
f 1017 1060 1062
f 2228 2229 1096
f 2212 2132 1039
f 2130 1041 1039
f 1039 2132 2130
f 1007 982 1006
f 1006 982 981
f 981 980 1006
f 980 1005 1006
f 1038 1037 1039
f 2141 2142 1089
f 1047 1091 1090
f 1089 1049 1090
f 1049 1047 1090
f 1045 1091 1047
f 1045 1044 1043
f 1045 1047 1044
f 2143 1088 2221
f 1079 1071 1069
f 1073 1075 1072
f 1072 1071 1073
f 1072 1022 1070
f 1070 1071 1072
f 1070 1069 1071
f 1070 1022 1021
f 2152 2230 1097
f 2154 1098 2153
f 1096 1097 1080
f 1080 1081 1096
f 1080 1097 1079
f 1067 1081 1080
f 1079 1069 1080
f 1080 1069 1067
f 1100 764 765
f 1100 1099 764
f 765 1101 1100
f 1103 1101 668
f 1074 1102 1025
f 1024 1023 1074
f 999 1023 1024
f 1074 1025 1024
f 972 998 973
f 997 998 972
f 944 943 757
f 757 759 944
f 944 919 918
f 918 943 944
f 944 945 919
f 759 945 944
f 757 758 760
f 760 759 757
f 760 758 970
f 760 972 762
f 1153 1147 1152
f 1148 1150 1149
f 1149 1147 1148
f 1147 1153 1148
f 1148 1153 1152
f 1148 2022 2021
f 2087 2022 1148
f 1148 1755 1644
f 1148 2021 1755
f 1152 1154 1148
f 1148 1154 2087
f 1493 1495 1492
f 1493 1490 1491
f 1492 1490 1493
f 1507 1495 1493
f 1139 1201 1137
f 1137 1138 1139
f 1201 1203 1137
f 1137 1203 1612
f 1137 1612 1611
f 1611 1138 1137
f 1197 1613 1616
f 1616 1613 1614
f 1185 1577 1186
f 1186 1187 1185
f 1188 1189 1186
f 1189 1187 1186
f 1200 1195 1194
f 1195 1193 1194
f 1193 1192 1194
f 1524 1523 1200
f 1200 1194 1524
f 1524 1194 1525
f 2197 2199 2024
f 2195 1742 2194
f 1754 1753 1732
f 1732 1753 1734
f 1396 1441 1397
f 1440 1442 1396
f 1396 1442 1441
f 617 23 614
f 614 579 617
f 617 579 578
f 617 577 18
f 617 578 577
f 1498 1536 1534
f 2075 1245 2074
f 2118 1534 1532
f 1534 1531 1532
f 1530 1245 1532
f 1532 1531 1530
f 2074 1245 1247
f 1136 1252 1216
f 1555 1556 1214
f 1214 1136 1555
f 1266 1267 1264
f 1263 1267 1266
f 1502 1501 1553
f 1553 1559 1502
f 1502 1559 1537
f 1537 1539 1502
f 1534 1536 1533
f 1533 1531 1534
f 1556 1531 1533
f 1139 1138 1196
f 1196 1138 1197
f 1197 1198 1196
f 1198 1522 1196
f 1521 1201 1139
f 1139 1196 1521
f 1521 1196 1522
f 1506 1510 1507
f 1507 1493 1506
f 1491 1505 1506
f 1506 1493 1491
f 1149 1206 1483
f 1482 1149 1483
f 1477 2063 1478
f 1478 1486 1477
f 1478 1113 1486
f 1478 2063 2064
f 2088 1480 2065
f 1479 1480 1114
f 1479 1478 2064
f 1114 1113 1479
f 1113 1478 1479
f 1806 71 82
f 1806 1609 1816
f 1806 82 1609
f 1816 1815 1806
f 1815 1758 1806
f 1758 71 1806
f 1608 1779 62
f 64 715 62
f 62 63 64
f 62 1779 63
f 1802 1608 1780
f 1780 1801 1802
f 1849 1827 1848
f 1849 1851 1826
f 1817 1849 1826
f 1827 1849 1817
f 1817 1804 1803
f 1803 1827 1817
f 1848 1827 1847
f 1843 1845 1829
f 1831 1883 1594
f 1822 1821 1795
f 1822 1812 1883
f 1822 1831 1821
f 1883 1831 1822
f 1810 1599 1811
f 1882 1812 1881
f 1606 1607 1603
f 2177 2176 1605
f 1858 1869 1868
f 1850 1849 1848
f 1851 1849 1850
f 1924 1949 1626
f 1626 2231 2185
f 2185 1924 1626
f 1669 1684 1683
f 1669 1677 1670
f 1671 1669 1670
f 1684 1669 1671
f 2245 2246 1744
f 2242 1680 2241
f 1612 1203 1202
f 1646 1612 1202
f 1202 1201 1204
f 1202 1203 1201
f 1647 1612 1646
f 1647 1610 1612
f 1647 1646 1648
f 1648 1726 1647
f 1966 1965 2019
f 2019 1965 2018
f 1651 1989 1652
f 1652 1189 1651
f 1189 1191 1651
f 1652 1989 1991
f 1992 1993 1991
f 1708 1193 1195
f 1683 1684 1693
f 1684 1692 1693
f 1686 1692 1691
f 1970 1588 1672
f 1969 1588 1970
f 1970 1691 1969
f 1686 1691 1970
f 1174 1276 1259
f 1259 1658 1174
f 1180 1659 1259
f 1659 1658 1259
f 1926 1925 2005
f 1927 1925 1926
f 2006 1925 1966
f 1659 2002 2003
f 2003 1658 1659
f 1997 1656 1995
f 1995 1996 1997
f 1185 1187 1183
f 1182 1185 1183
f 1179 1660 1180
f 1180 1258 1179
f 1258 1178 1179
f 2002 1660 1657
f 1657 1999 2002
f 1657 1656 1997
f 1997 1999 1657
f 1564 1565 1566
f 1562 1563 1564
f 1564 1563 1565
f 1109 1541 1543
f 1885 1592 1594
f 1885 1915 1886
f 1886 1592 1885
f 1594 1592 1593
f 1875 1887 1893
f 1943 1942 2013
f 1955 2012 2013
f 2013 2012 1943
f 1917 1942 1943
f 1917 1900 1887
f 1916 1887 1886
f 1941 1942 1916
f 1916 1917 1887
f 1942 1917 1916
f 1916 1915 1941
f 1886 1915 1916
f 1769 1768 1788
f 1911 1881 1880
f 1766 1764 106
f 1766 1769 1770
f 1770 1764 1766
f 1789 1600 1599
f 1599 1790 1789
f 1789 1790 1770
f 1789 1788 1600
f 1770 1769 1789
f 1769 1788 1789
f 2002 1999 2001
f 1980 2003 2001
f 2001 2003 2002
f 2001 1981 1980
f 2001 1999 2000
f 2000 1981 2001
f 1986 1587 1984
f 1984 1983 1986
f 1967 1931 1932
f 1994 1993 1992
f 1992 1987 1994
f 1994 1987 1996
f 1994 1995 1993
f 1996 1995 1994
f 1929 1927 1928
f 1980 1981 1928
f 1928 1926 1980
f 1927 1926 1928
f 1930 1931 1929
f 1932 1931 1930
f 1929 1928 1930
f 1930 1928 1981
f 1915 1885 1914
f 2017 1965 1963
f 1963 2016 2017
f 1961 2016 1963
f 1963 1962 1961
f 324 326 323
f 323 326 325
f 355 369 354
f 354 329 355
f 354 353 329
f 355 329 331
f 331 356 355
f 389 388 373
f 373 374 389
f 389 374 390
f 389 406 405
f 389 390 406
f 405 404 389
f 389 404 388
f 48 49 47
f 13 53 55
f 52 53 51
f 564 544 565
f 565 13 564
f 53 13 565
f 37 34 36
f 36 39 37
f 353 354 367
f 352 325 353
f 887 888 889
f 889 835 836
f 836 887 889
f 837 887 836
f 894 893 892
f 894 919 920
f 892 919 894
f 920 896 894
f 896 893 894
f 892 893 891
f 891 893 835
f 891 835 889
f 889 890 891
f 891 890 892
f 833 893 895
f 895 893 896
f 895 832 833
f 947 832 895
f 895 896 947
f 203 212 211
f 913 938 914
f 914 880 913
f 937 938 913
f 672 97 690
f 697 704 698
f 672 690 669
f 85 59 60
f 60 61 85
f 85 61 922
f 950 951 720
f 950 716 949
f 976 977 950
f 950 977 951
f 950 77 976
f 950 949 77
f 922 61 923
f 715 716 717
f 720 719 717
f 717 61 715
f 717 923 61
f 1877 1908 1909
f 1935 1908 1934
f 1172 1126 1173
f 1907 1934 1908
f 1591 1663 2005
f 1589 1590 1591
f 1591 2006 1589
f 2005 1925 1591
f 1925 2006 1591
f 1174 1658 1662
f 1662 1663 1174
f 2005 1663 1662
f 1792 1877 1784
f 1774 1165 1163
f 1277 1276 1128
f 1128 1127 1277
f 1173 1127 1128
f 1128 1174 1173
f 1128 1276 1174
f 1349 1350 1348
f 1474 1350 1349
f 1348 1350 1366
f 1454 1443 1455
f 1454 1117 1443
f 2032 2097 534
f 1375 1374 1360
f 1382 1432 1375
f 1359 1374 1373
f 2103 619 2041
f 2035 532 2098
f 2036 2099 530
f 499 500 523
f 523 524 499
f 524 498 499
f 499 479 500
f 2039 2100 624
f 2039 625 2038
f 624 625 2039
f 623 2100 2101
f 623 2101 622
f 624 2100 623
f 622 524 623
f 524 624 623
f 423 422 406
f 423 424 442
f 440 422 423
f 434 417 435
f 435 453 434
f 418 435 417
f 415 416 434
f 415 399 416
f 413 414 431
f 431 430 413
f 450 430 431
f 583 611 584
f 396 413 412
f 412 395 396
f 396 414 413
f 396 395 380
f 393 394 411
f 379 394 378
f 364 379 378
f 378 393 377
f 394 393 378
f 410 548 549
f 410 428 548
f 411 428 410
f 549 393 410
f 410 393 411
f 469 468 449
f 449 450 469
f 469 450 470
f 470 490 469
f 490 468 469
f 494 495 528
f 528 493 494
f 474 495 494
f 496 476 497
f 497 476 498
f 525 496 497
f 497 498 525
f 383 399 382
f 275 290 262
f 275 263 291
f 409 290 426
f 444 443 426
f 426 408 409
f 291 263 276
f 276 446 291
f 276 292 446
f 264 292 276
f 276 263 264
f 264 263 253
f 252 275 262
f 263 275 252
f 240 228 229
f 392 376 288
f 391 376 392
f 407 423 406
f 424 423 407
f 406 390 407
f 390 391 407
f 391 392 407
f 407 392 408
f 390 374 375
f 375 376 390
f 375 360 361
f 375 374 360
f 358 359 373
f 373 372 358
f 370 357 371
f 371 372 387
f 357 358 371
f 371 358 372
f 386 387 402
f 386 371 387
f 386 385 370
f 370 371 386
f 400 399 384
f 417 399 400
f 400 418 417
f 454 455 474
f 453 435 454
f 472 453 473
f 474 494 473
f 473 454 474
f 453 454 473
f 473 493 472
f 473 494 493
f 452 453 472
f 472 471 452
f 452 471 451
f 434 453 452
f 442 424 425
f 425 443 442
f 425 426 443
f 408 426 425
f 424 407 425
f 425 407 408
f 291 446 427
f 446 445 427
f 427 275 291
f 290 275 427
f 427 426 290
f 427 445 444
f 444 426 427
f 463 444 464
f 461 460 442
f 442 443 461
f 278 279 294
f 294 487 278
f 487 293 278
f 200 206 205
f 201 206 200
f 200 191 201
f 277 292 264
f 466 293 486
f 465 292 466
f 292 277 466
f 466 277 293
f 466 485 465
f 466 486 485
f 604 2092 2038
f 2038 625 604
f 604 625 603
f 603 2092 604
f 505 517 518
f 518 517 629
f 629 519 518
f 504 484 505
f 505 518 504
f 519 503 504
f 504 518 519
f 521 627 626
f 521 520 627
f 626 625 521
f 502 520 521
f 500 479 480
f 480 479 460
f 460 461 480
f 460 479 459
f 459 479 458
f 459 458 440
f 477 458 478
f 458 479 478
f 479 499 478
f 478 498 477
f 478 499 498
f 666 763 665
f 974 666 665
f 973 974 665
f 665 972 973
f 762 972 665
f 763 945 761
f 762 665 761
f 761 665 763
f 761 945 759
f 761 760 762
f 759 760 761
f 957 983 958
f 958 732 957
f 958 734 732
f 958 959 736
f 736 734 958
f 958 985 959
f 935 911 910
f 936 911 935
f 910 909 935
f 935 741 936
f 737 740 739
f 737 738 740
f 737 735 736
f 736 738 737
f 932 907 931
f 735 737 932
f 932 737 933
f 870 907 908
f 908 909 870
f 907 932 908
f 908 932 933
f 866 906 907
f 931 906 905
f 906 866 905
f 732 734 733
f 733 731 732
f 733 734 735
f 931 731 733
f 733 932 931
f 735 932 733
f 727 728 729
f 726 728 727
f 1855 1607 1856
f 1833 1602 1601
f 1601 1836 1834
f 1601 1858 1833
f 1834 1858 1601
f 978 977 1003
f 979 978 1003
f 1026 1029 1028
f 1029 1030 1028
f 1028 1001 1026
f 1033 2216 2133
f 1046 1010 1044
f 1048 1010 1046
f 1044 1047 1046
f 1046 1047 1049
f 1049 1048 1046
f 744 743 742
f 744 745 743
f 744 746 745
f 748 750 747
f 747 745 748
f 745 746 748
f 988 987 1012
f 962 987 988
f 1012 1050 1052
f 1053 1054 1052
f 1051 1050 1049
f 1051 1088 1053
f 1053 1052 1051
f 1051 1052 1050
f 1089 1088 1051
f 1051 1049 1089
f 1057 1056 1055
f 1057 1059 1056
f 1085 1059 1057
f 1086 1085 1057
f 1057 1055 1086
f 1094 1082 1083
f 1083 1093 1094
f 2214 1037 2213
f 1037 1038 1036
f 1036 1005 1034
f 1036 1006 1005
f 1036 1038 1006
f 1039 1041 1040
f 1040 1038 1039
f 1040 1041 1043
f 1043 1042 1040
f 1040 1008 1007
f 1042 1008 1040
f 1007 1006 1040
f 1006 1038 1040
f 1092 2138 1091
f 1092 1045 1043
f 1091 1045 1092
f 2140 1090 2139
f 991 992 966
f 1016 992 991
f 964 748 746
f 1015 990 1014
f 1014 1056 1015
f 1016 991 1015
f 1015 991 990
f 1015 1058 1016
f 1015 1056 1058
f 1066 1067 1068
f 1067 1069 1068
f 1069 1070 1068
f 1068 1070 1021
f 1078 1073 1071
f 1078 1071 1079
f 1098 1099 1078
f 1079 1098 1078
f 1076 1100 1101
f 1101 1103 1076
f 1076 1103 1102
f 1076 1102 1075
f 974 999 1000
f 999 1024 1000
f 1000 1024 1025
f 971 760 970
f 970 996 971
f 971 996 997
f 997 972 971
f 972 760 971
f 1141 1142 1145
f 1145 1140 1141
f 1514 1525 1526
f 1514 1524 1525
f 1197 1616 1199
f 1199 1198 1197
f 1199 1195 1200
f 1200 1198 1199
f 1234 1236 1237
f 1541 1582 1545
f 1545 1547 1541
f 1529 1194 1192
f 1525 1194 1529
f 1192 1190 1529
f 2166 2164 1753
f 1752 1734 1753
f 1736 1734 1752
f 1755 1754 1634
f 1634 1754 1732
f 1627 1628 1142
f 1142 1141 1627
f 1648 1628 1730
f 1730 1726 1648
f 1742 1741 1740
f 2192 1738 2243
f 46 44 1441
f 46 1442 48
f 1441 1442 46
f 48 47 46
f 45 44 46
f 46 47 45
f 1397 1441 1467
f 1355 1343 1356
f 1360 1359 1355
f 1355 1356 1360
f 1356 1343 1344
f 1344 1357 1356
f 1438 1468 1434
f 1438 1435 1397
f 1397 1467 1438
f 1438 1467 1468
f 1459 1378 1363
f 1363 1378 1377
f 1376 1383 1382
f 1377 1383 1376
f 1385 1378 1459
f 1435 1378 1385
f 1346 1453 1302
f 1302 1347 1346
f 1302 1453 1295
f 30 32 33
f 30 1431 32
f 1381 1375 1432
f 1374 1375 1381
f 488 534 535
f 57 577 125
f 577 124 125
f 20 23 21
f 23 617 21
f 21 617 18
f 1406 2121 2122
f 2122 1404 1406
f 1408 2121 1406
f 1499 1498 2115
f 1536 1498 1499
f 1540 2077 2067
f 1500 1501 1502
f 1502 1539 1500
f 1497 1501 1500
f 1500 1540 1497
f 1500 1539 1540
f 2118 1532 2117
f 1245 2075 2117
f 2117 1532 1245
f 1249 2072 2073
f 1133 1216 1253
f 1253 1216 1252
f 1217 1216 1133
f 1556 1533 1557
f 1218 1243 1244
f 1265 2051 1264
f 1246 1245 1530
f 1246 1247 1245
f 1246 1248 1247
f 1554 1553 1501
f 1535 1533 1536
f 1535 1557 1533
f 1204 1201 1208
f 1201 1521 1208
f 1504 1489 1487
f 1504 1505 1489
f 60 1608 83
f 1608 62 83
f 83 62 715
f 83 61 60
f 715 61 83
f 1759 59 1760
f 1759 1780 1608
f 1759 1608 60
f 60 59 1759
f 1819 1801 1800
f 1801 1780 1800
f 1826 1816 1805
f 1805 1817 1826
f 1816 1609 1805
f 1804 1817 1805
f 1805 1609 1778
f 1778 1804 1805
f 1828 1845 1846
f 1846 1847 1828
f 1819 1829 1828
f 1828 1829 1845
f 1795 1821 1797
f 1797 1796 1795
f 1783 1796 1777
f 1795 1796 1783
f 1812 1822 1794
f 1794 1811 1812
f 1794 1822 1795
f 1795 1783 1794
f 1810 1811 1794
f 1794 1783 1810
f 1882 1881 1912
f 1912 1913 1882
f 1912 1938 1913
f 1937 1938 1912
f 1911 1937 1912
f 1912 1881 1911
f 1760 86 91
f 91 1762 1760
f 1604 2177 1605
f 1604 1858 1868
f 1868 1597 1604
f 1604 1605 1833
f 1833 1858 1604
f 1868 1869 1595
f 1864 1863 1595
f 1839 1847 1846
f 1848 1847 1839
f 1846 1845 1890
f 1890 1845 1844
f 1678 1626 2007
f 2007 1626 1949
f 2231 1626 2189
f 1923 1924 1862
f 1923 1862 1905
f 1905 1904 1923
f 1746 1620 1622
f 1746 1741 1620
f 1632 1634 1637
f 1631 1635 1637
f 1688 1692 1686
f 1688 1693 1692
f 1680 1679 1681
f 1681 1679 1677
f 2241 1680 2187
f 1620 1741 1743
f 1743 1741 1742
f 1646 1202 1207
f 1207 1202 1204
f 1935 2019 1936
f 1936 1910 1909
f 1909 1935 1936
f 1937 1910 1936
f 1936 2018 1937
f 1936 2019 2018
f 1650 1191 1193
f 1650 1651 1191
f 1706 1708 1195
f 1195 1199 1706
f 1706 1199 1616
f 1622 1620 1621
f 1620 1976 1621
f 1621 1976 1975
f 1975 1976 1690
f 1689 1975 1690
f 1690 1688 1689
f 1693 1688 1690
f 1952 1953 1695
f 1969 1691 1695
f 1695 1954 1969
f 1953 1954 1695
f 1685 1691 1692
f 1952 1695 1685
f 1685 1695 1691
f 1685 1692 1684
f 1684 1671 1685
f 1971 1970 1672
f 1686 1970 1971
f 1614 1610 1725
f 1725 1723 1614
f 1610 1647 1725
f 1725 1647 1726
f 1974 1975 1689
f 1622 1621 1617
f 1617 1621 1975
f 1617 1746 1622
f 1619 1746 1617
f 1975 1974 1617
f 1278 1259 1276
f 1276 1279 1278
f 1278 1258 1180
f 1180 1259 1278
f 1278 1280 1258
f 1278 1279 1280
f 1966 2019 2020
f 2020 2006 1966
f 2020 2019 1935
f 1589 2006 2020
f 2020 1934 1589
f 1935 1934 2020
f 1658 2003 2004
f 2005 1662 2004
f 2004 1662 1658
f 2004 1926 2005
f 1980 1926 2004
f 2004 2003 1980
f 1993 1995 1654
f 1654 1995 1656
f 1653 1187 1652
f 1653 1183 1187
f 1653 1654 1183
f 1993 1654 1653
f 1652 1991 1653
f 1653 1991 1993
f 1181 1178 1238
f 1181 1179 1178
f 1223 1564 1566
f 1566 1225 1223
f 1566 1565 1567
f 1565 1543 1567
f 1562 1564 1221
f 1221 1223 1224
f 1564 1223 1221
f 1348 1334 1333
f 1333 1349 1348
f 1842 1844 1843
f 1844 1842 1873
f 1873 1842 1593
f 1943 2012 1944
f 1894 1893 1887
f 1887 1900 1894
f 1864 1865 1898
f 1904 1905 1898
f 1786 1788 1768
f 1786 1767 1784
f 1768 1767 1786
f 1788 1786 1787
f 1600 1788 1787
f 1787 1880 1600
f 1599 1600 1598
f 1600 1880 1598
f 1598 1880 1881
f 1598 1811 1599
f 1812 1811 1598
f 1598 1881 1812
f 705 100 101
f 89 94 1763
f 1763 94 1764
f 89 1763 1807
f 1807 1763 1808
f 1761 1808 1777
f 1762 1807 1761
f 1761 1807 1808
f 1777 1808 1809
f 1810 1783 1809
f 1809 1783 1777
f 1809 1790 1810
f 1998 1983 2000
f 1997 1996 1998
f 1998 1999 1997
f 2000 1999 1998
f 1929 1931 1960
f 1960 1962 1929
f 1961 1962 1960
f 1968 1588 1969
f 1969 1954 1968
f 1932 1984 1586
f 1586 1967 1932
f 1586 1984 1587
f 1586 1968 1967
f 1586 1587 1588
f 1588 1968 1586
f 2014 1942 1941
f 2014 2013 1942
f 1996 1987 1985
f 1985 1998 1996
f 1983 1998 1985
f 1986 1983 1985
f 1985 1674 1986
f 1985 1987 1674
f 1674 1987 1624
f 1624 1623 1674
f 1625 1623 1624
f 1992 1625 1624
f 1624 1987 1992
f 1982 1981 2000
f 1982 1930 1981
f 2000 1983 1982
f 1932 1930 1982
f 1982 1984 1932
f 1983 1984 1982
f 1939 1914 1913
f 2017 2016 1939
f 1939 1938 2017
f 1913 1938 1939
f 1941 1915 1940
f 1915 1914 1940
f 1940 1939 2016
f 1914 1939 1940
f 1913 1914 1884
f 1882 1913 1884
f 1884 1883 1882
f 1594 1883 1884
f 1884 1885 1594
f 1884 1914 1885
f 1964 1963 1965
f 1964 1965 1966
f 1927 1962 1964
f 1962 1963 1964
f 1966 1925 1964
f 1964 1925 1927
f 329 353 327
f 353 325 327
f 327 328 329
f 326 328 327
f 327 325 326
f 332 331 329
f 316 317 332
f 332 317 318
f 300 317 316
f 361 286 287
f 287 375 361
f 376 375 287
f 347 345 540
f 647 708 129
f 185 708 647
f 647 129 185
f 315 328 326
f 309 310 311
f 309 307 310
f 311 343 309
f 343 307 309
f 342 307 343
f 172 307 342
f 343 129 342
f 303 306 305
f 306 307 305
f 305 172 303
f 305 307 172
f 576 312 575
f 310 312 576
f 50 52 51
f 51 49 50
f 48 1445 50
f 50 49 48
f 55 53 54
f 53 52 54
f 566 544 570
f 566 565 544
f 570 569 566
f 51 53 566
f 53 565 566
f 39 36 38
f 38 36 1439
f 1436 36 34
f 1439 36 1436
f 585 584 611
f 368 369 383
f 383 382 368
f 368 382 367
f 368 354 369
f 368 367 354
f 353 367 366
f 366 352 353
f 366 381 380
f 380 365 366
f 366 382 381
f 367 382 366
f 1116 2 17
f 1160 1162 1472
f 543 544 564
f 608 541 562
f 163 162 663
f 663 162 787
f 787 809 663
f 787 808 809
f 196 191 200
f 200 205 196
f 196 165 191
f 190 165 196
f 159 165 164
f 164 165 190
f 786 787 664
f 829 808 807
f 808 787 807
f 807 787 786
f 227 238 226
f 157 162 158
f 825 802 824
f 782 656 781
f 801 802 781
f 714 135 280
f 714 652 136
f 136 135 714
f 912 880 878
f 912 913 880
f 937 913 912
f 912 936 937
f 912 911 936
f 879 880 882
f 878 880 879
f 790 769 789
f 790 791 769
f 789 812 790
f 812 791 790
f 692 697 698
f 682 697 692
f 692 681 682
f 691 697 682
f 691 690 97
f 682 690 691
f 689 669 690
f 718 950 720
f 716 950 718
f 720 717 718
f 718 717 716
f 721 723 926
f 723 927 926
f 924 719 721
f 924 717 719
f 923 717 924
f 924 898 923
f 1908 1877 1876
f 1876 1907 1908
f 1877 1792 1876
f 1590 1665 1664
f 1664 1591 1590
f 1663 1591 1664
f 1933 1665 1590
f 1934 1907 1933
f 1933 1590 1589
f 1589 1934 1933
f 1791 1773 1774
f 1791 1792 1784
f 1784 1767 1791
f 1791 1767 1773
f 1773 1767 1772
f 108 110 111
f 108 111 672
f 672 669 108
f 109 108 669
f 110 108 109
f 5 3 6
f 557 3 5
f 1160 1158 1159
f 55 1117 14
f 14 13 55
f 14 12 13
f 2033 532 2035
f 2033 533 532
f 1361 1375 1360
f 1360 1356 1361
f 1356 1357 1361
f 1357 1376 1361
f 1382 1375 1361
f 1361 1376 1382
f 618 2103 2037
f 619 2103 618
f 618 530 529
f 529 528 618
f 528 619 618
f 441 423 442
f 440 423 441
f 442 460 441
f 460 459 441
f 441 459 440
f 419 418 402
f 402 403 419
f 403 420 419
f 419 420 437
f 437 418 419
f 436 418 437
f 435 418 436
f 437 455 436
f 455 454 436
f 436 454 435
f 551 552 377
f 583 584 551
f 551 585 552
f 584 585 551
f 377 393 551
f 363 378 377
f 364 378 363
f 351 350 323
f 323 325 351
f 325 352 351
f 351 366 365
f 352 366 351
f 351 365 364
f 364 350 351
f 381 382 397
f 397 415 414
f 414 396 397
f 380 381 397
f 397 396 380
f 339 337 338
f 360 359 339
f 359 358 339
f 339 358 337
f 262 290 274
f 274 261 262
f 262 261 251
f 240 229 251
f 230 222 242
f 242 253 263
f 263 252 242
f 243 254 264
f 264 253 243
f 253 242 243
f 243 244 254
f 219 212 213
f 230 242 241
f 241 242 252
f 241 251 229
f 241 252 262
f 262 251 241
f 409 408 289
f 408 392 289
f 289 290 409
f 289 274 290
f 384 385 401
f 401 400 384
f 401 386 402
f 385 386 401
f 402 418 401
f 418 400 401
f 451 450 432
f 450 431 432
f 432 431 414
f 462 461 443
f 462 443 444
f 444 463 462
f 279 278 266
f 214 205 206
f 204 205 213
f 213 212 204
f 207 223 222
f 222 215 207
f 207 215 206
f 206 201 207
f 265 278 293
f 293 277 265
f 265 266 278
f 264 254 265
f 265 277 264
f 244 266 265
f 254 244 265
f 483 503 482
f 483 504 503
f 484 504 483
f 464 484 483
f 483 463 464
f 482 462 483
f 483 462 463
f 522 521 625
f 522 624 523
f 522 625 624
f 523 500 522
f 502 521 501
f 501 480 502
f 500 480 501
f 501 522 500
f 521 522 501
f 481 482 502
f 502 480 481
f 481 480 461
f 481 462 482
f 461 462 481
f 984 958 983
f 985 958 984
f 1009 985 984
f 983 1008 984
f 984 1008 1009
f 934 935 909
f 934 908 933
f 909 908 934
f 934 737 739
f 933 737 934
f 739 741 934
f 741 935 934
f 931 905 930
f 930 731 931
f 729 731 930
f 725 927 723
f 727 927 725
f 725 723 726
f 726 727 725
f 1824 1855 1814
f 1824 1825 1853
f 1824 1814 1815
f 1815 1825 1824
f 1814 1855 1823
f 1823 1757 1814
f 1813 1757 1823
f 1857 1813 1823
f 1856 1857 1823
f 1823 1855 1856
f 1836 1601 1852
f 1852 1850 1836
f 1853 1851 1852
f 1851 1850 1852
f 1854 1824 1853
f 1855 1824 1854
f 1603 1607 1854
f 1607 1855 1854
f 1034 1003 1032
f 1032 1003 1030
f 1002 977 1001
f 1002 1003 977
f 1030 1003 1002
f 1001 1028 1002
f 1002 1028 1030
f 1004 1005 979
f 979 1003 1004
f 1034 1005 1004
f 1004 1003 1034
f 1035 1036 1034
f 1037 1036 1035
f 1034 1032 1035
f 1035 1032 1033
f 1031 1029 2135
f 1031 1030 1029
f 1031 1032 1030
f 1033 1032 1031
f 1013 988 1012
f 1012 1052 1013
f 1054 1014 1013
f 1013 1052 1054
f 2150 1093 2224
f 1093 2223 2224
f 1082 1094 1095
f 1096 1081 1095
f 1095 1081 1082
f 1020 1064 1066
f 1020 1019 1064
f 1020 1068 1021
f 1066 1068 1020
f 1021 996 1020
f 1020 996 995
f 968 993 994
f 994 1020 995
f 1019 1020 994
f 994 969 968
f 995 969 994
f 1062 1064 1018
f 1064 1019 1018
f 1018 1017 1062
f 993 1017 1018
f 1018 994 993
f 1019 994 1018
f 2138 1092 2220
f 990 991 965
f 965 964 990
f 965 991 966
f 748 964 965
f 965 966 750
f 750 748 965
f 742 962 963
f 963 744 742
f 962 988 963
f 746 744 963
f 963 964 746
f 1073 1078 1077
f 1100 1076 1077
f 1099 1100 1077
f 1077 1078 1099
f 1075 1073 1077
f 1077 1076 1075
f 1645 1144 1644
f 1140 1144 1645
f 1645 1141 1140
f 1645 1627 1141
f 1151 1148 1644
f 1644 1144 1151
f 1150 1148 1151
f 1149 1150 1151
f 1146 1140 1145
f 1145 1144 1146
f 1146 1144 1140
f 1509 1511 1510
f 1511 1509 1515
f 1515 1509 1517
f 1515 1514 1526
f 1515 1517 1514
f 1237 1280 1235
f 1235 1234 1237
f 1182 1236 1575
f 1236 1234 1575
f 1581 1545 1582
f 1545 1581 1546
f 1547 1545 1548
f 1545 1546 1548
f 2190 1752 2232
f 1755 1634 1633
f 1633 1634 1632
f 1640 1730 1628
f 1628 1627 1640
f 1640 1629 1631
f 2193 1740 2244
f 1738 1740 1739
f 1739 1740 1741
f 1741 1746 1739
f 1456 1449 1455
f 1456 1455 1440
f 1440 1396 1456
f 1441 44 42
f 42 1467 1441
f 42 44 45
f 42 41 1468
f 1468 1467 42
f 1357 1344 1345
f 1384 1378 1435
f 1384 1438 1434
f 1435 1438 1384
f 1434 1383 1384
f 1384 1383 1377
f 1377 1378 1384
f 1459 1363 1460
f 1460 1363 1358
f 1362 1363 1377
f 1377 1376 1362
f 1358 1363 1362
f 1362 1376 1357
f 1362 1345 1358
f 1357 1345 1362
f 1391 1449 1450
f 1301 1347 1302
f 1301 1120 1347
f 1305 1306 1308
f 1308 1307 1305
f 1461 1295 1453
f 1461 1460 1358
f 1453 1460 1461
f 1379 1430 1429
f 1429 24 1411
f 1380 1430 1379
f 1380 1373 1374
f 1379 1373 1380
f 1374 1381 1380
f 1431 1430 1380
f 1380 1381 1431
f 27 24 26
f 26 29 27
f 24 1429 26
f 26 1429 1430
f 577 578 123
f 123 124 577
f 488 535 545
f 545 546 488
f 545 123 578
f 535 123 545
f 545 579 546
f 578 579 545
f 536 535 534
f 534 2097 536
f 124 123 536
f 536 123 535
f 2097 2096 536
f 536 2096 124
f 2093 125 2095
f 20 21 19
f 2053 1268 1466
f 2069 2070 1291
f 1291 2070 1292
f 1354 2112 1353
f 1353 1402 1354
f 1354 1402 1404
f 1407 1409 1408
f 1408 1406 1407
f 1342 1402 1353
f 1342 1341 1338
f 1353 1341 1342
f 1402 1342 1401
f 1359 1373 1416
f 1498 2076 2114
f 2115 1498 2114
f 2116 1499 2115
f 1538 1499 1540
f 1540 1539 1538
f 1536 1499 1538
f 1539 1537 1538
f 1538 1535 1536
f 1537 1535 1538
f 1254 1252 1244
f 1254 1253 1252
f 1555 1136 1135
f 1136 1216 1135
f 1135 1530 1555
f 1135 1246 1530
f 1261 1217 1133
f 1562 1221 1219
f 1244 1252 1215
f 1215 1218 1244
f 1215 1252 1136
f 1136 1214 1215
f 1264 1267 1271
f 1271 1265 1264
f 2051 1265 2050
f 1109 1543 1544
f 1565 1563 1544
f 1544 1543 1565
f 1109 1584 1583
f 1583 1541 1109
f 1583 1582 1541
f 1204 1208 1205
f 1205 1206 1204
f 1205 1483 1206
f 1503 1504 1487
f 1503 1481 1482
f 1487 1481 1503
f 1482 1483 1503
f 1799 1829 1819
f 1819 1800 1799
f 1780 1759 1775
f 1775 1800 1780
f 1775 1759 1760
f 1819 1828 1818
f 1818 1801 1819
f 1803 1801 1818
f 1818 1827 1803
f 1818 1847 1827
f 1818 1828 1847
f 1830 1797 1821
f 1830 1842 1843
f 1605 2176 1832
f 1832 1602 1605
f 1603 1602 1832
f 1832 1606 1603
f 1834 1836 1837
f 1837 1838 1834
f 1836 1850 1837
f 1839 1838 1837
f 1837 1850 1848
f 1848 1839 1837
f 1840 1890 1861
f 1840 1838 1839
f 1840 1839 1846
f 1846 1890 1840
f 1840 1861 1860
f 1860 1838 1840
f 1678 2007 1676
f 1676 1679 1678
f 1677 1679 1676
f 1670 1677 1676
f 1948 2007 1949
f 1948 1676 2007
f 2184 1862 2186
f 1596 1595 1863
f 1596 1597 1868
f 1868 1595 1596
f 1977 1976 1620
f 1683 1696 1682
f 1682 1669 1683
f 1677 1669 1682
f 1682 1681 1677
f 1682 1696 1697
f 1697 1681 1682
f 1632 1637 1636
f 1636 1637 1635
f 1636 1633 1632
f 1644 1755 1636
f 1755 1633 1636
f 1979 2239 2240
f 1742 1744 1979
f 1979 1743 1742
f 1209 1204 1210
f 1209 1207 1204
f 1210 1646 1209
f 1646 1207 1209
f 1193 1708 1649
f 1649 1650 1193
f 1694 1690 1976
f 1694 1696 1683
f 1683 1693 1694
f 1693 1690 1694
f 1976 1977 1694
f 1694 1977 1696
f 1973 1974 1689
f 1726 1730 1729
f 1990 1625 1992
f 1992 1991 1990
f 1990 1991 1989
f 1672 1587 1673
f 1674 1623 1673
f 1986 1674 1673
f 1673 1587 1986
f 1182 1183 1184
f 1184 1236 1182
f 1184 1238 1236
f 1179 1181 1661
f 1660 1179 1661
f 1661 1657 1660
f 1656 1657 1661
f 1542 1543 1541
f 1542 1567 1543
f 1541 1547 1542
f 1568 1227 1225
f 1568 1225 1566
f 1566 1567 1568
f 1244 1243 1256
f 1256 1254 1244
f 1308 1306 1298
f 1298 1299 1308
f 1334 1322 1332
f 1332 1333 1334
f 1448 1449 1391
f 1391 1392 1448
f 1455 1449 1448
f 1448 1392 1447
f 1447 1454 1448
f 1448 1454 1455
f 1393 1387 1388
f 1393 1394 1447
f 1388 1394 1393
f 1447 1392 1393
f 1393 1392 1386
f 1386 1387 1393
f 1388 1387 1370
f 1371 1388 1370
f 1370 1366 1371
f 1364 1322 1334
f 1321 1322 1364
f 1351 1120 1386
f 1351 1392 1391
f 1386 1392 1351
f 1321 1364 1122
f 1593 1842 1841
f 1841 1831 1594
f 1594 1593 1841
f 1842 1830 1841
f 1821 1831 1841
f 1841 1830 1821
f 1875 1893 1874
f 1874 1592 1875
f 1874 1593 1592
f 1874 1873 1593
f 1891 1890 1844
f 1844 1873 1891
f 1861 1890 1891
f 1901 1900 1919
f 1901 1894 1900
f 1895 1894 1901
f 1920 1901 1919
f 1920 1921 1903
f 1943 1944 1918
f 1918 1917 1943
f 1900 1917 1918
f 1919 1900 1918
f 1893 1894 1889
f 1889 1894 1895
f 1869 1870 1867
f 1867 1595 1869
f 1867 1865 1864
f 1864 1595 1867
f 1860 1870 1859
f 1834 1838 1859
f 1859 1838 1860
f 1859 1858 1834
f 1869 1858 1859
f 1859 1870 1869
f 1888 1889 1895
f 1896 1888 1895
f 1950 1671 1670
f 1947 1948 1921
f 2010 1950 2009
f 1909 1910 1878
f 1784 1877 1878
f 1878 1877 1909
f 89 92 93
f 93 94 89
f 106 1764 107
f 1765 1767 1768
f 1765 1768 1769
f 1769 1766 1765
f 705 101 103
f 103 1765 1766
f 101 1765 103
f 99 101 100
f 99 97 98
f 99 100 97
f 99 1765 101
f 98 1767 99
f 1767 1765 99
f 1808 1763 1771
f 1790 1809 1771
f 1771 1809 1808
f 1770 1790 1771
f 1771 1764 1770
f 1771 1763 1764
f 1762 91 90
f 90 1807 1762
f 90 92 89
f 89 1807 90
f 1967 1968 1956
f 1956 1954 1955
f 1956 1968 1954
f 1961 1960 1959
f 2015 2016 1961
f 2015 1940 2016
f 1961 1959 2015
f 1941 1940 2015
f 2015 2014 1941
f 2015 1959 2014
f 313 312 310
f 326 324 313
f 324 312 313
f 331 332 333
f 356 331 333
f 329 328 330
f 330 332 329
f 316 332 330
f 330 315 316
f 328 315 330
f 299 134 133
f 134 171 133
f 303 134 301
f 301 134 299
f 303 172 169
f 169 134 303
f 271 287 286
f 259 287 271
f 347 540 538
f 510 541 606
f 540 605 606
f 606 121 510
f 606 605 121
f 174 169 173
f 173 169 172
f 769 708 707
f 708 185 707
f 120 576 575
f 510 121 120
f 310 576 122
f 121 605 122
f 122 120 121
f 576 120 122
f 311 310 122
f 122 605 311
f 1 16 17
f 1 12 16
f 562 12 1
f 1 608 562
f 17 2 1
f 2 3 1
f 3 608 1
f 563 12 562
f 562 541 563
f 564 13 563
f 13 12 563
f 563 543 564
f 1444 54 52
f 1445 1443 1444
f 55 54 1444
f 1444 50 1445
f 52 50 1444
f 1444 1117 55
f 1443 1117 1444
f 568 566 569
f 568 49 51
f 51 566 568
f 1468 41 40
f 1439 1468 40
f 40 38 1439
f 40 41 39
f 39 38 40
f 1437 1436 34
f 1432 1436 1437
f 34 32 1437
f 1437 1381 1432
f 32 1431 1437
f 1431 1381 1437
f 1433 1436 1432
f 1433 1432 1382
f 1382 1383 1433
f 1433 1383 1434
f 1434 1439 1433
f 1439 1436 1433
f 610 585 611
f 610 611 39
f 39 41 610
f 2 1116 1469
f 1469 1166 6
f 1390 1116 1395
f 1473 1158 1160
f 1160 1472 1473
f 1474 1158 1473
f 1473 1350 1474
f 542 563 541
f 543 563 542
f 544 543 572
f 537 3 557
f 537 608 3
f 557 538 537
f 884 882 914
f 914 915 884
f 825 804 803
f 803 802 825
f 782 781 803
f 803 781 802
f 826 804 825
f 837 836 826
f 782 803 783
f 783 803 804
f 162 163 161
f 662 162 157
f 662 787 162
f 157 664 662
f 662 664 787
f 199 196 205
f 205 204 199
f 227 226 218
f 218 226 211
f 218 211 212
f 218 219 227
f 212 219 218
f 155 193 153
f 153 154 155
f 203 211 197
f 197 155 194
f 193 155 197
f 167 166 136
f 136 652 167
f 652 653 167
f 137 135 136
f 136 166 137
f 233 140 139
f 234 140 233
f 142 655 657
f 267 140 255
f 166 140 267
f 282 137 267
f 267 137 166
f 318 317 297
f 317 300 297
f 297 298 282
f 297 300 299
f 299 298 297
f 823 802 801
f 823 824 802
f 801 822 823
f 823 822 841
f 824 823 839
f 139 653 654
f 654 233 139
f 655 233 654
f 777 653 652
f 652 714 775
f 868 907 870
f 868 866 907
f 818 845 819
f 795 817 818
f 845 818 846
f 846 818 817
f 870 909 872
f 871 873 845
f 870 872 871
f 876 912 878
f 911 912 876
f 819 845 844
f 845 873 844
f 878 879 877
f 877 876 878
f 841 822 842
f 842 879 841
f 842 877 879
f 821 842 822
f 813 791 812
f 813 814 791
f 849 814 813
f 852 851 812
f 684 690 682
f 686 689 684
f 684 689 690
f 97 100 671
f 671 691 97
f 671 100 705
f 705 697 671
f 697 691 671
f 922 923 87
f 923 898 87
f 87 85 922
f 87 86 84
f 84 59 87
f 59 85 87
f 721 926 925
f 925 924 721
f 1169 1167 1170
f 1169 1158 1474
f 1349 1333 1476
f 1126 1172 1476
f 1172 1167 1476
f 1476 1332 1126
f 1333 1332 1476
f 1666 1933 1907
f 1665 1933 1666
f 1170 1665 1666
f 1177 1664 1665
f 1177 1167 1172
f 113 1767 98
f 113 1772 1767
f 98 97 113
f 97 111 113
f 1668 1165 1774
f 110 109 1668
f 1668 1772 110
f 1774 1773 1668
f 1773 1772 1668
f 7 5 8
f 6 1166 8
f 8 5 6
f 9 109 669
f 9 186 7
f 669 689 643
f 7 186 558
f 557 5 558
f 558 5 7
f 558 538 557
f 1161 1163 1162
f 1161 1162 1160
f 1160 1159 1161
f 16 12 15
f 12 14 15
f 1117 1454 1446
f 1394 1395 1446
f 1446 1454 1447
f 1447 1394 1446
f 1389 1388 1371
f 1389 1394 1388
f 1389 1395 1394
f 1390 1395 1389
f 2034 2032 534
f 583 551 550
f 550 551 393
f 549 583 550
f 550 393 549
f 398 382 399
f 398 397 382
f 399 415 398
f 415 397 398
f 285 270 286
f 285 284 269
f 272 260 288
f 272 287 259
f 288 376 272
f 376 287 272
f 249 238 227
f 249 272 259
f 260 272 249
f 222 223 231
f 231 242 222
f 231 243 242
f 244 243 232
f 232 231 223
f 243 231 232
f 273 392 288
f 273 289 392
f 288 260 273
f 261 274 273
f 274 289 273
f 433 452 451
f 451 432 433
f 434 452 433
f 433 415 434
f 414 415 433
f 433 432 414
f 221 222 230
f 221 215 222
f 229 214 221
f 206 215 221
f 221 214 206
f 230 241 221
f 221 241 229
f 213 205 220
f 205 214 220
f 220 214 229
f 220 229 228
f 220 219 213
f 228 219 220
f 850 861 849
f 849 813 850
f 812 851 850
f 850 813 812
f 866 868 865
f 865 868 867
f 864 905 866
f 901 926 902
f 902 926 927
f 729 930 929
f 901 902 858
f 1835 1852 1601
f 1603 1854 1835
f 1853 1852 1835
f 1835 1854 1853
f 1835 1602 1603
f 1835 1601 1602
f 2215 1035 2134
f 2225 2226 1094
f 2151 1095 2227
f 2219 1092 2129
f 2219 2220 1092
f 990 964 989
f 964 963 989
f 989 963 988
f 1014 990 989
f 989 1013 1014
f 988 1013 989
f 1644 1627 1643
f 1643 1645 1644
f 1143 1144 1145
f 1143 1151 1144
f 1145 1149 1143
f 1149 1151 1143
f 1110 1509 1510
f 1510 1506 1110
f 1110 1506 1505
f 1511 1515 1527
f 1527 1515 1526
f 1526 1581 1527
f 1527 1581 1582
f 1280 1279 1328
f 1328 1235 1280
f 1576 1185 1182
f 1182 1575 1576
f 1576 1577 1185
f 1571 1575 1234
f 1311 1241 1240
f 1240 1241 1224
f 1311 1240 1323
f 1323 1240 1239
f 1319 1322 1321
f 1318 1317 1315
f 1526 1525 1580
f 1580 1581 1526
f 1580 1546 1581
f 1525 1529 1580
f 1188 1186 1578
f 1578 1186 1577
f 1577 1548 1578
f 1578 1548 1546
f 1225 1227 1228
f 1228 1227 1229
f 1229 1230 1228
f 1228 1230 1239
f 2165 2232 1752
f 1435 1385 1398
f 1397 1435 1398
f 1398 1396 1397
f 1398 1456 1396
f 1459 1460 1452
f 1453 1346 1452
f 1452 1460 1453
f 1304 1301 1302
f 1307 1309 1325
f 1317 1319 1325
f 1301 1304 1303
f 1306 1305 1303
f 1303 1304 1306
f 1133 1253 1132
f 1295 1461 1294
f 1294 1272 1295
f 31 30 33
f 33 613 31
f 1431 30 28
f 28 1430 1431
f 30 31 28
f 28 31 29
f 28 26 1430
f 29 26 28
f 581 580 616
f 580 615 616
f 29 31 616
f 616 615 27
f 27 29 616
f 616 31 613
f 616 582 581
f 616 613 582
f 2094 2095 125
f 1409 19 56
f 18 57 56
f 56 21 18
f 56 19 21
f 56 57 1410
f 1410 1409 56
f 2053 1466 2071
f 1426 1285 2068
f 2068 1285 2061
f 2112 1354 2060
f 2059 1341 2080
f 1338 1341 1337
f 1292 1466 1290
f 1290 1291 1292
f 1290 1466 1268
f 1268 1265 1290
f 1265 1271 1290
f 1411 20 1119
f 20 19 1119
f 1119 19 1409
f 1409 1407 1119
f 1403 1401 1417
f 1404 1402 1403
f 1402 1401 1403
f 1418 1355 1359
f 1359 1416 1418
f 1414 1373 1379
f 1414 1416 1373
f 1417 1416 1414
f 1253 1254 1255
f 1255 1132 1253
f 1246 1135 1134
f 1134 1217 1248
f 1248 1246 1134
f 1216 1217 1134
f 1134 1135 1216
f 1263 1266 1251
f 1251 1266 1249
f 1248 1217 1250
f 1217 1261 1250
f 1261 1251 1250
f 1250 1251 1249
f 1249 1247 1250
f 1247 1248 1250
f 1243 1218 1220
f 1130 1129 1283
f 1130 1271 1267
f 1507 1585 1508
f 1508 1585 1554
f 1508 1501 1507
f 1508 1554 1501
f 1584 1585 1528
f 1528 1583 1584
f 1106 1563 1562
f 1559 1550 1558
f 1557 1535 1558
f 1558 1537 1559
f 1558 1535 1537
f 1559 1553 1551
f 1551 1550 1559
f 1518 1522 1523
f 1484 1205 1208
f 1483 1205 1484
f 1776 1775 1760
f 1760 1762 1776
f 1762 1761 1776
f 1796 1797 1798
f 1797 1830 1820
f 1820 1798 1797
f 1799 1798 1820
f 1829 1799 1820
f 1843 1829 1820
f 1820 1830 1843
f 2235 2159 1606
f 1606 2174 2235
f 2173 1832 2176
f 2236 2175 1597
f 2236 1597 2178
f 1921 1948 1922
f 1922 1904 1903
f 1903 1921 1922
f 1923 1904 1922
f 1922 1949 1923
f 1922 1948 1949
f 1899 1898 1905
f 1899 1863 1864
f 1864 1898 1899
f 2182 2179 1863
f 2237 1596 2180
f 1747 1739 1746
f 1698 2187 1680
f 1697 1979 1698
f 2240 2187 1698
f 1698 1979 2240
f 1698 1681 1697
f 1680 1681 1698
f 1978 1979 1697
f 1697 1696 1978
f 1696 1977 1978
f 1709 1721 1720
f 1686 1971 1687
f 1687 1688 1686
f 1689 1688 1687
f 1687 1973 1689
f 1717 1623 1625
f 1619 1617 1618
f 1618 1617 1974
f 1726 1729 1724
f 1724 1725 1726
f 1724 1713 1723
f 1723 1725 1724
f 1748 1747 1727
f 1614 1723 1615
f 1615 1616 1614
f 1615 1706 1616
f 1625 1990 1718
f 1656 1661 1655
f 1238 1184 1655
f 1655 1181 1238
f 1655 1661 1181
f 1655 1654 1656
f 1183 1654 1655
f 1655 1184 1183
f 1567 1542 1569
f 1569 1568 1567
f 1547 1549 1569
f 1569 1542 1547
f 1227 1568 1570
f 1570 1569 1549
f 1568 1569 1570
f 1275 1298 1297
f 1297 1298 1306
f 1306 1304 1297
f 1243 1220 1242
f 1311 1309 1312
f 1312 1241 1311
f 1312 1242 1241
f 1348 1366 1365
f 1366 1370 1365
f 1365 1334 1348
f 1365 1364 1334
f 1391 1450 1352
f 1352 1351 1391
f 1347 1120 1352
f 1120 1351 1352
f 1386 1120 1368
f 1368 1387 1386
f 1921 1920 1946
f 1946 1947 1921
f 2009 1947 1946
f 1946 1920 1919
f 1893 1889 1892
f 1892 1874 1893
f 1873 1874 1892
f 1892 1891 1873
f 1860 1861 1871
f 1871 1870 1860
f 1865 1867 1866
f 1866 1896 1865
f 1866 1867 1870
f 1888 1896 1866
f 1870 1871 1866
f 1866 1871 1888
f 1865 1896 1897
f 1897 1898 1865
f 1903 1904 1897
f 1904 1898 1897
f 1901 1920 1902
f 1895 1901 1902
f 1902 1896 1895
f 1902 1897 1896
f 1902 1920 1903
f 1903 1897 1902
f 2009 1950 2008
f 2008 1947 2009
f 2008 1950 1670
f 1948 1947 2008
f 1670 1676 2008
f 1676 1948 2008
f 2011 2010 1944
f 2011 1953 1952
f 2011 2012 1953
f 2011 1944 2012
f 1944 2010 1945
f 1919 1918 1945
f 1945 1918 1944
f 1945 1946 1919
f 1945 2010 2009
f 2009 1946 1945
f 1952 1685 1951
f 1951 1685 1671
f 1951 2011 1952
f 2010 2011 1951
f 1671 1950 1951
f 1950 2010 1951
f 1879 1878 1910
f 1880 1787 1879
f 1879 1910 1911
f 1911 1880 1879
f 1785 1786 1784
f 1784 1878 1785
f 1785 1787 1786
f 1785 1879 1787
f 1878 1879 1785
f 1764 94 96
f 96 107 1764
f 104 1766 106
f 104 103 1766
f 106 105 104
f 92 90 88
f 88 90 91
f 2014 1959 1957
f 2013 2014 1957
f 1955 2013 1957
f 1957 1956 1955
f 308 313 310
f 306 313 308
f 310 307 308
f 308 307 306
f 306 315 314
f 314 313 306
f 314 315 326
f 326 313 314
f 338 337 335
f 335 336 338
f 335 358 357
f 337 358 335
f 357 356 335
f 356 333 335
f 334 333 332
f 334 332 318
f 336 335 334
f 334 335 333
f 170 171 134
f 170 169 174
f 134 169 170
f 299 300 302
f 302 301 299
f 302 300 316
f 303 301 302
f 316 315 302
f 259 271 258
f 286 270 258
f 258 271 286
f 311 605 346
f 346 605 540
f 346 345 311
f 346 540 345
f 176 173 172
f 172 342 178
f 178 176 172
f 344 343 311
f 311 345 344
f 343 344 184
f 184 344 183
f 769 707 768
f 789 769 768
f 590 573 575
f 590 556 573
f 575 312 590
f 49 568 567
f 567 47 49
f 569 587 567
f 567 568 569
f 377 552 362
f 362 363 377
f 349 350 364
f 364 363 349
f 363 362 349
f 349 362 348
f 586 567 587
f 585 610 586
f 43 610 41
f 43 42 45
f 41 42 43
f 6 3 4
f 4 1469 6
f 4 3 2
f 2 1469 4
f 1166 1469 1470
f 1470 1116 1390
f 1470 1469 1116
f 1118 1395 1116
f 1117 1446 1118
f 1118 1446 1395
f 16 15 1118
f 17 16 1118
f 1118 1116 17
f 1118 14 1117
f 1118 15 14
f 1350 1473 1367
f 1371 1366 1367
f 1367 1366 1350
f 1367 1473 1472
f 511 541 510
f 511 542 541
f 510 120 511
f 543 542 511
f 608 537 539
f 539 538 540
f 539 537 538
f 886 915 916
f 886 884 915
f 916 917 886
f 886 917 888
f 888 887 886
f 887 885 886
f 804 826 805
f 805 783 804
f 160 161 159
f 159 164 160
f 162 161 160
f 160 158 162
f 195 199 204
f 190 196 195
f 196 199 195
f 142 657 144
f 255 140 245
f 245 140 234
f 156 155 154
f 156 664 157
f 156 154 664
f 157 158 156
f 158 155 156
f 193 197 152
f 658 656 782
f 139 140 138
f 138 140 166
f 138 653 139
f 282 298 281
f 281 137 282
f 299 133 281
f 281 298 299
f 281 133 280
f 280 135 281
f 135 137 281
f 234 233 141
f 141 655 142
f 141 233 655
f 780 781 656
f 656 657 780
f 801 781 780
f 780 657 655
f 320 284 338
f 338 336 320
f 283 284 320
f 269 284 256
f 825 824 838
f 824 839 838
f 838 826 825
f 837 826 838
f 838 887 837
f 838 885 887
f 881 879 882
f 800 822 801
f 800 821 822
f 797 775 796
f 795 818 796
f 819 797 796
f 796 818 819
f 776 777 652
f 652 775 776
f 797 777 776
f 776 775 797
f 847 865 867
f 847 846 817
f 845 846 869
f 869 871 845
f 869 847 867
f 846 847 869
f 870 871 869
f 869 868 870
f 867 868 869
f 873 871 874
f 874 871 872
f 874 909 910
f 874 872 909
f 910 911 874
f 911 876 874
f 819 844 843
f 843 844 873
f 820 797 819
f 819 843 820
f 842 821 820
f 820 843 842
f 772 771 792
f 791 814 792
f 814 815 792
f 709 708 769
f 709 129 708
f 709 646 129
f 794 817 795
f 789 788 810
f 682 681 683
f 683 684 682
f 686 684 683
f 853 854 642
f 898 854 853
f 897 91 86
f 86 87 897
f 897 88 91
f 897 87 898
f 898 853 897
f 900 926 901
f 900 925 926
f 924 925 900
f 900 855 854
f 1475 1476 1167
f 1475 1169 1474
f 1167 1169 1475
f 1474 1349 1475
f 1349 1476 1475
f 1170 1666 1171
f 1171 1159 1158
f 1171 1169 1170
f 1158 1169 1171
f 1667 1161 1159
f 1667 1876 1792
f 1170 1167 1168
f 1167 1177 1168
f 1168 1665 1170
f 1168 1177 1665
f 1173 1174 1175
f 1175 1172 1173
f 1174 1663 1175
f 1663 1664 1175
f 112 113 111
f 1772 113 112
f 111 110 112
f 110 1772 112
f 7 8 10
f 10 9 7
f 10 8 1166
f 186 9 670
f 670 9 669
f 669 643 670
f 188 689 686
f 188 643 689
f 341 285 286
f 339 285 341
f 341 286 360
f 360 339 341
f 340 339 338
f 340 285 339
f 338 284 340
f 284 285 340
f 239 249 227
f 227 219 239
f 239 219 228
f 260 249 239
f 849 861 863
f 863 865 849
f 866 865 863
f 863 864 866
f 905 864 904
f 904 930 905
f 904 929 930
f 928 902 927
f 903 902 928
f 928 927 727
f 928 904 903
f 929 904 928
f 928 727 729
f 729 929 928
f 857 858 859
f 859 852 857
f 851 852 859
f 859 850 851
f 861 850 859
f 1627 1645 1642
f 1642 1643 1627
f 1645 1643 1642
f 1505 1504 1111
f 1111 1110 1505
f 1329 1328 1279
f 1329 1277 1330
f 1329 1279 1277
f 1573 1576 1575
f 1575 1571 1573
f 1229 1227 1232
f 1227 1570 1232
f 1226 1240 1224
f 1224 1223 1226
f 1226 1223 1225
f 1225 1228 1226
f 1239 1240 1226
f 1226 1228 1239
f 1324 1309 1311
f 1311 1323 1324
f 1324 1325 1309
f 1324 1323 1315
f 1315 1317 1324
f 1317 1325 1324
f 1229 1232 1233
f 1233 1232 1571
f 1234 1235 1233
f 1233 1571 1234
f 1331 1318 1330
f 1330 1127 1331
f 1331 1127 1126
f 1126 1332 1331
f 1320 1319 1317
f 1317 1318 1320
f 1322 1319 1320
f 1318 1331 1320
f 1320 1332 1322
f 1320 1331 1332
f 1235 1328 1231
f 1231 1233 1235
f 1231 1230 1229
f 1229 1233 1231
f 1579 1190 1188
f 1188 1578 1579
f 1579 1529 1190
f 1579 1578 1546
f 1579 1580 1529
f 1546 1580 1579
f 1629 1640 1641
f 1641 1639 1629
f 1640 1639 1641
f 1638 1627 1644
f 1644 1639 1638
f 1638 1640 1627
f 1638 1639 1640
f 1630 1636 1635
f 1629 1639 1630
f 1644 1636 1630
f 1630 1639 1644
f 1630 1635 1631
f 1631 1629 1630
f 1457 1398 1385
f 1457 1450 1449
f 1449 1456 1457
f 1456 1398 1457
f 1326 1305 1307
f 1307 1325 1326
f 1326 1319 1321
f 1326 1325 1319
f 1464 1465 1283
f 1462 1294 1461
f 1358 1345 1462
f 1462 1461 1358
f 2061 1285 2055
f 2079 2060 1354
f 1353 2112 2111
f 2057 1337 2110
f 1281 1290 1269
f 1426 1291 1289
f 1291 1290 1289
f 1269 1290 1270
f 1270 1290 1271
f 1271 1130 1270
f 1405 1407 1406
f 1405 1406 1404
f 1404 1403 1405
f 1336 1335 1340
f 1343 1355 1420
f 1355 1418 1420
f 1419 1416 1417
f 1419 1418 1416
f 1417 1401 1419
f 1411 1119 1413
f 1413 1119 1407
f 1407 1405 1413
f 1275 1273 1260
f 1260 1255 1275
f 1129 1132 1260
f 1132 1255 1260
f 1254 1256 1257
f 1257 1255 1254
f 1275 1255 1257
f 1257 1256 1299
f 1257 1298 1275
f 1299 1298 1257
f 1263 1251 1262
f 1262 1251 1261
f 1262 1261 1133
f 1133 1132 1131
f 1131 1132 1129
f 1129 1130 1131
f 1131 1262 1133
f 1263 1262 1131
f 1131 1267 1263
f 1131 1130 1267
f 1510 1511 1512
f 1512 1528 1585
f 1507 1510 1512
f 1512 1585 1507
f 1583 1528 1513
f 1511 1527 1513
f 1513 1512 1511
f 1528 1512 1513
f 1582 1583 1513
f 1513 1527 1582
f 1107 1544 1563
f 1563 1106 1107
f 1107 1106 1550
f 1550 1551 1107
f 1562 1219 1561
f 1561 1106 1562
f 1552 1585 1584
f 1552 1551 1553
f 1553 1554 1552
f 1554 1585 1552
f 1112 1518 1519
f 1517 1509 1519
f 1519 1111 1112
f 1509 1110 1519
f 1110 1111 1519
f 1520 1521 1522
f 1522 1518 1520
f 1520 1208 1521
f 1520 1518 1112
f 1520 1484 1208
f 1112 1484 1520
f 1516 1518 1523
f 1523 1524 1516
f 1524 1514 1516
f 1514 1517 1516
f 1517 1519 1516
f 1516 1519 1518
f 1775 1776 1781
f 1800 1775 1781
f 1781 1799 1800
f 1781 1798 1799
f 2181 1899 2238
f 1750 1729 1730
f 1750 1749 1729
f 1748 1749 1735
f 1735 1734 1736
f 1743 1979 1745
f 1979 1978 1745
f 1620 1743 1745
f 1745 1977 1620
f 1745 1978 1977
f 1710 1649 1708
f 1708 1709 1710
f 1650 1649 1710
f 1675 1971 1672
f 1623 1717 1675
f 1672 1673 1675
f 1675 1673 1623
f 1973 1687 1972
f 1972 1687 1971
f 1971 1675 1972
f 1972 1675 1717
f 1715 1721 1714
f 1720 1721 1715
f 1715 1716 1720
f 1619 1618 1702
f 1705 1746 1619
f 1705 1747 1746
f 1705 1727 1747
f 1713 1724 1728
f 1728 1727 1713
f 1728 1724 1729
f 1748 1727 1728
f 1728 1749 1748
f 1729 1749 1728
f 1722 1615 1723
f 1714 1721 1722
f 1722 1713 1714
f 1723 1713 1722
f 1721 1709 1707
f 1707 1722 1721
f 1615 1722 1707
f 1706 1615 1707
f 1708 1706 1707
f 1707 1709 1708
f 1712 1718 1990
f 1712 1990 1989
f 1699 1717 1625
f 1625 1718 1699
f 1973 1972 1699
f 1699 1972 1717
f 1295 1272 1296
f 1296 1297 1304
f 1302 1295 1296
f 1296 1304 1302
f 1275 1297 1274
f 1274 1273 1275
f 1274 1272 1273
f 1274 1296 1272
f 1297 1296 1274
f 1222 1242 1220
f 1222 1219 1221
f 1222 1220 1219
f 1222 1221 1224
f 1224 1241 1222
f 1241 1242 1222
f 1310 1312 1309
f 1310 1307 1308
f 1310 1309 1307
f 1308 1299 1310
f 1242 1312 1300
f 1299 1256 1300
f 1300 1310 1299
f 1312 1310 1300
f 1300 1256 1243
f 1243 1242 1300
f 1369 1370 1387
f 1369 1365 1370
f 1364 1365 1369
f 1387 1368 1369
f 1369 1122 1364
f 1369 1368 1122
f 1347 1352 1451
f 1451 1346 1347
f 1451 1452 1346
f 1451 1352 1450
f 1861 1891 1872
f 1891 1892 1872
f 1872 1892 1889
f 1872 1871 1861
f 1889 1888 1872
f 1888 1871 1872
f 641 853 642
f 92 853 641
f 696 697 705
f 704 697 696
f 107 96 675
f 1967 1956 1958
f 1956 1957 1958
f 1958 1957 1959
f 1931 1967 1958
f 1958 1960 1931
f 1958 1959 1960
f 132 650 280
f 171 650 132
f 280 133 132
f 132 133 171
f 713 775 714
f 713 714 280
f 280 650 713
f 171 170 651
f 651 650 171
f 651 713 650
f 712 713 651
f 649 170 174
f 649 651 170
f 712 651 649
f 304 306 303
f 303 302 304
f 304 315 306
f 304 302 315
f 259 258 248
f 238 249 248
f 248 249 259
f 247 258 270
f 648 173 175
f 173 176 175
f 129 646 130
f 646 178 130
f 130 342 129
f 130 178 342
f 343 184 131
f 131 184 185
f 131 129 343
f 131 185 129
f 644 707 185
f 185 184 644
f 706 707 644
f 644 645 706
f 644 184 183
f 183 645 644
f 322 312 324
f 322 590 312
f 556 590 322
f 322 126 556
f 322 324 323
f 571 572 573
f 571 569 570
f 570 544 571
f 544 572 571
f 553 362 552
f 348 362 553
f 552 585 553
f 585 586 553
f 567 586 609
f 45 47 609
f 47 567 609
f 609 43 45
f 609 586 610
f 610 43 609
f 1166 1470 1164
f 1165 1166 1164
f 1164 1163 1165
f 1162 1163 1164
f 1471 1472 1162
f 1162 1164 1471
f 1471 1164 1470
f 1471 1470 1390
f 1372 1389 1371
f 1371 1367 1372
f 1390 1389 1372
f 1372 1367 1472
f 1372 1471 1390
f 1472 1471 1372
f 574 511 120
f 575 573 574
f 574 120 575
f 573 572 574
f 541 608 607
f 608 539 607
f 607 606 541
f 540 606 607
f 607 539 540
f 827 826 836
f 827 805 826
f 829 807 806
f 806 807 786
f 783 805 784
f 189 195 194
f 194 155 189
f 189 155 158
f 189 160 164
f 158 160 189
f 189 164 190
f 190 195 189
f 194 195 198
f 198 195 204
f 203 197 198
f 198 197 194
f 198 212 203
f 198 204 212
f 193 152 151
f 211 226 217
f 202 197 211
f 202 152 197
f 211 217 202
f 202 217 210
f 152 202 149
f 149 202 210
f 166 167 168
f 168 138 166
f 168 167 653
f 653 138 168
f 283 320 296
f 296 297 282
f 282 267 296
f 296 267 283
f 268 267 255
f 283 267 268
f 255 245 268
f 245 256 268
f 268 284 283
f 268 256 284
f 882 884 883
f 883 881 882
f 883 886 885
f 884 886 883
f 885 838 883
f 883 838 839
f 841 879 840
f 879 881 840
f 840 823 841
f 840 839 823
f 840 883 839
f 881 883 840
f 655 654 778
f 778 654 653
f 653 777 778
f 849 865 848
f 865 847 848
f 848 814 849
f 848 815 814
f 877 842 875
f 842 843 875
f 875 843 873
f 876 877 875
f 873 874 875
f 875 874 876
f 798 777 797
f 797 820 798
f 770 709 769
f 769 791 770
f 791 792 770
f 770 792 771
f 174 173 711
f 711 649 174
f 712 649 711
f 711 771 772
f 817 794 816
f 816 847 817
f 815 848 816
f 816 848 847
f 772 792 793
f 793 792 815
f 815 816 793
f 793 816 794
f 811 852 812
f 811 810 852
f 811 812 789
f 789 810 811
f 680 692 698
f 698 703 680
f 681 692 680
f 788 681 680
f 680 810 788
f 857 852 701
f 701 858 857
f 694 693 702
f 702 703 694
f 767 681 788
f 767 683 681
f 767 788 789
f 789 768 767
f 767 707 706
f 767 768 707
f 686 683 685
f 685 767 706
f 683 767 685
f 88 897 639
f 639 897 853
f 92 88 639
f 639 853 92
f 899 854 898
f 899 900 854
f 898 924 899
f 924 900 899
f 1876 1667 1906
f 1907 1876 1906
f 1906 1666 1907
f 1906 1171 1666
f 1159 1171 1906
f 1906 1667 1159
f 1793 1791 1774
f 1774 1163 1793
f 1792 1791 1793
f 1793 1667 1792
f 1163 1161 1793
f 1161 1667 1793
f 1176 1177 1172
f 1172 1175 1176
f 1664 1177 1176
f 1176 1175 1664
f 1157 1166 1165
f 1157 10 1166
f 1165 1668 1157
f 1157 1668 109
f 186 670 187
f 187 670 643
f 643 188 187
f 186 187 560
f 560 187 188
f 250 228 240
f 250 239 228
f 240 251 250
f 250 251 261
f 260 239 250
f 261 273 250
f 250 273 260
f 862 904 864
f 862 863 861
f 864 863 862
f 861 859 862
f 1483 1484 1485
f 1485 1111 1504
f 1485 1484 1112
f 1112 1111 1485
f 1485 1503 1483
f 1504 1503 1485
f 1574 1548 1577
f 1577 1576 1574
f 1576 1573 1574
f 1574 1549 1547
f 1547 1548 1574
f 1315 1323 1313
f 1313 1323 1239
f 1239 1230 1313
f 1328 1329 1314
f 1314 1231 1328
f 1230 1231 1314
f 1314 1313 1230
f 1321 1122 1327
f 1327 1326 1321
f 1327 1303 1305
f 1305 1326 1327
f 1294 1462 1463
f 1336 2058 2056
f 1290 1281 1288
f 1287 1289 1288
f 1288 1289 1290
f 1282 1281 1269
f 1269 1270 1282
f 1282 1270 1130
f 1283 1465 1282
f 1282 1130 1283
f 1426 1289 1427
f 1335 1285 1427
f 1427 1285 1426
f 1427 1289 1287
f 1415 1403 1417
f 1415 1405 1403
f 1415 1413 1405
f 1417 1414 1415
f 1399 1340 1428
f 1428 1287 1425
f 1425 1399 1428
f 1428 1427 1287
f 1428 1340 1335
f 1335 1427 1428
f 1336 1340 1339
f 1339 1337 1336
f 1338 1337 1339
f 1339 1399 1338
f 1339 1340 1399
f 1343 1420 1422
f 1425 1424 1422
f 1400 1419 1401
f 1400 1401 1342
f 1400 1342 1338
f 1338 1399 1400
f 1423 1399 1425
f 1425 1422 1423
f 1423 1422 1420
f 1411 1413 1412
f 1412 1429 1411
f 1412 1415 1414
f 1413 1415 1412
f 1379 1429 1412
f 1412 1414 1379
f 1284 1260 1273
f 1284 1464 1283
f 1283 1129 1284
f 1129 1260 1284
f 1108 1584 1109
f 1109 1544 1108
f 1544 1107 1108
f 1108 1107 1551
f 1108 1552 1584
f 1551 1552 1108
f 1560 1561 1219
f 1560 1220 1218
f 1219 1220 1560
f 1550 1106 1105
f 1106 1561 1105
f 1557 1558 1105
f 1105 1558 1550
f 1782 1781 1776
f 1777 1796 1782
f 1796 1798 1782
f 1798 1781 1782
f 1782 1761 1777
f 1782 1776 1761
f 1751 1750 1730
f 1751 1640 1631
f 1730 1640 1751
f 1631 1637 1751
f 1749 1750 1733
f 1733 1735 1749
f 1732 1734 1733
f 1734 1735 1733
f 1736 1738 1737
f 1737 1735 1736
f 1738 1739 1737
f 1748 1735 1737
f 1739 1747 1737
f 1737 1747 1748
f 1650 1710 1988
f 1989 1651 1988
f 1651 1650 1988
f 1988 1712 1989
f 1716 1715 1703
f 1703 1702 1716
f 1619 1702 1703
f 1703 1705 1619
f 1711 1710 1709
f 1711 1709 1720
f 1711 1988 1710
f 1712 1988 1711
f 1716 1702 1700
f 1700 1699 1718
f 1458 1451 1450
f 1458 1457 1385
f 1450 1457 1458
f 1458 1385 1459
f 1459 1452 1458
f 1452 1451 1458
f 642 693 678
f 678 693 694
f 102 696 705
f 105 696 102
f 705 103 102
f 103 104 102
f 102 104 105
f 106 107 676
f 107 675 676
f 676 105 106
f 676 696 105
f 95 96 94
f 95 675 96
f 775 713 774
f 774 794 795
f 795 796 774
f 774 796 775
f 257 247 270
f 257 285 269
f 270 285 257
f 648 175 710
f 710 173 648
f 710 711 173
f 771 711 710
f 710 770 771
f 709 770 710
f 646 709 177
f 177 178 646
f 709 710 177
f 177 710 175
f 176 178 177
f 177 175 176
f 350 349 321
f 349 127 321
f 323 350 321
f 321 127 126
f 321 322 323
f 126 322 321
f 128 349 348
f 128 127 349
f 348 553 128
f 512 574 572
f 511 574 512
f 512 572 543
f 543 511 512
f 805 827 828
f 828 806 805
f 828 836 835
f 828 827 836
f 829 806 828
f 828 834 829
f 828 835 834
f 785 806 786
f 805 806 785
f 785 784 805
f 786 664 785
f 145 146 144
f 145 657 656
f 145 144 657
f 143 245 234
f 235 245 143
f 143 224 235
f 146 224 143
f 143 141 142
f 234 141 143
f 142 144 143
f 144 146 143
f 153 193 192
f 193 151 192
f 782 783 660
f 660 658 782
f 237 217 226
f 237 226 238
f 238 248 237
f 237 248 258
f 258 247 237
f 150 151 152
f 152 149 150
f 150 660 151
f 318 297 319
f 297 296 319
f 319 296 320
f 319 320 336
f 319 334 318
f 336 334 319
f 779 780 655
f 655 778 779
f 779 778 800
f 801 780 779
f 779 800 801
f 799 820 821
f 799 798 820
f 821 800 799
f 800 778 799
f 799 778 777
f 777 798 799
f 700 701 852
f 693 701 700
f 700 702 693
f 852 810 700
f 858 701 856
f 901 858 856
f 856 900 901
f 855 900 856
f 642 854 679
f 854 855 679
f 679 693 642
f 679 701 693
f 855 856 679
f 679 856 701
f 9 10 1156
f 10 1157 1156
f 1156 1157 109
f 559 558 186
f 186 560 559
f 347 538 559
f 538 558 559
f 860 902 903
f 860 858 902
f 903 904 860
f 904 862 860
f 860 859 858
f 860 862 859
f 1549 1574 1572
f 1572 1574 1573
f 1572 1570 1549
f 1572 1232 1570
f 1572 1573 1571
f 1571 1232 1572
f 1316 1314 1329
f 1330 1318 1316
f 1316 1329 1330
f 1316 1318 1315
f 1315 1313 1316
f 1313 1314 1316
f 1121 1327 1122
f 1121 1368 1120
f 1122 1368 1121
f 1120 1301 1121
f 1301 1303 1121
f 1303 1327 1121
f 1272 1294 1293
f 1294 1463 1293
f 1273 1272 1293
f 1293 1463 1464
f 1293 1284 1273
f 1464 1284 1293
f 1123 1463 1462
f 1123 1345 1344
f 1123 1462 1345
f 1286 1282 1465
f 1286 1424 1425
f 1286 1465 1424
f 1425 1287 1286
f 1287 1288 1286
f 1286 1288 1281
f 1281 1282 1286
f 1419 1400 1421
f 1421 1423 1420
f 1421 1400 1399
f 1399 1423 1421
f 1421 1420 1418
f 1418 1419 1421
f 1218 1215 1213
f 1213 1560 1218
f 1213 1215 1214
f 1561 1560 1213
f 1731 1751 1637
f 1732 1733 1731
f 1750 1751 1731
f 1731 1733 1750
f 1731 1634 1732
f 1731 1637 1634
f 1704 1715 1714
f 1704 1703 1715
f 1714 1713 1704
f 1713 1727 1704
f 1727 1705 1704
f 1705 1703 1704
f 1719 1711 1720
f 1719 1700 1718
f 1718 1712 1719
f 1712 1711 1719
f 1720 1716 1719
f 1716 1700 1719
f 1701 1700 1702
f 1974 1973 1701
f 1973 1699 1701
f 1699 1700 1701
f 1701 1618 1974
f 1701 1702 1618
f 677 678 694
f 694 703 677
f 704 696 695
f 696 676 695
f 695 677 703
f 695 676 675
f 675 677 695
f 698 704 695
f 695 703 698
f 94 93 673
f 673 95 94
f 675 95 673
f 773 711 772
f 712 711 773
f 794 774 773
f 773 713 712
f 773 774 713
f 772 793 773
f 773 793 794
f 554 128 553
f 554 586 587
f 554 553 586
f 573 556 589
f 589 571 573
f 656 658 208
f 208 145 656
f 208 658 147
f 210 217 216
f 216 149 210
f 216 224 146
f 235 224 246
f 246 245 235
f 246 256 245
f 269 256 246
f 246 257 269
f 659 192 151
f 151 660 659
f 784 785 659
f 783 784 659
f 659 660 783
f 148 149 147
f 148 150 149
f 147 658 148
f 658 660 148
f 660 150 148
f 702 700 699
f 699 680 703
f 703 702 699
f 810 680 699
f 699 700 810
f 561 560 188
f 686 685 561
f 685 687 561
f 347 559 561
f 561 559 560
f 706 645 182
f 182 685 706
f 182 687 685
f 182 645 183
f 109 9 11
f 11 1156 109
f 9 1156 11
f 1124 1344 1343
f 1124 1123 1344
f 1343 1422 1124
f 1124 1422 1424
f 1104 1105 1561
f 1561 1213 1104
f 1104 1213 1214
f 1104 1214 1556
f 1556 1557 1104
f 1557 1105 1104
f 674 673 93
f 674 93 92
f 92 641 674
f 678 677 640
f 640 674 641
f 673 674 640
f 640 677 675
f 675 673 640
f 640 641 642
f 642 678 640
f 588 587 569
f 588 554 587
f 569 571 588
f 128 554 588
f 224 216 236
f 236 237 247
f 236 246 224
f 247 257 236
f 257 246 236
f 209 216 146
f 146 145 209
f 145 208 209
f 149 216 209
f 147 149 209
f 209 208 147
f 661 659 785
f 192 659 661
f 153 192 661
f 661 154 153
f 664 154 661
f 661 785 664
f 688 188 686
f 686 561 688
f 688 561 188
f 181 182 183
f 181 344 345
f 183 344 181
f 1463 1123 1125
f 1123 1124 1125
f 1464 1463 1125
f 1125 1124 1424
f 1424 1465 1125
f 1465 1464 1125
f 571 589 555
f 555 588 571
f 128 588 555
f 126 127 555
f 127 128 555
f 556 126 555
f 555 589 556
f 217 237 225
f 237 236 225
f 225 216 217
f 225 236 216
f 347 561 179
f 687 182 180
f 182 181 180
f 180 561 687
f 180 179 561
f 347 179 180
f 180 345 347
f 180 181 345
f 2124 2254 2257
f 2124 2205 2254
f 2090 118 2089
f 2089 118 117
f 765 764 2211
f 2211 764 2126
f 2128 766 765
f 765 2127 2128
f 668 766 2158
f 766 2157 2158
f 2257 2254 2255
f 2255 2254 2253
f 2255 2253 2256
f 2255 2252 2257
f 2255 2251 2252
f 2204 2107 119
f 119 2201 2204
f 2107 2089 119
f 119 2089 117
f 2206 2045 2107
f 2206 2107 2204
f 1027 67 2137
f 2137 67 2218
f 2145 2146 1087
f 1087 2146 1086
f 2047 2046 2247
f 2247 2207 2047
f 2046 2045 2247
f 2045 2206 2247
f 2108 2207 2248
f 2047 2207 2108
f 2109 2108 2208
f 2208 2108 2248
f 2048 2109 2208
f 2208 2249 2048
f 592 2042 2043
f 592 637 2042
f 2171 2172 1857
f 1857 2172 1756
f 1086 2147 2222
f 2222 1085 1086
f 1027 2137 2217
f 2217 1029 1027
f 2143 2144 1088
f 2144 1087 1088
f 2085 2049 2209
f 2250 2085 2209
f 2048 2249 2209
f 2209 2049 2048
f 1488 2084 2113
f 2113 1477 1488
f 2024 2021 2023
f 2021 2022 2023
f 1856 2170 2234
f 2234 1857 1856
f 1607 2196 1856
f 2160 2196 1607
f 1039 1037 2212
f 2212 1037 2214
f 2140 2141 1090
f 1090 2141 1089
f 1089 2142 2221
f 2221 1088 1089
f 1096 2229 2152
f 2152 1097 1096
f 2153 1098 1097
f 1097 2230 2153
f 2155 1098 2154
f 2155 1099 1098
f 2155 2156 764
f 764 1099 2155
f 2197 2086 2085
f 2197 2085 2250
f 2024 2023 2197
f 2197 2023 2086
f 1754 2167 2168
f 1755 2167 1754
f 2064 2065 1479
f 1479 2065 1480
f 2245 1742 2195
f 2245 1744 1742
f 2161 2162 1679
f 1679 2162 1678
f 1679 2242 2161
f 1680 2242 1679
f 58 57 2025
f 2025 2026 58
f 532 531 2098
f 531 2099 2098
f 1043 1041 2131
f 1041 2130 2131
f 1092 2131 2129
f 1043 2131 1092
f 1091 2138 2139
f 2139 1090 1091
f 2166 1754 2168
f 1753 1754 2166
f 2190 2191 1752
f 1752 2191 1736
f 2193 2194 1740
f 1740 2194 1742
f 1736 2191 2243
f 2243 1738 1736
f 2093 2025 125
f 125 2025 57
f 2076 1534 2118
f 2076 1498 1534
f 2067 2066 1496
f 1496 1540 2067
f 2074 1247 2073
f 2073 1247 1249
f 1678 2188 2189
f 2189 1626 1678
f 618 2036 530
f 2037 2036 618
f 2215 2213 1035
f 1035 2213 1037
f 2135 2216 1031
f 2216 1033 1031
f 2149 1085 2148
f 2149 1084 1085
f 2149 1093 1084
f 2149 2223 1093
f 2151 2228 1095
f 1095 2228 1096
f 2244 1738 2192
f 2244 1740 1738
f 2116 2077 1540
f 1540 1499 2116
f 2052 2072 1249
f 1249 1266 2052
f 2052 1266 1264
f 1264 2051 2052
f 2050 1268 2053
f 2050 1265 1268
f 2160 1607 2159
f 1607 1606 2159
f 2177 1604 2175
f 2175 1604 1597
f 2186 1924 2185
f 2186 1862 1924
f 2183 1862 2184
f 2183 1905 1862
f 1596 2179 2180
f 1863 2179 1596
f 2163 2239 1979
f 1979 1744 2163
f 534 533 2034
f 533 2033 2034
f 2205 2124 232
f 232 2200 2205
f 2124 2106 232
f 636 635 232
f 668 2200 232
f 223 207 232
f 232 948 667
f 667 666 232
f 974 1000 232
f 232 666 974
f 232 295 279
f 2106 637 232
f 232 809 831
f 831 832 232
f 232 637 636
f 663 809 232
f 232 832 947
f 232 635 295
f 279 266 232
f 947 948 232
f 232 1103 668
f 232 165 159
f 1102 1103 232
f 232 1025 1102
f 159 161 232
f 232 201 191
f 232 1000 1025
f 232 163 663
f 191 165 232
f 232 266 244
f 232 207 201
f 232 161 163
f 2134 1033 2133
f 2134 1035 1033
f 2225 1093 2150
f 2225 1094 1093
f 1094 2226 2227
f 2227 1095 1094
f 1753 2164 2165
f 2165 1752 1753
f 124 2096 2094
f 2094 125 124
f 1292 2070 2071
f 2071 1466 1292
f 2069 1291 2068
f 2068 1291 1426
f 2173 2174 1606
f 1606 1832 2173
f 2182 1899 2181
f 1863 1899 2182
f 2178 1597 2237
f 1597 1596 2237
f 2055 1335 2054
f 2055 1285 1335
f 2079 1404 2122
f 2079 1354 1404
f 2111 1341 1353
f 2111 2080 1341
f 1336 1337 2058
f 2058 1337 2057
f 2110 1341 2059
f 2110 1337 1341
f 2253 2254 2238
f 2254 2205 2238
f 2147 2146 2238
f 2200 2158 2238
f 2205 2200 2238
f 2238 2182 2181
f 2238 2134 2133
f 2238 2203 2253
f 2238 2197 2250
f 2250 2209 2238
f 2202 2203 2238
f 2204 2201 2238
f 2238 2172 2171
f 2238 2137 2218
f 2238 2128 2127
f 2238 2206 2204
f 2248 2207 2238
f 2192 2243 2238
f 2238 2218 2169
f 2169 2233 2238
f 2127 2211 2238
f 2154 2153 2238
f 2229 2228 2238
f 2238 2201 2202
f 2136 2217 2238
f 2238 2152 2229
f 2160 2159 2238
f 2238 2212 2214
f 2238 2211 2126
f 2157 2128 2238
f 2238 2158 2157
f 2238 2144 2143
f 2126 2210 2238
f 2195 2194 2238
f 2207 2247 2238
f 2168 2167 2238
f 2238 2247 2206
f 2185 2231 2238
f 2238 2242 2241
f 2238 2208 2248
f 2238 2245 2195
f 2238 2135 2136
f 2133 2216 2238
f 2188 2162 2238
f 2145 2144 2238
f 2238 2146 2145
f 2238 2222 2147
f 2238 2149 2148
f 2238 2141 2140
f 2238 2155 2154
f 2140 2139 2238
f 2249 2208 2238
f 2238 2173 2176
f 2233 2172 2238
f 2238 2196 2160
f 2238 2210 2156
f 2148 2222 2238
f 2171 2234 2238
f 2238 2236 2178
f 2238 2216 2135
f 2238 2217 2137
f 2214 2213 2238
f 2143 2221 2238
f 2198 2199 2238
f 2238 2167 2198
f 2190 2232 2238
f 2238 2209 2249
f 2238 2191 2190
f 2238 2244 2192
f 2238 2189 2188
f 2163 2246 2238
f 2238 2162 2161
f 2170 2196 2238
f 2238 2234 2170
f 2238 2228 2151
f 2238 2239 2163
f 2132 2212 2238
f 2238 2130 2132
f 2142 2141 2238
f 2129 2131 2238
f 2238 2221 2142
f 2230 2152 2238
f 2238 2153 2230
f 2156 2155 2238
f 2199 2197 2238
f 2238 2194 2193
f 2151 2227 2238
f 2238 2166 2168
f 2176 2177 2238
f 2238 2186 2185
f 2246 2245 2238
f 2161 2242 2238
f 2241 2187 2238
f 2150 2224 2238
f 2238 2213 2215
f 2238 2131 2130
f 2238 2139 2138
f 2164 2166 2238
f 2238 2243 2191
f 2238 2235 2174
f 2231 2189 2238
f 2178 2237 2238
f 2238 2187 2240
f 2240 2239 2238
f 2238 2224 2223
f 2223 2149 2238
f 2238 2225 2150
f 2138 2220 2238
f 2238 2219 2129
f 2193 2244 2238
f 2238 2165 2164
f 2177 2175 2238
f 2184 2186 2238
f 2238 2183 2184
f 2180 2179 2238
f 2215 2134 2238
f 2226 2225 2238
f 2238 2227 2226
f 2220 2219 2238
f 2232 2165 2238
f 2159 2235 2238
f 2174 2173 2238
f 2175 2236 2238
f 2179 2182 2238
f 2238 2237 2180
f 1905 2183 2238
f 2238 1899 1905
f 2056 2046 2047
f 2257 2252 2056
f 2056 2045 2046
f 2056 2041 2040
f 2085 2086 2056
f 2056 2124 2257
f 2056 2036 2037
f 2090 2089 2056
f 2252 2125 2056
f 2107 2045 2056
f 2056 2091 2029
f 2056 2123 2083
f 2043 2042 2056
f 2056 2125 2090
f 2056 2106 2124
f 2029 2028 2056
f 2062 2113 2056
f 2056 2104 2043
f 2056 2089 2107
f 2047 2108 2056
f 2056 2094 2096
f 2069 2068 2056
f 2056 2063 2062
f 2056 2119 2078
f 2056 2042 2106
f 2056 2105 2044
f 2056 2109 2048
f 2056 2049 2085
f 2056 2076 2118
f 2056 2087 2088
f 2056 2039 2038
f 2122 2121 2056
f 2044 2104 2056
f 2037 2103 2056
f 2056 2031 2030
f 2030 2091 2056
f 2056 2108 2109
f 2048 2049 2056
f 2038 2092 2056
f 2066 2067 2056
f 2083 2082 2056
f 2056 2081 2066
f 2074 2073 2056
f 2056 2086 2087
f 2072 2052 2056
f 2056 2025 2093
f 2040 2102 2056
f 2027 2105 2056
f 2056 2028 2027
f 2056 2033 2035
f 2082 2081 2056
f 2084 2123 2056
f 2056 2113 2084
f 2064 2063 2056
f 2088 2065 2056
f 2078 2026 2056
f 2120 2119 2056
f 2056 2121 2120
f 2035 2098 2056
f 2056 2102 2101
f 2101 2100 2056
f 2056 2092 2031
f 2093 2095 2056
f 2115 2114 2056
f 2056 2075 2074
f 2118 2117 2056
f 2056 2065 2064
f 2097 2032 2056
f 2026 2025 2056
f 2056 2103 2041
f 2056 2098 2099
f 2099 2036 2056
f 2100 2039 2056
f 2056 2096 2097
f 2056 2070 2069
f 2056 2111 2112
f 2056 2079 2122
f 2056 2067 2077
f 2056 2117 2075
f 2056 2073 2072
f 2056 2116 2115
f 2056 2050 2053
f 2032 2034 2056
f 2053 2071 2056
f 2056 2055 2054
f 2056 2114 2076
f 2077 2116 2056
f 2056 2052 2051
f 2051 2050 2056
f 2056 2034 2033
f 2095 2094 2056
f 2056 2071 2070
f 2056 2068 2061
f 2112 2060 2056
f 2059 2080 2056
f 2056 2110 2059
f 2061 2055 2056
f 2060 2079 2056
f 2080 2111 2056
f 2056 2058 2057
f 2057 2110 2056
f 2054 1335 2056
f 2056 1335 1336

