# https://github.com/mikedh/trimesh
v -0.01130000 -0.08192145 -0.00060756
v -0.00917099 -0.08193934 -0.00052261
v -0.01130000 -0.08195807 -0.00041935
v -0.00917174 -0.08195806 -0.00041935
v -0.01130000 -0.08198571 -0.00020923
v -0.00917255 -0.08197618 -0.00029418
v -0.01130000 -0.08199123 -0.00014797
v -0.00917325 -0.08198974 -0.00016576
v -0.01130000 -0.08200000 0.00000000
v -0.00917381 -0.08199899 -0.00002450
v -0.00917388 -0.08200000 0.00000000
v -0.01130000 -0.08190311 -0.00068455
v -0.01130000 -0.08187023 -0.00080554
v -0.00916881 -0.08188050 -0.00076928
v -0.00916963 -0.08190280 -0.00068580
v -0.00916964 -0.08190311 -0.00068456
v -0.00917087 -0.08193631 -0.00053780
v -0.01130000 -0.08000237 -0.00313264
v -0.00888569 -0.08019447 -0.00299558
v -0.00893715 -0.08038370 -0.00285071
v -0.01130000 -0.08018248 -0.00300441
v -0.00894991 -0.08043284 -0.00281129
v -0.01130000 -0.08043303 -0.00281113
v -0.00902136 -0.08073078 -0.00255323
v -0.01130000 -0.08048443 -0.00276902
v -0.00903052 -0.08077268 -0.00251393
v -0.01130000 -0.08077278 -0.00251384
v -0.00906976 -0.08096698 -0.00231977
v -0.01130000 -0.08095022 -0.00233735
v -0.00908392 -0.08104495 -0.00223546
v -0.01130000 -0.08104504 -0.00223536
v -0.00910444 -0.08116922 -0.00209193
v -0.01130000 -0.08113375 -0.00213415
v -0.00911855 -0.08126573 -0.00197121
v -0.01130000 -0.08126578 -0.00197114
v -0.00912820 -0.08133948 -0.00187247
v -0.01130000 -0.08128908 -0.00194060
v -0.00914037 -0.08144607 -0.00171736
v -0.01130000 -0.08144612 -0.00171735
v -0.00914416 -0.08148380 -0.00165835
v -0.01130000 -0.08154076 -0.00156440
v -0.00915456 -0.08160568 -0.00144897
v -0.01130000 -0.08159383 -0.00147058
v -0.00915741 -0.08164636 -0.00137061
v -0.01130000 -0.08164117 -0.00138083
v -0.00916140 -0.08171198 -0.00123314
v -0.01130000 -0.08172151 -0.00121181
v -0.00916192 -0.08172151 -0.00121181
v -0.01130000 -0.08172643 -0.00120064
v -0.00916576 -0.08180182 -0.00101334
v -0.01130000 -0.08180538 -0.00100341
v -0.00916637 -0.08181643 -0.00097252
v -0.01130000 -0.08182513 -0.00094748
v -0.00916672 -0.08182508 -0.00094746
v -0.00916812 -0.08186162 -0.00083392
v -0.00883267 -0.08001117 -0.00312656
v -0.01130000 -0.07979614 -0.00327021
v -0.00869415 -0.07956983 -0.00341134
v -0.00913887 -0.08143187 0.00173900
v -0.00912785 -0.08133662 0.00187642
v -0.01130000 -0.08133665 0.00187635
v -0.00911745 -0.08125777 0.00198152
v -0.00909888 -0.08113395 0.00213391
v -0.01130000 -0.08113404 0.00213380
v -0.00886492 -0.08012144 0.00304880
v -0.00875618 -0.07976198 0.00329213
v -0.01130000 -0.07976258 0.00329175
v -0.00871871 -0.07964499 0.00336552
v -0.00874256 -0.07971911 0.00331933
v -0.01130000 -0.08058996 0.00267957
v -0.00898886 -0.08058970 0.00267979
v -0.01130000 -0.08047863 0.00277382
v -0.00896602 -0.08049636 0.00275912
v -0.01130000 -0.08022191 0.00297522
v -0.00889326 -0.08022152 0.00297550
v -0.00888257 -0.08018337 0.00300375
v -0.01130000 -0.08088883 0.00240039
v -0.00908460 -0.08104885 0.00223113
v -0.00905461 -0.08088867 0.00240055
v -0.01130000 -0.08072955 0.00255437
v -0.00904686 -0.08085036 0.00243879
v -0.00903614 -0.08079895 0.00248887
v -0.00912018 -0.08127771 0.00195558
v -0.00914552 -0.08149812 0.00163537
v -0.01130000 -0.08142048 0.00175613
v -0.00914613 -0.08150455 0.00162491
v -0.01130000 -0.08150456 0.00162487
v -0.01130000 -0.08164501 0.00137327
v -0.00916084 -0.08170208 0.00125497
v -0.00915668 -0.08163561 0.00139172
v -0.00915241 -0.08157758 0.00150029
v -0.01130000 -0.08167798 0.00130635
v -0.01130000 -0.08172483 0.00120430
v -0.00916504 -0.08178547 0.00105680
v -0.01130000 -0.08178545 0.00105679
v -0.00916579 -0.08180268 0.00101082
v -0.01130000 -0.08193579 0.00054068
v -0.00917085 -0.08193568 0.00054065
v -0.00917075 -0.08193297 0.00055384
v -0.01130000 -0.08192077 0.00061059
v -0.00916944 -0.08189758 0.00070626
v -0.01130000 -0.08187103 0.00080280
v -0.00916886 -0.08188174 0.00076525
v -0.00916847 -0.08187103 0.00080280
v -0.01130000 -0.08186936 0.00080850
v -0.00916785 -0.08185445 0.00085783
v -0.00916602 -0.08180793 0.00099635
v -0.01130000 -0.08197953 0.00026645
v -0.00917323 -0.08198934 0.00017041
v -0.00917268 -0.08197873 0.00027319
v -0.01130000 -0.08195914 0.00041281
v -0.00917180 -0.08195952 0.00041050
v -0.00917104 -0.08194052 0.00051644
v 0.00528198 -0.04505421 -0.00043018
v 0.00530720 -0.04481618 -0.00064952
v 0.00528198 -0.04505421 0.00043018
v 0.00421518 -0.05512209 -0.00013024
v 0.00427928 -0.05451711 -0.00073861
v 0.00421518 -0.05512209 0.00013024
v -0.01154683 -0.08186740 -0.00069941
v -0.01154683 -0.08189126 -0.00060076
v -0.01160761 -0.08187415 -0.00059690
v -0.01142215 -0.07998579 -0.00313508
v -0.01142215 -0.07979214 -0.00326402
v -0.01135879 -0.07979526 -0.00326886
v -0.01160761 -0.08172239 -0.00108484
v -0.01160761 -0.08168202 -0.00118121
v -0.01154683 -0.08169810 -0.00118824
v -0.01170627 -0.08191369 0.00000000
v -0.01172485 -0.08190510 -0.00000216
v -0.01166702 -0.08193003 -0.00000314
v -0.01193614 -0.08177139 0.00000000
v -0.01193614 -0.08175840 -0.00018663
v -0.01188672 -0.08179644 -0.00019041
v -0.01199532 -0.08171847 0.00000000
v -0.01203299 -0.08167998 0.00000000
v -0.01202704 -0.08167385 -0.00017823
v -0.01208667 -0.08161706 0.00000000
v -0.01210645 -0.08159097 0.00000000
v -0.01210645 -0.08157902 -0.00016880
v -0.01215134 -0.08152421 0.00000000
v -0.01217321 -0.08148690 0.00000000
v -0.01217321 -0.08147556 -0.00015852
v -0.01217771 -0.08147874 0.00000000
v -0.01221444 -0.08140420 0.00000000
v -0.01220158 -0.08142111 -0.00015311
v -0.01223463 -0.08135507 0.00000000
v -0.01224485 -0.08132692 0.00000000
v -0.01224782 -0.08130786 -0.00014185
v -0.01225521 -0.08129530 0.00000000
v -0.01226868 -0.08124765 0.00000000
v -0.01226557 -0.08124950 -0.00013605
v -0.01228590 -0.08116653 0.00000000
v -0.01229008 -0.08113971 -0.00000000
v -0.01229008 -0.08113045 -0.00012422
v -0.01229394 -0.08110911 -0.00000000
v -0.01229638 -0.08108409 -0.00000000
v -0.01229680 -0.08107020 -0.00011823
v -0.01230000 -0.08097725 -0.00021899
v -0.01229981 -0.08100979 -0.00011223
v -0.01230000 -0.08099697 -0.00003387
v -0.01229981 -0.08101830 -0.00000000
v -0.01230000 -0.08099900 -0.00000000
v -0.01229981 -0.08099148 -0.00025318
v -0.01230000 -0.08094241 -0.00040307
v -0.01206826 -0.08162761 -0.00017363
v -0.01206826 -0.08163984 0.00000000
v -0.01207921 -0.08162646 0.00000000
v -0.01183491 -0.08183139 -0.00019389
v -0.01185116 -0.08183427 0.00000000
v -0.01191831 -0.08178576 0.00000000
v -0.01178089 -0.08186311 -0.00019704
v -0.01182575 -0.08185052 0.00000000
v -0.01183491 -0.08184478 0.00000000
v -0.01178089 -0.08187669 0.00000000
v -0.01178089 -0.08187664 -0.00000105
v -0.01178036 -0.08187697 0.00000000
v -0.01174337 -0.08189626 0.00000000
v -0.01148493 -0.08198253 -0.00000520
v -0.01151226 -0.08197720 0.00000000
v -0.01154683 -0.08196885 -0.00000466
v -0.01155003 -0.08196821 0.00000000
v -0.01160761 -0.08195132 -0.00000397
v -0.01162922 -0.08194420 0.00000000
v -0.01166702 -0.08193016 0.00000000
v -0.01137242 -0.08199675 -0.00001546
v -0.01138691 -0.08199621 0.00000000
v -0.01142215 -0.08199251 0.00000000
v -0.01229680 -0.08105142 -0.00026283
v -0.01229981 -0.08096471 -0.00039198
v -0.01230000 -0.08089112 -0.00058745
v -0.01227966 -0.08119991 0.00000000
v -0.01227966 -0.08119028 -0.00013017
v -0.01229008 -0.08111119 -0.00027246
v -0.01229680 -0.08102393 -0.00040532
v -0.01229981 -0.08092898 -0.00053007
v -0.01227966 -0.08117056 -0.00028202
v -0.01229008 -0.08108298 -0.00041863
v -0.01229680 -0.08098724 -0.00054712
v -0.01229981 -0.08088364 -0.00066841
v -0.01230000 -0.08082196 -0.00077275
v -0.01226557 -0.08122931 -0.00029148
v -0.01227966 -0.08114165 -0.00043185
v -0.01229008 -0.08104534 -0.00056412
v -0.01229680 -0.08094070 -0.00068915
v -0.01229981 -0.08082803 -0.00080739
v -0.01230000 -0.08074225 -0.00094232
v -0.01222647 -0.08137582 0.00000000
v -0.01222647 -0.08136514 -0.00014755
v -0.01224782 -0.08128721 -0.00030081
v -0.01226557 -0.08119971 -0.00044493
v -0.01227966 -0.08110306 -0.00058102
v -0.01229008 -0.08099759 -0.00070983
v -0.01229680 -0.08088364 -0.00083173
v -0.01229981 -0.08076718 -0.00093587
v -0.01222647 -0.08134404 -0.00030996
v -0.01224782 -0.08125692 -0.00045782
v -0.01226557 -0.08116017 -0.00059773
v -0.01227966 -0.08105411 -0.00073037
v -0.01229008 -0.08093909 -0.00085601
v -0.01229680 -0.08082129 -0.00096341
v -0.01229981 -0.08069438 -0.00106881
v -0.01230000 -0.08064102 -0.00111999
v -0.01220158 -0.08139957 -0.00031890
v -0.01222647 -0.08131307 -0.00047047
v -0.01224782 -0.08121646 -0.00061420
v -0.01226557 -0.08111004 -0.00075069
v -0.01227966 -0.08099418 -0.00088012
v -0.01229008 -0.08087524 -0.00099088
v -0.01229680 -0.08074676 -0.00109949
v -0.01229981 -0.08060745 -0.00120762
v -0.01230000 -0.08051465 -0.00130652
v -0.01213501 -0.08154986 0.00000000
v -0.01214147 -0.08152827 -0.00016376
v -0.01217321 -0.08145359 -0.00032760
v -0.01220158 -0.08136795 -0.00048284
v -0.01222647 -0.08127171 -0.00063037
v -0.01224782 -0.08116516 -0.00077073
v -0.01226557 -0.08104870 -0.00090398
v -0.01227966 -0.08092882 -0.00101816
v -0.01229008 -0.08079901 -0.00113008
v -0.01229680 -0.08065793 -0.00124135
v -0.01229981 -0.08050661 -0.00134944
v -0.01230000 -0.08035842 -0.00150237
v -0.01214147 -0.08150589 -0.00033602
v -0.01217321 -0.08142132 -0.00049487
v -0.01220158 -0.08132569 -0.00064617
v -0.01222647 -0.08121926 -0.00079039
v -0.01224782 -0.08110242 -0.00092750
v -0.01226557 -0.08098186 -0.00104516
v -0.01227966 -0.08085090 -0.00116046
v -0.01229008 -0.08070827 -0.00127498
v -0.01229680 -0.08055504 -0.00138603
v -0.01229981 -0.08038671 -0.00149872
v -0.01210645 -0.08155624 -0.00034413
v -0.01214147 -0.08147299 -0.00050651
v -0.01217321 -0.08137821 -0.00066154
v -0.01220158 -0.08127213 -0.00080960
v -0.01222647 -0.08115515 -0.00095058
v -0.01224782 -0.08103412 -0.00107177
v -0.01226557 -0.08090225 -0.00119053
v -0.01227966 -0.08075827 -0.00130840
v -0.01229008 -0.08060335 -0.00142253
v -0.01229680 -0.08043296 -0.00153805
v -0.01229981 -0.08024161 -0.00165933
v -0.01230000 -0.08016007 -0.00171519
v -0.01206826 -0.08160445 -0.00035190
v -0.01210645 -0.08152275 -0.00051772
v -0.01214147 -0.08142904 -0.00067642
v -0.01217321 -0.08132355 -0.00082829
v -0.01220158 -0.08120668 -0.00097314
v -0.01222647 -0.08108542 -0.00109789
v -0.01224782 -0.08095286 -0.00122016
v -0.01226557 -0.08080774 -0.00134146
v -0.01227966 -0.08065134 -0.00145878
v -0.01229008 -0.08047907 -0.00157727
v -0.01229680 -0.08028547 -0.00170130
v -0.01229981 -0.08006794 -0.00183039
v -0.01230000 -0.07990725 -0.00194785
v -0.01198133 -0.08173176 0.00000000
v -0.01198299 -0.08171746 -0.00018256
v -0.01202704 -0.08165032 -0.00035928
v -0.01206826 -0.08157039 -0.00052845
v -0.01210645 -0.08147799 -0.00069075
v -0.01214147 -0.08137333 -0.00084639
v -0.01217321 -0.08125681 -0.00099508
v -0.01220158 -0.08113555 -0.00112341
v -0.01222647 -0.08100253 -0.00124925
v -0.01224782 -0.08085650 -0.00137404
v -0.01226557 -0.08069882 -0.00149465
v -0.01227966 -0.08052488 -0.00161624
v -0.01229008 -0.08032922 -0.00174315
v -0.01229680 -0.08010929 -0.00187484
v -0.01229981 -0.07985882 -0.00201373
v -0.01230000 -0.07957823 -0.00220749
v -0.01202704 -0.08161571 -0.00053867
v -0.01198299 -0.08165847 -0.00054830
v -0.01198299 -0.08169359 -0.00036625
v -0.01193614 -0.08173421 -0.00037279
v -0.01193614 -0.08169860 -0.00055734
v -0.01188672 -0.08177194 -0.00037887
v -0.01188672 -0.08173589 -0.00056575
v -0.01183491 -0.08180662 -0.00038446
v -0.01183491 -0.08177015 -0.00057347
v -0.01178089 -0.08183809 -0.00038952
v -0.01178089 -0.08180124 -0.00058047
v -0.01172485 -0.08186620 -0.00039405
v -0.01172485 -0.08182903 -0.00058673
v -0.01166702 -0.08189084 -0.00039802
v -0.01166702 -0.08185337 -0.00059222
v -0.01160761 -0.08191187 -0.00040141
v -0.01166702 -0.08180325 -0.00078594
v -0.01172485 -0.08177931 -0.00077893
v -0.01178089 -0.08175197 -0.00077093
v -0.01183491 -0.08172139 -0.00076198
v -0.01188672 -0.08168767 -0.00075211
v -0.01193614 -0.08165099 -0.00074138
v -0.01198299 -0.08161151 -0.00072982
v -0.01202704 -0.08156944 -0.00071751
v -0.01206826 -0.08152486 -0.00070446
v -0.01166702 -0.08166251 -0.00117266
v -0.01166702 -0.08173978 -0.00097957
v -0.01172485 -0.08163965 -0.00116266
v -0.01172485 -0.08171634 -0.00097105
v -0.01178089 -0.08161356 -0.00115124
v -0.01178089 -0.08168957 -0.00096132
v -0.01183491 -0.08158436 -0.00113846
v -0.01183491 -0.08165962 -0.00095043
v -0.01188672 -0.08155219 -0.00112437
v -0.01188672 -0.08162660 -0.00093843
v -0.01193614 -0.08151718 -0.00110905
v -0.01193614 -0.08159069 -0.00092538
v -0.01198299 -0.08147949 -0.00109255
v -0.01198299 -0.08155201 -0.00091133
v -0.01202704 -0.08143934 -0.00107498
v -0.01202704 -0.08151082 -0.00089635
v -0.01206826 -0.08139678 -0.00105635
v -0.01206826 -0.08146716 -0.00088049
v -0.01210645 -0.08135205 -0.00103677
v -0.01210645 -0.08142126 -0.00086381
v -0.01214147 -0.08130533 -0.00101632
v -0.01172485 -0.08189144 -0.00019986
v -0.01166702 -0.08191627 -0.00020232
v -0.01160761 -0.08193747 -0.00020443
v -0.01154683 -0.08195493 -0.00020617
v -0.01154683 -0.08192918 -0.00040420
v -0.01148493 -0.08196855 -0.00020752
v -0.01154683 -0.08161359 -0.00136679
v -0.01160761 -0.08159796 -0.00135883
v -0.01166702 -0.08157898 -0.00134917
v -0.01172485 -0.08155674 -0.00133785
v -0.01178089 -0.08153136 -0.00132493
v -0.01183491 -0.08150296 -0.00131046
v -0.01188672 -0.08147166 -0.00129453
v -0.01193614 -0.08143760 -0.00127719
v -0.01198299 -0.08140094 -0.00125852
v -0.01202704 -0.08136187 -0.00123864
v -0.01206826 -0.08132048 -0.00121756
v -0.01210645 -0.08127696 -0.00119540
v -0.01214147 -0.08123151 -0.00117226
v -0.01217321 -0.08118431 -0.00114823
v -0.01154683 -0.08151398 -0.00154872
v -0.01160761 -0.08149884 -0.00153986
v -0.01166702 -0.08148046 -0.00152910
v -0.01172485 -0.08145893 -0.00151649
v -0.01178089 -0.08143435 -0.00150210
v -0.01183491 -0.08140685 -0.00148599
v -0.01188672 -0.08137654 -0.00146825
v -0.01193614 -0.08134356 -0.00144894
v -0.01198299 -0.08130806 -0.00142815
v -0.01202704 -0.08127023 -0.00140600
v -0.01206826 -0.08123014 -0.00138253
v -0.01210645 -0.08118801 -0.00135785
v -0.01214147 -0.08114400 -0.00133208
v -0.01217321 -0.08109829 -0.00130532
v -0.01220158 -0.08105107 -0.00127767
v -0.01154683 -0.08139716 -0.00173531
v -0.01160761 -0.08138257 -0.00172556
v -0.01166702 -0.08136486 -0.00171372
v -0.01172485 -0.08134412 -0.00169986
v -0.01178089 -0.08132043 -0.00168404
v -0.01183491 -0.08129394 -0.00166633
v -0.01188672 -0.08126473 -0.00164682
v -0.01193614 -0.08123296 -0.00162559
v -0.01198299 -0.08119874 -0.00160273
v -0.01202704 -0.08116230 -0.00157837
v -0.01206826 -0.08112368 -0.00155256
v -0.01210645 -0.08108307 -0.00152543
v -0.01214147 -0.08104067 -0.00149710
v -0.01217321 -0.08099663 -0.00146767
v -0.01220158 -0.08095113 -0.00143727
v -0.01222647 -0.08090436 -0.00140602
v -0.01154683 -0.08126445 -0.00192199
v -0.01160761 -0.08125045 -0.00191142
v -0.01166702 -0.08123346 -0.00189858
v -0.01172485 -0.08121355 -0.00188353
v -0.01178089 -0.08119082 -0.00186637
v -0.01183491 -0.08116539 -0.00184715
v -0.01188672 -0.08113737 -0.00182598
v -0.01193614 -0.08110687 -0.00180294
v -0.01198299 -0.08107404 -0.00177814
v -0.01202704 -0.08103907 -0.00175172
v -0.01206826 -0.08100200 -0.00172371
v -0.01210645 -0.08096304 -0.00169427
v -0.01214147 -0.08092234 -0.00166353
v -0.01217321 -0.08088008 -0.00163160
v -0.01220158 -0.08083642 -0.00159861
v -0.01222647 -0.08079154 -0.00156471
v -0.01224782 -0.08074561 -0.00153001
v -0.01154683 -0.08111018 -0.00211410
v -0.01160761 -0.08109682 -0.00210274
v -0.01166702 -0.08108059 -0.00208893
v -0.01172485 -0.08106159 -0.00207277
v -0.01178089 -0.08103990 -0.00205432
v -0.01183491 -0.08101562 -0.00203367
v -0.01188672 -0.08098886 -0.00201091
v -0.01193614 -0.08095975 -0.00198615
v -0.01198299 -0.08092842 -0.00195949
v -0.01202704 -0.08089503 -0.00193109
v -0.01206826 -0.08085964 -0.00190099
v -0.01210645 -0.08082245 -0.00186935
v -0.01214147 -0.08078360 -0.00183631
v -0.01217321 -0.08074325 -0.00180199
v -0.01220158 -0.08070157 -0.00176653
v -0.01222647 -0.08065873 -0.00173009
v -0.01224782 -0.08061488 -0.00169279
v -0.01226557 -0.08057021 -0.00165479
v -0.01154683 -0.08092786 -0.00231596
v -0.01160761 -0.08091518 -0.00230383
v -0.01166702 -0.08089980 -0.00228910
v -0.01172485 -0.08088177 -0.00227185
v -0.01178089 -0.08086119 -0.00225217
v -0.01183491 -0.08083816 -0.00223013
v -0.01188672 -0.08081278 -0.00220585
v -0.01193614 -0.08078517 -0.00217943
v -0.01198299 -0.08075544 -0.00215098
v -0.01202704 -0.08072378 -0.00212068
v -0.01206826 -0.08069021 -0.00208856
v -0.01210645 -0.08065493 -0.00205480
v -0.01214147 -0.08061808 -0.00201954
v -0.01217321 -0.08057980 -0.00198293
v -0.01220158 -0.08054027 -0.00194510
v -0.01222647 -0.08049963 -0.00190621
v -0.01224782 -0.08045804 -0.00186641
v -0.01226557 -0.08041566 -0.00182587
v -0.01227966 -0.08037267 -0.00178473
v -0.01154683 -0.08071491 -0.00252575
v -0.01160761 -0.08070296 -0.00251291
v -0.01166702 -0.08068845 -0.00249731
v -0.01172485 -0.08067146 -0.00247905
v -0.01178089 -0.08065206 -0.00245820
v -0.01183491 -0.08063035 -0.00243486
v -0.01188672 -0.08060642 -0.00240915
v -0.01193614 -0.08058039 -0.00238117
v -0.01198299 -0.08055236 -0.00235105
v -0.01202704 -0.08052251 -0.00231896
v -0.01206826 -0.08049086 -0.00228494
v -0.01210645 -0.08045760 -0.00224919
v -0.01214147 -0.08042286 -0.00221185
v -0.01217321 -0.08038677 -0.00217308
v -0.01220158 -0.08034950 -0.00213302
v -0.01222647 -0.08031119 -0.00209183
v -0.01224782 -0.08027197 -0.00204969
v -0.01226557 -0.08023202 -0.00200675
v -0.01227966 -0.08019149 -0.00196319
v -0.01229008 -0.08015053 -0.00191916
v -0.01154683 -0.08046468 -0.00274519
v -0.01160761 -0.08045349 -0.00273168
v -0.01166702 -0.08043990 -0.00271527
v -0.01172485 -0.08042399 -0.00269606
v -0.01178089 -0.08040582 -0.00267413
v -0.01183491 -0.08038549 -0.00264958
v -0.01188672 -0.08036309 -0.00262253
v -0.01193614 -0.08033871 -0.00259310
v -0.01198299 -0.08031246 -0.00256141
v -0.01202704 -0.08028451 -0.00252766
v -0.01206826 -0.08025487 -0.00249188
v -0.01210645 -0.08022372 -0.00245428
v -0.01214147 -0.08019119 -0.00241500
v -0.01217321 -0.08015740 -0.00237421
v -0.01220158 -0.08012249 -0.00233207
v -0.01222647 -0.08008661 -0.00228875
v -0.01224782 -0.08004989 -0.00224442
v -0.01226557 -0.08001249 -0.00219925
v -0.01227966 -0.07997452 -0.00215342
v -0.01229008 -0.07993616 -0.00210711
v -0.01229680 -0.07989755 -0.00206049
v -0.01154683 -0.08016415 -0.00297948
v -0.01160761 -0.08015376 -0.00296535
v -0.01166702 -0.08014114 -0.00294818
v -0.01172485 -0.08012636 -0.00292808
v -0.01178089 -0.08010950 -0.00290513
v -0.01183491 -0.08009062 -0.00287945
v -0.01188672 -0.08006982 -0.00285115
v -0.01193614 -0.08004718 -0.00282036
v -0.01198299 -0.08002281 -0.00278721
v -0.01202704 -0.07999685 -0.00275189
v -0.01206826 -0.07996933 -0.00271446
v -0.01210645 -0.07994041 -0.00267512
v -0.01214147 -0.07991020 -0.00263402
v -0.01217321 -0.07987883 -0.00259135
v -0.01220158 -0.07984643 -0.00254726
v -0.01222647 -0.07981311 -0.00250193
v -0.01224782 -0.07977901 -0.00245556
v -0.01226557 -0.07974428 -0.00240830
v -0.01227966 -0.07970903 -0.00236035
v -0.01229008 -0.07967342 -0.00231190
v -0.01229680 -0.07963756 -0.00226312
v -0.01229981 -0.07960160 -0.00221421
v -0.01148493 -0.08190462 -0.00060377
v -0.01148493 -0.08188065 -0.00070284
v -0.01148493 -0.08185367 -0.00080070
v -0.01229981 -0.07926448 -0.00244619
v -0.01229680 -0.07929739 -0.00249720
v -0.01229008 -0.07933021 -0.00254807
v -0.01227966 -0.07936282 -0.00259861
v -0.01226557 -0.07939508 -0.00264861
v -0.01224782 -0.07942688 -0.00269789
v -0.01222647 -0.07945809 -0.00274626
v -0.01220158 -0.07948858 -0.00279353
v -0.01217321 -0.07951825 -0.00283951
v -0.01214147 -0.07954697 -0.00288402
v -0.01210645 -0.07957462 -0.00292688
v -0.01206826 -0.07960109 -0.00296791
v -0.01202704 -0.07962628 -0.00300695
v -0.01198299 -0.07965004 -0.00304378
v -0.01193614 -0.07967235 -0.00307836
v -0.01188672 -0.07969308 -0.00311047
v -0.01183491 -0.07971212 -0.00313999
v -0.01178089 -0.07972940 -0.00316677
v -0.01172485 -0.07974484 -0.00319070
v -0.01166702 -0.07975837 -0.00321167
v -0.01160761 -0.07976992 -0.00322957
v -0.01154683 -0.07977943 -0.00324431
v -0.01148493 -0.07998026 -0.00312704
v -0.01148493 -0.07978685 -0.00325582
v -0.01135879 -0.08195803 -0.00040884
v -0.01142215 -0.08196687 -0.00030797
v -0.01142215 -0.08195234 -0.00040792
v -0.01148493 -0.08194271 -0.00040637
v -0.01142215 -0.08191414 -0.00060591
v -0.01142215 -0.08189010 -0.00070528
v -0.01142215 -0.08186305 -0.00080344
v -0.01142215 -0.08183220 -0.00090287
v -0.01148493 -0.08017226 -0.00299051
v -0.01148493 -0.08047342 -0.00275574
v -0.01148493 -0.08072424 -0.00253578
v -0.01148493 -0.08093776 -0.00232543
v -0.01148493 -0.08112061 -0.00212297
v -0.01148493 -0.08127537 -0.00193025
v -0.01148493 -0.08140855 -0.00174291
v -0.01148493 -0.08152580 -0.00155564
v -0.01148493 -0.08162580 -0.00137300
v -0.01148493 -0.08171064 -0.00119373
v -0.01154683 -0.08173868 -0.00109136
v -0.01160761 -0.08175980 -0.00098684
v -0.01135879 -0.08197258 -0.00030872
v -0.01135879 -0.08198400 -0.00020906
v -0.01142215 -0.08197827 -0.00020849
v -0.01142215 -0.08199228 -0.00000558
v -0.01146903 -0.08198560 0.00000000
v -0.01135879 -0.08191976 -0.00060718
v -0.01135879 -0.08189568 -0.00070673
v -0.01135879 -0.08186857 -0.00080506
v -0.01135879 -0.08183767 -0.00090466
v -0.01135879 -0.08180375 -0.00100282
v -0.01135879 -0.08172485 -0.00119995
v -0.01135879 -0.08176579 -0.00110222
v -0.01142215 -0.08176045 -0.00110008
v -0.01142215 -0.08179834 -0.00100085
v -0.01148493 -0.08178917 -0.00099751
v -0.01148493 -0.08182292 -0.00089983
v -0.01154683 -0.08180992 -0.00089556
v -0.01154683 -0.08184054 -0.00079685
v -0.01160761 -0.08182370 -0.00079192
v -0.01160761 -0.08185041 -0.00069501
v -0.01135879 -0.07998905 -0.00313983
v -0.01142215 -0.08017804 -0.00299838
v -0.01142215 -0.08047964 -0.00276325
v -0.01142215 -0.08073089 -0.00254293
v -0.01142215 -0.08094481 -0.00233217
v -0.01142215 -0.08112805 -0.00212930
v -0.01142215 -0.08128317 -0.00193613
v -0.01142215 -0.08141666 -0.00174834
v -0.01142215 -0.08153422 -0.00156058
v -0.01142215 -0.08163450 -0.00137743
v -0.01142215 -0.08171958 -0.00119765
v -0.01148493 -0.08175139 -0.00109645
v -0.01154683 -0.08177629 -0.00099284
v -0.01160761 -0.08179324 -0.00089009
v -0.01229981 -0.07836660 -0.00295131
v -0.01229981 -0.07773475 -0.00324195
v -0.01229680 -0.07839354 -0.00300571
v -0.01229680 -0.07775865 -0.00329775
v -0.01229008 -0.07842041 -0.00305996
v -0.01229008 -0.07778249 -0.00335340
v -0.01227966 -0.07844710 -0.00311385
v -0.01227966 -0.07780616 -0.00340868
v -0.01226557 -0.07847350 -0.00316718
v -0.01224782 -0.07849953 -0.00321974
v -0.01222647 -0.07852507 -0.00327132
v -0.01220158 -0.07855003 -0.00332173
v -0.01217321 -0.07857432 -0.00337076
v -0.01214147 -0.07859782 -0.00341823
v -0.01154683 -0.08191174 -0.00050276
v -0.01148493 -0.08192519 -0.00050535
v -0.01142215 -0.08193477 -0.00050720
v -0.01135879 -0.08194043 -0.00050829
v -0.01135879 -0.08163963 -0.00138004
v -0.01135879 -0.08153919 -0.00156348
v -0.01135879 -0.08142145 -0.00175154
v -0.01135879 -0.08128776 -0.00193960
v -0.01135879 -0.08113243 -0.00213303
v -0.01135879 -0.08048332 -0.00276769
v -0.01135879 -0.08073481 -0.00254714
v -0.01135879 -0.08094897 -0.00233615
v -0.01135879 -0.08018145 -0.00300302
v -0.01183491 -0.07927731 -0.00340278
v -0.01188672 -0.07925997 -0.00337224
v -0.01193614 -0.07924110 -0.00333901
v -0.01198299 -0.07922078 -0.00330323
v -0.01202704 -0.07919914 -0.00326512
v -0.01206826 -0.07917619 -0.00322472
v -0.01210645 -0.07915208 -0.00318226
v -0.01214147 -0.07912689 -0.00313791
v -0.01217321 -0.07910073 -0.00309185
v -0.01220158 -0.07907371 -0.00304427
v -0.01222647 -0.07904593 -0.00299536
v -0.01224782 -0.07901751 -0.00294531
v -0.01226557 -0.07898854 -0.00289431
v -0.01227966 -0.07895915 -0.00284257
v -0.01229008 -0.07892945 -0.00279028
v -0.01229680 -0.07889955 -0.00273764
v -0.01229981 -0.07886957 -0.00268485
v -0.01230000 -0.07911330 -0.00251860
v -0.01230000 -0.07853647 -0.00284364
v -0.01230000 -0.07777240 -0.00320492
v -0.01133105 -0.08047841 0.00277356
v -0.01133105 -0.08163879 0.00138443
v -0.01139175 -0.08176208 0.00110477
v -0.01139175 -0.08172096 0.00120261
v -0.01145223 -0.08171416 0.00119962
v -0.01139175 -0.08199538 0.00001001
v -0.01163007 -0.08194359 0.00000792
v -0.01157162 -0.08196203 0.00000866
v -0.01174337 -0.08189601 0.00000600
v -0.01168740 -0.08192157 0.00000703
v -0.01179776 -0.08186701 0.00000484
v -0.01185107 -0.08183415 0.00000418
v -0.01194205 -0.08176605 0.00001010
v -0.01191024 -0.08179143 0.00001468
v -0.01203862 -0.08166106 0.00018078
v -0.01207921 -0.08161394 0.00017604
v -0.01211684 -0.08156428 0.00017104
v -0.01215134 -0.08151229 0.00016581
v -0.01221038 -0.08140203 0.00015471
v -0.01218257 -0.08145814 0.00016036
v -0.01223463 -0.08134416 0.00014889
v -0.01227201 -0.08122406 0.00013680
v -0.01225521 -0.08128476 0.00014291
v -0.01228495 -0.08116228 0.00013058
v -0.01229868 -0.08104147 0.00011842
v -0.01230000 -0.08097973 0.00020170
v -0.01229394 -0.08109973 0.00012429
v -0.01229868 -0.08040863 0.00152257
v -0.01230000 -0.08039343 0.00146097
v -0.01230000 -0.08053755 0.00127491
v -0.01230000 -0.07785851 0.00316735
v -0.01133105 -0.08198482 0.00021337
v -0.01133105 -0.08199911 0.00001016
v -0.01133105 -0.08192029 0.00061048
v -0.01133105 -0.08195866 0.00041273
v -0.01133105 -0.08176555 0.00110616
v -0.01133105 -0.08172438 0.00120411
v -0.01133105 -0.08180373 0.00100650
v -0.01133105 -0.08183783 0.00090817
v -0.01139175 -0.08180022 0.00100522
v -0.01145223 -0.08175518 0.00110199
v -0.01151226 -0.08170397 0.00119514
v -0.01151226 -0.08184750 0.00080208
v -0.01151226 -0.08189853 0.00060555
v -0.01145223 -0.08190940 0.00060801
v -0.01151226 -0.08193664 0.00040916
v -0.01145223 -0.08194763 0.00041094
v -0.01151226 -0.08196262 0.00021114
v -0.01145223 -0.08197370 0.00021225
v -0.01151226 -0.08197682 0.00000926
v -0.01145223 -0.08198795 0.00000971
v -0.01139175 -0.08198110 0.00021300
v -0.01139175 -0.08195497 0.00041213
v -0.01139175 -0.08191665 0.00060965
v -0.01145223 -0.08188530 0.00070722
v -0.01151226 -0.08174486 0.00109784
v -0.01145223 -0.08179323 0.00100267
v -0.01139175 -0.08183429 0.00090700
v -0.01133105 -0.08186890 0.00080836
v -0.01139175 -0.08189250 0.00070909
v -0.01145223 -0.08185819 0.00080522
v -0.01151226 -0.08181664 0.00090120
v -0.01157162 -0.08176886 0.00099378
v -0.01157162 -0.08169041 0.00118919
v -0.01151226 -0.08178277 0.00099886
v -0.01145223 -0.08182722 0.00090467
v -0.01139175 -0.08186532 0.00080731
v -0.01133105 -0.08189611 0.00071003
v -0.01157162 -0.08194789 0.00020966
v -0.01163007 -0.08192953 0.00020781
v -0.01168740 -0.08190760 0.00020560
v -0.01174337 -0.08188216 0.00020304
v -0.01179776 -0.08185328 0.00020013
v -0.01185036 -0.08182105 0.00019689
v -0.01190096 -0.08178558 0.00019332
v -0.01194935 -0.08174700 0.00018943
v -0.01199532 -0.08170541 0.00018525
v -0.01133105 -0.08128572 0.00194438
v -0.01133105 -0.08113012 0.00213768
v -0.01139175 -0.08128274 0.00194212
v -0.01139175 -0.08112727 0.00213525
v -0.01145223 -0.08127681 0.00193763
v -0.01145223 -0.08112162 0.00213043
v -0.01151226 -0.08126794 0.00193091
v -0.01151226 -0.08111314 0.00212320
v -0.01157162 -0.08125613 0.00192197
v -0.01157162 -0.08110187 0.00211360
v -0.01163007 -0.08124142 0.00191083
v -0.01163007 -0.08108784 0.00210163
v -0.01168740 -0.08122385 0.00189752
v -0.01168740 -0.08107106 0.00208733
v -0.01174337 -0.08120347 0.00188208
v -0.01174337 -0.08105160 0.00207074
v -0.01179776 -0.08118033 0.00186455
v -0.01179776 -0.08102951 0.00205190
v -0.01185036 -0.08115451 0.00184500
v -0.01185036 -0.08100487 0.00203089
v -0.01190096 -0.08112609 0.00182347
v -0.01190096 -0.08097774 0.00200776
v -0.01194935 -0.08109517 0.00180006
v -0.01194935 -0.08094822 0.00198260
v -0.01199532 -0.08106185 0.00177482
v -0.01199532 -0.08091642 0.00195549
v -0.01203862 -0.08102632 0.00174791
v -0.01203862 -0.08088250 0.00192657
v -0.01207921 -0.08098857 0.00171931
v -0.01207921 -0.08084646 0.00189584
v -0.01211684 -0.08094879 0.00168918
v -0.01211684 -0.08080848 0.00186347
v -0.01215134 -0.08090714 0.00165763
v -0.01215134 -0.08076872 0.00182956
v -0.01218257 -0.08086374 0.00162476
v -0.01218257 -0.08072730 0.00179425
v -0.01221038 -0.08081879 0.00159071
v -0.01221038 -0.08068439 0.00175766
v -0.01223463 -0.08077243 0.00155560
v -0.01223463 -0.08064013 0.00171993
v -0.01225521 -0.08072484 0.00151955
v -0.01225521 -0.08059470 0.00168120
v -0.01227201 -0.08067621 0.00148271
v -0.01227201 -0.08054827 0.00164162
v -0.01228495 -0.08062670 0.00144522
v -0.01228495 -0.08050102 0.00160134
v -0.01229394 -0.08057659 0.00140727
v -0.01229394 -0.08045318 0.00156055
v -0.01229868 -0.08052991 0.00137191
v -0.01228495 -0.07779521 0.00338311
v -0.01229394 -0.07777046 0.00332532
v -0.01229868 -0.07774741 0.00327149
v -0.01157162 -0.08192203 0.00040679
v -0.01163007 -0.08190382 0.00040384
v -0.01168740 -0.08188206 0.00040031
v -0.01174337 -0.08185682 0.00039621
v -0.01179776 -0.08182816 0.00039156
v -0.01185036 -0.08179619 0.00038638
v -0.01190096 -0.08176101 0.00038067
v -0.01194935 -0.08172272 0.00037446
v -0.01199532 -0.08168147 0.00036777
v -0.01203862 -0.08163746 0.00036063
v -0.01207921 -0.08159072 0.00035305
v -0.01211684 -0.08154146 0.00034506
v -0.01215134 -0.08148988 0.00033669
v -0.01218257 -0.08143616 0.00032797
v -0.01221038 -0.08138049 0.00031894
v -0.01223463 -0.08132308 0.00030963
v -0.01225521 -0.08126415 0.00030007
v -0.01227201 -0.08120393 0.00029030
v -0.01228495 -0.08114264 0.00028036
v -0.01229394 -0.08108059 0.00027029
v -0.01229868 -0.08102279 0.00026092
v -0.01157162 -0.08188409 0.00060229
v -0.01163007 -0.08186610 0.00059821
v -0.01168740 -0.08184460 0.00059335
v -0.01174337 -0.08181966 0.00058770
v -0.01179776 -0.08179135 0.00058129
v -0.01185036 -0.08175976 0.00057414
v -0.01190096 -0.08172499 0.00056628
v -0.01194935 -0.08168716 0.00055771
v -0.01199532 -0.08164640 0.00054849
v -0.01203862 -0.08160292 0.00053865
v -0.01207921 -0.08155673 0.00052819
v -0.01211684 -0.08150806 0.00051718
v -0.01215134 -0.08145709 0.00050564
v -0.01218257 -0.08140402 0.00049363
v -0.01221038 -0.08134901 0.00048118
v -0.01223463 -0.08129229 0.00046834
v -0.01225521 -0.08123406 0.00045516
v -0.01227201 -0.08117456 0.00044169
v -0.01228495 -0.08111400 0.00042799
v -0.01229394 -0.08105268 0.00041411
v -0.01229868 -0.08099557 0.00040119
v -0.01230000 -0.08094416 0.00039545
v -0.01157162 -0.08183330 0.00079791
v -0.01163007 -0.08181559 0.00079271
v -0.01168740 -0.08179444 0.00078649
v -0.01174337 -0.08176991 0.00077929
v -0.01179776 -0.08174206 0.00077111
v -0.01185036 -0.08171098 0.00076198
v -0.01190096 -0.08167678 0.00075194
v -0.01194935 -0.08163957 0.00074101
v -0.01199532 -0.08159947 0.00072923
v -0.01203862 -0.08155670 0.00071667
v -0.01207921 -0.08151126 0.00070332
v -0.01211684 -0.08146338 0.00068926
v -0.01215134 -0.08141324 0.00067453
v -0.01218257 -0.08136102 0.00065920
v -0.01221038 -0.08130690 0.00064330
v -0.01223463 -0.08125111 0.00062692
v -0.01225521 -0.08119383 0.00061009
v -0.01227201 -0.08113529 0.00059290
v -0.01228495 -0.08107572 0.00057540
v -0.01229394 -0.08101540 0.00055769
v -0.01229868 -0.08095922 0.00054119
v -0.01230000 -0.08089475 0.00057619
v -0.01230000 -0.08083135 0.00075027
v -0.01229868 -0.08091301 0.00068171
v -0.01229394 -0.08096801 0.00070177
v -0.01228495 -0.08102708 0.00072330
v -0.01227201 -0.08108541 0.00074457
v -0.01225521 -0.08114272 0.00076547
v -0.01223463 -0.08119881 0.00078592
v -0.01221038 -0.08125345 0.00080584
v -0.01218257 -0.08130643 0.00082516
v -0.01215134 -0.08135756 0.00084381
v -0.01211684 -0.08140666 0.00086171
v -0.01207921 -0.08145354 0.00087880
v -0.01203862 -0.08149803 0.00089503
v -0.01199532 -0.08153991 0.00091030
v -0.01194935 -0.08157917 0.00092462
v -0.01190096 -0.08161561 0.00093790
v -0.01185036 -0.08164910 0.00095011
v -0.01179776 -0.08167953 0.00096121
v -0.01174337 -0.08170680 0.00097115
v -0.01168740 -0.08173082 0.00097991
v -0.01163007 -0.08175153 0.00098746
v -0.01139175 -0.08163547 0.00138273
v -0.01145223 -0.08162884 0.00137935
v -0.01151226 -0.08161893 0.00137428
v -0.01157162 -0.08160574 0.00136755
v -0.01163007 -0.08167352 0.00118177
v -0.01163007 -0.08158931 0.00135916
v -0.01168740 -0.08165333 0.00117290
v -0.01168740 -0.08156968 0.00134913
v -0.01174337 -0.08162992 0.00116262
v -0.01174337 -0.08154690 0.00133750
v -0.01179776 -0.08160334 0.00115095
v -0.01179776 -0.08152105 0.00132430
v -0.01185036 -0.08157369 0.00113793
v -0.01185036 -0.08149221 0.00130957
v -0.01190096 -0.08154105 0.00112360
v -0.01190096 -0.08146046 0.00129336
v -0.01194935 -0.08150554 0.00110800
v -0.01194935 -0.08142592 0.00127572
v -0.01199532 -0.08146727 0.00109120
v -0.01199532 -0.08138870 0.00125671
v -0.01203862 -0.08142646 0.00107328
v -0.01203862 -0.08134900 0.00123644
v -0.01207921 -0.08138309 0.00105423
v -0.01207921 -0.08130682 0.00121490
v -0.01211684 -0.08133741 0.00103417
v -0.01211684 -0.08126238 0.00119221
v -0.01215134 -0.08128957 0.00101316
v -0.01215134 -0.08121584 0.00116844
v -0.01218257 -0.08123973 0.00099128
v -0.01218257 -0.08116737 0.00114369
v -0.01221038 -0.08118810 0.00096860
v -0.01221038 -0.08111714 0.00111804
v -0.01223463 -0.08113485 0.00094522
v -0.01223463 -0.08106535 0.00109159
v -0.01225521 -0.08108019 0.00092121
v -0.01225521 -0.08101218 0.00106444
v -0.01227201 -0.08102433 0.00089668
v -0.01227201 -0.08095784 0.00103669
v -0.01228495 -0.08096748 0.00087172
v -0.01228495 -0.08090255 0.00100845
v -0.01229394 -0.08090992 0.00084644
v -0.01229394 -0.08084656 0.00097986
v -0.01229868 -0.08085631 0.00082290
v -0.01229868 -0.08079442 0.00095323
v -0.01133105 -0.08153808 0.00156786
v -0.01139175 -0.08153486 0.00156597
v -0.01145223 -0.08152845 0.00156220
v -0.01151226 -0.08151885 0.00155656
v -0.01157162 -0.08150608 0.00154907
v -0.01163007 -0.08149017 0.00153972
v -0.01168740 -0.08147116 0.00152856
v -0.01174337 -0.08144911 0.00151562
v -0.01179776 -0.08142408 0.00150092
v -0.01185036 -0.08139615 0.00148452
v -0.01190096 -0.08136541 0.00146647
v -0.01194935 -0.08133197 0.00144684
v -0.01199532 -0.08129593 0.00142568
v -0.01203862 -0.08125748 0.00140311
v -0.01207921 -0.08121665 0.00137913
v -0.01211684 -0.08117362 0.00135386
v -0.01215134 -0.08112855 0.00132740
v -0.01218257 -0.08108162 0.00129985
v -0.01221038 -0.08103298 0.00127129
v -0.01223463 -0.08098283 0.00124185
v -0.01225521 -0.08093136 0.00121162
v -0.01227201 -0.08087875 0.00118073
v -0.01228495 -0.08082520 0.00114929
v -0.01229394 -0.08077099 0.00111747
v -0.01229868 -0.08072050 0.00108782
v -0.01133105 -0.08142007 0.00175585
v -0.01139175 -0.08141696 0.00175377
v -0.01145223 -0.08141079 0.00174963
v -0.01151226 -0.08140153 0.00174344
v -0.01157162 -0.08138923 0.00173520
v -0.01163007 -0.08137391 0.00172493
v -0.01168740 -0.08135559 0.00171266
v -0.01174337 -0.08133435 0.00169843
v -0.01179776 -0.08131023 0.00168228
v -0.01185036 -0.08128332 0.00166425
v -0.01190096 -0.08125371 0.00164441
v -0.01194935 -0.08122148 0.00162283
v -0.01199532 -0.08118676 0.00159957
v -0.01203862 -0.08114972 0.00157476
v -0.01207921 -0.08111037 0.00154841
v -0.01211684 -0.08106892 0.00152064
v -0.01215134 -0.08102550 0.00149155
v -0.01218257 -0.08098028 0.00146126
v -0.01221038 -0.08093342 0.00142988
v -0.01223463 -0.08088510 0.00139751
v -0.01225521 -0.08083551 0.00136429
v -0.01227201 -0.08078482 0.00133034
v -0.01228495 -0.08073323 0.00129578
v -0.01229394 -0.08068100 0.00126080
v -0.01229868 -0.08063235 0.00122821
v -0.01230000 -0.08075239 0.00092253
v -0.01230000 -0.08065610 0.00109544
v -0.01133105 -0.08094578 0.00234123
v -0.01139175 -0.08094309 0.00233865
v -0.01145223 -0.08093772 0.00233350
v -0.01151226 -0.08092969 0.00232579
v -0.01157162 -0.08091900 0.00231554
v -0.01163007 -0.08090568 0.00230277
v -0.01168740 -0.08088978 0.00228751
v -0.01174337 -0.08087132 0.00226981
v -0.01179776 -0.08085037 0.00224972
v -0.01185036 -0.08082700 0.00222730
v -0.01190096 -0.08080127 0.00220263
v -0.01194935 -0.08077328 0.00217578
v -0.01199532 -0.08074312 0.00214685
v -0.01203862 -0.08071095 0.00211600
v -0.01207921 -0.08067677 0.00208322
v -0.01211684 -0.08064076 0.00204868
v -0.01215134 -0.08060304 0.00201251
v -0.01218257 -0.08056376 0.00197483
v -0.01221038 -0.08052306 0.00193579
v -0.01223463 -0.08048109 0.00189554
v -0.01225521 -0.08043800 0.00185422
v -0.01227201 -0.08039398 0.00181199
v -0.01228495 -0.08034916 0.00176901
v -0.01229394 -0.08030380 0.00172550
v -0.01229868 -0.08026154 0.00168497
v -0.01230000 -0.08021818 0.00165601
v -0.01133105 -0.08072927 0.00255407
v -0.01139175 -0.08072673 0.00255133
v -0.01145223 -0.08072167 0.00254588
v -0.01151226 -0.08071410 0.00253772
v -0.01157162 -0.08070403 0.00252686
v -0.01163007 -0.08069149 0.00251333
v -0.01168740 -0.08067650 0.00249717
v -0.01174337 -0.08065911 0.00247842
v -0.01179776 -0.08063937 0.00245713
v -0.01185036 -0.08061734 0.00243338
v -0.01190096 -0.08059310 0.00240725
v -0.01194935 -0.08056673 0.00237881
v -0.01199532 -0.08053831 0.00234816
v -0.01203862 -0.08050799 0.00231548
v -0.01207921 -0.08047579 0.00228075
v -0.01211684 -0.08044185 0.00224416
v -0.01215134 -0.08040632 0.00220584
v -0.01218257 -0.08036931 0.00216594
v -0.01221038 -0.08033096 0.00212458
v -0.01223463 -0.08029141 0.00208194
v -0.01225521 -0.08025081 0.00203817
v -0.01227201 -0.08020933 0.00199343
v -0.01228495 -0.08016711 0.00194791
v -0.01229394 -0.08012436 0.00190181
v -0.01229868 -0.08008454 0.00185888
v -0.01230000 -0.07999907 0.00186739
v -0.01139175 -0.08047604 0.00277068
v -0.01145223 -0.08047130 0.00276495
v -0.01151226 -0.08046421 0.00275637
v -0.01157162 -0.08045477 0.00274495
v -0.01163007 -0.08044302 0.00273073
v -0.01168740 -0.08042899 0.00271373
v -0.01174337 -0.08041269 0.00269402
v -0.01179776 -0.08039421 0.00267164
v -0.01185036 -0.08037357 0.00264667
v -0.01190096 -0.08035087 0.00261918
v -0.01194935 -0.08032616 0.00258928
v -0.01199532 -0.08029954 0.00255706
v -0.01203862 -0.08027115 0.00252269
v -0.01207921 -0.08024098 0.00248618
v -0.01211684 -0.08020919 0.00244770
v -0.01215134 -0.08017590 0.00240741
v -0.01218257 -0.08014123 0.00236545
v -0.01221038 -0.08010530 0.00232197
v -0.01223463 -0.08006826 0.00227713
v -0.01225521 -0.08003024 0.00223111
v -0.01227201 -0.07999137 0.00218407
v -0.01228495 -0.07995182 0.00213620
v -0.01229394 -0.07991178 0.00208773
v -0.01229868 -0.07987448 0.00204258
v -0.01230000 -0.07967446 0.00213562
v -0.01133105 -0.08017886 0.00300647
v -0.01133105 -0.07979597 0.00326982
v -0.01139175 -0.08017665 0.00300346
v -0.01139175 -0.07979395 0.00326668
v -0.01145223 -0.08017225 0.00299746
v -0.01145223 -0.07978991 0.00326043
v -0.01151226 -0.08016566 0.00298849
v -0.01151226 -0.07978388 0.00325108
v -0.01157162 -0.08015690 0.00297655
v -0.01157162 -0.07977585 0.00323864
v -0.01163007 -0.08014598 0.00296168
v -0.01163007 -0.07976585 0.00322313
v -0.01168740 -0.08013293 0.00294391
v -0.01168740 -0.07975390 0.00320461
v -0.01174337 -0.08011780 0.00292330
v -0.01174337 -0.07974003 0.00318312
v -0.01179776 -0.08010062 0.00289990
v -0.01179776 -0.07972430 0.00315873
v -0.01185036 -0.08008146 0.00287380
v -0.01185036 -0.07970674 0.00313152
v -0.01190096 -0.08006036 0.00284506
v -0.01190096 -0.07968741 0.00310156
v -0.01194935 -0.08003740 0.00281380
v -0.01194935 -0.07966638 0.00306897
v -0.01199532 -0.08001267 0.00278011
v -0.01199532 -0.07964373 0.00303385
v -0.01203862 -0.07998629 0.00274418
v -0.01203862 -0.07961956 0.00299640
v -0.01207921 -0.07995826 0.00270600
v -0.01207921 -0.07959387 0.00295660
v -0.01211684 -0.07992873 0.00266578
v -0.01211684 -0.07956682 0.00291468
v -0.01215134 -0.07989780 0.00262366
v -0.01215134 -0.07953849 0.00287076
v -0.01218257 -0.07986559 0.00257978
v -0.01218257 -0.07950898 0.00282503
v -0.01221038 -0.07983221 0.00253432
v -0.01221038 -0.07947841 0.00277764
v -0.01223463 -0.07979780 0.00248745
v -0.01223463 -0.07944687 0.00272877
v -0.01225521 -0.07976247 0.00243933
v -0.01225521 -0.07941451 0.00267861
v -0.01227201 -0.07972636 0.00239015
v -0.01227201 -0.07938143 0.00262735
v -0.01228495 -0.07968961 0.00234010
v -0.01228495 -0.07934777 0.00257517
v -0.01229394 -0.07965241 0.00228942
v -0.01229394 -0.07931368 0.00252235
v -0.01229868 -0.07961775 0.00224223
v -0.01229868 -0.07928194 0.00247315
v -0.01229868 -0.07888494 0.00271309
v -0.01229394 -0.07891385 0.00276401
v -0.01228495 -0.07894489 0.00281868
v -0.01227201 -0.07897556 0.00287267
v -0.01225521 -0.07900568 0.00292572
v -0.01223463 -0.07903516 0.00297763
v -0.01221038 -0.07906388 0.00302820
v -0.01218257 -0.07909172 0.00307725
v -0.01215134 -0.07911860 0.00312458
v -0.01211684 -0.07914440 0.00317002
v -0.01207921 -0.07916904 0.00321341
v -0.01203862 -0.07919243 0.00325459
v -0.01199532 -0.07921444 0.00329336
v -0.01194935 -0.07923508 0.00332970
v -0.01190096 -0.07925423 0.00336342
v -0.01185036 -0.07927183 0.00339442
v -0.01179776 -0.07928783 0.00342259
v -0.01215134 -0.07859109 0.00340405
v -0.01218257 -0.07856693 0.00335528
v -0.01221038 -0.07854190 0.00330474
v -0.01223463 -0.07851610 0.00325262
v -0.01225521 -0.07848960 0.00319913
v -0.01227201 -0.07846253 0.00314445
v -0.01228495 -0.07843497 0.00308881
v -0.01229394 -0.07840707 0.00303248
v -0.01229868 -0.07838108 0.00298001
v -0.01230000 -0.07926872 0.00242050
v -0.01230000 -0.07868227 0.00276650
v -0.00708682 -0.08034433 -0.00200769
v -0.00699760 -0.08032247 -0.00191901
v -0.00715483 -0.08070296 -0.00156443
v -0.00706914 -0.08066913 -0.00148223
v -0.00698696 -0.08063204 -0.00139836
v -0.00706513 -0.08082184 -0.00117904
v -0.00663415 -0.08040243 -0.00096188
v -0.00657598 -0.08034880 -0.00087279
v -0.00672009 -0.08066010 -0.00048083
v -0.00426367 -0.07573873 -0.00259895
v -0.00423894 -0.07571723 -0.00247312
v -0.00549662 -0.07829169 -0.00160750
v -0.00896876 -0.08193345 -0.00051722
v -0.00896525 -0.08186323 -0.00080441
v -0.00896718 -0.08190196 -0.00066069
v -0.00877832 -0.08022711 -0.00296872
v -0.00843105 -0.08163489 -0.00118554
v -0.00832693 -0.08161899 -0.00115181
v -0.00833518 -0.08168136 -0.00100211
v -0.00829787 -0.08097134 -0.00216721
v -0.00826273 -0.08084144 -0.00230266
v -0.00815437 -0.08084674 -0.00225090
v -0.00825312 -0.08182906 -0.00030702
v -0.00815196 -0.08179592 -0.00029399
v -0.00815480 -0.08181559 -0.00010778
v -0.00775937 -0.08061593 -0.00229432
v -0.00768336 -0.08040110 -0.00247949
v -0.00757803 -0.08040058 -0.00240906
v -0.00765469 -0.08061162 -0.00222623
v -0.00747467 -0.08039650 -0.00233510
v -0.00716656 -0.07999443 -0.00251377
v -0.00711733 -0.07999145 -0.00247098
v -0.00727507 -0.08037755 -0.00217731
v -0.00678782 -0.08081790 0.00000000
v -0.00678827 -0.08081848 0.00000000
v -0.00678682 -0.08081488 -0.00003393
v -0.00645842 -0.08027820 -0.00003328
v -0.00646641 -0.08029455 0.00000000
v -0.00657389 -0.08049680 0.00000002
v -0.00639991 -0.08015850 -0.00019916
v -0.00643229 -0.08022476 -0.00011659
v -0.00651266 -0.08037481 -0.00021445
v -0.00644867 -0.08025827 -0.00006758
v -0.00610327 -0.07953430 -0.00096313
v -0.00615809 -0.07966378 -0.00063000
v -0.00638621 -0.08011463 -0.00051788
v -0.00627555 -0.07990408 -0.00044553
v -0.00634996 -0.08005632 -0.00030776
v -0.00569317 -0.07871258 -0.00117867
v -0.00597645 -0.07929214 -0.00086971
v -0.00449567 -0.07626263 -0.00208479
v -0.00524152 -0.07778855 -0.00157581
v -0.00917098 -0.08200000 -0.00000002
v -0.00914559 -0.08199988 -0.00000015
v -0.00866499 -0.08194830 -0.00014075
v -0.00876824 -0.08197243 -0.00000002
v -0.00876755 -0.08196370 -0.00014640
v -0.00876835 -0.08197244 -0.00000002
v -0.00886984 -0.08197549 -0.00015173
v -0.00892085 -0.08198931 -0.00000024
v -0.00897166 -0.08198371 -0.00015674
v -0.00897232 -0.08199323 -0.00000031
v -0.00907286 -0.08198843 -0.00016141
v -0.00845980 -0.08190642 -0.00012848
v -0.00856305 -0.08193711 0.00000005
v -0.00856234 -0.08192921 -0.00013477
v -0.00856321 -0.08193715 0.00000005
v -0.00866156 -0.08195590 0.00000001
v -0.00835756 -0.08187988 -0.00012188
v -0.00825583 -0.08184961 -0.00011497
v -0.00817580 -0.08182900 0.00000000
v -0.00835828 -0.08188693 0.00000002
v -0.00835850 -0.08188699 0.00000002
v -0.00842060 -0.08190382 0.00000004
v -0.00776189 -0.08164275 -0.00007629
v -0.00776249 -0.08164703 0.00000002
v -0.00793466 -0.08173192 0.00000002
v -0.00772985 -0.08162935 0.00000002
v -0.00757148 -0.08152060 -0.00020579
v -0.00753608 -0.08151317 0.00000000
v -0.00766800 -0.08159441 0.00000002
v -0.00748100 -0.08146261 -0.00018966
v -0.00739279 -0.08140143 -0.00017321
v -0.00739659 -0.08141650 0.00000001
v -0.00730704 -0.08133719 -0.00015646
v -0.00734790 -0.08137990 0.00000002
v -0.00722389 -0.08127003 -0.00013945
v -0.00722738 -0.08128234 0.00000007
v -0.00714348 -0.08120012 -0.00012222
v -0.00716554 -0.08122810 0.00000010
v -0.00706596 -0.08112758 -0.00010479
v -0.00700810 -0.08107536 0.00000010
v -0.00685178 -0.08089609 -0.00005175
v -0.00686650 -0.08091673 0.00000002
v -0.00692000 -0.08097539 -0.00006953
v -0.00692221 -0.08098184 0.00000006
v -0.00699143 -0.08105262 -0.00008722
v -0.00672520 -0.08073197 -0.00001610
v -0.00668136 -0.08066914 0.00000000
v -0.00670967 -0.08071058 0.00000001
v -0.00664051 -0.08058903 -0.00021545
v -0.00660861 -0.08052056 -0.00034717
v -0.00655869 -0.08044837 -0.00028063
v -0.00667434 -0.08065863 -0.00000000
v -0.00669622 -0.08066557 -0.00026785
v -0.00666656 -0.08064687 -0.00000000
v -0.00666613 -0.08064621 -0.00000000
v -0.00661047 -0.08055837 -0.00000001
v -0.00661005 -0.08055767 -0.00000001
v -0.00725786 -0.08055827 -0.00192266
v -0.00717939 -0.08036271 -0.00209387
v -0.00735323 -0.08057701 -0.00200288
v -0.00737359 -0.08038881 -0.00225779
v -0.00721651 -0.07999652 -0.00255572
v -0.00743094 -0.08078389 -0.00179879
v -0.00741390 -0.08097421 -0.00147523
v -0.00750840 -0.08100374 -0.00154471
v -0.00745288 -0.08108861 -0.00131968
v -0.00754709 -0.08112202 -0.00138447
v -0.00749235 -0.08121309 -0.00112179
v -0.00758618 -0.08125140 -0.00117978
v -0.00751246 -0.08128177 -0.00099346
v -0.00760605 -0.08132316 -0.00104649
v -0.00753324 -0.08135848 -0.00082436
v -0.00762654 -0.08140372 -0.00087023
v -0.00763719 -0.08144923 -0.00075156
v -0.00773238 -0.08149334 -0.00079117
v -0.00774282 -0.08154478 -0.00063182
v -0.00754407 -0.08140162 -0.00071086
v -0.00764788 -0.08149796 -0.00059899
v -0.00765753 -0.08154410 -0.00040966
v -0.00775221 -0.08159357 -0.00043375
v -0.00766407 -0.08157529 -0.00022156
v -0.00775858 -0.08162656 -0.00023693
v -0.00766838 -0.08159463 0.00000002
v -0.00772196 -0.08144546 -0.00091486
v -0.00770185 -0.08136103 -0.00109803
v -0.00768228 -0.08128615 -0.00123608
v -0.00764368 -0.08115185 -0.00144730
v -0.00760539 -0.08102969 -0.00161200
v -0.00752856 -0.08080376 -0.00187216
v -0.00637986 -0.07853401 -0.00319418
v -0.00679909 -0.07925004 -0.00292907
v -0.00647731 -0.07852750 -0.00329095
v -0.00684879 -0.07924861 -0.00297445
v -0.00657817 -0.07851758 -0.00338366
v -0.00689925 -0.07924632 -0.00301885
v -0.00695045 -0.07924317 -0.00306226
v -0.00745133 -0.08059216 -0.00208034
v -0.00755191 -0.08060370 -0.00215485
v -0.00762854 -0.08082000 -0.00194285
v -0.00773062 -0.08083259 -0.00201069
v -0.00770462 -0.08105200 -0.00167697
v -0.00780583 -0.08107064 -0.00173946
v -0.00785804 -0.08169138 -0.00008454
v -0.00795639 -0.08174168 0.00000002
v -0.00783453 -0.08084154 -0.00207554
v -0.00726714 -0.07999773 -0.00259679
v -0.00731841 -0.07999805 -0.00263695
v -0.00737028 -0.07999749 -0.00267619
v -0.00705488 -0.07923431 -0.00314596
v -0.00710802 -0.07922861 -0.00318619
v -0.00700234 -0.07923917 -0.00310463
v -0.00742271 -0.07999605 -0.00271447
v -0.00716173 -0.07922208 -0.00322533
v -0.00758297 -0.07998654 -0.00282338
v -0.00752910 -0.07999057 -0.00278808
v -0.00747566 -0.07999374 -0.00275177
v -0.00811873 -0.08110448 -0.00191082
v -0.00797676 -0.08096870 -0.00200667
v -0.00801315 -0.08109687 -0.00185649
v -0.00790876 -0.08108559 -0.00179934
v -0.00805470 -0.08177786 -0.00010030
v -0.00805172 -0.08175907 -0.00028045
v -0.00795571 -0.08173645 -0.00009255
v -0.00795260 -0.08171852 -0.00026641
v -0.00785483 -0.08167433 -0.00025189
v -0.00763725 -0.07998166 -0.00285764
v -0.00779036 -0.08039809 -0.00254626
v -0.00786566 -0.08061667 -0.00235899
v -0.00793998 -0.08084685 -0.00213726
v -0.00743717 -0.07917733 -0.00340368
v -0.00789871 -0.08039162 -0.00260922
v -0.00774683 -0.07996941 -0.00292301
v -0.00769188 -0.07997595 -0.00289086
v -0.00753740 -0.07957599 -0.00314842
v -0.00748229 -0.07958394 -0.00311444
v -0.00732579 -0.07919760 -0.00333587
v -0.00727065 -0.07920656 -0.00330019
v -0.00808294 -0.08097314 -0.00206335
v -0.00822523 -0.08110847 -0.00196224
v -0.00825978 -0.08125373 -0.00177592
v -0.00815402 -0.08124596 -0.00172744
v -0.00804915 -0.08123453 -0.00167632
v -0.00794542 -0.08121940 -0.00162264
v -0.00784310 -0.08120058 -0.00156651
v -0.00774244 -0.08117805 -0.00150802
v -0.00831038 -0.08151110 -0.00137038
v -0.00829371 -0.08141751 -0.00153244
v -0.00820612 -0.08149538 -0.00132980
v -0.00818887 -0.08140489 -0.00148844
v -0.00810267 -0.08147594 -0.00128720
v -0.00808488 -0.08138857 -0.00144219
v -0.00800029 -0.08145277 -0.00124264
v -0.00798198 -0.08136852 -0.00139373
v -0.00789920 -0.08142588 -0.00119621
v -0.00788042 -0.08134476 -0.00134316
v -0.00779964 -0.08139528 -0.00114797
v -0.00778044 -0.08131729 -0.00129058
v -0.00782944 -0.08153389 -0.00082963
v -0.00783957 -0.08158805 -0.00066371
v -0.00792815 -0.08157081 -0.00086685
v -0.00793793 -0.08162770 -0.00069461
v -0.00802831 -0.08160404 -0.00090277
v -0.00803769 -0.08166369 -0.00072445
v -0.00812968 -0.08163356 -0.00093732
v -0.00813863 -0.08169596 -0.00075319
v -0.00823205 -0.08165933 -0.00097045
v -0.00824053 -0.08172450 -0.00078078
v -0.00781930 -0.08148362 -0.00095815
v -0.00791833 -0.08151812 -0.00100002
v -0.00801884 -0.08154894 -0.00104039
v -0.00812059 -0.08157603 -0.00107918
v -0.00822337 -0.08159938 -0.00111634
v -0.00784866 -0.08163953 -0.00045716
v -0.00794667 -0.08168188 -0.00047987
v -0.00804604 -0.08172059 -0.00050182
v -0.00814656 -0.08175559 -0.00052298
v -0.00824803 -0.08178687 -0.00054333
v -0.00835022 -0.08181440 -0.00056281
v -0.00834692 -0.08178341 -0.00068880
v -0.00764859 -0.07955772 -0.00321298
v -0.00770457 -0.07954742 -0.00324351
v -0.00776075 -0.07953637 -0.00327288
v -0.00796899 -0.07993523 -0.00304078
v -0.00791318 -0.07994495 -0.00301298
v -0.00785752 -0.07995389 -0.00298408
v -0.00781710 -0.07952458 -0.00330107
v -0.00808092 -0.07991355 -0.00309304
v -0.00837151 -0.08083276 -0.00235094
v -0.00840607 -0.08096524 -0.00221427
v -0.00843992 -0.08110581 -0.00205608
v -0.00839915 -0.08142646 -0.00157410
v -0.00841523 -0.08152312 -0.00140889
v -0.00845293 -0.08183819 -0.00058143
v -0.00845545 -0.08186444 -0.00045247
v -0.00855828 -0.08188556 -0.00046692
v -0.00853552 -0.08164710 -0.00121748
v -0.00852802 -0.08158665 -0.00134223
v -0.00793010 -0.07949886 -0.00335390
v -0.00804326 -0.07947042 -0.00340197
v -0.00848042 -0.08082078 -0.00239573
v -0.00851439 -0.08095578 -0.00225802
v -0.00854758 -0.08109932 -0.00209840
v -0.00847293 -0.08125847 -0.00186474
v -0.00858920 -0.08080563 -0.00243700
v -0.00862260 -0.08094308 -0.00229844
v -0.00865513 -0.08108950 -0.00213762
v -0.00857981 -0.08125557 -0.00190498
v -0.00859551 -0.08134099 -0.00178818
v -0.00834319 -0.08174929 -0.00080718
v -0.00844986 -0.08180588 -0.00071083
v -0.00855596 -0.08185825 -0.00059914
v -0.00866123 -0.08190297 -0.00048063
v -0.00843887 -0.08169967 -0.00103225
v -0.00844639 -0.08177035 -0.00083236
v -0.00855312 -0.08182464 -0.00073177
v -0.00865909 -0.08187460 -0.00061593
v -0.00876408 -0.08191673 -0.00049359
v -0.00869758 -0.08078742 -0.00247475
v -0.00873042 -0.08092725 -0.00233553
v -0.00876231 -0.08107648 -0.00217374
v -0.00868658 -0.08124927 -0.00194240
v -0.00870183 -0.08133681 -0.00182432
v -0.00871667 -0.08143183 -0.00168472
v -0.00880534 -0.08076629 -0.00250898
v -0.00883762 -0.08090842 -0.00236930
v -0.00886889 -0.08106036 -0.00220675
v -0.00879300 -0.08123969 -0.00197699
v -0.00880781 -0.08132929 -0.00185781
v -0.00882215 -0.08142672 -0.00171671
v -0.00873096 -0.08153749 -0.00151154
v -0.00854288 -0.08171427 -0.00106085
v -0.00854990 -0.08178768 -0.00085628
v -0.00865648 -0.08183970 -0.00075162
v -0.00876213 -0.08188730 -0.00063180
v -0.00886665 -0.08192687 -0.00050579
v -0.00864009 -0.08165566 -0.00124762
v -0.00864701 -0.08172520 -0.00108787
v -0.00865352 -0.08180133 -0.00087892
v -0.00875976 -0.08185111 -0.00077035
v -0.00886489 -0.08189640 -0.00064672
v -0.00895239 -0.08166015 -0.00132698
v -0.00894643 -0.08159176 -0.00145983
v -0.00884240 -0.08159565 -0.00143349
v -0.00804405 -0.08014835 -0.00289110
v -0.00815535 -0.08012912 -0.00294288
v -0.00826679 -0.08010692 -0.00299037
v -0.00819300 -0.07988897 -0.00314084
v -0.00837808 -0.08008188 -0.00303357
v -0.00830492 -0.07986166 -0.00318418
v -0.00848894 -0.08005414 -0.00307250
v -0.00841639 -0.07983175 -0.00322308
v -0.00859909 -0.08002388 -0.00310720
v -0.00852714 -0.07979941 -0.00325757
v -0.00870828 -0.07999124 -0.00313771
v -0.00863690 -0.07976482 -0.00328773
v -0.00884646 -0.08047531 -0.00277391
v -0.00873867 -0.08050280 -0.00274299
v -0.00866978 -0.08025743 -0.00293792
v -0.00862999 -0.08052766 -0.00270830
v -0.00856031 -0.08028525 -0.00290314
v -0.00852063 -0.08054975 -0.00266980
v -0.00845015 -0.08031043 -0.00286431
v -0.00841088 -0.08056892 -0.00262748
v -0.00833957 -0.08033280 -0.00282140
v -0.00830098 -0.08058503 -0.00258132
v -0.00822885 -0.08035223 -0.00277442
v -0.00819122 -0.08059796 -0.00253135
v -0.00811827 -0.08036859 -0.00272337
v -0.00808189 -0.08060761 -0.00247759
v -0.00800812 -0.08038175 -0.00266828
v -0.00738131 -0.07918785 -0.00337038
v -0.00759285 -0.07956725 -0.00318127
v -0.00780206 -0.07996204 -0.00295409
v -0.00891223 -0.08074237 -0.00253974
v -0.00894399 -0.08088671 -0.00239976
v -0.00897465 -0.08104128 -0.00223667
v -0.00889884 -0.08122691 -0.00200876
v -0.00891322 -0.08131852 -0.00188863
v -0.00892707 -0.08141831 -0.00174624
v -0.00883584 -0.08153526 -0.00154140
v -0.00901787 -0.08130463 -0.00191682
v -0.00900390 -0.08121107 -0.00203771
v -0.00894020 -0.08152969 -0.00156905
v -0.00903125 -0.08140671 -0.00177333
v -0.00895800 -0.08173662 -0.00115929
v -0.00905534 -0.08165487 -0.00134972
v -0.00906054 -0.08173356 -0.00117986
v -0.00896304 -0.08182072 -0.00093903
v -0.00906513 -0.08182023 -0.00095643
v -0.00906293 -0.08177621 -0.00107621
v -0.00886274 -0.08185893 -0.00078794
v -0.00875705 -0.08181134 -0.00090027
v -0.00875104 -0.08173252 -0.00111329
v -0.00874457 -0.08166064 -0.00127592
v -0.00863299 -0.08159318 -0.00137468
v -0.00852043 -0.08153149 -0.00144527
v -0.00850495 -0.08143178 -0.00161339
v -0.00838277 -0.08133894 -0.00170798
v -0.00886029 -0.08181778 -0.00092031
v -0.00885477 -0.08173630 -0.00113710
v -0.00884874 -0.08166211 -0.00130238
v -0.00873785 -0.08159616 -0.00140511
v -0.00862574 -0.08153625 -0.00147950
v -0.00861086 -0.08143355 -0.00165027
v -0.00848908 -0.08134173 -0.00174939
v -0.00836616 -0.08125788 -0.00182171
v -0.00833238 -0.08110889 -0.00201068
v -0.00819007 -0.08097400 -0.00211688
v -0.00804669 -0.08084857 -0.00219575
v -0.00797327 -0.08061387 -0.00242011
v -0.00721595 -0.07921473 -0.00326333
v -0.00904974 -0.08158457 -0.00148413
v -0.00904382 -0.08152086 -0.00159450
v -0.00907135 -0.08196091 -0.00039092
v -0.00897002 -0.08195703 -0.00038250
v -0.00886804 -0.08194967 -0.00037347
v -0.00876561 -0.08193875 -0.00036385
v -0.00866289 -0.08192421 -0.00035363
v -0.00856009 -0.08190601 -0.00034283
v -0.00845739 -0.08188409 -0.00033146
v -0.00835500 -0.08185845 -0.00031951
v -0.00300915 -0.07312626 -0.00333062
v -0.00298177 -0.07311433 -0.00319968
v -0.00295998 -0.07309990 -0.00306990
v -0.00320596 -0.07362399 -0.00272833
v -0.00552685 -0.07832644 -0.00172407
v -0.00613905 -0.07958256 -0.00106718
v -0.00647250 -0.08023526 -0.00069463
v -0.00666242 -0.08059121 -0.00041395
v -0.00652209 -0.08029301 -0.00078363
v -0.00429382 -0.07575787 -0.00272585
v -0.00556212 -0.07835910 -0.00184154
v -0.00432948 -0.07577450 -0.00285344
v -0.00560252 -0.07838951 -0.00195960
v -0.00437076 -0.07578847 -0.00298134
v -0.00564812 -0.07841748 -0.00207792
v -0.00441772 -0.07579964 -0.00310915
v -0.00569893 -0.07844286 -0.00219614
v -0.00447038 -0.07580788 -0.00323642
v -0.00575496 -0.07846551 -0.00231391
v -0.00452873 -0.07581308 -0.00336272
v -0.00581618 -0.07848527 -0.00243085
v -0.00546453 -0.07715991 -0.00342637
v -0.00538403 -0.07716165 -0.00331147
v -0.00588250 -0.07850201 -0.00254657
v -0.00620368 -0.07918011 -0.00221280
v -0.00627576 -0.07920006 -0.00232229
v -0.00617949 -0.07962901 -0.00117196
v -0.00622464 -0.07967345 -0.00127721
v -0.00627454 -0.07971569 -0.00138266
v -0.00632918 -0.07975557 -0.00148803
v -0.00638853 -0.07979290 -0.00159303
v -0.00645255 -0.07982752 -0.00169734
v -0.00677193 -0.08062045 -0.00086278
v -0.00669656 -0.08045372 -0.00105068
v -0.00683951 -0.08067488 -0.00094303
v -0.00676314 -0.08050250 -0.00113896
v -0.00691098 -0.08072670 -0.00102262
v -0.00695516 -0.08095329 -0.00047705
v -0.00691584 -0.08085439 -0.00068058
v -0.00688513 -0.08088450 -0.00042503
v -0.00684686 -0.08079188 -0.00061429
v -0.00681858 -0.08081349 -0.00037275
v -0.00678159 -0.08072706 -0.00054766
v -0.00675559 -0.08074045 -0.00032032
v -0.00677353 -0.08078277 -0.00019663
v -0.00683758 -0.08086018 -0.00023492
v -0.00690503 -0.08093563 -0.00027310
v -0.00697581 -0.08100894 -0.00031110
v -0.00704983 -0.08107992 -0.00034883
v -0.00702859 -0.08101968 -0.00052870
v -0.00698842 -0.08091439 -0.00074635
v -0.00683382 -0.08054858 -0.00122649
v -0.00713682 -0.08117923 -0.00025386
v -0.00670217 -0.07925028 -0.00283556
v -0.00660879 -0.07924706 -0.00273858
v -0.00628613 -0.07853712 -0.00309365
v -0.00651922 -0.07924037 -0.00263844
v -0.00619642 -0.07853681 -0.00298969
v -0.00643371 -0.07923028 -0.00253546
v -0.00611099 -0.07853309 -0.00288264
v -0.00635249 -0.07921681 -0.00242996
v -0.00603006 -0.07852601 -0.00277285
v -0.00595384 -0.07851562 -0.00266070
v -0.00530856 -0.07716007 -0.00319396
v -0.00714396 -0.08102625 -0.00087577
v -0.00722664 -0.08107777 -0.00093911
v -0.00718680 -0.08096778 -0.00111510
v -0.00714752 -0.08086487 -0.00125546
v -0.00718517 -0.08114457 -0.00063042
v -0.00720714 -0.08121420 -0.00042320
v -0.00726806 -0.08120275 -0.00068026
v -0.00729018 -0.08127718 -0.00045967
v -0.00735381 -0.08125788 -0.00072927
v -0.00691196 -0.08029719 -0.00182809
v -0.00683010 -0.08026861 -0.00173518
v -0.00675222 -0.08023681 -0.00164056
v -0.00659424 -0.07988805 -0.00190272
v -0.00652116 -0.07985929 -0.00180068
v -0.00702114 -0.07998284 -0.00238295
v -0.00692823 -0.07997071 -0.00229188
v -0.00683887 -0.07995509 -0.00219804
v -0.00675327 -0.07993606 -0.00210171
v -0.00667167 -0.07991368 -0.00200317
v -0.00733596 -0.08076042 -0.00172292
v -0.00724384 -0.08073343 -0.00164473
v -0.00732210 -0.08094116 -0.00140374
v -0.00723324 -0.08090468 -0.00133043
v -0.00736129 -0.08105170 -0.00125308
v -0.00727253 -0.08101138 -0.00118483
v -0.00740102 -0.08117132 -0.00106226
v -0.00731238 -0.08112617 -0.00100132
v -0.00742129 -0.08123692 -0.00093905
v -0.00733273 -0.08118874 -0.00088338
v -0.00744227 -0.08130983 -0.00077733
v -0.00755497 -0.08144768 -0.00056529
v -0.00745322 -0.08135064 -0.00066917
v -0.00746425 -0.08139405 -0.00053079
v -0.00737593 -0.08133717 -0.00049556
v -0.00756481 -0.08149119 -0.00038495
v -0.00747423 -0.08143496 -0.00035967
v -0.00738598 -0.08137551 -0.00033387
v -0.00730023 -0.08131298 -0.00030759
v -0.00721712 -0.08124750 -0.00028091
v -0.00712698 -0.08114839 -0.00038623
v -0.00710530 -0.08108350 -0.00057986
v -0.00706450 -0.08097174 -0.00081147
v -0.00698623 -0.08077574 -0.00110136
v -0.00690847 -0.08059181 -0.00131303
v -0.00667846 -0.08020193 -0.00154450
v -0.00760393 -0.08131651 0.00105911
v -0.00751030 -0.08127537 0.00100557
v -0.00749004 -0.08120661 0.00113253
v -0.00835243 -0.08183702 0.00045086
v -0.00835462 -0.08185698 0.00032944
v -0.00825270 -0.08182763 0.00031666
v -0.00815187 -0.08123793 0.00173832
v -0.00825770 -0.08124549 0.00178701
v -0.00829187 -0.08140901 0.00154606
v -0.00747851 -0.07957523 0.00311954
v -0.00732098 -0.07918670 0.00334162
v -0.00743241 -0.07916634 0.00340949
v -0.00864606 -0.08171644 0.00110927
v -0.00875017 -0.08172347 0.00113510
v -0.00875641 -0.08180384 0.00092263
v -0.00815204 -0.08011991 0.00294948
v -0.00807773 -0.07990503 0.00309869
v -0.00818986 -0.07988036 0.00314652
v -0.00770088 -0.07953855 0.00324872
v -0.00781346 -0.07951562 0.00330632
v -0.00803973 -0.07946130 0.00340727
v -0.00830183 -0.07985296 0.00318988
v -0.00901645 -0.08129481 0.00192994
v -0.00894148 -0.08087497 0.00241156
v -0.00677229 -0.08078029 0.00020331
v -0.00678620 -0.08081388 0.00003720
v -0.00672460 -0.08073099 0.00001895
v -0.00685114 -0.08089507 0.00005543
v -0.00683628 -0.08085751 0.00024246
v -0.00690368 -0.08093277 0.00028151
v -0.00691935 -0.08097436 0.00007362
v -0.00667447 -0.08019388 0.00155031
v -0.00683007 -0.08054076 0.00123383
v -0.00675943 -0.08049487 0.00114600
v -0.00619869 -0.07917027 0.00221738
v -0.00651756 -0.07985224 0.00180480
v -0.00644898 -0.07982056 0.00170133
v -0.00733053 -0.08118287 0.00089441
v -0.00735185 -0.08125239 0.00074188
v -0.00726609 -0.08119752 0.00069217
v -0.00637504 -0.07852436 0.00319819
v -0.00651092 -0.08037135 0.00021835
v -0.00655684 -0.08044472 0.00028502
v -0.00619030 -0.07972967 0.00058236
v -0.00605400 -0.07945082 0.00077259
v -0.00610005 -0.07952785 0.00096619
v -0.00515966 -0.07762107 0.00163908
v -0.00441450 -0.07609654 0.00213261
v -0.00423700 -0.07571345 0.00247308
v -0.00585732 -0.07904842 0.00100723
v -0.00558112 -0.07848334 0.00128606
v -0.00549217 -0.07828274 0.00161029
v -0.00639344 -0.08014527 0.00021427
v -0.00634688 -0.08005002 0.00031398
v -0.00638302 -0.08010821 0.00052279
v -0.00628251 -0.07991831 0.00043358
v -0.00645275 -0.08026661 0.00005399
v -0.00644076 -0.08024208 0.00009244
v -0.00642275 -0.08020523 0.00014239
v -0.00646200 -0.08028553 0.00001912
v -0.00663899 -0.08058602 0.00022072
v -0.00669460 -0.08066233 0.00027387
v -0.00660667 -0.08051672 0.00035206
v -0.00714282 -0.08119904 0.00012754
v -0.00722323 -0.08126894 0.00014518
v -0.00730638 -0.08133607 0.00016258
v -0.00739215 -0.08140029 0.00017972
v -0.00748037 -0.08146145 0.00019656
v -0.00757087 -0.08151942 0.00021307
v -0.00766703 -0.08159020 0.00007086
v -0.00766348 -0.08157407 0.00022920
v -0.00775801 -0.08162531 0.00024494
v -0.00805436 -0.08177748 0.00010388
v -0.00795534 -0.08173604 0.00009600
v -0.00785765 -0.08169097 0.00008787
v -0.00776148 -0.08164234 0.00007948
v -0.00815449 -0.08181521 0.00011148
v -0.00825554 -0.08184924 0.00011879
v -0.00835730 -0.08187952 0.00012581
v -0.00845957 -0.08190605 0.00013252
v -0.00856214 -0.08192884 0.00013891
v -0.00876741 -0.08196333 0.00015074
v -0.00907281 -0.08198804 0.00016599
v -0.00683524 -0.07994770 0.00220268
v -0.00692461 -0.07996323 0.00229665
v -0.00708281 -0.08033559 0.00201445
v -0.00739868 -0.08116508 0.00107255
v -0.00741910 -0.08123080 0.00095062
v -0.00744033 -0.08130407 0.00079063
v -0.00731003 -0.08112016 0.00101116
v -0.00660377 -0.07923680 0.00274374
v -0.00651419 -0.07923020 0.00264350
v -0.00628130 -0.07852753 0.00309758
v -0.00619159 -0.07852727 0.00299353
v -0.00546141 -0.07715423 0.00342776
v -0.00610615 -0.07852361 0.00288639
v -0.00642868 -0.07922018 0.00254040
v -0.00674964 -0.07992876 0.00210622
v -0.00699357 -0.08031387 0.00192560
v -0.00724006 -0.08072463 0.00165351
v -0.00723026 -0.08089769 0.00133874
v -0.00714453 -0.08085807 0.00126345
v -0.00706534 -0.08066075 0.00149046
v -0.00698317 -0.08062384 0.00140630
v -0.00682608 -0.08026028 0.00174139
v -0.00731913 -0.08093397 0.00141237
v -0.00715104 -0.08069438 0.00157294
v -0.00690793 -0.08028874 0.00183449
v -0.00666804 -0.07990646 0.00200755
v -0.00741095 -0.08096682 0.00148416
v -0.00634747 -0.07920680 0.00243479
v -0.00602523 -0.07851658 0.00277651
v -0.00538091 -0.07715598 0.00331281
v -0.00714160 -0.08102071 0.00088467
v -0.00706215 -0.08096642 0.00081988
v -0.00698326 -0.08076934 0.00110869
v -0.00690803 -0.08072048 0.00102961
v -0.00683659 -0.08066885 0.00094967
v -0.00676905 -0.08061460 0.00086907
v -0.00669289 -0.08044627 0.00105741
v -0.00699077 -0.08105157 0.00009173
v -0.00697442 -0.08100588 0.00032037
v -0.00706529 -0.08112652 0.00010971
v -0.00704841 -0.08107665 0.00035896
v -0.00713579 -0.08117700 0.00026307
v -0.00712554 -0.08114493 0.00039720
v -0.00720569 -0.08121052 0.00043501
v -0.00677941 -0.08072260 0.00055407
v -0.00684462 -0.08078722 0.00062120
v -0.00691355 -0.08084951 0.00068799
v -0.00698610 -0.08090930 0.00075427
v -0.00722427 -0.08107200 0.00094848
v -0.00718320 -0.08113961 0.00064163
v -0.00710335 -0.08107880 0.00059035
v -0.00702666 -0.08101523 0.00053846
v -0.00695327 -0.08094909 0.00048607
v -0.00688329 -0.08088055 0.00043330
v -0.00681680 -0.08080978 0.00038027
v -0.00671797 -0.08065586 0.00048673
v -0.00675388 -0.08073697 0.00032709
v -0.00666038 -0.08058716 0.00041935
v -0.00663053 -0.08039516 0.00096831
v -0.00657243 -0.08034171 0.00087891
v -0.00651861 -0.08028609 0.00078944
v -0.00646911 -0.08022851 0.00070013
v -0.00552233 -0.07831745 0.00172693
v -0.00426170 -0.07573496 0.00259894
v -0.00555755 -0.07835007 0.00184449
v -0.00429180 -0.07575411 0.00272587
v -0.00559790 -0.07838043 0.00196263
v -0.00432743 -0.07577075 0.00285350
v -0.00564345 -0.07840836 0.00208103
v -0.00436868 -0.07578474 0.00298145
v -0.00569423 -0.07843370 0.00219934
v -0.00441561 -0.07579591 0.00310930
v -0.00575022 -0.07845629 0.00231720
v -0.00446824 -0.07580416 0.00323662
v -0.00581140 -0.07847600 0.00243423
v -0.00452657 -0.07580936 0.00336297
v -0.00587771 -0.07849269 0.00255005
v -0.00638499 -0.07978601 0.00159687
v -0.00632567 -0.07974875 0.00149174
v -0.00627108 -0.07970896 0.00138624
v -0.00622123 -0.07966678 0.00128065
v -0.00617613 -0.07962242 0.00117527
v -0.00613575 -0.07957605 0.00107037
v -0.00300749 -0.07312325 0.00333020
v -0.00298015 -0.07311130 0.00319924
v -0.00295840 -0.07309686 0.00306943
v -0.00310715 -0.07342186 0.00276943
v -0.00863397 -0.07975587 0.00329344
v -0.00877514 -0.08021613 0.00297690
v -0.00884334 -0.08046352 0.00278362
v -0.00902996 -0.08139646 0.00178835
v -0.00904274 -0.08151034 0.00161195
v -0.00894540 -0.08158147 0.00147857
v -0.00904879 -0.08157401 0.00150309
v -0.00905992 -0.08172364 0.00120269
v -0.00906471 -0.08181198 0.00097995
v -0.00906857 -0.08189900 0.00069388
v -0.00906678 -0.08185714 0.00084330
v -0.00896855 -0.08193032 0.00053276
v -0.00896688 -0.08189706 0.00068053
v -0.00896486 -0.08185650 0.00082760
v -0.00896255 -0.08181271 0.00096219
v -0.00895730 -0.08172698 0.00118181
v -0.00907124 -0.08195908 0.00040249
v -0.00896986 -0.08195526 0.00039387
v -0.00897158 -0.08198332 0.00016124
v -0.00892571 -0.08140830 0.00176114
v -0.00893904 -0.08151944 0.00158632
v -0.00884129 -0.08158565 0.00145199
v -0.00897265 -0.08103079 0.00224825
v -0.00900233 -0.08120137 0.00204974
v -0.00891173 -0.08130891 0.00190166
v -0.00882071 -0.08141695 0.00173145
v -0.00883460 -0.08152528 0.00155846
v -0.00873665 -0.08158644 0.00142334
v -0.00876377 -0.08191378 0.00050855
v -0.00876172 -0.08188271 0.00065090
v -0.00886454 -0.08189165 0.00066620
v -0.00875923 -0.08184480 0.00079271
v -0.00886229 -0.08185241 0.00081074
v -0.00885972 -0.08181003 0.00094309
v -0.00885398 -0.08172695 0.00115928
v -0.00886785 -0.08194795 0.00038464
v -0.00876538 -0.08193709 0.00037480
v -0.00886973 -0.08197511 0.00015615
v -0.00863170 -0.08158375 0.00139261
v -0.00862433 -0.08152682 0.00149607
v -0.00872963 -0.08152777 0.00152838
v -0.00860927 -0.08142429 0.00166464
v -0.00871516 -0.08142231 0.00169928
v -0.00870019 -0.08132764 0.00183709
v -0.00880624 -0.08131989 0.00187072
v -0.00879129 -0.08123039 0.00198885
v -0.00889721 -0.08121741 0.00202071
v -0.00876017 -0.08106636 0.00218518
v -0.00886682 -0.08105005 0.00221827
v -0.00883505 -0.08089686 0.00238106
v -0.00890943 -0.08073037 0.00255091
v -0.00905454 -0.08164440 0.00137060
v -0.00895151 -0.08164997 0.00134760
v -0.00884777 -0.08165222 0.00132271
v -0.00874351 -0.08165105 0.00129594
v -0.00863895 -0.08164637 0.00126729
v -0.00853429 -0.08163811 0.00123677
v -0.00870526 -0.07998150 0.00314440
v -0.00866654 -0.08024658 0.00294611
v -0.00873548 -0.08049116 0.00275268
v -0.00880247 -0.08075447 0.00252013
v -0.00872776 -0.08091590 0.00234723
v -0.00865291 -0.08107959 0.00214898
v -0.00868480 -0.08124018 0.00195414
v -0.00859379 -0.08133204 0.00180079
v -0.00850327 -0.08142278 0.00162753
v -0.00851893 -0.08152233 0.00146156
v -0.00859601 -0.08001424 0.00311389
v -0.00855700 -0.08027452 0.00291131
v -0.00862673 -0.08051618 0.00271797
v -0.00869464 -0.08077579 0.00248585
v -0.00861987 -0.08093193 0.00231007
v -0.00854530 -0.08108961 0.00210965
v -0.00857795 -0.08124669 0.00191658
v -0.00848728 -0.08133301 0.00176182
v -0.00839739 -0.08141770 0.00158800
v -0.00792652 -0.07948983 0.00335918
v -0.00796574 -0.07992681 0.00304639
v -0.00811470 -0.08035840 0.00273138
v -0.00826354 -0.08009759 0.00299701
v -0.00822535 -0.08034191 0.00278249
v -0.00829751 -0.08057404 0.00259084
v -0.00818768 -0.08058714 0.00254078
v -0.00836834 -0.08082171 0.00236182
v -0.00825949 -0.08083060 0.00231342
v -0.00838090 -0.08133046 0.00172022
v -0.00836416 -0.08124942 0.00183299
v -0.00847099 -0.08124980 0.00187619
v -0.00832994 -0.08109960 0.00202166
v -0.00843755 -0.08109631 0.00206720
v -0.00840318 -0.08095451 0.00222569
v -0.00851159 -0.08094484 0.00226955
v -0.00847732 -0.08080953 0.00240670
v -0.00858618 -0.08079419 0.00244804
v -0.00840748 -0.08055776 0.00263706
v -0.00851731 -0.08053843 0.00267944
v -0.00833614 -0.08032233 0.00282952
v -0.00844678 -0.08029982 0.00287246
v -0.00837489 -0.08007244 0.00304024
v -0.00848580 -0.08004460 0.00307918
v -0.00841336 -0.07982296 0.00322879
v -0.00852416 -0.07979055 0.00326329
v -0.00785422 -0.07994556 0.00298965
v -0.00800449 -0.08037172 0.00267622
v -0.00807828 -0.08059696 0.00248693
v -0.00815105 -0.08083610 0.00226154
v -0.00657340 -0.07850780 0.00338782
v -0.00721110 -0.07920392 0.00326902
v -0.00736940 -0.07958876 0.00304815
v -0.00752565 -0.07998253 0.00279346
v -0.00778661 -0.08038834 0.00255401
v -0.00763385 -0.07997352 0.00286309
v -0.00758912 -0.07955845 0.00318644
v -0.00774348 -0.07996117 0.00292852
v -0.00789502 -0.08038172 0.00261707
v -0.00796959 -0.08060340 0.00242934
v -0.00804330 -0.08083813 0.00220624
v -0.00822272 -0.08109939 0.00197306
v -0.00811615 -0.08109561 0.00192146
v -0.00801050 -0.08108821 0.00186694
v -0.00866262 -0.08192261 0.00036435
v -0.00866087 -0.08190013 0.00049527
v -0.00865862 -0.08187016 0.00063463
v -0.00865589 -0.08183361 0.00077351
v -0.00865281 -0.08179408 0.00090083
v -0.00854184 -0.08170580 0.00108180
v -0.00842974 -0.08162620 0.00120441
v -0.00841365 -0.08151425 0.00142487
v -0.00830872 -0.08150250 0.00138603
v -0.00818696 -0.08139665 0.00150178
v -0.00804693 -0.08122672 0.00168698
v -0.00790605 -0.08107715 0.00180957
v -0.00786193 -0.08060638 0.00236810
v -0.00793652 -0.08083662 0.00214759
v -0.00829491 -0.08096083 0.00217850
v -0.00818703 -0.08096370 0.00212803
v -0.00807983 -0.08096306 0.00207433
v -0.00797358 -0.08095884 0.00201747
v -0.00783101 -0.08083151 0.00208569
v -0.00775557 -0.08060582 0.00230329
v -0.00767956 -0.08039150 0.00248714
v -0.00741923 -0.07998810 0.00271976
v -0.00726213 -0.07959897 0.00297239
v -0.00710313 -0.07921790 0.00319181
v -0.00772704 -0.08082278 0.00202065
v -0.00765084 -0.08060169 0.00223504
v -0.00757418 -0.08039112 0.00241658
v -0.00731489 -0.07999019 0.00264215
v -0.00715704 -0.07960577 0.00289244
v -0.00699741 -0.07922854 0.00311017
v -0.00866482 -0.08194793 0.00014499
v -0.00855978 -0.08190445 0.00035330
v -0.00855788 -0.08188280 0.00048122
v -0.00855543 -0.08185396 0.00061741
v -0.00855245 -0.08181876 0.00075317
v -0.00854911 -0.08178069 0.00087771
v -0.00843774 -0.08169150 0.00105273
v -0.00832553 -0.08161061 0.00117025
v -0.00820437 -0.08148707 0.00134508
v -0.00808289 -0.08138058 0.00145521
v -0.00794314 -0.08121181 0.00163306
v -0.00780306 -0.08106241 0.00174945
v -0.00762490 -0.08081040 0.00195260
v -0.00754801 -0.08059395 0.00216349
v -0.00747078 -0.08038718 0.00234249
v -0.00721296 -0.07998876 0.00256082
v -0.00705446 -0.07960911 0.00280848
v -0.00689430 -0.07923579 0.00302431
v -0.00647251 -0.07851777 0.00329503
v -0.00814582 -0.08175192 0.00053928
v -0.00804525 -0.08171706 0.00051757
v -0.00803654 -0.08165795 0.00074301
v -0.00793672 -0.08162221 0.00071251
v -0.00792665 -0.08156411 0.00088451
v -0.00782787 -0.08152748 0.00084664
v -0.00781753 -0.08147672 0.00097397
v -0.00772014 -0.08143885 0.00093008
v -0.00845705 -0.08188258 0.00034166
v -0.00845500 -0.08186178 0.00046641
v -0.00845235 -0.08183406 0.00059924
v -0.00844913 -0.08180022 0.00073170
v -0.00844552 -0.08176360 0.00085327
v -0.00833398 -0.08167350 0.00102208
v -0.00822188 -0.08159129 0.00113431
v -0.00810085 -0.08146791 0.00130210
v -0.00797993 -0.08136079 0.00140642
v -0.00784076 -0.08119319 0.00157666
v -0.00770179 -0.08104398 0.00168672
v -0.00752487 -0.08079436 0.00188169
v -0.00744739 -0.08058259 0.00208881
v -0.00736965 -0.08037965 0.00226504
v -0.00711374 -0.07998379 0.00247597
v -0.00695472 -0.07960895 0.00272074
v -0.00679411 -0.07923960 0.00293444
v -0.00717540 -0.08035383 0.00210080
v -0.00725385 -0.08054905 0.00193074
v -0.00733220 -0.08075143 0.00173196
v -0.00750549 -0.08099614 0.00155392
v -0.00754461 -0.08111528 0.00139375
v -0.00764124 -0.08114490 0.00145688
v -0.00768005 -0.08127918 0.00124765
v -0.00777826 -0.08131007 0.00130254
v -0.00779762 -0.08138809 0.00116157
v -0.00789724 -0.08141841 0.00121026
v -0.00791662 -0.08151093 0.00101642
v -0.00801720 -0.08154145 0.00105734
v -0.00802687 -0.08159706 0.00092105
v -0.00812831 -0.08162628 0.00095619
v -0.00813754 -0.08168998 0.00077238
v -0.00823952 -0.08171827 0.00080058
v -0.00824364 -0.08175195 0.00068545
v -0.00769978 -0.08135410 0.00111115
v -0.00758390 -0.08124467 0.00119093
v -0.00745037 -0.08108208 0.00132864
v -0.00735875 -0.08104537 0.00126171
v -0.00726998 -0.08100526 0.00119312
v -0.00718424 -0.08096185 0.00112304
v -0.00706214 -0.08081525 0.00118670
v -0.00690469 -0.08058380 0.00132068
v -0.00674821 -0.08022863 0.00164657
v -0.00659063 -0.07988092 0.00190698
v -0.00627075 -0.07919014 0.00232700
v -0.00594903 -0.07850625 0.00266427
v -0.00530545 -0.07715441 0.00319523
v -0.00794583 -0.08167850 0.00049504
v -0.00783830 -0.08158280 0.00068093
v -0.00773076 -0.08148722 0.00080751
v -0.00763552 -0.08144338 0.00076720
v -0.00762467 -0.08139740 0.00088483
v -0.00754236 -0.08139605 0.00072578
v -0.00753133 -0.08135244 0.00083831
v -0.00745148 -0.08134533 0.00068335
v -0.00721609 -0.08124515 0.00029083
v -0.00729920 -0.08131050 0.00031822
v -0.00728873 -0.08127329 0.00047230
v -0.00738497 -0.08137292 0.00034519
v -0.00737449 -0.08133307 0.00050900
v -0.00747323 -0.08143224 0.00037168
v -0.00746283 -0.08138973 0.00054503
v -0.00756383 -0.08148835 0.00039762
v -0.00755357 -0.08144314 0.00058031
v -0.00765658 -0.08154112 0.00042298
v -0.00764653 -0.08149318 0.00061476
v -0.00775130 -0.08159047 0.00044770
v -0.00774150 -0.08153977 0.00064832
v -0.00784778 -0.08163628 0.00047174
v -0.00785428 -0.08167306 0.00026025
v -0.00795209 -0.08171721 0.00027510
v -0.00805123 -0.08175772 0.00028946
v -0.00815151 -0.08179454 0.00030332
v -0.00824734 -0.08178304 0.00056015
v -0.00669717 -0.07923993 0.00284082
v -0.00701754 -0.07997527 0.00238783
v -0.00727110 -0.08036853 0.00218440
v -0.00734924 -0.08056761 0.00201116
v -0.00742722 -0.08077469 0.00180809
v -0.00760252 -0.08102188 0.00162149
v -0.00774004 -0.08117089 0.00151790
v -0.00787830 -0.08133729 0.00135550
v -0.00799839 -0.08144502 0.00125713
v -0.00811903 -0.08156824 0.00109666
v -0.00823076 -0.08165176 0.00098989
v -0.00834225 -0.08174281 0.00082755
v -0.00834612 -0.08177796 0.00070911
v -0.00834958 -0.08181042 0.00058015
v -0.00260914 -0.07240298 0.00057453
v -0.00260914 -0.07240298 -0.00057453
v 0.00185571 -0.06326833 -0.00037500
v 0.00185571 -0.06326833 0.00037500
v -0.01130000 -0.07953763 -0.00342857
v -0.00930404 -0.07954075 -0.00342857
v -0.01227454 -0.07781468 -0.00342857
v -0.01226557 -0.07790527 -0.00342857
v -0.01224782 -0.07804555 -0.00342857
v -0.01220158 -0.07831778 -0.00342857
v -0.01217321 -0.07844866 -0.00342857
v -0.01154683 -0.07947456 -0.00342857
v -0.01160761 -0.07944065 -0.00342857
v -0.01159142 -0.07944969 -0.00342857
v -0.01166702 -0.07939949 -0.00342857
v -0.01178089 -0.07929624 -0.00342857
v -0.01178463 -0.07929197 -0.00342857
v -0.01213354 -0.07860294 -0.00342857
v -0.01210645 -0.07868720 -0.00342857
v -0.01193614 -0.07907206 -0.00342857
v -0.01188672 -0.07915365 -0.00342857
v -0.01229989 -0.07723629 -0.00342857
v -0.01229981 -0.07725980 -0.00342857
v -0.01229008 -0.07759119 -0.00342857
v 0.00378795 -0.05906650 -0.00342857
v 0.00378298 -0.05909253 -0.00342857
v 0.00372892 -0.05932134 -0.00342857
v 0.00363842 -0.05959509 -0.00342857
v 0.00354555 -0.05981081 -0.00342857
v -0.00689872 -0.07874285 -0.00342857
v -0.00673182 -0.07860163 -0.00342857
v -0.00672001 -0.07859126 -0.00342857
v -0.00693241 -0.07877054 -0.00342857
v -0.00749835 -0.07917872 -0.00342857
v -0.00748072 -0.07916859 -0.00342857
v -0.00750124 -0.07918034 -0.00342857
v -0.00759120 -0.07922916 -0.00342857
v -0.00757616 -0.07922116 -0.00342857
v -0.00767946 -0.07927425 -0.00342857
v -0.00802518 -0.07942253 -0.00342857
v -0.00741618 -0.07912691 -0.00342857
v -0.00273033 -0.07255537 -0.00342857
v -0.00232792 -0.07177606 -0.00342857
v -0.00193187 -0.07099615 -0.00342857
v -0.00184695 -0.07082478 -0.00342857
v -0.00456247 -0.07581416 -0.00342857
v -0.00473662 -0.07608551 -0.00342857
v -0.00731730 -0.07906019 -0.00342857
v -0.00724705 -0.07901064 -0.00342857
v -0.00712765 -0.07892326 -0.00342857
v -0.00707448 -0.07888263 -0.00342857
v -0.00663099 -0.07851084 -0.00342857
v -0.00653051 -0.07841195 -0.00342857
v -0.00640047 -0.07827612 -0.00342857
v -0.00610811 -0.07794527 -0.00342857
v -0.00546621 -0.07715981 -0.00342857
v -0.00494462 -0.07640209 -0.00342857
v -0.00868447 -0.07954074 -0.00342857
v -0.00811263 -0.07945137 -0.00342857
v -0.00772932 -0.07929837 -0.00342857
v -0.00439233 -0.07553192 -0.00342857
v -0.00407026 -0.07498453 -0.00342857
v -0.00374913 -0.07442586 -0.00342857
v -0.00311357 -0.07328174 -0.00342857
v 0.00353385 -0.05983501 -0.00342857
v 0.00313284 -0.06065544 -0.00342857
v -0.00071884 -0.06853560 -0.00342857
v -0.00106201 -0.06923769 -0.00342857
v 0.00391046 -0.05799779 -0.00342857
v 0.00394208 -0.05769944 -0.00342857
v -0.01222647 -0.07818324 -0.00342857
v -0.01214147 -0.07857534 -0.00342857
v -0.01131534 -0.07953682 -0.00342857
v -0.01139737 -0.07952424 -0.00342857
v -0.01135879 -0.07953101 -0.00342857
v -0.01142215 -0.07951989 -0.00342857
v -0.01148493 -0.07950102 -0.00342857
v -0.01171852 -0.07935656 -0.00342857
v -0.01172485 -0.07935128 -0.00342857
v -0.01206826 -0.07879146 -0.00342857
v -0.01202704 -0.07889065 -0.00342857
v -0.01198299 -0.07898422 -0.00342857
v -0.01183491 -0.07922864 -0.00342857
v -0.01229680 -0.07742573 -0.00342857
v -0.01227966 -0.07775554 -0.00342857
v -0.01230000 -0.07719209 -0.00342857
v 0.00382189 -0.05883373 -0.00342857
v 0.00372167 -0.05934697 -0.00342857
v 0.00364791 -0.05957008 -0.00342857
v -0.00765316 -0.07926104 -0.00342857
v -0.00781338 -0.07933665 -0.00342857
v -0.00787905 -0.07936545 -0.00342857
v -0.00303377 -0.07313315 -0.00342857
v -0.00546116 -0.07715284 -0.00342857
v -0.00520361 -0.07678450 -0.00342857
v -0.00510148 -0.07663409 -0.00342857
v -0.00589467 -0.07769488 -0.00342857
v -0.00567911 -0.07743112 -0.00342857
v -0.00855785 -0.07953017 -0.00342857
v -0.00843081 -0.07951747 -0.00342857
v -0.00830008 -0.07949628 -0.00342857
v -0.00816577 -0.07946644 -0.00342857
v -0.00342991 -0.07385766 -0.00342857
v -0.01230000 -0.07200000 -0.00342857
v 0.00616674 -0.03670436 -0.00342857
v -0.01228495 -0.07767951 0.00342857
v -0.01229394 -0.07750770 0.00342857
v -0.01229682 -0.07741029 0.00342857
v -0.01178486 -0.07929123 0.00342857
v -0.01174337 -0.07933402 0.00342857
v -0.01174699 -0.07933028 0.00342857
v -0.01168740 -0.07938342 0.00342857
v -0.01151226 -0.07949027 0.00342857
v -0.01153128 -0.07948111 0.00342857
v -0.01145223 -0.07951178 0.00342857
v -0.01139175 -0.07952616 0.00342857
v -0.01133105 -0.07953337 0.00342857
v -0.01185036 -0.07920738 0.00342857
v -0.01189062 -0.07914683 0.00342857
v -0.01190096 -0.07913127 0.00342857
v -0.01193442 -0.07907401 0.00342857
v -0.01194935 -0.07904846 0.00342857
v -0.01199532 -0.07895923 0.00342857
v -0.01201532 -0.07891526 0.00342857
v -0.01203862 -0.07886405 0.00342857
v -0.01205230 -0.07882995 0.00342857
v -0.01207921 -0.07876293 0.00342857
v -0.01211684 -0.07865639 0.00342857
v -0.01211920 -0.07864876 0.00342857
v -0.01215134 -0.07853778 0.00342857
v -0.01221038 -0.07827272 0.00342857
v -0.01224179 -0.07808390 0.00342857
v -0.01225844 -0.07796275 0.00342857
v -0.01227201 -0.07784489 0.00342857
v -0.01227244 -0.07783999 0.00342857
v -0.01227465 -0.07781468 0.00342857
v -0.01229868 -0.07734766 0.00342857
v -0.01229923 -0.07728299 0.00342857
v -0.00809528 -0.07944602 0.00342857
v -0.00816537 -0.07946593 0.00342857
v -0.00567793 -0.07742953 0.00342857
v -0.00573135 -0.07749558 0.00342857
v -0.00456016 -0.07581045 0.00342857
v -0.00232481 -0.07176998 0.00342857
v -0.00260354 -0.07230994 0.00342857
v -0.00204068 -0.07121044 0.00342857
v -0.00184213 -0.07081521 0.00342857
v -0.00192859 -0.07098963 0.00342857
v -0.00868285 -0.07953780 0.00342857
v -0.00829981 -0.07949596 0.00342857
v -0.00843066 -0.07951730 0.00342857
v -0.00848289 -0.07952355 0.00342857
v -0.00787889 -0.07936551 0.00342857
v -0.00800746 -0.07941619 0.00342857
v -0.00746653 -0.07915926 0.00342857
v -0.00772898 -0.07929813 0.00342857
v -0.00757563 -0.07922060 0.00342857
v -0.00740552 -0.07912041 0.00342857
v -0.00707408 -0.07888245 0.00342857
v -0.00719599 -0.07897381 0.00342857
v -0.00689805 -0.07874220 0.00342857
v -0.00697707 -0.07880598 0.00342857
v -0.00671907 -0.07859010 0.00342857
v -0.00662131 -0.07850165 0.00342857
v -0.00639801 -0.07827372 0.00342857
v -0.00653005 -0.07841177 0.00342857
v -0.00520240 -0.07678284 0.00342857
v -0.00589376 -0.07769384 0.00342857
v -0.00599700 -0.07781597 0.00342857
v -0.00303219 -0.07313018 0.00342857
v -0.00311111 -0.07327717 0.00342857
v -0.00342762 -0.07385352 0.00342857
v -0.00374703 -0.07442217 0.00342857
v -0.00394105 -0.07476011 0.00342857
v -0.00406835 -0.07498130 0.00342857
v -0.00817866 -0.07946922 0.00342857
v 0.00313284 -0.06065544 0.00342857
v -0.00114575 -0.06940901 0.00342857
v 0.00103095 -0.06495570 0.00342857
v -0.01230000 -0.07719321 0.00342857
v 0.00391046 -0.05799779 0.00342857
v 0.00442874 -0.05310662 0.00342857
v 0.00612683 -0.03708099 0.00342857
v 0.00382189 -0.05883373 0.00342857
v -0.01230000 -0.07200000 0.00342857
v 0.00378795 -0.05906650 0.00342857
v 0.00372892 -0.05932134 0.00342857
v 0.00364791 -0.05957008 0.00342857
v 0.00354555 -0.05981081 0.00342857
v -0.01228351 -0.07769845 0.00342857
v -0.01229165 -0.07755132 0.00342857
v -0.01164229 -0.07941694 0.00342857
v -0.01158751 -0.07945197 0.00342857
v -0.01163007 -0.07942601 0.00342857
v -0.01157162 -0.07946167 0.00342857
v -0.01147376 -0.07950407 0.00342857
v -0.01135547 -0.07953047 0.00342857
v -0.01131729 -0.07953465 0.00342857
v -0.01179673 -0.07927771 0.00342857
v -0.01179776 -0.07927653 0.00342857
v -0.01197602 -0.07899669 0.00342857
v -0.01208696 -0.07874100 0.00342857
v -0.01213328 -0.07860323 0.00342857
v -0.01214893 -0.07854653 0.00342857
v -0.01217605 -0.07843478 0.00342857
v -0.01218257 -0.07840761 0.00342857
v -0.01220059 -0.07832021 0.00342857
v -0.01222250 -0.07820315 0.00342857
v -0.01223463 -0.07813362 0.00342857
v -0.01225521 -0.07799083 0.00342857
v -0.00610748 -0.07794477 0.00342857
v -0.00272740 -0.07254975 0.00342857
v -0.00855780 -0.07953013 0.00342857
v -0.00833481 -0.07950241 0.00342857
v -0.00802520 -0.07942285 0.00342857
v -0.00741627 -0.07912758 0.00342857
v -0.00724690 -0.07901089 0.00342857
v -0.00674876 -0.07861577 0.00342857
v -0.00473546 -0.07608368 0.00342857
v -0.00494320 -0.07639997 0.00342857
v -0.00546017 -0.07715163 0.00342857
v -0.00546202 -0.07715419 0.00342857
v -0.00313276 -0.07331665 0.00342857
v -0.00353547 -0.07404579 0.00342857
v -0.00434723 -0.07545557 0.00342857
v -0.00439061 -0.07552913 0.00342857
v 0.00378298 -0.05909253 0.00342857
v 0.00372167 -0.05934697 0.00342857
v 0.00363842 -0.05959509 0.00342857
v 0.00353385 -0.05983501 0.00342857
v 0.00624109 -0.03600267 -0.00334192
v 0.00624109 -0.03600267 -0.00342857
v 0.00624109 -0.03600267 0.00342857
v -0.00830000 -0.03600267 0.00342857
v 0.00624109 -0.03600267 -0.00062669
v 0.00624109 -0.03600267 0.00050874
v -0.00830000 -0.03600267 -0.00342857
f 2256 2253 2203
f 2203 2202 2256
f 507 516 506
f 630 600 629
f 67 1027 66
f 2251 2125 2252
f 2256 2202 116
f 2090 2125 118
f 509 513 514
f 516 630 517
f 517 630 629
f 506 516 517
f 517 505 506
f 596 594 2044
f 516 507 515
f 597 632 595
f 595 598 597
f 596 598 595
f 629 600 601
f 601 2030 602
f 631 630 516
f 516 515 631
f 631 515 632
f 631 632 597
f 600 630 599
f 2029 600 599
f 599 631 597
f 630 631 599
f 833 831 830
f 938 937 747
f 65 1026 74
f 1027 1026 65
f 2211 2127 765
f 2128 2157 766
f 2158 2200 668
f 2125 2251 2255
f 2202 2201 119
f 119 117 2202
f 724 953 726
f 70 73 72
f 1648 1646 1628
f 829 833 830
f 513 509 295
f 294 279 295
f 295 509 294
f 634 636 591
f 591 636 637
f 2106 2042 637
f 485 507 506
f 506 505 485
f 465 464 446
f 508 509 514
f 507 487 508
f 294 509 508
f 508 487 294
f 514 515 508
f 508 515 507
f 2104 2044 594
f 597 598 2027
f 602 2030 2031
f 591 594 593
f 593 634 591
f 593 594 596
f 596 595 593
f 602 627 628
f 628 601 602
f 629 601 628
f 2030 601 2091
f 2091 600 2029
f 2091 601 600
f 830 831 809
f 831 833 832
f 939 938 747
f 939 940 914
f 914 938 939
f 747 937 745
f 937 743 745
f 66 1756 69
f 69 67 66
f 976 70 1001
f 79 1778 1609
f 75 74 72
f 72 73 75
f 981 955 980
f 957 732 956
f 732 730 956
f 981 982 956
f 956 955 981
f 2146 2147 1086
f 1065 1063 1082
f 1082 1061 1083
f 1082 1063 1061
f 1029 1026 1027
f 2136 2135 1029
f 1087 2144 2145
f 969 995 970
f 970 995 996
f 1021 997 996
f 1067 1066 1065
f 1079 1097 1098
f 1075 1074 1072
f 919 892 918
f 756 754 968
f 968 969 756
f 756 969 970
f 999 974 973
f 1022 997 1021
f 117 118 115
f 115 118 2125
f 2125 2255 115
f 1191 1189 1188
f 2024 1755 2021
f 34 37 35
f 581 548 580
f 580 548 547
f 547 546 580
f 582 548 581
f 549 548 582
f 582 583 549
f 1490 1488 1491
f 1490 2084 1488
f 1494 1540 1496
f 1497 1540 1494
f 1496 2082 1494
f 1494 2082 2083
f 2083 1492 1494
f 1491 1488 1489
f 1115 1482 1481
f 1481 1114 1115
f 1488 1477 1486
f 1486 1489 1488
f 1487 1489 1486
f 2088 2087 1154
f 1115 1114 1154
f 954 955 726
f 726 953 954
f 954 980 955
f 954 953 979
f 979 980 954
f 77 82 80
f 1211 1646 1210
f 1210 1204 1211
f 1237 1258 1280
f 1938 2018 2017
f 1937 2018 1938
f 833 829 834
f 914 940 915
f 915 940 916
f 513 295 635
f 635 634 513
f 636 634 635
f 592 594 591
f 591 637 592
f 2043 2104 592
f 592 2104 594
f 534 488 489
f 57 58 1410
f 24 27 25
f 1410 2120 1408
f 620 527 526
f 526 496 525
f 526 527 496
f 528 527 620
f 2041 620 2040
f 2040 620 621
f 620 526 621
f 525 622 621
f 621 526 525
f 524 622 525
f 624 524 523
f 35 37 612
f 488 546 467
f 467 546 547
f 547 447 467
f 496 527 495
f 527 528 495
f 496 495 475
f 475 495 474
f 439 440 458
f 472 492 471
f 492 470 471
f 355 370 369
f 369 384 383
f 370 384 369
f 403 388 404
f 404 421 403
f 373 388 387
f 387 403 402
f 387 388 403
f 403 421 420
f 456 437 438
f 437 420 438
f 438 421 439
f 438 420 421
f 455 437 456
f 455 475 474
f 465 485 484
f 484 464 465
f 484 485 505
f 465 446 292
f 2105 2027 598
f 596 2044 2105
f 2105 598 596
f 2029 599 2028
f 2028 599 597
f 597 2027 2028
f 602 2031 603
f 626 627 603
f 603 627 602
f 629 628 519
f 519 628 627
f 633 595 632
f 633 593 595
f 633 515 514
f 632 515 633
f 634 593 633
f 514 513 633
f 513 634 633
f 830 809 808
f 808 829 830
f 947 921 948
f 667 948 946
f 946 948 921
f 920 921 896
f 896 921 947
f 753 942 941
f 916 940 941
f 941 751 753
f 940 751 941
f 918 942 943
f 890 888 918
f 889 888 890
f 918 892 890
f 916 941 917
f 917 941 942
f 917 942 918
f 918 888 917
f 752 754 753
f 753 751 752
f 752 751 750
f 750 966 752
f 968 754 752
f 749 939 747
f 747 750 749
f 750 751 749
f 749 751 940
f 940 939 749
f 936 743 937
f 729 730 732
f 68 2233 2169
f 1756 2233 68
f 68 69 1756
f 67 69 68
f 2169 2218 68
f 2218 67 68
f 2172 2233 1756
f 74 1026 638
f 1026 1001 638
f 72 74 638
f 638 70 72
f 638 1001 70
f 976 1001 977
f 1815 1814 1758
f 1758 75 73
f 76 65 74
f 74 75 76
f 957 956 983
f 983 956 982
f 983 982 1007
f 959 960 736
f 1055 1054 1053
f 1055 1087 1086
f 1053 1087 1055
f 2126 764 2210
f 764 2156 2210
f 2148 1085 2222
f 1083 1061 1084
f 1061 1063 1062
f 1043 1044 1042
f 2136 1029 2217
f 1088 1087 1053
f 967 993 968
f 968 752 967
f 967 752 966
f 966 992 967
f 967 992 993
f 1065 1082 1081
f 1081 1067 1065
f 765 766 1101
f 1101 766 668
f 1074 1075 1102
f 757 943 755
f 755 943 942
f 755 942 753
f 753 754 755
f 754 756 755
f 758 756 970
f 757 755 758
f 758 755 756
f 1023 1022 1072
f 1072 1074 1023
f 998 999 973
f 998 1023 999
f 997 1022 998
f 1022 1023 998
f 117 115 114
f 2202 117 114
f 114 116 2202
f 2256 116 114
f 114 2255 2256
f 114 115 2255
f 1206 1149 1145
f 1145 1142 1206
f 1115 1152 1147
f 1147 1482 1115
f 1147 1149 1482
f 1497 1494 1495
f 1495 1494 1492
f 1497 1495 1501
f 1501 1495 1507
f 1613 1138 1611
f 1197 1138 1613
f 1193 1191 1190
f 1190 1192 1193
f 1190 1191 1188
f 2199 2198 1755
f 2199 1755 2024
f 1755 2198 2167
f 35 33 32
f 32 34 35
f 25 614 23
f 577 57 18
f 615 580 614
f 25 27 615
f 615 614 25
f 579 580 546
f 614 580 579
f 1531 1556 1555
f 1555 1530 1531
f 1200 1523 1198
f 1522 1198 1523
f 1496 2066 2081
f 2081 2082 1496
f 2084 1490 2123
f 2123 1492 2083
f 2123 1490 1492
f 2062 1477 2113
f 2063 1477 2062
f 1491 1489 1505
f 1114 1481 1113
f 1113 1481 1487
f 1487 1486 1113
f 2088 1154 1480
f 1480 1154 1114
f 1155 1152 1115
f 1115 1154 1155
f 1155 1154 1152
f 2087 2086 2023
f 2023 2022 2087
f 720 951 952
f 953 724 952
f 979 953 952
f 952 978 979
f 952 977 978
f 951 977 952
f 79 77 949
f 73 70 71
f 70 80 71
f 71 80 82
f 71 1758 73
f 79 1609 81
f 1609 82 81
f 81 77 79
f 81 82 77
f 975 70 976
f 975 80 70
f 976 77 975
f 77 80 975
f 64 63 78
f 78 63 1778
f 78 949 64
f 78 1778 79
f 79 949 78
f 1778 63 1779
f 1779 1608 1802
f 1802 1803 1804
f 1804 1779 1802
f 1778 1779 1804
f 1801 1803 1802
f 1843 1844 1845
f 1882 1883 1812
f 59 84 1760
f 1949 1924 1923
f 2163 1744 2246
f 2162 2188 1678
f 1142 1628 1212
f 1212 1206 1142
f 1212 1628 1646
f 1646 1211 1212
f 1212 1211 1204
f 1204 1206 1212
f 1611 1612 1610
f 1610 1613 1611
f 1614 1613 1610
f 1910 1937 1911
f 1187 1189 1652
f 1672 1588 1587
f 1954 1953 1955
f 1660 1659 1180
f 1660 2002 1659
f 1178 1258 1237
f 1237 1236 1178
f 1236 1238 1178
f 1279 1276 1277
f 1592 1886 1875
f 1875 1886 1887
f 1955 1953 2012
f 1790 1599 1810
f 2017 2018 1965
f 1962 1927 1929
f 361 360 286
f 373 360 374
f 1468 1439 1434
f 380 364 365
f 1440 1445 1442
f 1442 1445 48
f 834 835 893
f 833 834 893
f 914 882 880
f 111 97 672
f 716 715 64
f 64 949 716
f 1760 84 86
f 722 721 720
f 724 721 722
f 720 952 722
f 722 952 724
f 720 721 719
f 1908 1935 1909
f 1173 1126 1127
f 1330 1277 1127
f 1443 1445 1440
f 1440 1455 1443
f 533 534 489
f 489 490 533
f 533 490 532
f 2078 58 2026
f 2119 58 2078
f 2119 2120 1410
f 1410 58 2119
f 22 20 1411
f 22 24 25
f 1411 24 22
f 25 23 22
f 22 23 20
f 1374 1359 1360
f 2121 1408 2120
f 1410 1408 1409
f 620 2041 619
f 619 528 620
f 530 531 492
f 531 530 2099
f 492 531 491
f 491 470 492
f 491 490 470
f 532 490 491
f 491 531 532
f 2040 621 2102
f 622 2101 2102
f 2102 621 622
f 498 524 525
f 626 603 625
f 422 404 405
f 421 404 422
f 405 406 422
f 439 421 422
f 422 440 439
f 434 416 417
f 450 471 470
f 451 471 450
f 412 413 430
f 430 450 449
f 412 430 411
f 411 430 429
f 583 612 611
f 37 39 611
f 611 612 37
f 613 33 35
f 35 612 613
f 583 582 613
f 613 612 583
f 412 411 395
f 379 364 380
f 380 395 379
f 394 395 411
f 394 379 395
f 448 430 449
f 429 430 448
f 448 467 447
f 428 411 429
f 547 548 428
f 428 447 547
f 429 448 428
f 428 448 447
f 468 448 449
f 467 448 468
f 468 490 489
f 489 488 468
f 488 467 468
f 493 528 529
f 493 492 472
f 529 530 493
f 493 530 492
f 496 475 476
f 477 498 476
f 476 455 456
f 475 455 476
f 457 458 477
f 457 476 456
f 477 476 457
f 456 438 457
f 439 458 457
f 457 438 439
f 383 384 399
f 399 417 416
f 356 370 355
f 356 357 370
f 359 360 373
f 376 391 390
f 373 387 372
f 385 384 370
f 445 446 464
f 464 444 445
f 486 487 507
f 507 485 486
f 487 486 293
f 2092 603 2031
f 502 482 503
f 520 519 627
f 502 503 520
f 520 503 519
f 763 666 667
f 667 946 763
f 945 921 920
f 945 946 921
f 945 763 946
f 920 919 945
f 743 936 741
f 742 743 741
f 739 740 741
f 741 740 742
f 736 735 734
f 931 907 906
f 731 729 732
f 730 729 728
f 726 955 728
f 728 956 730
f 955 956 728
f 723 724 726
f 723 721 724
f 2196 2170 1856
f 2171 1857 2234
f 1833 1605 1602
f 1813 1857 1756
f 1813 1756 66
f 66 1027 1813
f 1027 65 1813
f 1005 980 979
f 1826 1851 1825
f 1825 1816 1826
f 1825 1815 1816
f 1825 1851 1853
f 75 1758 1757
f 1757 1758 1814
f 1757 76 75
f 65 76 1757
f 1757 1813 65
f 1010 1009 1044
f 1010 1048 1011
f 1011 986 1010
f 1008 983 1007
f 1044 1009 1008
f 1008 1042 1044
f 736 960 738
f 960 740 738
f 961 962 742
f 742 740 961
f 961 740 960
f 960 986 961
f 987 1011 1012
f 987 986 1011
f 962 961 987
f 987 961 986
f 985 1010 986
f 985 986 960
f 960 959 985
f 1009 1010 985
f 1012 1011 1050
f 1011 1048 1050
f 1050 1048 1049
f 1056 1014 1054
f 1054 1055 1056
f 1059 1084 1061
f 1058 1056 1059
f 1085 1084 1059
f 1083 1084 1093
f 1065 1066 1064
f 1064 1063 1065
f 1064 1062 1063
f 1061 1062 1060
f 1060 1059 1061
f 1058 1059 1060
f 1016 1058 1060
f 1017 992 1016
f 993 992 1017
f 1016 1060 1017
f 1017 1060 1062
f 2228 2229 1096
f 2212 2132 1039
f 2130 1041 1039
f 1039 2132 2130
f 1007 982 1006
f 1006 982 981
f 981 980 1006
f 980 1005 1006
f 1038 1037 1039
f 2141 2142 1089
f 1047 1091 1090
f 1089 1049 1090
f 1049 1047 1090
f 1045 1091 1047
f 1045 1044 1043
f 1045 1047 1044
f 2143 1088 2221
f 1079 1071 1069
f 1073 1075 1072
f 1072 1071 1073
f 1072 1022 1070
f 1070 1071 1072
f 1070 1069 1071
f 1070 1022 1021
f 2152 2230 1097
f 2154 1098 2153
f 1096 1097 1080
f 1080 1081 1096
f 1080 1097 1079
f 1067 1081 1080
f 1079 1069 1080
f 1080 1069 1067
f 1100 764 765
f 1100 1099 764
f 765 1101 1100
f 1103 1101 668
f 1074 1102 1025
f 1024 1023 1074
f 999 1023 1024
f 1074 1025 1024
f 972 998 973
f 997 998 972
f 944 943 757
f 757 759 944
f 944 919 918
f 918 943 944
f 944 945 919
f 759 945 944
f 757 758 760
f 760 759 757
f 760 758 970
f 760 972 762
f 1153 1147 1152
f 1148 1150 1149
f 1149 1147 1148
f 1147 1153 1148
f 1148 1153 1152
f 1148 2022 2021
f 2087 2022 1148
f 1148 1755 1644
f 1148 2021 1755
f 1152 1154 1148
f 1148 1154 2087
f 1493 1495 1492
f 1493 1490 1491
f 1492 1490 1493
f 1507 1495 1493
f 1139 1201 1137
f 1137 1138 1139
f 1201 1203 1137
f 1137 1203 1612
f 1137 1612 1611
f 1611 1138 1137
f 1197 1613 1616
f 1616 1613 1614
f 1185 1577 1186
f 1186 1187 1185
f 1188 1189 1186
f 1189 1187 1186
f 1200 1195 1194
f 1195 1193 1194
f 1193 1192 1194
f 1524 1523 1200
f 1200 1194 1524
f 1524 1194 1525
f 2197 2199 2024
f 2195 1742 2194
f 1754 1753 1732
f 1732 1753 1734
f 1396 1441 1397
f 1440 1442 1396
f 1396 1442 1441
f 617 23 614
f 614 579 617
f 617 579 578
f 617 577 18
f 617 578 577
f 1498 1536 1534
f 2075 1245 2074
f 2118 1534 1532
f 1534 1531 1532
f 1530 1245 1532
f 1532 1531 1530
f 2074 1245 1247
f 1136 1252 1216
f 1555 1556 1214
f 1214 1136 1555
f 1266 1267 1264
f 1263 1267 1266
f 1502 1501 1553
f 1553 1559 1502
f 1502 1559 1537
f 1537 1539 1502
f 1534 1536 1533
f 1533 1531 1534
f 1556 1531 1533
f 1139 1138 1196
f 1196 1138 1197
f 1197 1198 1196
f 1198 1522 1196
f 1521 1201 1139
f 1139 1196 1521
f 1521 1196 1522
f 1506 1510 1507
f 1507 1493 1506
f 1491 1505 1506
f 1506 1493 1491
f 1149 1206 1483
f 1482 1149 1483
f 1477 2063 1478
f 1478 1486 1477
f 1478 1113 1486
f 1478 2063 2064
f 2088 1480 2065
f 1479 1480 1114
f 1479 1478 2064
f 1114 1113 1479
f 1113 1478 1479
f 1806 71 82
f 1806 1609 1816
f 1806 82 1609
f 1816 1815 1806
f 1815 1758 1806
f 1758 71 1806
f 1608 1779 62
f 64 715 62
f 62 63 64
f 62 1779 63
f 1802 1608 1780
f 1780 1801 1802
f 1849 1827 1848
f 1849 1851 1826
f 1817 1849 1826
f 1827 1849 1817
f 1817 1804 1803
f 1803 1827 1817
f 1848 1827 1847
f 1843 1845 1829
f 1831 1883 1594
f 1822 1821 1795
f 1822 1812 1883
f 1822 1831 1821
f 1883 1831 1822
f 1810 1599 1811
f 1882 1812 1881
f 1606 1607 1603
f 2177 2176 1605
f 1858 1869 1868
f 1850 1849 1848
f 1851 1849 1850
f 1924 1949 1626
f 1626 2231 2185
f 2185 1924 1626
f 1669 1684 1683
f 1669 1677 1670
f 1671 1669 1670
f 1684 1669 1671
f 2245 2246 1744
f 2242 1680 2241
f 1612 1203 1202
f 1646 1612 1202
f 1202 1201 1204
f 1202 1203 1201
f 1647 1612 1646
f 1647 1610 1612
f 1647 1646 1648
f 1648 1726 1647
f 1966 1965 2019
f 2019 1965 2018
f 1651 1989 1652
f 1652 1189 1651
f 1189 1191 1651
f 1652 1989 1991
f 1992 1993 1991
f 1708 1193 1195
f 1683 1684 1693
f 1684 1692 1693
f 1686 1692 1691
f 1970 1588 1672
f 1969 1588 1970
f 1970 1691 1969
f 1686 1691 1970
f 1174 1276 1259
f 1259 1658 1174
f 1180 1659 1259
f 1659 1658 1259
f 1926 1925 2005
f 1927 1925 1926
f 2006 1925 1966
f 1659 2002 2003
f 2003 1658 1659
f 1997 1656 1995
f 1995 1996 1997
f 1185 1187 1183
f 1182 1185 1183
f 1179 1660 1180
f 1180 1258 1179
f 1258 1178 1179
f 2002 1660 1657
f 1657 1999 2002
f 1657 1656 1997
f 1997 1999 1657
f 1564 1565 1566
f 1562 1563 1564
f 1564 1563 1565
f 1109 1541 1543
f 1885 1592 1594
f 1885 1915 1886
f 1886 1592 1885
f 1594 1592 1593
f 1875 1887 1893
f 1943 1942 2013
f 1955 2012 2013
f 2013 2012 1943
f 1917 1942 1943
f 1917 1900 1887
f 1916 1887 1886
f 1941 1942 1916
f 1916 1917 1887
f 1942 1917 1916
f 1916 1915 1941
f 1886 1915 1916
f 1769 1768 1788
f 1911 1881 1880
f 1766 1764 106
f 1766 1769 1770
f 1770 1764 1766
f 1789 1600 1599
f 1599 1790 1789
f 1789 1790 1770
f 1789 1788 1600
f 1770 1769 1789
f 1769 1788 1789
f 2002 1999 2001
f 1980 2003 2001
f 2001 2003 2002
f 2001 1981 1980
f 2001 1999 2000
f 2000 1981 2001
f 1986 1587 1984
f 1984 1983 1986
f 1967 1931 1932
f 1994 1993 1992
f 1992 1987 1994
f 1994 1987 1996
f 1994 1995 1993
f 1996 1995 1994
f 1929 1927 1928
f 1980 1981 1928
f 1928 1926 1980
f 1927 1926 1928
f 1930 1931 1929
f 1932 1931 1930
f 1929 1928 1930
f 1930 1928 1981
f 1915 1885 1914
f 2017 1965 1963
f 1963 2016 2017
f 1961 2016 1963
f 1963 1962 1961
f 324 326 323
f 323 326 325
f 355 369 354
f 354 329 355
f 354 353 329
f 355 329 331
f 331 356 355
f 389 388 373
f 373 374 389
f 389 374 390
f 389 406 405
f 389 390 406
f 405 404 389
f 389 404 388
f 48 49 47
f 13 53 55
f 52 53 51
f 564 544 565
f 565 13 564
f 53 13 565
f 37 34 36
f 36 39 37
f 353 354 367
f 352 325 353
f 887 888 889
f 889 835 836
f 836 887 889
f 837 887 836
f 894 893 892
f 894 919 920
f 892 919 894
f 920 896 894
f 896 893 894
f 892 893 891
f 891 893 835
f 891 835 889
f 889 890 891
f 891 890 892
f 833 893 895
f 895 893 896
f 895 832 833
f 947 832 895
f 895 896 947
f 203 212 211
f 913 938 914
f 914 880 913
f 937 938 913
f 672 97 690
f 697 704 698
f 672 690 669
f 85 59 60
f 60 61 85
f 85 61 922
f 950 951 720
f 950 716 949
f 976 977 950
f 950 977 951
f 950 77 976
f 950 949 77
f 922 61 923
f 715 716 717
f 720 719 717
f 717 61 715
f 717 923 61
f 1877 1908 1909
f 1935 1908 1934
f 1172 1126 1173
f 1907 1934 1908
f 1591 1663 2005
f 1589 1590 1591
f 1591 2006 1589
f 2005 1925 1591
f 1925 2006 1591
f 1174 1658 1662
f 1662 1663 1174
f 2005 1663 1662
f 1792 1877 1784
f 1774 1165 1163
f 1277 1276 1128
f 1128 1127 1277
f 1173 1127 1128
f 1128 1174 1173
f 1128 1276 1174
f 1349 1350 1348
f 1474 1350 1349
f 1348 1350 1366
f 1454 1443 1455
f 1454 1117 1443
f 2032 2097 534
f 1375 1374 1360
f 1382 1432 1375
f 1359 1374 1373
f 2103 619 2041
f 2035 532 2098
f 2036 2099 530
f 499 500 523
f 523 524 499
f 524 498 499
f 499 479 500
f 2039 2100 624
f 2039 625 2038
f 624 625 2039
f 623 2100 2101
f 623 2101 622
f 624 2100 623
f 622 524 623
f 524 624 623
f 423 422 406
f 423 424 442
f 440 422 423
f 434 417 435
f 435 453 434
f 418 435 417
f 415 416 434
f 415 399 416
f 413 414 431
f 431 430 413
f 450 430 431
f 583 611 584
f 396 413 412
f 412 395 396
f 396 414 413
f 396 395 380
f 393 394 411
f 379 394 378
f 364 379 378
f 378 393 377
f 394 393 378
f 410 548 549
f 410 428 548
f 411 428 410
f 549 393 410
f 410 393 411
f 469 468 449
f 449 450 469
f 469 450 470
f 470 490 469
f 490 468 469
f 494 495 528
f 528 493 494
f 474 495 494
f 496 476 497
f 497 476 498
f 525 496 497
f 497 498 525
f 383 399 382
f 275 290 262
f 275 263 291
f 409 290 426
f 444 443 426
f 426 408 409
f 291 263 276
f 276 446 291
f 276 292 446
f 264 292 276
f 276 263 264
f 264 263 253
f 252 275 262
f 263 275 252
f 240 228 229
f 392 376 288
f 391 376 392
f 407 423 406
f 424 423 407
f 406 390 407
f 390 391 407
f 391 392 407
f 407 392 408
f 390 374 375
f 375 376 390
f 375 360 361
f 375 374 360
f 358 359 373
f 373 372 358
f 370 357 371
f 371 372 387
f 357 358 371
f 371 358 372
f 386 387 402
f 386 371 387
f 386 385 370
f 370 371 386
f 400 399 384
f 417 399 400
f 400 418 417
f 454 455 474
f 453 435 454
f 472 453 473
f 474 494 473
f 473 454 474
f 453 454 473
f 473 493 472
f 473 494 493
f 452 453 472
f 472 471 452
f 452 471 451
f 434 453 452
f 442 424 425
f 425 443 442
f 425 426 443
f 408 426 425
f 424 407 425
f 425 407 408
f 291 446 427
f 446 445 427
f 427 275 291
f 290 275 427
f 427 426 290
f 427 445 444
f 444 426 427
f 463 444 464
f 461 460 442
f 442 443 461
f 278 279 294
f 294 487 278
f 487 293 278
f 200 206 205
f 201 206 200
f 200 191 201
f 277 292 264
f 466 293 486
f 465 292 466
f 292 277 466
f 466 277 293
f 466 485 465
f 466 486 485
f 604 2092 2038
f 2038 625 604
f 604 625 603
f 603 2092 604
f 505 517 518
f 518 517 629
f 629 519 518
f 504 484 505
f 505 518 504
f 519 503 504
f 504 518 519
f 521 627 626
f 521 520 627
f 626 625 521
f 502 520 521
f 500 479 480
f 480 479 460
f 460 461 480
f 460 479 459
f 459 479 458
f 459 458 440
f 477 458 478
f 458 479 478
f 479 499 478
f 478 498 477
f 478 499 498
f 666 763 665
f 974 666 665
f 973 974 665
f 665 972 973
f 762 972 665
f 763 945 761
f 762 665 761
f 761 665 763
f 761 945 759
f 761 760 762
f 759 760 761
f 957 983 958
f 958 732 957
f 958 734 732
f 958 959 736
f 736 734 958
f 958 985 959
f 935 911 910
f 936 911 935
f 910 909 935
f 935 741 936
f 737 740 739
f 737 738 740
f 737 735 736
f 736 738 737
f 932 907 931
f 735 737 932
f 932 737 933
f 870 907 908
f 908 909 870
f 907 932 908
f 908 932 933
f 866 906 907
f 931 906 905
f 906 866 905
f 732 734 733
f 733 731 732
f 733 734 735
f 931 731 733
f 733 932 931
f 735 932 733
f 727 728 729
f 726 728 727
f 1855 1607 1856
f 1833 1602 1601
f 1601 1836 1834
f 1601 1858 1833
f 1834 1858 1601
f 978 977 1003
f 979 978 1003
f 1026 1029 1028
f 1029 1030 1028
f 1028 1001 1026
f 1033 2216 2133
f 1046 1010 1044
f 1048 1010 1046
f 1044 1047 1046
f 1046 1047 1049
f 1049 1048 1046
f 744 743 742
f 744 745 743
f 744 746 745
f 748 750 747
f 747 745 748
f 745 746 748
f 988 987 1012
f 962 987 988
f 1012 1050 1052
f 1053 1054 1052
f 1051 1050 1049
f 1051 1088 1053
f 1053 1052 1051
f 1051 1052 1050
f 1089 1088 1051
f 1051 1049 1089
f 1057 1056 1055
f 1057 1059 1056
f 1085 1059 1057
f 1086 1085 1057
f 1057 1055 1086
f 1094 1082 1083
f 1083 1093 1094
f 2214 1037 2213
f 1037 1038 1036
f 1036 1005 1034
f 1036 1006 1005
f 1036 1038 1006
f 1039 1041 1040
f 1040 1038 1039
f 1040 1041 1043
f 1043 1042 1040
f 1040 1008 1007
f 1042 1008 1040
f 1007 1006 1040
f 1006 1038 1040
f 1092 2138 1091
f 1092 1045 1043
f 1091 1045 1092
f 2140 1090 2139
f 991 992 966
f 1016 992 991
f 964 748 746
f 1015 990 1014
f 1014 1056 1015
f 1016 991 1015
f 1015 991 990
f 1015 1058 1016
f 1015 1056 1058
f 1066 1067 1068
f 1067 1069 1068
f 1069 1070 1068
f 1068 1070 1021
f 1078 1073 1071
f 1078 1071 1079
f 1098 1099 1078
f 1079 1098 1078
f 1076 1100 1101
f 1101 1103 1076
f 1076 1103 1102
f 1076 1102 1075
f 974 999 1000
f 999 1024 1000
f 1000 1024 1025
f 971 760 970
f 970 996 971
f 971 996 997
f 997 972 971
f 972 760 971
f 1141 1142 1145
f 1145 1140 1141
f 1514 1525 1526
f 1514 1524 1525
f 1197 1616 1199
f 1199 1198 1197
f 1199 1195 1200
f 1200 1198 1199
f 1234 1236 1237
f 1541 1582 1545
f 1545 1547 1541
f 1529 1194 1192
f 1525 1194 1529
f 1192 1190 1529
f 2166 2164 1753
f 1752 1734 1753
f 1736 1734 1752
f 1755 1754 1634
f 1634 1754 1732
f 1627 1628 1142
f 1142 1141 1627
f 1648 1628 1730
f 1730 1726 1648
f 1742 1741 1740
f 2192 1738 2243
f 46 44 1441
f 46 1442 48
f 1441 1442 46
f 48 47 46
f 45 44 46
f 46 47 45
f 1397 1441 1467
f 1355 1343 1356
f 1360 1359 1355
f 1355 1356 1360
f 1356 1343 1344
f 1344 1357 1356
f 1438 1468 1434
f 1438 1435 1397
f 1397 1467 1438
f 1438 1467 1468
f 1459 1378 1363
f 1363 1378 1377
f 1376 1383 1382
f 1377 1383 1376
f 1385 1378 1459
f 1435 1378 1385
f 1346 1453 1302
f 1302 1347 1346
f 1302 1453 1295
f 30 32 33
f 30 1431 32
f 1381 1375 1432
f 1374 1375 1381
f 488 534 535
f 57 577 125
f 577 124 125
f 20 23 21
f 23 617 21
f 21 617 18
f 1406 2121 2122
f 2122 1404 1406
f 1408 2121 1406
f 1499 1498 2115
f 1536 1498 1499
f 1540 2077 2067
f 1500 1501 1502
f 1502 1539 1500
f 1497 1501 1500
f 1500 1540 1497
f 1500 1539 1540
f 2118 1532 2117
f 1245 2075 2117
f 2117 1532 1245
f 1249 2072 2073
f 1133 1216 1253
f 1253 1216 1252
f 1217 1216 1133
f 1556 1533 1557
f 1218 1243 1244
f 1265 2051 1264
f 1246 1245 1530
f 1246 1247 1245
f 1246 1248 1247
f 1554 1553 1501
f 1535 1533 1536
f 1535 1557 1533
f 1204 1201 1208
f 1201 1521 1208
f 1504 1489 1487
f 1504 1505 1489
f 60 1608 83
f 1608 62 83
f 83 62 715
f 83 61 60
f 715 61 83
f 1759 59 1760
f 1759 1780 1608
f 1759 1608 60
f 60 59 1759
f 1819 1801 1800
f 1801 1780 1800
f 1826 1816 1805
f 1805 1817 1826
f 1816 1609 1805
f 1804 1817 1805
f 1805 1609 1778
f 1778 1804 1805
f 1828 1845 1846
f 1846 1847 1828
f 1819 1829 1828
f 1828 1829 1845
f 1795 1821 1797
f 1797 1796 1795
f 1783 1796 1777
f 1795 1796 1783
f 1812 1822 1794
f 1794 1811 1812
f 1794 1822 1795
f 1795 1783 1794
f 1810 1811 1794
f 1794 1783 1810
f 1882 1881 1912
f 1912 1913 1882
f 1912 1938 1913
f 1937 1938 1912
f 1911 1937 1912
f 1912 1881 1911
f 1760 86 91
f 91 1762 1760
f 1604 2177 1605
f 1604 1858 1868
f 1868 1597 1604
f 1604 1605 1833
f 1833 1858 1604
f 1868 1869 1595
f 1864 1863 1595
f 1839 1847 1846
f 1848 1847 1839
f 1846 1845 1890
f 1890 1845 1844
f 1678 1626 2007
f 2007 1626 1949
f 2231 1626 2189
f 1923 1924 1862
f 1923 1862 1905
f 1905 1904 1923
f 1746 1620 1622
f 1746 1741 1620
f 1632 1634 1637
f 1631 1635 1637
f 1688 1692 1686
f 1688 1693 1692
f 1680 1679 1681
f 1681 1679 1677
f 2241 1680 2187
f 1620 1741 1743
f 1743 1741 1742
f 1646 1202 1207
f 1207 1202 1204
f 1935 2019 1936
f 1936 1910 1909
f 1909 1935 1936
f 1937 1910 1936
f 1936 2018 1937
f 1936 2019 2018
f 1650 1191 1193
f 1650 1651 1191
f 1706 1708 1195
f 1195 1199 1706
f 1706 1199 1616
f 1622 1620 1621
f 1620 1976 1621
f 1621 1976 1975
f 1975 1976 1690
f 1689 1975 1690
f 1690 1688 1689
f 1693 1688 1690
f 1952 1953 1695
f 1969 1691 1695
f 1695 1954 1969
f 1953 1954 1695
f 1685 1691 1692
f 1952 1695 1685
f 1685 1695 1691
f 1685 1692 1684
f 1684 1671 1685
f 1971 1970 1672
f 1686 1970 1971
f 1614 1610 1725
f 1725 1723 1614
f 1610 1647 1725
f 1725 1647 1726
f 1974 1975 1689
f 1622 1621 1617
f 1617 1621 1975
f 1617 1746 1622
f 1619 1746 1617
f 1975 1974 1617
f 1278 1259 1276
f 1276 1279 1278
f 1278 1258 1180
f 1180 1259 1278
f 1278 1280 1258
f 1278 1279 1280
f 1966 2019 2020
f 2020 2006 1966
f 2020 2019 1935
f 1589 2006 2020
f 2020 1934 1589
f 1935 1934 2020
f 1658 2003 2004
f 2005 1662 2004
f 2004 1662 1658
f 2004 1926 2005
f 1980 1926 2004
f 2004 2003 1980
f 1993 1995 1654
f 1654 1995 1656
f 1653 1187 1652
f 1653 1183 1187
f 1653 1654 1183
f 1993 1654 1653
f 1652 1991 1653
f 1653 1991 1993
f 1181 1178 1238
f 1181 1179 1178
f 1223 1564 1566
f 1566 1225 1223
f 1566 1565 1567
f 1565 1543 1567
f 1562 1564 1221
f 1221 1223 1224
f 1564 1223 1221
f 1348 1334 1333
f 1333 1349 1348
f 1842 1844 1843
f 1844 1842 1873
f 1873 1842 1593
f 1943 2012 1944
f 1894 1893 1887
f 1887 1900 1894
f 1864 1865 1898
f 1904 1905 1898
f 1786 1788 1768
f 1786 1767 1784
f 1768 1767 1786
f 1788 1786 1787
f 1600 1788 1787
f 1787 1880 1600
f 1599 1600 1598
f 1600 1880 1598
f 1598 1880 1881
f 1598 1811 1599
f 1812 1811 1598
f 1598 1881 1812
f 705 100 101
f 89 94 1763
f 1763 94 1764
f 89 1763 1807
f 1807 1763 1808
f 1761 1808 1777
f 1762 1807 1761
f 1761 1807 1808
f 1777 1808 1809
f 1810 1783 1809
f 1809 1783 1777
f 1809 1790 1810
f 1998 1983 2000
f 1997 1996 1998
f 1998 1999 1997
f 2000 1999 1998
f 1929 1931 1960
f 1960 1962 1929
f 1961 1962 1960
f 1968 1588 1969
f 1969 1954 1968
f 1932 1984 1586
f 1586 1967 1932
f 1586 1984 1587
f 1586 1968 1967
f 1586 1587 1588
f 1588 1968 1586
f 2014 1942 1941
f 2014 2013 1942
f 1996 1987 1985
f 1985 1998 1996
f 1983 1998 1985
f 1986 1983 1985
f 1985 1674 1986
f 1985 1987 1674
f 1674 1987 1624
f 1624 1623 1674
f 1625 1623 1624
f 1992 1625 1624
f 1624 1987 1992
f 1982 1981 2000
f 1982 1930 1981
f 2000 1983 1982
f 1932 1930 1982
f 1982 1984 1932
f 1983 1984 1982
f 1939 1914 1913
f 2017 2016 1939
f 1939 1938 2017
f 1913 1938 1939
f 1941 1915 1940
f 1915 1914 1940
f 1940 1939 2016
f 1914 1939 1940
f 1913 1914 1884
f 1882 1913 1884
f 1884 1883 1882
f 1594 1883 1884
f 1884 1885 1594
f 1884 1914 1885
f 1964 1963 1965
f 1964 1965 1966
f 1927 1962 1964
f 1962 1963 1964
f 1966 1925 1964
f 1964 1925 1927
f 329 353 327
f 353 325 327
f 327 328 329
f 326 328 327
f 327 325 326
f 332 331 329
f 316 317 332
f 332 317 318
f 300 317 316
f 361 286 287
f 287 375 361
f 376 375 287
f 347 345 540
f 647 708 129
f 185 708 647
f 647 129 185
f 315 328 326
f 309 310 311
f 309 307 310
f 311 343 309
f 343 307 309
f 342 307 343
f 172 307 342
f 343 129 342
f 303 306 305
f 306 307 305
f 305 172 303
f 305 307 172
f 576 312 575
f 310 312 576
f 50 52 51
f 51 49 50
f 48 1445 50
f 50 49 48
f 55 53 54
f 53 52 54
f 566 544 570
f 566 565 544
f 570 569 566
f 51 53 566
f 53 565 566
f 39 36 38
f 38 36 1439
f 1436 36 34
f 1439 36 1436
f 585 584 611
f 368 369 383
f 383 382 368
f 368 382 367
f 368 354 369
f 368 367 354
f 353 367 366
f 366 352 353
f 366 381 380
f 380 365 366
f 366 382 381
f 367 382 366
f 1116 2 17
f 1160 1162 1472
f 543 544 564
f 608 541 562
f 163 162 663
f 663 162 787
f 787 809 663
f 787 808 809
f 196 191 200
f 200 205 196
f 196 165 191
f 190 165 196
f 159 165 164
f 164 165 190
f 786 787 664
f 829 808 807
f 808 787 807
f 807 787 786
f 227 238 226
f 157 162 158
f 825 802 824
f 782 656 781
f 801 802 781
f 714 135 280
f 714 652 136
f 136 135 714
f 912 880 878
f 912 913 880
f 937 913 912
f 912 936 937
f 912 911 936
f 879 880 882
f 878 880 879
f 790 769 789
f 790 791 769
f 789 812 790
f 812 791 790
f 692 697 698
f 682 697 692
f 692 681 682
f 691 697 682
f 691 690 97
f 682 690 691
f 689 669 690
f 718 950 720
f 716 950 718
f 720 717 718
f 718 717 716
f 721 723 926
f 723 927 926
f 924 719 721
f 924 717 719
f 923 717 924
f 924 898 923
f 1908 1877 1876
f 1876 1907 1908
f 1877 1792 1876
f 1590 1665 1664
f 1664 1591 1590
f 1663 1591 1664
f 1933 1665 1590
f 1934 1907 1933
f 1933 1590 1589
f 1589 1934 1933
f 1791 1773 1774
f 1791 1792 1784
f 1784 1767 1791
f 1791 1767 1773
f 1773 1767 1772
f 108 110 111
f 108 111 672
f 672 669 108
f 109 108 669
f 110 108 109
f 5 3 6
f 557 3 5
f 1160 1158 1159
f 55 1117 14
f 14 13 55
f 14 12 13
f 2033 532 2035
f 2033 533 532
f 1361 1375 1360
f 1360 1356 1361
f 1356 1357 1361
f 1357 1376 1361
f 1382 1375 1361
f 1361 1376 1382
f 618 2103 2037
f 619 2103 618
f 618 530 529
f 529 528 618
f 528 619 618
f 441 423 442
f 440 423 441
f 442 460 441
f 460 459 441
f 441 459 440
f 419 418 402
f 402 403 419
f 403 420 419
f 419 420 437
f 437 418 419
f 436 418 437
f 435 418 436
f 437 455 436
f 455 454 436
f 436 454 435
f 551 552 377
f 583 584 551
f 551 585 552
f 584 585 551
f 377 393 551
f 363 378 377
f 364 378 363
f 351 350 323
f 323 325 351
f 325 352 351
f 351 366 365
f 352 366 351
f 351 365 364
f 364 350 351
f 381 382 397
f 397 415 414
f 414 396 397
f 380 381 397
f 397 396 380
f 339 337 338
f 360 359 339
f 359 358 339
f 339 358 337
f 262 290 274
f 274 261 262
f 262 261 251
f 240 229 251
f 230 222 242
f 242 253 263
f 263 252 242
f 243 254 264
f 264 253 243
f 253 242 243
f 243 244 254
f 219 212 213
f 230 242 241
f 241 242 252
f 241 251 229
f 241 252 262
f 262 251 241
f 409 408 289
f 408 392 289
f 289 290 409
f 289 274 290
f 384 385 401
f 401 400 384
f 401 386 402
f 385 386 401
f 402 418 401
f 418 400 401
f 451 450 432
f 450 431 432
f 432 431 414
f 462 461 443
f 462 443 444
f 444 463 462
f 279 278 266
f 214 205 206
f 204 205 213
f 213 212 204
f 207 223 222
f 222 215 207
f 207 215 206
f 206 201 207
f 265 278 293
f 293 277 265
f 265 266 278
f 264 254 265
f 265 277 264
f 244 266 265
f 254 244 265
f 483 503 482
f 483 504 503
f 484 504 483
f 464 484 483
f 483 463 464
f 482 462 483
f 483 462 463
f 522 521 625
f 522 624 523
f 522 625 624
f 523 500 522
f 502 521 501
f 501 480 502
f 500 480 501
f 501 522 500
f 521 522 501
f 481 482 502
f 502 480 481
f 481 480 461
f 481 462 482
f 461 462 481
f 984 958 983
f 985 958 984
f 1009 985 984
f 983 1008 984
f 984 1008 1009
f 934 935 909
f 934 908 933
f 909 908 934
f 934 737 739
f 933 737 934
f 739 741 934
f 741 935 934
f 931 905 930
f 930 731 931
f 729 731 930
f 725 927 723
f 727 927 725
f 725 723 726
f 726 727 725
f 1824 1855 1814
f 1824 1825 1853
f 1824 1814 1815
f 1815 1825 1824
f 1814 1855 1823
f 1823 1757 1814
f 1813 1757 1823
f 1857 1813 1823
f 1856 1857 1823
f 1823 1855 1856
f 1836 1601 1852
f 1852 1850 1836
f 1853 1851 1852
f 1851 1850 1852
f 1854 1824 1853
f 1855 1824 1854
f 1603 1607 1854
f 1607 1855 1854
f 1034 1003 1032
f 1032 1003 1030
f 1002 977 1001
f 1002 1003 977
f 1030 1003 1002
f 1001 1028 1002
f 1002 1028 1030
f 1004 1005 979
f 979 1003 1004
f 1034 1005 1004
f 1004 1003 1034
f 1035 1036 1034
f 1037 1036 1035
f 1034 1032 1035
f 1035 1032 1033
f 1031 1029 2135
f 1031 1030 1029
f 1031 1032 1030
f 1033 1032 1031
f 1013 988 1012
f 1012 1052 1013
f 1054 1014 1013
f 1013 1052 1054
f 2150 1093 2224
f 1093 2223 2224
f 1082 1094 1095
f 1096 1081 1095
f 1095 1081 1082
f 1020 1064 1066
f 1020 1019 1064
f 1020 1068 1021
f 1066 1068 1020
f 1021 996 1020
f 1020 996 995
f 968 993 994
f 994 1020 995
f 1019 1020 994
f 994 969 968
f 995 969 994
f 1062 1064 1018
f 1064 1019 1018
f 1018 1017 1062
f 993 1017 1018
f 1018 994 993
f 1019 994 1018
f 2138 1092 2220
f 990 991 965
f 965 964 990
f 965 991 966
f 748 964 965
f 965 966 750
f 750 748 965
f 742 962 963
f 963 744 742
f 962 988 963
f 746 744 963
f 963 964 746
f 1073 1078 1077
f 1100 1076 1077
f 1099 1100 1077
f 1077 1078 1099
f 1075 1073 1077
f 1077 1076 1075
f 1645 1144 1644
f 1140 1144 1645
f 1645 1141 1140
f 1645 1627 1141
f 1151 1148 1644
f 1644 1144 1151
f 1150 1148 1151
f 1149 1150 1151
f 1146 1140 1145
f 1145 1144 1146
f 1146 1144 1140
f 1509 1511 1510
f 1511 1509 1515
f 1515 1509 1517
f 1515 1514 1526
f 1515 1517 1514
f 1237 1280 1235
f 1235 1234 1237
f 1182 1236 1575
f 1236 1234 1575
f 1581 1545 1582
f 1545 1581 1546
f 1547 1545 1548
f 1545 1546 1548
f 2190 1752 2232
f 1755 1634 1633
f 1633 1634 1632
f 1640 1730 1628
f 1628 1627 1640
f 1640 1629 1631
f 2193 1740 2244
f 1738 1740 1739
f 1739 1740 1741
f 1741 1746 1739
f 1456 1449 1455
f 1456 1455 1440
f 1440 1396 1456
f 1441 44 42
f 42 1467 1441
f 42 44 45
f 42 41 1468
f 1468 1467 42
f 1357 1344 1345
f 1384 1378 1435
f 1384 1438 1434
f 1435 1438 1384
f 1434 1383 1384
f 1384 1383 1377
f 1377 1378 1384
f 1459 1363 1460
f 1460 1363 1358
f 1362 1363 1377
f 1377 1376 1362
f 1358 1363 1362
f 1362 1376 1357
f 1362 1345 1358
f 1357 1345 1362
f 1391 1449 1450
f 1301 1347 1302
f 1301 1120 1347
f 1305 1306 1308
f 1308 1307 1305
f 1461 1295 1453
f 1461 1460 1358
f 1453 1460 1461
f 1379 1430 1429
f 1429 24 1411
f 1380 1430 1379
f 1380 1373 1374
f 1379 1373 1380
f 1374 1381 1380
f 1431 1430 1380
f 1380 1381 1431
f 27 24 26
f 26 29 27
f 24 1429 26
f 26 1429 1430
f 577 578 123
f 123 124 577
f 488 535 545
f 545 546 488
f 545 123 578
f 535 123 545
f 545 579 546
f 578 579 545
f 536 535 534
f 534 2097 536
f 124 123 536
f 536 123 535
f 2097 2096 536
f 536 2096 124
f 2093 125 2095
f 20 21 19
f 2053 1268 1466
f 2069 2070 1291
f 1291 2070 1292
f 1354 2112 1353
f 1353 1402 1354
f 1354 1402 1404
f 1407 1409 1408
f 1408 1406 1407
f 1342 1402 1353
f 1342 1341 1338
f 1353 1341 1342
f 1402 1342 1401
f 1359 1373 1416
f 1498 2076 2114
f 2115 1498 2114
f 2116 1499 2115
f 1538 1499 1540
f 1540 1539 1538
f 1536 1499 1538
f 1539 1537 1538
f 1538 1535 1536
f 1537 1535 1538
f 1254 1252 1244
f 1254 1253 1252
f 1555 1136 1135
f 1136 1216 1135
f 1135 1530 1555
f 1135 1246 1530
f 1261 1217 1133
f 1562 1221 1219
f 1244 1252 1215
f 1215 1218 1244
f 1215 1252 1136
f 1136 1214 1215
f 1264 1267 1271
f 1271 1265 1264
f 2051 1265 2050
f 1109 1543 1544
f 1565 1563 1544
f 1544 1543 1565
f 1109 1584 1583
f 1583 1541 1109
f 1583 1582 1541
f 1204 1208 1205
f 1205 1206 1204
f 1205 1483 1206
f 1503 1504 1487
f 1503 1481 1482
f 1487 1481 1503
f 1482 1483 1503
f 1799 1829 1819
f 1819 1800 1799
f 1780 1759 1775
f 1775 1800 1780
f 1775 1759 1760
f 1819 1828 1818
f 1818 1801 1819
f 1803 1801 1818
f 1818 1827 1803
f 1818 1847 1827
f 1818 1828 1847
f 1830 1797 1821
f 1830 1842 1843
f 1605 2176 1832
f 1832 1602 1605
f 1603 1602 1832
f 1832 1606 1603
f 1834 1836 1837
f 1837 1838 1834
f 1836 1850 1837
f 1839 1838 1837
f 1837 1850 1848
f 1848 1839 1837
f 1840 1890 1861
f 1840 1838 1839
f 1840 1839 1846
f 1846 1890 1840
f 1840 1861 1860
f 1860 1838 1840
f 1678 2007 1676
f 1676 1679 1678
f 1677 1679 1676
f 1670 1677 1676
f 1948 2007 1949
f 1948 1676 2007
f 2184 1862 2186
f 1596 1595 1863
f 1596 1597 1868
f 1868 1595 1596
f 1977 1976 1620
f 1683 1696 1682
f 1682 1669 1683
f 1677 1669 1682
f 1682 1681 1677
f 1682 1696 1697
f 1697 1681 1682
f 1632 1637 1636
f 1636 1637 1635
f 1636 1633 1632
f 1644 1755 1636
f 1755 1633 1636
f 1979 2239 2240
f 1742 1744 1979
f 1979 1743 1742
f 1209 1204 1210
f 1209 1207 1204
f 1210 1646 1209
f 1646 1207 1209
f 1193 1708 1649
f 1649 1650 1193
f 1694 1690 1976
f 1694 1696 1683
f 1683 1693 1694
f 1693 1690 1694
f 1976 1977 1694
f 1694 1977 1696
f 1973 1974 1689
f 1726 1730 1729
f 1990 1625 1992
f 1992 1991 1990
f 1990 1991 1989
f 1672 1587 1673
f 1674 1623 1673
f 1986 1674 1673
f 1673 1587 1986
f 1182 1183 1184
f 1184 1236 1182
f 1184 1238 1236
f 1179 1181 1661
f 1660 1179 1661
f 1661 1657 1660
f 1656 1657 1661
f 1542 1543 1541
f 1542 1567 1543
f 1541 1547 1542
f 1568 1227 1225
f 1568 1225 1566
f 1566 1567 1568
f 1244 1243 1256
f 1256 1254 1244
f 1308 1306 1298
f 1298 1299 1308
f 1334 1322 1332
f 1332 1333 1334
f 1448 1449 1391
f 1391 1392 1448
f 1455 1449 1448
f 1448 1392 1447
f 1447 1454 1448
f 1448 1454 1455
f 1393 1387 1388
f 1393 1394 1447
f 1388 1394 1393
f 1447 1392 1393
f 1393 1392 1386
f 1386 1387 1393
f 1388 1387 1370
f 1371 1388 1370
f 1370 1366 1371
f 1364 1322 1334
f 1321 1322 1364
f 1351 1120 1386
f 1351 1392 1391
f 1386 1392 1351
f 1321 1364 1122
f 1593 1842 1841
f 1841 1831 1594
f 1594 1593 1841
f 1842 1830 1841
f 1821 1831 1841
f 1841 1830 1821
f 1875 1893 1874
f 1874 1592 1875
f 1874 1593 1592
f 1874 1873 1593
f 1891 1890 1844
f 1844 1873 1891
f 1861 1890 1891
f 1901 1900 1919
f 1901 1894 1900
f 1895 1894 1901
f 1920 1901 1919
f 1920 1921 1903
f 1943 1944 1918
f 1918 1917 1943
f 1900 1917 1918
f 1919 1900 1918
f 1893 1894 1889
f 1889 1894 1895
f 1869 1870 1867
f 1867 1595 1869
f 1867 1865 1864
f 1864 1595 1867
f 1860 1870 1859
f 1834 1838 1859
f 1859 1838 1860
f 1859 1858 1834
f 1869 1858 1859
f 1859 1870 1869
f 1888 1889 1895
f 1896 1888 1895
f 1950 1671 1670
f 1947 1948 1921
f 2010 1950 2009
f 1909 1910 1878
f 1784 1877 1878
f 1878 1877 1909
f 89 92 93
f 93 94 89
f 106 1764 107
f 1765 1767 1768
f 1765 1768 1769
f 1769 1766 1765
f 705 101 103
f 103 1765 1766
f 101 1765 103
f 99 101 100
f 99 97 98
f 99 100 97
f 99 1765 101
f 98 1767 99
f 1767 1765 99
f 1808 1763 1771
f 1790 1809 1771
f 1771 1809 1808
f 1770 1790 1771
f 1771 1764 1770
f 1771 1763 1764
f 1762 91 90
f 90 1807 1762
f 90 92 89
f 89 1807 90
f 1967 1968 1956
f 1956 1954 1955
f 1956 1968 1954
f 1961 1960 1959
f 2015 2016 1961
f 2015 1940 2016
f 1961 1959 2015
f 1941 1940 2015
f 2015 2014 1941
f 2015 1959 2014
f 313 312 310
f 326 324 313
f 324 312 313
f 331 332 333
f 356 331 333
f 329 328 330
f 330 332 329
f 316 332 330
f 330 315 316
f 328 315 330
f 299 134 133
f 134 171 133
f 303 134 301
f 301 134 299
f 303 172 169
f 169 134 303
f 271 287 286
f 259 287 271
f 347 540 538
f 510 541 606
f 540 605 606
f 606 121 510
f 606 605 121
f 174 169 173
f 173 169 172
f 769 708 707
f 708 185 707
f 120 576 575
f 510 121 120
f 310 576 122
f 121 605 122
f 122 120 121
f 576 120 122
f 311 310 122
f 122 605 311
f 1 16 17
f 1 12 16
f 562 12 1
f 1 608 562
f 17 2 1
f 2 3 1
f 3 608 1
f 563 12 562
f 562 541 563
f 564 13 563
f 13 12 563
f 563 543 564
f 1444 54 52
f 1445 1443 1444
f 55 54 1444
f 1444 50 1445
f 52 50 1444
f 1444 1117 55
f 1443 1117 1444
f 568 566 569
f 568 49 51
f 51 566 568
f 1468 41 40
f 1439 1468 40
f 40 38 1439
f 40 41 39
f 39 38 40
f 1437 1436 34
f 1432 1436 1437
f 34 32 1437
f 1437 1381 1432
f 32 1431 1437
f 1431 1381 1437
f 1433 1436 1432
f 1433 1432 1382
f 1382 1383 1433
f 1433 1383 1434
f 1434 1439 1433
f 1439 1436 1433
f 610 585 611
f 610 611 39
f 39 41 610
f 2 1116 1469
f 1469 1166 6
f 1390 1116 1395
f 1473 1158 1160
f 1160 1472 1473
f 1474 1158 1473
f 1473 1350 1474
f 542 563 541
f 543 563 542
f 544 543 572
f 537 3 557
f 537 608 3
f 557 538 537
f 884 882 914
f 914 915 884
f 825 804 803
f 803 802 825
f 782 781 803
f 803 781 802
f 826 804 825
f 837 836 826
f 782 803 783
f 783 803 804
f 162 163 161
f 662 162 157
f 662 787 162
f 157 664 662
f 662 664 787
f 199 196 205
f 205 204 199
f 227 226 218
f 218 226 211
f 218 211 212
f 218 219 227
f 212 219 218
f 155 193 153
f 153 154 155
f 203 211 197
f 197 155 194
f 193 155 197
f 167 166 136
f 136 652 167
f 652 653 167
f 137 135 136
f 136 166 137
f 233 140 139
f 234 140 233
f 142 655 657
f 267 140 255
f 166 140 267
f 282 137 267
f 267 137 166
f 318 317 297
f 317 300 297
f 297 298 282
f 297 300 299
f 299 298 297
f 823 802 801
f 823 824 802
f 801 822 823
f 823 822 841
f 824 823 839
f 139 653 654
f 654 233 139
f 655 233 654
f 777 653 652
f 652 714 775
f 868 907 870
f 868 866 907
f 818 845 819
f 795 817 818
f 845 818 846
f 846 818 817
f 870 909 872
f 871 873 845
f 870 872 871
f 876 912 878
f 911 912 876
f 819 845 844
f 845 873 844
f 878 879 877
f 877 876 878
f 841 822 842
f 842 879 841
f 842 877 879
f 821 842 822
f 813 791 812
f 813 814 791
f 849 814 813
f 852 851 812
f 684 690 682
f 686 689 684
f 684 689 690
f 97 100 671
f 671 691 97
f 671 100 705
f 705 697 671
f 697 691 671
f 922 923 87
f 923 898 87
f 87 85 922
f 87 86 84
f 84 59 87
f 59 85 87
f 721 926 925
f 925 924 721
f 1169 1167 1170
f 1169 1158 1474
f 1349 1333 1476
f 1126 1172 1476
f 1172 1167 1476
f 1476 1332 1126
f 1333 1332 1476
f 1666 1933 1907
f 1665 1933 1666
f 1170 1665 1666
f 1177 1664 1665
f 1177 1167 1172
f 113 1767 98
f 113 1772 1767
f 98 97 113
f 97 111 113
f 1668 1165 1774
f 110 109 1668
f 1668 1772 110
f 1774 1773 1668
f 1773 1772 1668
f 7 5 8
f 6 1166 8
f 8 5 6
f 9 109 669
f 9 186 7
f 669 689 643
f 7 186 558
f 557 5 558
f 558 5 7
f 558 538 557
f 1161 1163 1162
f 1161 1162 1160
f 1160 1159 1161
f 16 12 15
f 12 14 15
f 1117 1454 1446
f 1394 1395 1446
f 1446 1454 1447
f 1447 1394 1446
f 1389 1388 1371
f 1389 1394 1388
f 1389 1395 1394
f 1390 1395 1389
f 2034 2032 534
f 583 551 550
f 550 551 393
f 549 583 550
f 550 393 549
f 398 382 399
f 398 397 382
f 399 415 398
f 415 397 398
f 285 270 286
f 285 284 269
f 272 260 288
f 272 287 259
f 288 376 272
f 376 287 272
f 249 238 227
f 249 272 259
f 260 272 249
f 222 223 231
f 231 242 222
f 231 243 242
f 244 243 232
f 232 231 223
f 243 231 232
f 273 392 288
f 273 289 392
f 288 260 273
f 261 274 273
f 274 289 273
f 433 452 451
f 451 432 433
f 434 452 433
f 433 415 434
f 414 415 433
f 433 432 414
f 221 222 230
f 221 215 222
f 229 214 221
f 206 215 221
f 221 214 206
f 230 241 221
f 221 241 229
f 213 205 220
f 205 214 220
f 220 214 229
f 220 229 228
f 220 219 213
f 228 219 220
f 850 861 849
f 849 813 850
f 812 851 850
f 850 813 812
f 866 868 865
f 865 868 867
f 864 905 866
f 901 926 902
f 902 926 927
f 729 930 929
f 901 902 858
f 1835 1852 1601
f 1603 1854 1835
f 1853 1852 1835
f 1835 1854 1853
f 1835 1602 1603
f 1835 1601 1602
f 2215 1035 2134
f 2225 2226 1094
f 2151 1095 2227
f 2219 1092 2129
f 2219 2220 1092
f 990 964 989
f 964 963 989
f 989 963 988
f 1014 990 989
f 989 1013 1014
f 988 1013 989
f 1644 1627 1643
f 1643 1645 1644
f 1143 1144 1145
f 1143 1151 1144
f 1145 1149 1143
f 1149 1151 1143
f 1110 1509 1510
f 1510 1506 1110
f 1110 1506 1505
f 1511 1515 1527
f 1527 1515 1526
f 1526 1581 1527
f 1527 1581 1582
f 1280 1279 1328
f 1328 1235 1280
f 1576 1185 1182
f 1182 1575 1576
f 1576 1577 1185
f 1571 1575 1234
f 1311 1241 1240
f 1240 1241 1224
f 1311 1240 1323
f 1323 1240 1239
f 1319 1322 1321
f 1318 1317 1315
f 1526 1525 1580
f 1580 1581 1526
f 1580 1546 1581
f 1525 1529 1580
f 1188 1186 1578
f 1578 1186 1577
f 1577 1548 1578
f 1578 1548 1546
f 1225 1227 1228
f 1228 1227 1229
f 1229 1230 1228
f 1228 1230 1239
f 2165 2232 1752
f 1435 1385 1398
f 1397 1435 1398
f 1398 1396 1397
f 1398 1456 1396
f 1459 1460 1452
f 1453 1346 1452
f 1452 1460 1453
f 1304 1301 1302
f 1307 1309 1325
f 1317 1319 1325
f 1301 1304 1303
f 1306 1305 1303
f 1303 1304 1306
f 1133 1253 1132
f 1295 1461 1294
f 1294 1272 1295
f 31 30 33
f 33 613 31
f 1431 30 28
f 28 1430 1431
f 30 31 28
f 28 31 29
f 28 26 1430
f 29 26 28
f 581 580 616
f 580 615 616
f 29 31 616
f 616 615 27
f 27 29 616
f 616 31 613
f 616 582 581
f 616 613 582
f 2094 2095 125
f 1409 19 56
f 18 57 56
f 56 21 18
f 56 19 21
f 56 57 1410
f 1410 1409 56
f 2053 1466 2071
f 1426 1285 2068
f 2068 1285 2061
f 2112 1354 2060
f 2059 1341 2080
f 1338 1341 1337
f 1292 1466 1290
f 1290 1291 1292
f 1290 1466 1268
f 1268 1265 1290
f 1265 1271 1290
f 1411 20 1119
f 20 19 1119
f 1119 19 1409
f 1409 1407 1119
f 1403 1401 1417
f 1404 1402 1403
f 1402 1401 1403
f 1418 1355 1359
f 1359 1416 1418
f 1414 1373 1379
f 1414 1416 1373
f 1417 1416 1414
f 1253 1254 1255
f 1255 1132 1253
f 1246 1135 1134
f 1134 1217 1248
f 1248 1246 1134
f 1216 1217 1134
f 1134 1135 1216
f 1263 1266 1251
f 1251 1266 1249
f 1248 1217 1250
f 1217 1261 1250
f 1261 1251 1250
f 1250 1251 1249
f 1249 1247 1250
f 1247 1248 1250
f 1243 1218 1220
f 1130 1129 1283
f 1130 1271 1267
f 1507 1585 1508
f 1508 1585 1554
f 1508 1501 1507
f 1508 1554 1501
f 1584 1585 1528
f 1528 1583 1584
f 1106 1563 1562
f 1559 1550 1558
f 1557 1535 1558
f 1558 1537 1559
f 1558 1535 1537
f 1559 1553 1551
f 1551 1550 1559
f 1518 1522 1523
f 1484 1205 1208
f 1483 1205 1484
f 1776 1775 1760
f 1760 1762 1776
f 1762 1761 1776
f 1796 1797 1798
f 1797 1830 1820
f 1820 1798 1797
f 1799 1798 1820
f 1829 1799 1820
f 1843 1829 1820
f 1820 1830 1843
f 2235 2159 1606
f 1606 2174 2235
f 2173 1832 2176
f 2236 2175 1597
f 2236 1597 2178
f 1921 1948 1922
f 1922 1904 1903
f 1903 1921 1922
f 1923 1904 1922
f 1922 1949 1923
f 1922 1948 1949
f 1899 1898 1905
f 1899 1863 1864
f 1864 1898 1899
f 2182 2179 1863
f 2237 1596 2180
f 1747 1739 1746
f 1698 2187 1680
f 1697 1979 1698
f 2240 2187 1698
f 1698 1979 2240
f 1698 1681 1697
f 1680 1681 1698
f 1978 1979 1697
f 1697 1696 1978
f 1696 1977 1978
f 1709 1721 1720
f 1686 1971 1687
f 1687 1688 1686
f 1689 1688 1687
f 1687 1973 1689
f 1717 1623 1625
f 1619 1617 1618
f 1618 1617 1974
f 1726 1729 1724
f 1724 1725 1726
f 1724 1713 1723
f 1723 1725 1724
f 1748 1747 1727
f 1614 1723 1615
f 1615 1616 1614
f 1615 1706 1616
f 1625 1990 1718
f 1656 1661 1655
f 1238 1184 1655
f 1655 1181 1238
f 1655 1661 1181
f 1655 1654 1656
f 1183 1654 1655
f 1655 1184 1183
f 1567 1542 1569
f 1569 1568 1567
f 1547 1549 1569
f 1569 1542 1547
f 1227 1568 1570
f 1570 1569 1549
f 1568 1569 1570
f 1275 1298 1297
f 1297 1298 1306
f 1306 1304 1297
f 1243 1220 1242
f 1311 1309 1312
f 1312 1241 1311
f 1312 1242 1241
f 1348 1366 1365
f 1366 1370 1365
f 1365 1334 1348
f 1365 1364 1334
f 1391 1450 1352
f 1352 1351 1391
f 1347 1120 1352
f 1120 1351 1352
f 1386 1120 1368
f 1368 1387 1386
f 1921 1920 1946
f 1946 1947 1921
f 2009 1947 1946
f 1946 1920 1919
f 1893 1889 1892
f 1892 1874 1893
f 1873 1874 1892
f 1892 1891 1873
f 1860 1861 1871
f 1871 1870 1860
f 1865 1867 1866
f 1866 1896 1865
f 1866 1867 1870
f 1888 1896 1866
f 1870 1871 1866
f 1866 1871 1888
f 1865 1896 1897
f 1897 1898 1865
f 1903 1904 1897
f 1904 1898 1897
f 1901 1920 1902
f 1895 1901 1902
f 1902 1896 1895
f 1902 1897 1896
f 1902 1920 1903
f 1903 1897 1902
f 2009 1950 2008
f 2008 1947 2009
f 2008 1950 1670
f 1948 1947 2008
f 1670 1676 2008
f 1676 1948 2008
f 2011 2010 1944
f 2011 1953 1952
f 2011 2012 1953
f 2011 1944 2012
f 1944 2010 1945
f 1919 1918 1945
f 1945 1918 1944
f 1945 1946 1919
f 1945 2010 2009
f 2009 1946 1945
f 1952 1685 1951
f 1951 1685 1671
f 1951 2011 1952
f 2010 2011 1951
f 1671 1950 1951
f 1950 2010 1951
f 1879 1878 1910
f 1880 1787 1879
f 1879 1910 1911
f 1911 1880 1879
f 1785 1786 1784
f 1784 1878 1785
f 1785 1787 1786
f 1785 1879 1787
f 1878 1879 1785
f 1764 94 96
f 96 107 1764
f 104 1766 106
f 104 103 1766
f 106 105 104
f 92 90 88
f 88 90 91
f 2014 1959 1957
f 2013 2014 1957
f 1955 2013 1957
f 1957 1956 1955
f 308 313 310
f 306 313 308
f 310 307 308
f 308 307 306
f 306 315 314
f 314 313 306
f 314 315 326
f 326 313 314
f 338 337 335
f 335 336 338
f 335 358 357
f 337 358 335
f 357 356 335
f 356 333 335
f 334 333 332
f 334 332 318
f 336 335 334
f 334 335 333
f 170 171 134
f 170 169 174
f 134 169 170
f 299 300 302
f 302 301 299
f 302 300 316
f 303 301 302
f 316 315 302
f 259 271 258
f 286 270 258
f 258 271 286
f 311 605 346
f 346 605 540
f 346 345 311
f 346 540 345
f 176 173 172
f 172 342 178
f 178 176 172
f 344 343 311
f 311 345 344
f 343 344 184
f 184 344 183
f 769 707 768
f 789 769 768
f 590 573 575
f 590 556 573
f 575 312 590
f 49 568 567
f 567 47 49
f 569 587 567
f 567 568 569
f 377 552 362
f 362 363 377
f 349 350 364
f 364 363 349
f 363 362 349
f 349 362 348
f 586 567 587
f 585 610 586
f 43 610 41
f 43 42 45
f 41 42 43
f 6 3 4
f 4 1469 6
f 4 3 2
f 2 1469 4
f 1166 1469 1470
f 1470 1116 1390
f 1470 1469 1116
f 1118 1395 1116
f 1117 1446 1118
f 1118 1446 1395
f 16 15 1118
f 17 16 1118
f 1118 1116 17
f 1118 14 1117
f 1118 15 14
f 1350 1473 1367
f 1371 1366 1367
f 1367 1366 1350
f 1367 1473 1472
f 511 541 510
f 511 542 541
f 510 120 511
f 543 542 511
f 608 537 539
f 539 538 540
f 539 537 538
f 886 915 916
f 886 884 915
f 916 917 886
f 886 917 888
f 888 887 886
f 887 885 886
f 804 826 805
f 805 783 804
f 160 161 159
f 159 164 160
f 162 161 160
f 160 158 162
f 195 199 204
f 190 196 195
f 196 199 195
f 142 657 144
f 255 140 245
f 245 140 234
f 156 155 154
f 156 664 157
f 156 154 664
f 157 158 156
f 158 155 156
f 193 197 152
f 658 656 782
f 139 140 138
f 138 140 166
f 138 653 139
f 282 298 281
f 281 137 282
f 299 133 281
f 281 298 299
f 281 133 280
f 280 135 281
f 135 137 281
f 234 233 141
f 141 655 142
f 141 233 655
f 780 781 656
f 656 657 780
f 801 781 780
f 780 657 655
f 320 284 338
f 338 336 320
f 283 284 320
f 269 284 256
f 825 824 838
f 824 839 838
f 838 826 825
f 837 826 838
f 838 887 837
f 838 885 887
f 881 879 882
f 800 822 801
f 800 821 822
f 797 775 796
f 795 818 796
f 819 797 796
f 796 818 819
f 776 777 652
f 652 775 776
f 797 777 776
f 776 775 797
f 847 865 867
f 847 846 817
f 845 846 869
f 869 871 845
f 869 847 867
f 846 847 869
f 870 871 869
f 869 868 870
f 867 868 869
f 873 871 874
f 874 871 872
f 874 909 910
f 874 872 909
f 910 911 874
f 911 876 874
f 819 844 843
f 843 844 873
f 820 797 819
f 819 843 820
f 842 821 820
f 820 843 842
f 772 771 792
f 791 814 792
f 814 815 792
f 709 708 769
f 709 129 708
f 709 646 129
f 794 817 795
f 789 788 810
f 682 681 683
f 683 684 682
f 686 684 683
f 853 854 642
f 898 854 853
f 897 91 86
f 86 87 897
f 897 88 91
f 897 87 898
f 898 853 897
f 900 926 901
f 900 925 926
f 924 925 900
f 900 855 854
f 1475 1476 1167
f 1475 1169 1474
f 1167 1169 1475
f 1474 1349 1475
f 1349 1476 1475
f 1170 1666 1171
f 1171 1159 1158
f 1171 1169 1170
f 1158 1169 1171
f 1667 1161 1159
f 1667 1876 1792
f 1170 1167 1168
f 1167 1177 1168
f 1168 1665 1170
f 1168 1177 1665
f 1173 1174 1175
f 1175 1172 1173
f 1174 1663 1175
f 1663 1664 1175
f 112 113 111
f 1772 113 112
f 111 110 112
f 110 1772 112
f 7 8 10
f 10 9 7
f 10 8 1166
f 186 9 670
f 670 9 669
f 669 643 670
f 188 689 686
f 188 643 689
f 341 285 286
f 339 285 341
f 341 286 360
f 360 339 341
f 340 339 338
f 340 285 339
f 338 284 340
f 284 285 340
f 239 249 227
f 227 219 239
f 239 219 228
f 260 249 239
f 849 861 863
f 863 865 849
f 866 865 863
f 863 864 866
f 905 864 904
f 904 930 905
f 904 929 930
f 928 902 927
f 903 902 928
f 928 927 727
f 928 904 903
f 929 904 928
f 928 727 729
f 729 929 928
f 857 858 859
f 859 852 857
f 851 852 859
f 859 850 851
f 861 850 859
f 1627 1645 1642
f 1642 1643 1627
f 1645 1643 1642
f 1505 1504 1111
f 1111 1110 1505
f 1329 1328 1279
f 1329 1277 1330
f 1329 1279 1277
f 1573 1576 1575
f 1575 1571 1573
f 1229 1227 1232
f 1227 1570 1232
f 1226 1240 1224
f 1224 1223 1226
f 1226 1223 1225
f 1225 1228 1226
f 1239 1240 1226
f 1226 1228 1239
f 1324 1309 1311
f 1311 1323 1324
f 1324 1325 1309
f 1324 1323 1315
f 1315 1317 1324
f 1317 1325 1324
f 1229 1232 1233
f 1233 1232 1571
f 1234 1235 1233
f 1233 1571 1234
f 1331 1318 1330
f 1330 1127 1331
f 1331 1127 1126
f 1126 1332 1331
f 1320 1319 1317
f 1317 1318 1320
f 1322 1319 1320
f 1318 1331 1320
f 1320 1332 1322
f 1320 1331 1332
f 1235 1328 1231
f 1231 1233 1235
f 1231 1230 1229
f 1229 1233 1231
f 1579 1190 1188
f 1188 1578 1579
f 1579 1529 1190
f 1579 1578 1546
f 1579 1580 1529
f 1546 1580 1579
f 1629 1640 1641
f 1641 1639 1629
f 1640 1639 1641
f 1638 1627 1644
f 1644 1639 1638
f 1638 1640 1627
f 1638 1639 1640
f 1630 1636 1635
f 1629 1639 1630
f 1644 1636 1630
f 1630 1639 1644
f 1630 1635 1631
f 1631 1629 1630
f 1457 1398 1385
f 1457 1450 1449
f 1449 1456 1457
f 1456 1398 1457
f 1326 1305 1307
f 1307 1325 1326
f 1326 1319 1321
f 1326 1325 1319
f 1464 1465 1283
f 1462 1294 1461
f 1358 1345 1462
f 1462 1461 1358
f 2061 1285 2055
f 2079 2060 1354
f 1353 2112 2111
f 2057 1337 2110
f 1281 1290 1269
f 1426 1291 1289
f 1291 1290 1289
f 1269 1290 1270
f 1270 1290 1271
f 1271 1130 1270
f 1405 1407 1406
f 1405 1406 1404
f 1404 1403 1405
f 1336 1335 1340
f 1343 1355 1420
f 1355 1418 1420
f 1419 1416 1417
f 1419 1418 1416
f 1417 1401 1419
f 1411 1119 1413
f 1413 1119 1407
f 1407 1405 1413
f 1275 1273 1260
f 1260 1255 1275
f 1129 1132 1260
f 1132 1255 1260
f 1254 1256 1257
f 1257 1255 1254
f 1275 1255 1257
f 1257 1256 1299
f 1257 1298 1275
f 1299 1298 1257
f 1263 1251 1262
f 1262 1251 1261
f 1262 1261 1133
f 1133 1132 1131
f 1131 1132 1129
f 1129 1130 1131
f 1131 1262 1133
f 1263 1262 1131
f 1131 1267 1263
f 1131 1130 1267
f 1510 1511 1512
f 1512 1528 1585
f 1507 1510 1512
f 1512 1585 1507
f 1583 1528 1513
f 1511 1527 1513
f 1513 1512 1511
f 1528 1512 1513
f 1582 1583 1513
f 1513 1527 1582
f 1107 1544 1563
f 1563 1106 1107
f 1107 1106 1550
f 1550 1551 1107
f 1562 1219 1561
f 1561 1106 1562
f 1552 1585 1584
f 1552 1551 1553
f 1553 1554 1552
f 1554 1585 1552
f 1112 1518 1519
f 1517 1509 1519
f 1519 1111 1112
f 1509 1110 1519
f 1110 1111 1519
f 1520 1521 1522
f 1522 1518 1520
f 1520 1208 1521
f 1520 1518 1112
f 1520 1484 1208
f 1112 1484 1520
f 1516 1518 1523
f 1523 1524 1516
f 1524 1514 1516
f 1514 1517 1516
f 1517 1519 1516
f 1516 1519 1518
f 1775 1776 1781
f 1800 1775 1781
f 1781 1799 1800
f 1781 1798 1799
f 2181 1899 2238
f 1750 1729 1730
f 1750 1749 1729
f 1748 1749 1735
f 1735 1734 1736
f 1743 1979 1745
f 1979 1978 1745
f 1620 1743 1745
f 1745 1977 1620
f 1745 1978 1977
f 1710 1649 1708
f 1708 1709 1710
f 1650 1649 1710
f 1675 1971 1672
f 1623 1717 1675
f 1672 1673 1675
f 1675 1673 1623
f 1973 1687 1972
f 1972 1687 1971
f 1971 1675 1972
f 1972 1675 1717
f 1715 1721 1714
f 1720 1721 1715
f 1715 1716 1720
f 1619 1618 1702
f 1705 1746 1619
f 1705 1747 1746
f 1705 1727 1747
f 1713 1724 1728
f 1728 1727 1713
f 1728 1724 1729
f 1748 1727 1728
f 1728 1749 1748
f 1729 1749 1728
f 1722 1615 1723
f 1714 1721 1722
f 1722 1713 1714
f 1723 1713 1722
f 1721 1709 1707
f 1707 1722 1721
f 1615 1722 1707
f 1706 1615 1707
f 1708 1706 1707
f 1707 1709 1708
f 1712 1718 1990
f 1712 1990 1989
f 1699 1717 1625
f 1625 1718 1699
f 1973 1972 1699
f 1699 1972 1717
f 1295 1272 1296
f 1296 1297 1304
f 1302 1295 1296
f 1296 1304 1302
f 1275 1297 1274
f 1274 1273 1275
f 1274 1272 1273
f 1274 1296 1272
f 1297 1296 1274
f 1222 1242 1220
f 1222 1219 1221
f 1222 1220 1219
f 1222 1221 1224
f 1224 1241 1222
f 1241 1242 1222
f 1310 1312 1309
f 1310 1307 1308
f 1310 1309 1307
f 1308 1299 1310
f 1242 1312 1300
f 1299 1256 1300
f 1300 1310 1299
f 1312 1310 1300
f 1300 1256 1243
f 1243 1242 1300
f 1369 1370 1387
f 1369 1365 1370
f 1364 1365 1369
f 1387 1368 1369
f 1369 1122 1364
f 1369 1368 1122
f 1347 1352 1451
f 1451 1346 1347
f 1451 1452 1346
f 1451 1352 1450
f 1861 1891 1872
f 1891 1892 1872
f 1872 1892 1889
f 1872 1871 1861
f 1889 1888 1872
f 1888 1871 1872
f 641 853 642
f 92 853 641
f 696 697 705
f 704 697 696
f 107 96 675
f 1967 1956 1958
f 1956 1957 1958
f 1958 1957 1959
f 1931 1967 1958
f 1958 1960 1931
f 1958 1959 1960
f 132 650 280
f 171 650 132
f 280 133 132
f 132 133 171
f 713 775 714
f 713 714 280
f 280 650 713
f 171 170 651
f 651 650 171
f 651 713 650
f 712 713 651
f 649 170 174
f 649 651 170
f 712 651 649
f 304 306 303
f 303 302 304
f 304 315 306
f 304 302 315
f 259 258 248
f 238 249 248
f 248 249 259
f 247 258 270
f 648 173 175
f 173 176 175
f 129 646 130
f 646 178 130
f 130 342 129
f 130 178 342
f 343 184 131
f 131 184 185
f 131 129 343
f 131 185 129
f 644 707 185
f 185 184 644
f 706 707 644
f 644 645 706
f 644 184 183
f 183 645 644
f 322 312 324
f 322 590 312
f 556 590 322
f 322 126 556
f 322 324 323
f 571 572 573
f 571 569 570
f 570 544 571
f 544 572 571
f 553 362 552
f 348 362 553
f 552 585 553
f 585 586 553
f 567 586 609
f 45 47 609
f 47 567 609
f 609 43 45
f 609 586 610
f 610 43 609
f 1166 1470 1164
f 1165 1166 1164
f 1164 1163 1165
f 1162 1163 1164
f 1471 1472 1162
f 1162 1164 1471
f 1471 1164 1470
f 1471 1470 1390
f 1372 1389 1371
f 1371 1367 1372
f 1390 1389 1372
f 1372 1367 1472
f 1372 1471 1390
f 1472 1471 1372
f 574 511 120
f 575 573 574
f 574 120 575
f 573 572 574
f 541 608 607
f 608 539 607
f 607 606 541
f 540 606 607
f 607 539 540
f 827 826 836
f 827 805 826
f 829 807 806
f 806 807 786
f 783 805 784
f 189 195 194
f 194 155 189
f 189 155 158
f 189 160 164
f 158 160 189
f 189 164 190
f 190 195 189
f 194 195 198
f 198 195 204
f 203 197 198
f 198 197 194
f 198 212 203
f 198 204 212
f 193 152 151
f 211 226 217
f 202 197 211
f 202 152 197
f 211 217 202
f 202 217 210
f 152 202 149
f 149 202 210
f 166 167 168
f 168 138 166
f 168 167 653
f 653 138 168
f 283 320 296
f 296 297 282
f 282 267 296
f 296 267 283
f 268 267 255
f 283 267 268
f 255 245 268
f 245 256 268
f 268 284 283
f 268 256 284
f 882 884 883
f 883 881 882
f 883 886 885
f 884 886 883
f 885 838 883
f 883 838 839
f 841 879 840
f 879 881 840
f 840 823 841
f 840 839 823
f 840 883 839
f 881 883 840
f 655 654 778
f 778 654 653
f 653 777 778
f 849 865 848
f 865 847 848
f 848 814 849
f 848 815 814
f 877 842 875
f 842 843 875
f 875 843 873
f 876 877 875
f 873 874 875
f 875 874 876
f 798 777 797
f 797 820 798
f 770 709 769
f 769 791 770
f 791 792 770
f 770 792 771
f 174 173 711
f 711 649 174
f 712 649 711
f 711 771 772
f 817 794 816
f 816 847 817
f 815 848 816
f 816 848 847
f 772 792 793
f 793 792 815
f 815 816 793
f 793 816 794
f 811 852 812
f 811 810 852
f 811 812 789
f 789 810 811
f 680 692 698
f 698 703 680
f 681 692 680
f 788 681 680
f 680 810 788
f 857 852 701
f 701 858 857
f 694 693 702
f 702 703 694
f 767 681 788
f 767 683 681
f 767 788 789
f 789 768 767
f 767 707 706
f 767 768 707
f 686 683 685
f 685 767 706
f 683 767 685
f 88 897 639
f 639 897 853
f 92 88 639
f 639 853 92
f 899 854 898
f 899 900 854
f 898 924 899
f 924 900 899
f 1876 1667 1906
f 1907 1876 1906
f 1906 1666 1907
f 1906 1171 1666
f 1159 1171 1906
f 1906 1667 1159
f 1793 1791 1774
f 1774 1163 1793
f 1792 1791 1793
f 1793 1667 1792
f 1163 1161 1793
f 1161 1667 1793
f 1176 1177 1172
f 1172 1175 1176
f 1664 1177 1176
f 1176 1175 1664
f 1157 1166 1165
f 1157 10 1166
f 1165 1668 1157
f 1157 1668 109
f 186 670 187
f 187 670 643
f 643 188 187
f 186 187 560
f 560 187 188
f 250 228 240
f 250 239 228
f 240 251 250
f 250 251 261
f 260 239 250
f 261 273 250
f 250 273 260
f 862 904 864
f 862 863 861
f 864 863 862
f 861 859 862
f 1483 1484 1485
f 1485 1111 1504
f 1485 1484 1112
f 1112 1111 1485
f 1485 1503 1483
f 1504 1503 1485
f 1574 1548 1577
f 1577 1576 1574
f 1576 1573 1574
f 1574 1549 1547
f 1547 1548 1574
f 1315 1323 1313
f 1313 1323 1239
f 1239 1230 1313
f 1328 1329 1314
f 1314 1231 1328
f 1230 1231 1314
f 1314 1313 1230
f 1321 1122 1327
f 1327 1326 1321
f 1327 1303 1305
f 1305 1326 1327
f 1294 1462 1463
f 1336 2058 2056
f 1290 1281 1288
f 1287 1289 1288
f 1288 1289 1290
f 1282 1281 1269
f 1269 1270 1282
f 1282 1270 1130
f 1283 1465 1282
f 1282 1130 1283
f 1426 1289 1427
f 1335 1285 1427
f 1427 1285 1426
f 1427 1289 1287
f 1415 1403 1417
f 1415 1405 1403
f 1415 1413 1405
f 1417 1414 1415
f 1399 1340 1428
f 1428 1287 1425
f 1425 1399 1428
f 1428 1427 1287
f 1428 1340 1335
f 1335 1427 1428
f 1336 1340 1339
f 1339 1337 1336
f 1338 1337 1339
f 1339 1399 1338
f 1339 1340 1399
f 1343 1420 1422
f 1425 1424 1422
f 1400 1419 1401
f 1400 1401 1342
f 1400 1342 1338
f 1338 1399 1400
f 1423 1399 1425
f 1425 1422 1423
f 1423 1422 1420
f 1411 1413 1412
f 1412 1429 1411
f 1412 1415 1414
f 1413 1415 1412
f 1379 1429 1412
f 1412 1414 1379
f 1284 1260 1273
f 1284 1464 1283
f 1283 1129 1284
f 1129 1260 1284
f 1108 1584 1109
f 1109 1544 1108
f 1544 1107 1108
f 1108 1107 1551
f 1108 1552 1584
f 1551 1552 1108
f 1560 1561 1219
f 1560 1220 1218
f 1219 1220 1560
f 1550 1106 1105
f 1106 1561 1105
f 1557 1558 1105
f 1105 1558 1550
f 1782 1781 1776
f 1777 1796 1782
f 1796 1798 1782
f 1798 1781 1782
f 1782 1761 1777
f 1782 1776 1761
f 1751 1750 1730
f 1751 1640 1631
f 1730 1640 1751
f 1631 1637 1751
f 1749 1750 1733
f 1733 1735 1749
f 1732 1734 1733
f 1734 1735 1733
f 1736 1738 1737
f 1737 1735 1736
f 1738 1739 1737
f 1748 1735 1737
f 1739 1747 1737
f 1737 1747 1748
f 1650 1710 1988
f 1989 1651 1988
f 1651 1650 1988
f 1988 1712 1989
f 1716 1715 1703
f 1703 1702 1716
f 1619 1702 1703
f 1703 1705 1619
f 1711 1710 1709
f 1711 1709 1720
f 1711 1988 1710
f 1712 1988 1711
f 1716 1702 1700
f 1700 1699 1718
f 1458 1451 1450
f 1458 1457 1385
f 1450 1457 1458
f 1458 1385 1459
f 1459 1452 1458
f 1452 1451 1458
f 642 693 678
f 678 693 694
f 102 696 705
f 105 696 102
f 705 103 102
f 103 104 102
f 102 104 105
f 106 107 676
f 107 675 676
f 676 105 106
f 676 696 105
f 95 96 94
f 95 675 96
f 775 713 774
f 774 794 795
f 795 796 774
f 774 796 775
f 257 247 270
f 257 285 269
f 270 285 257
f 648 175 710
f 710 173 648
f 710 711 173
f 771 711 710
f 710 770 771
f 709 770 710
f 646 709 177
f 177 178 646
f 709 710 177
f 177 710 175
f 176 178 177
f 177 175 176
f 350 349 321
f 349 127 321
f 323 350 321
f 321 127 126
f 321 322 323
f 126 322 321
f 128 349 348
f 128 127 349
f 348 553 128
f 512 574 572
f 511 574 512
f 512 572 543
f 543 511 512
f 805 827 828
f 828 806 805
f 828 836 835
f 828 827 836
f 829 806 828
f 828 834 829
f 828 835 834
f 785 806 786
f 805 806 785
f 785 784 805
f 786 664 785
f 145 146 144
f 145 657 656
f 145 144 657
f 143 245 234
f 235 245 143
f 143 224 235
f 146 224 143
f 143 141 142
f 234 141 143
f 142 144 143
f 144 146 143
f 153 193 192
f 193 151 192
f 782 783 660
f 660 658 782
f 237 217 226
f 237 226 238
f 238 248 237
f 237 248 258
f 258 247 237
f 150 151 152
f 152 149 150
f 150 660 151
f 318 297 319
f 297 296 319
f 319 296 320
f 319 320 336
f 319 334 318
f 336 334 319
f 779 780 655
f 655 778 779
f 779 778 800
f 801 780 779
f 779 800 801
f 799 820 821
f 799 798 820
f 821 800 799
f 800 778 799
f 799 778 777
f 777 798 799
f 700 701 852
f 693 701 700
f 700 702 693
f 852 810 700
f 858 701 856
f 901 858 856
f 856 900 901
f 855 900 856
f 642 854 679
f 854 855 679
f 679 693 642
f 679 701 693
f 855 856 679
f 679 856 701
f 9 10 1156
f 10 1157 1156
f 1156 1157 109
f 559 558 186
f 186 560 559
f 347 538 559
f 538 558 559
f 860 902 903
f 860 858 902
f 903 904 860
f 904 862 860
f 860 859 858
f 860 862 859
f 1549 1574 1572
f 1572 1574 1573
f 1572 1570 1549
f 1572 1232 1570
f 1572 1573 1571
f 1571 1232 1572
f 1316 1314 1329
f 1330 1318 1316
f 1316 1329 1330
f 1316 1318 1315
f 1315 1313 1316
f 1313 1314 1316
f 1121 1327 1122
f 1121 1368 1120
f 1122 1368 1121
f 1120 1301 1121
f 1301 1303 1121
f 1303 1327 1121
f 1272 1294 1293
f 1294 1463 1293
f 1273 1272 1293
f 1293 1463 1464
f 1293 1284 1273
f 1464 1284 1293
f 1123 1463 1462
f 1123 1345 1344
f 1123 1462 1345
f 1286 1282 1465
f 1286 1424 1425
f 1286 1465 1424
f 1425 1287 1286
f 1287 1288 1286
f 1286 1288 1281
f 1281 1282 1286
f 1419 1400 1421
f 1421 1423 1420
f 1421 1400 1399
f 1399 1423 1421
f 1421 1420 1418
f 1418 1419 1421
f 1218 1215 1213
f 1213 1560 1218
f 1213 1215 1214
f 1561 1560 1213
f 1731 1751 1637
f 1732 1733 1731
f 1750 1751 1731
f 1731 1733 1750
f 1731 1634 1732
f 1731 1637 1634
f 1704 1715 1714
f 1704 1703 1715
f 1714 1713 1704
f 1713 1727 1704
f 1727 1705 1704
f 1705 1703 1704
f 1719 1711 1720
f 1719 1700 1718
f 1718 1712 1719
f 1712 1711 1719
f 1720 1716 1719
f 1716 1700 1719
f 1701 1700 1702
f 1974 1973 1701
f 1973 1699 1701
f 1699 1700 1701
f 1701 1618 1974
f 1701 1702 1618
f 677 678 694
f 694 703 677
f 704 696 695
f 696 676 695
f 695 677 703
f 695 676 675
f 675 677 695
f 698 704 695
f 695 703 698
f 94 93 673
f 673 95 94
f 675 95 673
f 773 711 772
f 712 711 773
f 794 774 773
f 773 713 712
f 773 774 713
f 772 793 773
f 773 793 794
f 554 128 553
f 554 586 587
f 554 553 586
f 573 556 589
f 589 571 573
f 656 658 208
f 208 145 656
f 208 658 147
f 210 217 216
f 216 149 210
f 216 224 146
f 235 224 246
f 246 245 235
f 246 256 245
f 269 256 246
f 246 257 269
f 659 192 151
f 151 660 659
f 784 785 659
f 783 784 659
f 659 660 783
f 148 149 147
f 148 150 149
f 147 658 148
f 658 660 148
f 660 150 148
f 702 700 699
f 699 680 703
f 703 702 699
f 810 680 699
f 699 700 810
f 561 560 188
f 686 685 561
f 685 687 561
f 347 559 561
f 561 559 560
f 706 645 182
f 182 685 706
f 182 687 685
f 182 645 183
f 109 9 11
f 11 1156 109
f 9 1156 11
f 1124 1344 1343
f 1124 1123 1344
f 1343 1422 1124
f 1124 1422 1424
f 1104 1105 1561
f 1561 1213 1104
f 1104 1213 1214
f 1104 1214 1556
f 1556 1557 1104
f 1557 1105 1104
f 674 673 93
f 674 93 92
f 92 641 674
f 678 677 640
f 640 674 641
f 673 674 640
f 640 677 675
f 675 673 640
f 640 641 642
f 642 678 640
f 588 587 569
f 588 554 587
f 569 571 588
f 128 554 588
f 224 216 236
f 236 237 247
f 236 246 224
f 247 257 236
f 257 246 236
f 209 216 146
f 146 145 209
f 145 208 209
f 149 216 209
f 147 149 209
f 209 208 147
f 661 659 785
f 192 659 661
f 153 192 661
f 661 154 153
f 664 154 661
f 661 785 664
f 688 188 686
f 686 561 688
f 688 561 188
f 181 182 183
f 181 344 345
f 183 344 181
f 1463 1123 1125
f 1123 1124 1125
f 1464 1463 1125
f 1125 1124 1424
f 1424 1465 1125
f 1465 1464 1125
f 571 589 555
f 555 588 571
f 128 588 555
f 126 127 555
f 127 128 555
f 556 126 555
f 555 589 556
f 217 237 225
f 237 236 225
f 225 216 217
f 225 236 216
f 347 561 179
f 687 182 180
f 182 181 180
f 180 561 687
f 180 179 561
f 347 179 180
f 180 345 347
f 180 181 345
f 2124 2254 2257
f 2124 2205 2254
f 2090 118 2089
f 2089 118 117
f 765 764 2211
f 2211 764 2126
f 2128 766 765
f 765 2127 2128
f 668 766 2158
f 766 2157 2158
f 2257 2254 2255
f 2255 2254 2253
f 2255 2253 2256
f 2255 2252 2257
f 2255 2251 2252
f 2204 2107 119
f 119 2201 2204
f 2107 2089 119
f 119 2089 117
f 2206 2045 2107
f 2206 2107 2204
f 1027 67 2137
f 2137 67 2218
f 2145 2146 1087
f 1087 2146 1086
f 2047 2046 2247
f 2247 2207 2047
f 2046 2045 2247
f 2045 2206 2247
f 2108 2207 2248
f 2047 2207 2108
f 2109 2108 2208
f 2208 2108 2248
f 2048 2109 2208
f 2208 2249 2048
f 592 2042 2043
f 592 637 2042
f 2171 2172 1857
f 1857 2172 1756
f 1086 2147 2222
f 2222 1085 1086
f 1027 2137 2217
f 2217 1029 1027
f 2143 2144 1088
f 2144 1087 1088
f 2085 2049 2209
f 2250 2085 2209
f 2048 2249 2209
f 2209 2049 2048
f 1488 2084 2113
f 2113 1477 1488
f 2024 2021 2023
f 2021 2022 2023
f 1856 2170 2234
f 2234 1857 1856
f 1607 2196 1856
f 2160 2196 1607
f 1039 1037 2212
f 2212 1037 2214
f 2140 2141 1090
f 1090 2141 1089
f 1089 2142 2221
f 2221 1088 1089
f 1096 2229 2152
f 2152 1097 1096
f 2153 1098 1097
f 1097 2230 2153
f 2155 1098 2154
f 2155 1099 1098
f 2155 2156 764
f 764 1099 2155
f 2197 2086 2085
f 2197 2085 2250
f 2024 2023 2197
f 2197 2023 2086
f 1754 2167 2168
f 1755 2167 1754
f 2064 2065 1479
f 1479 2065 1480
f 2245 1742 2195
f 2245 1744 1742
f 2161 2162 1679
f 1679 2162 1678
f 1679 2242 2161
f 1680 2242 1679
f 58 57 2025
f 2025 2026 58
f 532 531 2098
f 531 2099 2098
f 1043 1041 2131
f 1041 2130 2131
f 1092 2131 2129
f 1043 2131 1092
f 1091 2138 2139
f 2139 1090 1091
f 2166 1754 2168
f 1753 1754 2166
f 2190 2191 1752
f 1752 2191 1736
f 2193 2194 1740
f 1740 2194 1742
f 1736 2191 2243
f 2243 1738 1736
f 2093 2025 125
f 125 2025 57
f 2076 1534 2118
f 2076 1498 1534
f 2067 2066 1496
f 1496 1540 2067
f 2074 1247 2073
f 2073 1247 1249
f 1678 2188 2189
f 2189 1626 1678
f 618 2036 530
f 2037 2036 618
f 2215 2213 1035
f 1035 2213 1037
f 2135 2216 1031
f 2216 1033 1031
f 2149 1085 2148
f 2149 1084 1085
f 2149 1093 1084
f 2149 2223 1093
f 2151 2228 1095
f 1095 2228 1096
f 2244 1738 2192
f 2244 1740 1738
f 2116 2077 1540
f 1540 1499 2116
f 2052 2072 1249
f 1249 1266 2052
f 2052 1266 1264
f 1264 2051 2052
f 2050 1268 2053
f 2050 1265 1268
f 2160 1607 2159
f 1607 1606 2159
f 2177 1604 2175
f 2175 1604 1597
f 2186 1924 2185
f 2186 1862 1924
f 2183 1862 2184
f 2183 1905 1862
f 1596 2179 2180
f 1863 2179 1596
f 2163 2239 1979
f 1979 1744 2163
f 534 533 2034
f 533 2033 2034
f 2205 2124 232
f 232 2200 2205
f 2124 2106 232
f 636 635 232
f 668 2200 232
f 223 207 232
f 232 948 667
f 667 666 232
f 974 1000 232
f 232 666 974
f 232 295 279
f 2106 637 232
f 232 809 831
f 831 832 232
f 232 637 636
f 663 809 232
f 232 832 947
f 232 635 295
f 279 266 232
f 947 948 232
f 232 1103 668
f 232 165 159
f 1102 1103 232
f 232 1025 1102
f 159 161 232
f 232 201 191
f 232 1000 1025
f 232 163 663
f 191 165 232
f 232 266 244
f 232 207 201
f 232 161 163
f 2134 1033 2133
f 2134 1035 1033
f 2225 1093 2150
f 2225 1094 1093
f 1094 2226 2227
f 2227 1095 1094
f 1753 2164 2165
f 2165 1752 1753
f 124 2096 2094
f 2094 125 124
f 1292 2070 2071
f 2071 1466 1292
f 2069 1291 2068
f 2068 1291 1426
f 2173 2174 1606
f 1606 1832 2173
f 2182 1899 2181
f 1863 1899 2182
f 2178 1597 2237
f 1597 1596 2237
f 2055 1335 2054
f 2055 1285 1335
f 2079 1404 2122
f 2079 1354 1404
f 2111 1341 1353
f 2111 2080 1341
f 1336 1337 2058
f 2058 1337 2057
f 2110 1341 2059
f 2110 1337 1341
f 2253 2254 2238
f 2254 2205 2238
f 2147 2146 2238
f 2200 2158 2238
f 2205 2200 2238
f 2238 2182 2181
f 2238 2134 2133
f 2238 2203 2253
f 2238 2197 2250
f 2250 2209 2238
f 2202 2203 2238
f 2204 2201 2238
f 2238 2172 2171
f 2238 2137 2218
f 2238 2128 2127
f 2238 2206 2204
f 2248 2207 2238
f 2192 2243 2238
f 2238 2218 2169
f 2169 2233 2238
f 2127 2211 2238
f 2154 2153 2238
f 2229 2228 2238
f 2238 2201 2202
f 2136 2217 2238
f 2238 2152 2229
f 2160 2159 2238
f 2238 2212 2214
f 2238 2211 2126
f 2157 2128 2238
f 2238 2158 2157
f 2238 2144 2143
f 2126 2210 2238
f 2195 2194 2238
f 2207 2247 2238
f 2168 2167 2238
f 2238 2247 2206
f 2185 2231 2238
f 2238 2242 2241
f 2238 2208 2248
f 2238 2245 2195
f 2238 2135 2136
f 2133 2216 2238
f 2188 2162 2238
f 2145 2144 2238
f 2238 2146 2145
f 2238 2222 2147
f 2238 2149 2148
f 2238 2141 2140
f 2238 2155 2154
f 2140 2139 2238
f 2249 2208 2238
f 2238 2173 2176
f 2233 2172 2238
f 2238 2196 2160
f 2238 2210 2156
f 2148 2222 2238
f 2171 2234 2238
f 2238 2236 2178
f 2238 2216 2135
f 2238 2217 2137
f 2214 2213 2238
f 2143 2221 2238
f 2198 2199 2238
f 2238 2167 2198
f 2190 2232 2238
f 2238 2209 2249
f 2238 2191 2190
f 2238 2244 2192
f 2238 2189 2188
f 2163 2246 2238
f 2238 2162 2161
f 2170 2196 2238
f 2238 2234 2170
f 2238 2228 2151
f 2238 2239 2163
f 2132 2212 2238
f 2238 2130 2132
f 2142 2141 2238
f 2129 2131 2238
f 2238 2221 2142
f 2230 2152 2238
f 2238 2153 2230
f 2156 2155 2238
f 2199 2197 2238
f 2238 2194 2193
f 2151 2227 2238
f 2238 2166 2168
f 2176 2177 2238
f 2238 2186 2185
f 2246 2245 2238
f 2161 2242 2238
f 2241 2187 2238
f 2150 2224 2238
f 2238 2213 2215
f 2238 2131 2130
f 2238 2139 2138
f 2164 2166 2238
f 2238 2243 2191
f 2238 2235 2174
f 2231 2189 2238
f 2178 2237 2238
f 2238 2187 2240
f 2240 2239 2238
f 2238 2224 2223
f 2223 2149 2238
f 2238 2225 2150
f 2138 2220 2238
f 2238 2219 2129
f 2193 2244 2238
f 2238 2165 2164
f 2177 2175 2238
f 2184 2186 2238
f 2238 2183 2184
f 2180 2179 2238
f 2215 2134 2238
f 2226 2225 2238
f 2238 2227 2226
f 2220 2219 2238
f 2232 2165 2238
f 2159 2235 2238
f 2174 2173 2238
f 2175 2236 2238
f 2179 2182 2238
f 2238 2237 2180
f 1905 2183 2238
f 2238 1899 1905
f 2056 2046 2047
f 2257 2252 2056
f 2056 2045 2046
f 2056 2041 2040
f 2085 2086 2056
f 2056 2124 2257
f 2056 2036 2037
f 2090 2089 2056
f 2252 2125 2056
f 2107 2045 2056
f 2056 2091 2029
f 2056 2123 2083
f 2043 2042 2056
f 2056 2125 2090
f 2056 2106 2124
f 2029 2028 2056
f 2062 2113 2056
f 2056 2104 2043
f 2056 2089 2107
f 2047 2108 2056
f 2056 2094 2096
f 2069 2068 2056
f 2056 2063 2062
f 2056 2119 2078
f 2056 2042 2106
f 2056 2105 2044
f 2056 2109 2048
f 2056 2049 2085
f 2056 2076 2118
f 2056 2087 2088
f 2056 2039 2038
f 2122 2121 2056
f 2044 2104 2056
f 2037 2103 2056
f 2056 2031 2030
f 2030 2091 2056
f 2056 2108 2109
f 2048 2049 2056
f 2038 2092 2056
f 2066 2067 2056
f 2083 2082 2056
f 2056 2081 2066
f 2074 2073 2056
f 2056 2086 2087
f 2072 2052 2056
f 2056 2025 2093
f 2040 2102 2056
f 2027 2105 2056
f 2056 2028 2027
f 2056 2033 2035
f 2082 2081 2056
f 2084 2123 2056
f 2056 2113 2084
f 2064 2063 2056
f 2088 2065 2056
f 2078 2026 2056
f 2120 2119 2056
f 2056 2121 2120
f 2035 2098 2056
f 2056 2102 2101
f 2101 2100 2056
f 2056 2092 2031
f 2093 2095 2056
f 2115 2114 2056
f 2056 2075 2074
f 2118 2117 2056
f 2056 2065 2064
f 2097 2032 2056
f 2026 2025 2056
f 2056 2103 2041
f 2056 2098 2099
f 2099 2036 2056
f 2100 2039 2056
f 2056 2096 2097
f 2056 2070 2069
f 2056 2111 2112
f 2056 2079 2122
f 2056 2067 2077
f 2056 2117 2075
f 2056 2073 2072
f 2056 2116 2115
f 2056 2050 2053
f 2032 2034 2056
f 2053 2071 2056
f 2056 2055 2054
f 2056 2114 2076
f 2077 2116 2056
f 2056 2052 2051
f 2051 2050 2056
f 2056 2034 2033
f 2095 2094 2056
f 2056 2071 2070
f 2056 2068 2061
f 2112 2060 2056
f 2059 2080 2056
f 2056 2110 2059
f 2061 2055 2056
f 2060 2079 2056
f 2080 2111 2056
f 2056 2058 2057
f 2057 2110 2056
f 2054 1335 2056
f 2056 1335 1336

