# https://github.com/mikedh/trimesh
v -0.00874769 -0.00047875 0.10531145
v -0.00880817 -0.00048008 0.10531877
v -0.00880817 -0.00068085 0.10527585
v -0.00886886 -0.00048075 0.10532245
v -0.00886886 -0.00068175 0.10527948
v -0.00890000 -0.00470723 0.10010877
v -0.00890000 -0.00495929 0.09931941
v -0.00886886 -0.00495882 0.09931927
v -0.00890000 -0.00396260 0.10196962
v -0.00890000 -0.00418434 0.10148025
v -0.00886886 -0.00418389 0.10148005
v -0.00890000 -0.00027072 0.10535420
v -0.00890000 -0.00028019 0.10535309
v -0.00886886 -0.00028014 0.10535260
v -0.00880817 -0.00118379 0.10510793
v -0.00880817 -0.00128384 0.10506349
v -0.00874769 -0.00128071 0.10505674
v -0.00804861 -0.00000000 0.10489914
v -0.00804861 -0.00004790 0.10489668
v -0.00801739 -0.00004466 0.10484234
v -0.00886886 -0.00537093 0.09780749
v -0.00890000 -0.00533557 0.09795128
v -0.00890000 -0.00589695 0.09537500
v -0.00790132 -0.00331309 0.10110486
v -0.00790000 -0.00341505 0.10072585
v -0.00790000 -0.00298260 0.10169853
v -0.00790132 -0.00116073 0.10405897
v -0.00790000 -0.00111876 0.10402447
v -0.00790000 -0.00094266 0.10412248
v -0.00790132 -0.00493112 0.09537500
v -0.00790000 -0.00487884 0.09537500
v -0.00790000 -0.00486523 0.09544531
v -0.00791503 -0.00456831 0.09760911
v -0.00790394 -0.00496921 0.09537500
v -0.00790606 -0.00450728 0.09759402
v -0.00790132 -0.00445044 0.09757997
v -0.00798959 -0.00480223 0.09766693
v -0.00796232 -0.00523270 0.09537500
v -0.00796534 -0.00474577 0.09765297
v -0.00794477 -0.00518011 0.09537500
v -0.00794476 -0.00468781 0.09763864
v -0.00793526 -0.00514688 0.09537500
v -0.00792796 -0.00462858 0.09762400
v -0.00791574 -0.00505881 0.09537500
v -0.00791503 -0.00505476 0.09537500
v -0.00812074 -0.00500900 0.09771804
v -0.00808572 -0.00546990 0.09537500
v -0.00808311 -0.00496055 0.09770606
v -0.00804861 -0.00541295 0.09537500
v -0.00804861 -0.00490982 0.09769352
v -0.00803791 -0.00539484 0.09537500
v -0.00801739 -0.00485698 0.09768046
v -0.00799664 -0.00531557 0.09537500
v -0.00798959 -0.00530011 0.09537500
v -0.00825059 -0.00513883 0.09775013
v -0.00819923 -0.00560521 0.09537500
v -0.00820462 -0.00509826 0.09774010
v -0.00816131 -0.00556517 0.09537500
v -0.00816132 -0.00505498 0.09772940
v -0.00813965 -0.00554019 0.09537500
v -0.00812073 -0.00551695 0.09537500
v -0.00845655 -0.00527073 0.09778272
v -0.00840663 -0.00576445 0.09537500
v -0.00840216 -0.00524255 0.09777576
v -0.00834955 -0.00572888 0.09537500
v -0.00834956 -0.00521110 0.09776799
v -0.00833326 -0.00571770 0.09537500
v -0.00829897 -0.00517649 0.09775943
v -0.00826394 -0.00566451 0.09537500
v -0.00825058 -0.00565310 0.09537500
v -0.00862830 -0.00533488 0.09779859
v -0.00856327 -0.00583751 0.09537500
v -0.00856985 -0.00531696 0.09779415
v -0.00851251 -0.00581743 0.09537500
v -0.00851252 -0.00529556 0.09778886
v -0.00848349 -0.00580446 0.09537500
v -0.00845654 -0.00579140 0.09537500
v -0.00886886 -0.00589645 0.09537500
v -0.00881435 -0.00589321 0.09537500
v -0.00880817 -0.00536730 0.09780660
v -0.00874769 -0.00588507 0.09537500
v -0.00874769 -0.00536007 0.09780481
v -0.00872929 -0.00588201 0.09537500
v -0.00868766 -0.00534926 0.09780214
v -0.00864540 -0.00586341 0.09537500
v -0.00862829 -0.00585866 0.09537500
v -0.00886886 -0.00007617 0.10537082
v -0.00880817 -0.00007595 0.10536709
v -0.00884121 0.00000000 0.10537327
v -0.00881309 0.00000000 0.10537121
v -0.00877785 -0.00000000 0.10536750
v -0.00874769 -0.00007551 0.10535966
v -0.00873097 0.00000000 0.10536060
v -0.00868766 -0.00007484 0.10534854
v -0.00868766 -0.00000000 0.10535218
v -0.00862830 -0.00007396 0.10533375
v -0.00864997 0.00000000 0.10534322
v -0.00859239 0.00000000 0.10532647
v -0.00856985 -0.00007286 0.10531533
v -0.00857078 0.00000000 0.10531921
v -0.00853298 0.00000000 0.10530516
v -0.00851252 -0.00007155 0.10529332
v -0.00849373 0.00000000 0.10528868
v -0.00845655 -0.00007003 0.10526779
v -0.00845655 0.00000000 0.10527122
v -0.00840216 -0.00006830 0.10523881
v -0.00841964 0.00000000 0.10525198
v -0.00834956 -0.00006637 0.10520647
v -0.00834884 0.00000000 0.10520927
v -0.00829897 -0.00006425 0.10517088
v -0.00831328 0.00000000 0.10518464
v -0.00828169 0.00000000 0.10516076
v -0.00825059 -0.00006194 0.10513216
v -0.00825059 0.00000000 0.10513525
v -0.00820462 -0.00005945 0.10509044
v -0.00821867 0.00000000 0.10510676
v -0.00816132 -0.00005680 0.10504594
v -0.00816701 0.00000000 0.10505498
v -0.00813174 0.00000000 0.10501485
v -0.00812074 -0.00005398 0.10499866
v -0.00811334 0.00000000 0.10499207
v -0.00808311 -0.00005101 0.10494885
v -0.00809355 0.00000000 0.10496597
v -0.00806499 0.00000000 0.10492487
v -0.00796534 -0.00003784 0.10472799
v -0.00798556 0.00000000 0.10477921
v -0.00798959 -0.00004130 0.10478605
v -0.00799842 -0.00000000 0.10480714
v -0.00802229 0.00000000 0.10485376
v -0.00794476 -0.00000000 0.10467022
v -0.00795515 0.00000000 0.10470193
v -0.00797353 -0.00000000 0.10475083
v -0.00794476 -0.00003429 0.10466839
v -0.00792796 -0.00003066 0.10460749
v -0.00793133 0.00000000 0.10462265
v -0.00790606 0.00000000 0.10448403
v -0.00790992 0.00000000 0.10451471
v -0.00791503 -0.00002696 0.10454551
v -0.00791410 0.00000000 0.10454154
v -0.00792034 0.00000000 0.10457492
v -0.00790000 0.00000000 0.10437401
v -0.00790362 0.00000000 0.10445910
v -0.00790132 -0.00001973 0.10442431
v -0.00790606 -0.00002322 0.10448276
v -0.00890000 0.00000000 0.10537500
v -0.00890000 -0.00107322 0.10515714
v -0.00890000 -0.00132638 0.10504810
v -0.00886886 -0.00118525 0.10511138
v -0.00886886 -0.00128541 0.10506689
v -0.00886886 -0.00108319 0.10515279
v -0.00890000 -0.00088271 0.10522360
v -0.00886886 -0.00098374 0.10518947
v -0.00880817 -0.00108184 0.10514931
v -0.00874769 -0.00118088 0.10510109
v -0.00868766 -0.00127603 0.10504664
v -0.00868766 -0.00087586 0.10520185
v -0.00868766 -0.00067640 0.10525781
v -0.00874769 -0.00067907 0.10526862
v -0.00868766 -0.00047676 0.10530049
v -0.00874769 -0.00077976 0.10524207
v -0.00890000 -0.00081545 0.10524400
v -0.00886886 -0.00088257 0.10522313
v -0.00880817 -0.00098250 0.10518594
v -0.00874769 -0.00107916 0.10514237
v -0.00868766 -0.00117652 0.10509083
v -0.00862830 -0.00126980 0.10503320
v -0.00862830 -0.00106979 0.10511816
v -0.00862830 -0.00087141 0.10518772
v -0.00862830 -0.00067286 0.10524342
v -0.00862830 -0.00047412 0.10528591
v -0.00880817 -0.00078177 0.10524924
v -0.00874769 -0.00087921 0.10521247
v -0.00868766 -0.00097635 0.10516841
v -0.00862830 -0.00117073 0.10507720
v -0.00868766 -0.00107514 0.10513198
v -0.00874769 -0.00098003 0.10517891
v -0.00880817 -0.00088144 0.10521957
v -0.00886886 -0.00078278 0.10525284
v -0.00890000 -0.00068186 0.10527995
v -0.00856985 -0.00126204 0.10501645
v -0.00890000 -0.00054929 0.10530976
v -0.00890000 -0.00146950 0.10497543
v -0.00890000 -0.00158521 0.10491059
v -0.00886886 -0.00146924 0.10497496
v -0.00886886 -0.00165772 0.10486645
v -0.00880817 -0.00146747 0.10497166
v -0.00880817 -0.00165576 0.10486326
v -0.00874769 -0.00146396 0.10496511
v -0.00874769 -0.00165186 0.10485693
v -0.00868766 -0.00145869 0.10495529
v -0.00868766 -0.00164602 0.10484745
v -0.00862830 -0.00145169 0.10494224
v -0.00862830 -0.00163826 0.10483483
v -0.00856985 -0.00144296 0.10492598
v -0.00856985 -0.00162858 0.10481911
v -0.00851252 -0.00143254 0.10490655
v -0.00851252 -0.00161703 0.10480034
v -0.00845655 -0.00142045 0.10488401
v -0.00845655 -0.00160362 0.10477855
v -0.00840216 -0.00140672 0.10485843
v -0.00840216 -0.00158840 0.10475383
v -0.00834956 -0.00139141 0.10482989
v -0.00834956 -0.00157142 0.10472625
v -0.00829897 -0.00137455 0.10479847
v -0.00829897 -0.00155274 0.10469589
v -0.00825059 -0.00135621 0.10476429
v -0.00825059 -0.00153241 0.10466285
v -0.00820462 -0.00133645 0.10472745
v -0.00820462 -0.00151050 0.10462725
v -0.00816132 -0.00131538 0.10468818
v -0.00816132 -0.00148713 0.10458929
v -0.00812074 -0.00129299 0.10464644
v -0.00812074 -0.00146231 0.10454895
v -0.00808311 -0.00126940 0.10460246
v -0.00808311 -0.00143615 0.10450646
v -0.00804861 -0.00124469 0.10455641
v -0.00804861 -0.00140876 0.10446195
v -0.00801739 -0.00121896 0.10450845
v -0.00801739 -0.00138023 0.10441560
v -0.00798959 -0.00119229 0.10445876
v -0.00798959 -0.00135067 0.10436757
v -0.00796534 -0.00116480 0.10440750
v -0.00796534 -0.00132018 0.10431804
v -0.00794476 -0.00113657 0.10435490
v -0.00794476 -0.00128889 0.10426720
v -0.00792796 -0.00110773 0.10430114
v -0.00792796 -0.00125691 0.10421524
v -0.00791503 -0.00107838 0.10424642
v -0.00791503 -0.00122437 0.10416237
v -0.00790606 -0.00104865 0.10419103
v -0.00790606 -0.00119142 0.10410883
v -0.00790132 -0.00102097 0.10413943
v -0.00890000 -0.00359272 0.10268263
v -0.00886886 -0.00386710 0.10216447
v -0.00880817 -0.00386375 0.10216280
v -0.00880817 -0.00418046 0.10147858
v -0.00874769 -0.00385709 0.10215949
v -0.00874769 -0.00417362 0.10147563
v -0.00868766 -0.00384712 0.10215452
v -0.00868766 -0.00416340 0.10147122
v -0.00862830 -0.00383387 0.10214791
v -0.00862830 -0.00414979 0.10146536
v -0.00856985 -0.00381735 0.10213968
v -0.00856985 -0.00413284 0.10145806
v -0.00851252 -0.00379761 0.10212985
v -0.00851252 -0.00411259 0.10144933
v -0.00845655 -0.00377472 0.10211844
v -0.00845655 -0.00408910 0.10143922
v -0.00840216 -0.00374873 0.10210550
v -0.00840216 -0.00406244 0.10142773
v -0.00834956 -0.00371974 0.10209105
v -0.00834956 -0.00403269 0.10141490
v -0.00829897 -0.00368783 0.10207515
v -0.00829897 -0.00399995 0.10140080
v -0.00825059 -0.00365311 0.10205785
v -0.00825059 -0.00396433 0.10138545
v -0.00820462 -0.00361570 0.10203921
v -0.00820462 -0.00392594 0.10136891
v -0.00816132 -0.00357580 0.10201933
v -0.00816132 -0.00388500 0.10135128
v -0.00812074 -0.00353341 0.10199821
v -0.00812074 -0.00384150 0.10133253
v -0.00808311 -0.00348874 0.10197596
v -0.00808311 -0.00379567 0.10131279
v -0.00804861 -0.00344196 0.10195265
v -0.00804861 -0.00374768 0.10129210
v -0.00801739 -0.00339325 0.10192838
v -0.00801739 -0.00369769 0.10127057
v -0.00798959 -0.00334277 0.10190322
v -0.00798959 -0.00364589 0.10124825
v -0.00796534 -0.00329071 0.10187729
v -0.00796534 -0.00359248 0.10122524
v -0.00794476 -0.00323728 0.10185067
v -0.00794476 -0.00353766 0.10120162
v -0.00792796 -0.00318267 0.10182346
v -0.00792796 -0.00348162 0.10117748
v -0.00791503 -0.00312709 0.10179577
v -0.00791503 -0.00342460 0.10115290
v -0.00790606 -0.00307082 0.10176773
v -0.00790606 -0.00336686 0.10112803
v -0.00790132 -0.00301842 0.10174162
v -0.00880817 -0.00027969 0.10534889
v -0.00874769 -0.00027881 0.10534150
v -0.00868766 -0.00027749 0.10533044
v -0.00862830 -0.00027573 0.10531573
v -0.00856985 -0.00027354 0.10529741
v -0.00851252 -0.00027092 0.10527552
v -0.00845655 -0.00026788 0.10525012
v -0.00840216 -0.00026444 0.10522129
v -0.00834956 -0.00026059 0.10518913
v -0.00829897 -0.00025636 0.10515373
v -0.00825059 -0.00025176 0.10511521
v -0.00820462 -0.00024680 0.10507371
v -0.00816132 -0.00024150 0.10502945
v -0.00812074 -0.00023588 0.10498242
v -0.00808311 -0.00022996 0.10493287
v -0.00804861 -0.00022375 0.10488098
v -0.00801739 -0.00021729 0.10482693
v -0.00798959 -0.00021060 0.10477093
v -0.00796534 -0.00020369 0.10471319
v -0.00794476 -0.00019661 0.10465391
v -0.00792796 -0.00018937 0.10459333
v -0.00791503 -0.00018200 0.10453168
v -0.00790606 -0.00017453 0.10446925
v -0.00790132 -0.00016758 0.10441112
v -0.00790000 -0.00020691 0.10435428
v -0.00856985 -0.00047082 0.10526776
v -0.00856985 -0.00066844 0.10522551
v -0.00851252 -0.00046688 0.10524606
v -0.00851252 -0.00066316 0.10520410
v -0.00845655 -0.00046232 0.10522089
v -0.00845655 -0.00065703 0.10517927
v -0.00840216 -0.00045713 0.10519233
v -0.00840216 -0.00065008 0.10515108
v -0.00834956 -0.00045134 0.10516046
v -0.00834956 -0.00064232 0.10511963
v -0.00829897 -0.00044498 0.10512538
v -0.00829897 -0.00063379 0.10508502
v -0.00825059 -0.00043805 0.10508721
v -0.00825059 -0.00062450 0.10504735
v -0.00820462 -0.00043059 0.10504609
v -0.00820462 -0.00061449 0.10500678
v -0.00816132 -0.00042262 0.10500222
v -0.00816132 -0.00060381 0.10496349
v -0.00812074 -0.00041416 0.10495562
v -0.00812074 -0.00059247 0.10491750
v -0.00808311 -0.00040525 0.10490652
v -0.00808311 -0.00058052 0.10486905
v -0.00804861 -0.00039592 0.10485511
v -0.00804861 -0.00056800 0.10481831
v -0.00801739 -0.00038620 0.10480155
v -0.00801739 -0.00055497 0.10476547
v -0.00798959 -0.00037612 0.10474605
v -0.00798959 -0.00054146 0.10471071
v -0.00796534 -0.00036574 0.10468883
v -0.00796534 -0.00052754 0.10465425
v -0.00794476 -0.00035508 0.10463009
v -0.00794476 -0.00051324 0.10459628
v -0.00792796 -0.00034418 0.10457006
v -0.00792796 -0.00049863 0.10453705
v -0.00791503 -0.00033309 0.10450897
v -0.00791503 -0.00048376 0.10447676
v -0.00790606 -0.00032186 0.10444711
v -0.00790606 -0.00046871 0.10441572
v -0.00790132 -0.00031140 0.10438950
v -0.00790132 -0.00045468 0.10435887
v -0.00856985 -0.00086586 0.10517012
v -0.00851252 -0.00085924 0.10514909
v -0.00845655 -0.00085155 0.10512469
v -0.00840216 -0.00084283 0.10509700
v -0.00834956 -0.00083309 0.10506611
v -0.00829897 -0.00082238 0.10503210
v -0.00825059 -0.00081073 0.10499511
v -0.00820462 -0.00079817 0.10495524
v -0.00816132 -0.00078477 0.10491272
v -0.00812074 -0.00077054 0.10486755
v -0.00808311 -0.00075554 0.10481995
v -0.00804861 -0.00073984 0.10477010
v -0.00801739 -0.00072348 0.10471819
v -0.00798959 -0.00070653 0.10466439
v -0.00796534 -0.00068906 0.10460892
v -0.00794476 -0.00067112 0.10455199
v -0.00792796 -0.00065279 0.10449380
v -0.00791503 -0.00063413 0.10443457
v -0.00790606 -0.00061524 0.10437461
v -0.00790132 -0.00059764 0.10431877
v -0.00856985 -0.00106313 0.10510095
v -0.00851252 -0.00105518 0.10508040
v -0.00845655 -0.00104595 0.10505654
v -0.00840216 -0.00103547 0.10502946
v -0.00834956 -0.00102378 0.10499925
v -0.00829897 -0.00101091 0.10496601
v -0.00825059 -0.00099691 0.10492983
v -0.00820462 -0.00098183 0.10489085
v -0.00816132 -0.00096574 0.10484927
v -0.00812074 -0.00094865 0.10480510
v -0.00808311 -0.00093064 0.10475857
v -0.00804861 -0.00091178 0.10470983
v -0.00801739 -0.00089214 0.10465907
v -0.00798959 -0.00087179 0.10460646
v -0.00796534 -0.00085080 0.10455222
v -0.00794476 -0.00082926 0.10449655
v -0.00792796 -0.00080724 0.10443965
v -0.00791503 -0.00078483 0.10438175
v -0.00790606 -0.00076214 0.10432312
v -0.00790132 -0.00074101 0.10426851
v -0.00790132 -0.00088676 0.10420657
v -0.00790606 -0.00091138 0.10425970
v -0.00791503 -0.00093781 0.10431673
v -0.00792796 -0.00096392 0.10437308
v -0.00794476 -0.00098957 0.10442843
v -0.00796534 -0.00101467 0.10448260
v -0.00798959 -0.00103912 0.10453536
v -0.00801739 -0.00106283 0.10458654
v -0.00804861 -0.00108571 0.10463592
v -0.00808311 -0.00110769 0.10468334
v -0.00812074 -0.00112867 0.10472862
v -0.00816132 -0.00114858 0.10477159
v -0.00820462 -0.00116732 0.10481204
v -0.00825059 -0.00118489 0.10484996
v -0.00829897 -0.00120120 0.10488516
v -0.00834956 -0.00121619 0.10491750
v -0.00840216 -0.00122981 0.10494690
v -0.00845655 -0.00124202 0.10497324
v -0.00851252 -0.00125277 0.10499645
v -0.00790000 -0.00040461 0.10431803
v -0.00790000 -0.00058948 0.10426755
v -0.00790000 -0.00076774 0.10420270
v -0.00890000 -0.00183901 0.10474833
v -0.00886886 -0.00184730 0.10474200
v -0.00880817 -0.00184516 0.10473893
v -0.00874769 -0.00184089 0.10473283
v -0.00868766 -0.00183451 0.10472371
v -0.00862830 -0.00182602 0.10471156
v -0.00856985 -0.00181544 0.10469644
v -0.00851252 -0.00180281 0.10467837
v -0.00845655 -0.00178815 0.10465741
v -0.00840216 -0.00177151 0.10463362
v -0.00834956 -0.00175295 0.10460708
v -0.00829897 -0.00173252 0.10457786
v -0.00825059 -0.00171028 0.10454607
v -0.00820462 -0.00168633 0.10451182
v -0.00816132 -0.00166078 0.10447528
v -0.00812074 -0.00163364 0.10443647
v -0.00808311 -0.00160504 0.10439558
v -0.00804861 -0.00157509 0.10435274
v -0.00801739 -0.00154389 0.10430814
v -0.00798959 -0.00151157 0.10426192
v -0.00796534 -0.00147824 0.10421426
v -0.00794476 -0.00144403 0.10416534
v -0.00792796 -0.00140906 0.10411534
v -0.00791503 -0.00137348 0.10406445
v -0.00790606 -0.00133745 0.10401294
v -0.00790132 -0.00130389 0.10396495
v -0.00790000 -0.00130314 0.10390271
v -0.00890000 -0.00209805 0.10455257
v -0.00886886 -0.00203962 0.10459893
v -0.00880817 -0.00203730 0.10459600
v -0.00874769 -0.00203269 0.10459016
v -0.00868766 -0.00202579 0.10458141
v -0.00862830 -0.00201661 0.10456979
v -0.00856985 -0.00200518 0.10455529
v -0.00851252 -0.00199152 0.10453799
v -0.00845655 -0.00197567 0.10451791
v -0.00840216 -0.00195768 0.10449512
v -0.00834956 -0.00193762 0.10446969
v -0.00829897 -0.00191553 0.10444171
v -0.00825059 -0.00189150 0.10441126
v -0.00820462 -0.00186560 0.10437845
v -0.00816132 -0.00183798 0.10434346
v -0.00812074 -0.00180864 0.10430628
v -0.00808311 -0.00177772 0.10426711
v -0.00804861 -0.00174534 0.10422608
v -0.00801739 -0.00171162 0.10418335
v -0.00798959 -0.00167668 0.10413908
v -0.00796534 -0.00164065 0.10409342
v -0.00794476 -0.00160366 0.10404657
v -0.00792796 -0.00156586 0.10399868
v -0.00791503 -0.00152739 0.10394993
v -0.00790606 -0.00148845 0.10390058
v -0.00790132 -0.00145217 0.10385462
v -0.00790000 -0.00149162 0.10375667
v -0.00886886 -0.00224018 0.10443072
v -0.00886886 -0.00244770 0.10423502
v -0.00880817 -0.00223770 0.10442793
v -0.00880817 -0.00244505 0.10423237
v -0.00874769 -0.00223275 0.10442236
v -0.00874769 -0.00243980 0.10422711
v -0.00868766 -0.00222536 0.10441404
v -0.00868766 -0.00243193 0.10421923
v -0.00862830 -0.00221552 0.10440297
v -0.00862830 -0.00242146 0.10420875
v -0.00856985 -0.00220326 0.10438918
v -0.00856985 -0.00240842 0.10419568
v -0.00851252 -0.00218861 0.10437270
v -0.00851252 -0.00239284 0.10418008
v -0.00845655 -0.00217162 0.10435358
v -0.00845655 -0.00237477 0.10416199
v -0.00840216 -0.00215233 0.10433187
v -0.00840216 -0.00235425 0.10414144
v -0.00834956 -0.00213081 0.10430767
v -0.00834956 -0.00233136 0.10411852
v -0.00829897 -0.00210713 0.10428102
v -0.00829897 -0.00230617 0.10409329
v -0.00825059 -0.00208136 0.10425203
v -0.00825059 -0.00227877 0.10406584
v -0.00820462 -0.00205359 0.10422079
v -0.00820462 -0.00224923 0.10403627
v -0.00816132 -0.00202398 0.10418747
v -0.00816132 -0.00221773 0.10400473
v -0.00812074 -0.00199251 0.10415206
v -0.00812074 -0.00218427 0.10397121
v -0.00808311 -0.00195936 0.10411476
v -0.00808311 -0.00214901 0.10393590
v -0.00804861 -0.00192464 0.10407570
v -0.00804861 -0.00211208 0.10389891
v -0.00801739 -0.00188848 0.10403502
v -0.00801739 -0.00207362 0.10386040
v -0.00798959 -0.00185102 0.10399286
v -0.00798959 -0.00203377 0.10382049
v -0.00796534 -0.00181238 0.10394939
v -0.00796534 -0.00199267 0.10377934
v -0.00794476 -0.00177272 0.10390477
v -0.00794476 -0.00195049 0.10373709
v -0.00792796 -0.00173219 0.10385916
v -0.00792796 -0.00190738 0.10369392
v -0.00791503 -0.00169094 0.10381275
v -0.00791503 -0.00186350 0.10364998
v -0.00790606 -0.00164918 0.10376577
v -0.00790606 -0.00181908 0.10360549
v -0.00790132 -0.00161028 0.10372201
v -0.00790132 -0.00177771 0.10356406
v -0.00886886 -0.00266535 0.10400449
v -0.00880817 -0.00266256 0.10400201
v -0.00874769 -0.00265701 0.10399705
v -0.00868766 -0.00264869 0.10398964
v -0.00862830 -0.00263763 0.10397978
v -0.00856985 -0.00262386 0.10396750
v -0.00851252 -0.00260740 0.10395283
v -0.00845655 -0.00258830 0.10393581
v -0.00840216 -0.00256663 0.10391650
v -0.00834956 -0.00254245 0.10389493
v -0.00829897 -0.00251583 0.10387121
v -0.00825059 -0.00248688 0.10384540
v -0.00820462 -0.00245567 0.10381759
v -0.00816132 -0.00242239 0.10378792
v -0.00812074 -0.00238703 0.10375641
v -0.00808311 -0.00234978 0.10372320
v -0.00804861 -0.00231077 0.10368842
v -0.00801739 -0.00227013 0.10365219
v -0.00798959 -0.00222803 0.10361467
v -0.00796534 -0.00218461 0.10357597
v -0.00794476 -0.00214005 0.10353624
v -0.00792796 -0.00209450 0.10349564
v -0.00791503 -0.00204815 0.10345432
v -0.00790606 -0.00200121 0.10341249
v -0.00790132 -0.00195750 0.10337352
v -0.00886886 -0.00289329 0.10373307
v -0.00880817 -0.00289036 0.10373075
v -0.00874769 -0.00288453 0.10372613
v -0.00868766 -0.00287580 0.10371920
v -0.00862830 -0.00286420 0.10371000
v -0.00856985 -0.00284974 0.10369853
v -0.00851252 -0.00283246 0.10368483
v -0.00845655 -0.00281242 0.10366894
v -0.00840216 -0.00278967 0.10365090
v -0.00834956 -0.00276429 0.10363077
v -0.00829897 -0.00273635 0.10360862
v -0.00825059 -0.00270596 0.10358451
v -0.00820462 -0.00267321 0.10355855
v -0.00816132 -0.00263827 0.10353085
v -0.00812074 -0.00260116 0.10350142
v -0.00808311 -0.00256206 0.10347041
v -0.00804861 -0.00252111 0.10343793
v -0.00801739 -0.00247846 0.10340411
v -0.00798959 -0.00243427 0.10336906
v -0.00796534 -0.00238869 0.10333293
v -0.00794476 -0.00234192 0.10329583
v -0.00792796 -0.00229411 0.10325792
v -0.00791503 -0.00224546 0.10321935
v -0.00790606 -0.00219620 0.10318028
v -0.00790132 -0.00215032 0.10314390
v -0.00886886 -0.00304726 0.10353123
v -0.00880817 -0.00304424 0.10352901
v -0.00874769 -0.00303824 0.10352461
v -0.00868766 -0.00302927 0.10351802
v -0.00862830 -0.00301733 0.10350925
v -0.00856985 -0.00300245 0.10349832
v -0.00851252 -0.00298468 0.10348527
v -0.00845655 -0.00296407 0.10347013
v -0.00840216 -0.00294067 0.10345295
v -0.00834956 -0.00291456 0.10343377
v -0.00829897 -0.00288583 0.10341267
v -0.00825059 -0.00285456 0.10338971
v -0.00820462 -0.00282088 0.10336497
v -0.00816132 -0.00278495 0.10333858
v -0.00812074 -0.00274677 0.10331054
v -0.00808311 -0.00270655 0.10328101
v -0.00804861 -0.00266443 0.10325007
v -0.00801739 -0.00262056 0.10321785
v -0.00798959 -0.00257510 0.10318447
v -0.00796534 -0.00252823 0.10315004
v -0.00794476 -0.00248011 0.10311470
v -0.00792796 -0.00243094 0.10307859
v -0.00791503 -0.00238089 0.10304184
v -0.00790606 -0.00233022 0.10300462
v -0.00790132 -0.00228303 0.10296996
v -0.00886886 -0.00330254 0.10316123
v -0.00880817 -0.00329940 0.10315919
v -0.00874769 -0.00329316 0.10315514
v -0.00868766 -0.00328381 0.10314908
v -0.00862830 -0.00327139 0.10314102
v -0.00856985 -0.00325590 0.10313097
v -0.00851252 -0.00323741 0.10311897
v -0.00845655 -0.00321595 0.10310505
v -0.00840216 -0.00319160 0.10308924
v -0.00834956 -0.00316442 0.10307162
v -0.00829897 -0.00313452 0.10305221
v -0.00825059 -0.00310197 0.10303109
v -0.00820462 -0.00306691 0.10300834
v -0.00816132 -0.00302951 0.10298408
v -0.00812074 -0.00298978 0.10295829
v -0.00808311 -0.00294792 0.10293113
v -0.00804861 -0.00290408 0.10290268
v -0.00801739 -0.00285841 0.10287306
v -0.00798959 -0.00281110 0.10284235
v -0.00796534 -0.00276231 0.10281070
v -0.00794476 -0.00271223 0.10277820
v -0.00792796 -0.00266105 0.10274500
v -0.00791503 -0.00260896 0.10271119
v -0.00790606 -0.00255622 0.10267698
v -0.00790132 -0.00250710 0.10264511
v -0.00886886 -0.00357281 0.10271662
v -0.00880817 -0.00356957 0.10271477
v -0.00874769 -0.00356310 0.10271108
v -0.00868766 -0.00355343 0.10270556
v -0.00862830 -0.00354057 0.10269821
v -0.00856985 -0.00352454 0.10268906
v -0.00851252 -0.00350540 0.10267813
v -0.00845655 -0.00348319 0.10266544
v -0.00840216 -0.00345798 0.10265104
v -0.00834956 -0.00342985 0.10263498
v -0.00829897 -0.00339889 0.10261730
v -0.00825059 -0.00336520 0.10259806
v -0.00820462 -0.00332891 0.10257734
v -0.00816132 -0.00329020 0.10255523
v -0.00812074 -0.00324907 0.10253174
v -0.00808311 -0.00320574 0.10250700
v -0.00804861 -0.00316035 0.10248107
v -0.00801739 -0.00311309 0.10245408
v -0.00798959 -0.00306411 0.10242611
v -0.00796534 -0.00301361 0.10239727
v -0.00794476 -0.00296177 0.10236766
v -0.00792796 -0.00290879 0.10233741
v -0.00791503 -0.00285487 0.10230662
v -0.00790606 -0.00280028 0.10227544
v -0.00790132 -0.00274943 0.10224640
v -0.00890000 -0.00325348 0.10323666
v -0.00890000 -0.00304764 0.10353151
v -0.00890000 -0.00293906 0.10367545
v -0.00890000 -0.00264446 0.10402845
v -0.00890000 -0.00236539 0.10431604
v -0.00890000 -0.00224051 0.10443109
v -0.00790000 -0.00168966 0.10357874
v -0.00790000 -0.00190332 0.10335714
v -0.00790000 -0.00217778 0.10302497
v -0.00790000 -0.00232680 0.10282094
v -0.00790000 -0.00260743 0.10238735
v -0.00890000 -0.00445342 0.10081564
v -0.00886886 -0.00455350 0.10054546
v -0.00880817 -0.00454998 0.10054418
v -0.00874769 -0.00454299 0.10054164
v -0.00868766 -0.00453252 0.10053783
v -0.00862830 -0.00451860 0.10053277
v -0.00856985 -0.00450126 0.10052646
v -0.00851252 -0.00448054 0.10051893
v -0.00845655 -0.00445650 0.10051019
v -0.00840216 -0.00442922 0.10050026
v -0.00834956 -0.00439877 0.10048919
v -0.00829897 -0.00436527 0.10047701
v -0.00825059 -0.00432881 0.10046375
v -0.00820462 -0.00428953 0.10044947
v -0.00816132 -0.00424764 0.10043423
v -0.00812074 -0.00420313 0.10041804
v -0.00808311 -0.00415623 0.10040098
v -0.00804861 -0.00410711 0.10038313
v -0.00801739 -0.00405596 0.10036452
v -0.00798959 -0.00400296 0.10034525
v -0.00796534 -0.00394830 0.10032537
v -0.00794476 -0.00389219 0.10030497
v -0.00792796 -0.00383485 0.10028411
v -0.00791503 -0.00377650 0.10026290
v -0.00790606 -0.00371742 0.10024141
v -0.00790132 -0.00366239 0.10022140
v -0.00790000 -0.00362730 0.10016770
v -0.00880817 -0.00495524 0.09931819
v -0.00874769 -0.00494811 0.09931605
v -0.00868766 -0.00493745 0.09931283
v -0.00862830 -0.00492327 0.09930857
v -0.00856985 -0.00490560 0.09930324
v -0.00851252 -0.00488449 0.09929688
v -0.00845655 -0.00485999 0.09928951
v -0.00840216 -0.00483220 0.09928113
v -0.00834956 -0.00480118 0.09927179
v -0.00829897 -0.00476704 0.09926151
v -0.00825059 -0.00472990 0.09925032
v -0.00820462 -0.00468988 0.09923827
v -0.00816132 -0.00464720 0.09922541
v -0.00812074 -0.00460185 0.09921175
v -0.00808311 -0.00455406 0.09919736
v -0.00804861 -0.00450402 0.09918229
v -0.00801739 -0.00445191 0.09916659
v -0.00798959 -0.00439790 0.09915032
v -0.00796534 -0.00434222 0.09913355
v -0.00794476 -0.00428505 0.09911633
v -0.00792796 -0.00422664 0.09909873
v -0.00791503 -0.00416718 0.09908083
v -0.00790606 -0.00410699 0.09906270
v -0.00790132 -0.00405092 0.09904581
v -0.00790000 -0.00419142 0.09837133
v -0.00890000 0.00156874 0.10492016
v -0.00890000 0.00146950 0.10497543
v -0.00884121 0.00146865 0.10497386
v -0.00877785 0.00037919 0.10533219
v -0.00877785 0.00027931 0.10534565
v -0.00871507 0.00027815 0.10533596
v -0.00865317 0.00057511 0.10527276
v -0.00865317 0.00047531 0.10529248
v -0.00859239 0.00047218 0.10527522
v -0.00790320 0.00002144 0.10445291
v -0.00790019 0.00001782 0.10439231
v -0.00790019 0.00016378 0.10437929
v -0.00821701 0.00006015 0.10510220
v -0.00809355 0.00005187 0.10496333
v -0.00802679 0.00004569 0.10485955
v -0.00797353 0.00003908 0.10474878
v -0.00793443 0.00003216 0.10463277
v -0.00790992 0.00002504 0.10451334
v -0.00790000 0.00020534 0.10435450
v -0.00790000 0.00001668 0.10437308
v -0.00841912 0.00006887 0.10524830
v -0.00836509 0.00006697 0.10521649
v -0.00831328 0.00006488 0.10518143
v -0.00853298 0.00007205 0.10530164
v -0.00847515 0.00007056 0.10527673
v -0.00865317 0.00007436 0.10534041
v -0.00859239 0.00007331 0.10532290
v -0.00877785 0.00007575 0.10536383
v -0.00871507 0.00007517 0.10535409
v -0.00884121 0.00007610 0.10536958
v -0.00890000 0.00022795 0.10535892
v -0.00790320 0.00017098 0.10443956
v -0.00790019 0.00030568 0.10435797
v -0.00790000 0.00039387 0.10432045
v -0.00792034 0.00002862 0.10457337
v -0.00790992 0.00017817 0.10449968
v -0.00790320 0.00031652 0.10441770
v -0.00790019 0.00044701 0.10432775
v -0.00790000 0.00058104 0.10427021
v -0.00792034 0.00018531 0.10455939
v -0.00790992 0.00032733 0.10447726
v -0.00790320 0.00046155 0.10438669
v -0.00790019 0.00058801 0.10428819
v -0.00790000 0.00076933 0.10420205
v -0.00795218 0.00003565 0.10469132
v -0.00793443 0.00019237 0.10461847
v -0.00792034 0.00033807 0.10453643
v -0.00790992 0.00047604 0.10444547
v -0.00790320 0.00060625 0.10434610
v -0.00790019 0.00072945 0.10423861
v -0.00795218 0.00019933 0.10467671
v -0.00793443 0.00034870 0.10459498
v -0.00792034 0.00049044 0.10450386
v -0.00790992 0.00062444 0.10440384
v -0.00790320 0.00075135 0.10429523
v -0.00790019 0.00087329 0.10417748
v -0.00790000 0.00094096 0.10412334
v -0.00799842 0.00004243 0.10480493
v -0.00797353 0.00020617 0.10473386
v -0.00795218 0.00035918 0.10465269
v -0.00793443 0.00050469 0.10456163
v -0.00792034 0.00064251 0.10446119
v -0.00790992 0.00077320 0.10435169
v -0.00790320 0.00089881 0.10423257
v -0.00790019 0.00100582 0.10411119
v -0.00790000 0.00112222 0.10402238
v -0.00799842 0.00021284 0.10478972
v -0.00797353 0.00036946 0.10470932
v -0.00795218 0.00051874 0.10461858
v -0.00793443 0.00066040 0.10451795
v -0.00792034 0.00079490 0.10440777
v -0.00790992 0.00092426 0.10428750
v -0.00790320 0.00103452 0.10416468
v -0.00790019 0.00114393 0.10403167
v -0.00790000 0.00131069 0.10389728
v -0.00805853 0.00004884 0.10491242
v -0.00802679 0.00021934 0.10484405
v -0.00799842 0.00037950 0.10476467
v -0.00797353 0.00053252 0.10467447
v -0.00795218 0.00067802 0.10457388
v -0.00793443 0.00081638 0.10446327
v -0.00792034 0.00094955 0.10434206
v -0.00790992 0.00106314 0.10421803
v -0.00790320 0.00117575 0.10408337
v -0.00790019 0.00128552 0.10393868
v -0.00805853 0.00022563 0.10489664
v -0.00802679 0.00038928 0.10481851
v -0.00799842 0.00054599 0.10472908
v -0.00797353 0.00069532 0.10462879
v -0.00795218 0.00083754 0.10451797
v -0.00793443 0.00097456 0.10439605
v -0.00792034 0.00109157 0.10427102
v -0.00790992 0.00120748 0.10413492
v -0.00790320 0.00132031 0.10398843
v -0.00790019 0.00143231 0.10382946
v -0.00790000 0.00150835 0.10374264
v -0.00813174 0.00005478 0.10501207
v -0.00809355 0.00023168 0.10494728
v -0.00805853 0.00039873 0.10487062
v -0.00802679 0.00055910 0.10478220
v -0.00799842 0.00071222 0.10468244
v -0.00797353 0.00085831 0.10457165
v -0.00795218 0.00099922 0.10444926
v -0.00793443 0.00111970 0.10432345
v -0.00792034 0.00123900 0.10418613
v -0.00790992 0.00135501 0.10403804
v -0.00790320 0.00146992 0.10387711
v -0.00790019 0.00158898 0.10369805
v -0.00790000 0.00172198 0.10354722
v -0.00805853 0.00109234 0.10465024
v -0.00809355 0.00111379 0.10469651
v -0.00809355 0.00093588 0.10477210
v -0.00817296 0.00005755 0.10505845
v -0.00813174 0.00023748 0.10499576
v -0.00809355 0.00040784 0.10492080
v -0.00805853 0.00057178 0.10483363
v -0.00802679 0.00072866 0.10473463
v -0.00799842 0.00087861 0.10462411
v -0.00797353 0.00102342 0.10450149
v -0.00795218 0.00114743 0.10437513
v -0.00793443 0.00127019 0.10423681
v -0.00792034 0.00138947 0.10408732
v -0.00790992 0.00150743 0.10392463
v -0.00790320 0.00162932 0.10374342
v -0.00790019 0.00175506 0.10354138
v -0.00813174 0.00095350 0.10481764
v -0.00813174 0.00077458 0.10488036
v -0.00817296 0.00024299 0.10504189
v -0.00813174 0.00041656 0.10496885
v -0.00809355 0.00058399 0.10488315
v -0.00805853 0.00074458 0.10478514
v -0.00802679 0.00089836 0.10467514
v -0.00799842 0.00104707 0.10455253
v -0.00797353 0.00117464 0.10442585
v -0.00795218 0.00130093 0.10428675
v -0.00793443 0.00142358 0.10413609
v -0.00792034 0.00154469 0.10397184
v -0.00790992 0.00166953 0.10378867
v -0.00826386 0.00006260 0.10514328
v -0.00821701 0.00024819 0.10508542
v -0.00817296 0.00042486 0.10501456
v -0.00813174 0.00059569 0.10493056
v -0.00809355 0.00075990 0.10483379
v -0.00805853 0.00091747 0.10472453
v -0.00802679 0.00107008 0.10460218
v -0.00799842 0.00120124 0.10447542
v -0.00797353 0.00133110 0.10433578
v -0.00795218 0.00145719 0.10418415
v -0.00793443 0.00158155 0.10401855
v -0.00792034 0.00170948 0.10383362
v -0.00813174 0.00113432 0.10474081
v -0.00817296 0.00097027 0.10486097
v -0.00817296 0.00115385 0.10478297
v -0.00821701 0.00098608 0.10490184
v -0.00821701 0.00117228 0.10482274
v -0.00826386 0.00100093 0.10494021
v -0.00826386 0.00118958 0.10486007
v -0.00831328 0.00101472 0.10497586
v -0.00831328 0.00120564 0.10489474
v -0.00836509 0.00102740 0.10500861
v -0.00836509 0.00122041 0.10492661
v -0.00841912 0.00103890 0.10503834
v -0.00841912 0.00123381 0.10495553
v -0.00847515 0.00104918 0.10506490
v -0.00817296 0.00078854 0.10492468
v -0.00821701 0.00080171 0.10496648
v -0.00826386 0.00081407 0.10500573
v -0.00831328 0.00082556 0.10504217
v -0.00836509 0.00083611 0.10507568
v -0.00841912 0.00084569 0.10510608
v -0.00847515 0.00085424 0.10513324
v -0.00853298 0.00086174 0.10515703
v -0.00884121 0.00128489 0.10506576
v -0.00877785 0.00118251 0.10510493
v -0.00877785 0.00128247 0.10506053
v -0.00871507 0.00117870 0.10509595
v -0.00871507 0.00127836 0.10505167
v -0.00865317 0.00117334 0.10508335
v -0.00865317 0.00127260 0.10503925
v -0.00859239 0.00116648 0.10506720
v -0.00859239 0.00126523 0.10502333
v -0.00853298 0.00115815 0.10504759
v -0.00853298 0.00125627 0.10500401
v -0.00847515 0.00124578 0.10498137
v -0.00871507 0.00107714 0.10513716
v -0.00865317 0.00097365 0.10516073
v -0.00865317 0.00107220 0.10512439
v -0.00859239 0.00096784 0.10514417
v -0.00859239 0.00106587 0.10510803
v -0.00853298 0.00105818 0.10508817
v -0.00865317 0.00067445 0.10524990
v -0.00859239 0.00086814 0.10517735
v -0.00871507 0.00047775 0.10530595
v -0.00865317 0.00027652 0.10532236
v -0.00859239 0.00027444 0.10530494
v -0.00853298 0.00046837 0.10525426
v -0.00853298 0.00027191 0.10528379
v -0.00847515 0.00046392 0.10522971
v -0.00847515 0.00026895 0.10525902
v -0.00841912 0.00045883 0.10520169
v -0.00841912 0.00026557 0.10523074
v -0.00836509 0.00045314 0.10517033
v -0.00836509 0.00026178 0.10519909
v -0.00831328 0.00044686 0.10513577
v -0.00831328 0.00025762 0.10516421
v -0.00826386 0.00044004 0.10509817
v -0.00826386 0.00025308 0.10512627
v -0.00821701 0.00043269 0.10505769
v -0.00871507 0.00057797 0.10528616
v -0.00871507 0.00067773 0.10526320
v -0.00871507 0.00077825 0.10523670
v -0.00877785 0.00047950 0.10531556
v -0.00877785 0.00058001 0.10529570
v -0.00877785 0.00068007 0.10527268
v -0.00877785 0.00078089 0.10524610
v -0.00877785 0.00088046 0.10521646
v -0.00884121 0.00118477 0.10511023
v -0.00884121 0.00108274 0.10515164
v -0.00877785 0.00108067 0.10514627
v -0.00877785 0.00098142 0.10518286
v -0.00871507 0.00097819 0.10517365
v -0.00871507 0.00087753 0.10520715
v -0.00865317 0.00087341 0.10519408
v -0.00865317 0.00077455 0.10522351
v -0.00859239 0.00076981 0.10520662
v -0.00859239 0.00067025 0.10523287
v -0.00853298 0.00066515 0.10521219
v -0.00884121 0.00027999 0.10535137
v -0.00884121 0.00038004 0.10533789
v -0.00884121 0.00048053 0.10532122
v -0.00884121 0.00058122 0.10530134
v -0.00884121 0.00068145 0.10527827
v -0.00884121 0.00078245 0.10525164
v -0.00884121 0.00088219 0.10522195
v -0.00884121 0.00098332 0.10518830
v -0.00847515 0.00065918 0.10518797
v -0.00841912 0.00065236 0.10516032
v -0.00836509 0.00064473 0.10512937
v -0.00831328 0.00063631 0.10509527
v -0.00826386 0.00062716 0.10505816
v -0.00821701 0.00061731 0.10501822
v -0.00817296 0.00060681 0.10497566
v -0.00805853 0.00175511 0.10423846
v -0.00802679 0.00172230 0.10419688
v -0.00799842 0.00168840 0.10415393
v -0.00797353 0.00165355 0.10410978
v -0.00795218 0.00161789 0.10406459
v -0.00793443 0.00174901 0.10387810
v -0.00890000 0.00130552 0.10505801
v -0.00890000 0.00118543 0.10511180
v -0.00890000 0.00108336 0.10515323
v -0.00890000 0.00103630 0.10517103
v -0.00890000 0.00088271 0.10522360
v -0.00890000 0.00076950 0.10525705
v -0.00890000 0.00068186 0.10527995
v -0.00890000 0.00050137 0.10531913
v -0.00890000 0.00048084 0.10532293
v -0.00890000 0.00028019 0.10535309
v -0.00877785 0.00146593 0.10496879
v -0.00871507 0.00146132 0.10496019
v -0.00865317 0.00145484 0.10494812
v -0.00859239 0.00144655 0.10493266
v -0.00853298 0.00143648 0.10491389
v -0.00847515 0.00142468 0.10489190
v -0.00841912 0.00141122 0.10486681
v -0.00836509 0.00139615 0.10483873
v -0.00831328 0.00137955 0.10480778
v -0.00826386 0.00136148 0.10477410
v -0.00821701 0.00134203 0.10473785
v -0.00817296 0.00132131 0.10469922
v -0.00813174 0.00129934 0.10465828
v -0.00809355 0.00127626 0.10461526
v -0.00805853 0.00125214 0.10457031
v -0.00802679 0.00122710 0.10452364
v -0.00890000 0.00165800 0.10486691
v -0.00884121 0.00165707 0.10486539
v -0.00877785 0.00165405 0.10486048
v -0.00871507 0.00164893 0.10485218
v -0.00865317 0.00164176 0.10484052
v -0.00859239 0.00163256 0.10482557
v -0.00853298 0.00162139 0.10480744
v -0.00847515 0.00160832 0.10478619
v -0.00841912 0.00159339 0.10476194
v -0.00836509 0.00157668 0.10473479
v -0.00831328 0.00155827 0.10470488
v -0.00826386 0.00153824 0.10467234
v -0.00821701 0.00151668 0.10463730
v -0.00817296 0.00149370 0.10459997
v -0.00813174 0.00146935 0.10456041
v -0.00809355 0.00144376 0.10451882
v -0.00805853 0.00141703 0.10447539
v -0.00802679 0.00138926 0.10443028
v -0.00799842 0.00136058 0.10438368
v -0.00841912 0.00177696 0.10464142
v -0.00836509 0.00175870 0.10461529
v -0.00831328 0.00173857 0.10458651
v -0.00826386 0.00171667 0.10455520
v -0.00821701 0.00169309 0.10452148
v -0.00817296 0.00166797 0.10448556
v -0.00813174 0.00164134 0.10444748
v -0.00809355 0.00161336 0.10440747
v -0.00805853 0.00158413 0.10436567
v -0.00802679 0.00155377 0.10432226
v -0.00799842 0.00152241 0.10427742
v -0.00797353 0.00149018 0.10423133
v -0.01090000 -0.00589695 0.09537500
v -0.01090000 -0.00609289 0.09428430
v -0.01080834 -0.00664308 0.09046999
v -0.01086901 -0.00664678 0.09047045
v -0.01090000 -0.00664726 0.09047051
v -0.01257883 -0.00167976 0.10419609
v -0.01261909 -0.00184647 0.10404491
v -0.01256758 -0.00188344 0.10406075
v -0.01227602 -0.00163264 0.10444772
v -0.01222173 -0.00166172 0.10446288
v -0.01218244 -0.00136412 0.10466126
v -0.01212806 -0.00138886 0.10467847
v -0.01228828 -0.00268563 0.10354174
v -0.01234551 -0.00265188 0.10353884
v -0.01250447 -0.00303174 0.10298665
v -0.01256178 -0.00299523 0.10298619
v -0.01266437 -0.00333637 0.10246107
v -0.01171408 -0.00319289 0.10321493
v -0.01178994 -0.00337529 0.10292717
v -0.01166937 -0.00341513 0.10290655
v -0.01132901 -0.00280805 0.10380592
v -0.01144677 -0.00277354 0.10382132
v -0.01151987 -0.00302310 0.10349940
v -0.01103000 -0.00119523 0.10509878
v -0.01103282 -0.00130178 0.10505069
v -0.01092150 -0.00132041 0.10504870
v -0.01412974 -0.00595746 0.09490433
v -0.01479184 -0.00627113 0.09301158
v -0.01466530 -0.00629268 0.09296877
v -0.01326411 -0.00063628 0.10396621
v -0.01322322 -0.00034351 0.10409954
v -0.01328949 -0.00029967 0.10401234
v -0.01334845 -0.00113305 0.10364282
v -0.01331438 -0.00117803 0.10367251
v -0.01323526 -0.00089698 0.10391352
v -0.01324265 -0.00126733 0.10372996
v -0.01289858 -0.00195381 0.10369744
v -0.01298075 -0.00217122 0.10343201
v -0.01288306 -0.00226006 0.10345893
v -0.01436668 -0.00421078 0.09907831
v -0.01370161 -0.00357460 0.10098760
v -0.01380039 -0.00347091 0.10098519
v -0.01095891 -0.00279017 0.10386051
v -0.01094807 -0.00274056 0.10391911
v -0.01106207 -0.00271829 0.10394151
v -0.01081918 -0.00158526 0.10491064
v -0.01081495 -0.00146596 0.10497732
v -0.01092711 -0.00149740 0.10495796
v -0.01080636 -0.00107322 0.10515714
v -0.01080492 -0.00096378 0.10519691
v -0.01091427 -0.00094208 0.10520217
v -0.01080228 -0.00069207 0.10527740
v -0.01080169 -0.00061448 0.10529582
v -0.01091072 -0.00060556 0.10529578
v -0.01079959 -0.00027072 0.10535420
v -0.01079924 -0.00019406 0.10536227
v -0.01090855 -0.00029775 0.10534895
v -0.01090789 -0.00016997 0.10536247
v -0.01079860 0.00000000 0.10537500
v -0.01080123 -0.00054930 0.10530976
v -0.01080053 -0.00044130 0.10532986
v -0.01090948 -0.00044311 0.10532755
v -0.01080310 -0.00078814 0.10525184
v -0.01080878 -0.00121789 0.10509787
v -0.01080679 -0.00110202 0.10514595
v -0.01091890 -0.00121270 0.10509793
v -0.01091648 -0.00108766 0.10514941
v -0.01102734 -0.00107162 0.10514904
v -0.01082502 -0.00171537 0.10483100
v -0.01082232 -0.00165928 0.10486628
v -0.01093318 -0.00164015 0.10487556
v -0.01084131 -0.00197171 0.10465200
v -0.01083200 -0.00183904 0.10474829
v -0.01093959 -0.00175922 0.10479990
v -0.01082843 -0.00177910 0.10478918
v -0.01099738 -0.00235451 0.10432339
v -0.01088451 -0.00237660 0.10430532
v -0.01086618 -0.00223191 0.10443871
v -0.01102907 -0.00255149 0.10412589
v -0.01090366 -0.00250356 0.10417911
v -0.01092866 -0.00264463 0.10402827
v -0.01116665 -0.00311441 0.10343506
v -0.01103896 -0.00309565 0.10346536
v -0.01098169 -0.00288671 0.10374210
v -0.01109017 -0.00325384 0.10323615
v -0.01123878 -0.00332354 0.10312504
v -0.01112288 -0.00334471 0.10309631
v -0.01115631 -0.00343115 0.10295760
v -0.01131215 -0.00350533 0.10282920
v -0.01119568 -0.00352593 0.10279883
v -0.01141734 -0.00396323 0.10196830
v -0.01133007 -0.00380674 0.10228500
v -0.01146178 -0.00381410 0.10226514
v -0.01161446 -0.00407361 0.10172472
v -0.01149632 -0.00409204 0.10169001
v -0.01176954 -0.00429939 0.10119927
v -0.01159367 -0.00423740 0.10135562
v -0.01192658 -0.00450021 0.10068397
v -0.01180729 -0.00451683 0.10064670
v -0.01224542 -0.00484721 0.09967309
v -0.01200727 -0.00474205 0.10000518
v -0.01244815 -0.00515485 0.09863916
v -0.01256901 -0.00514098 0.09867934
v -0.01322178 -0.00561805 0.09673327
v -0.01269031 -0.00534646 0.09790787
v -0.01309989 -0.00562998 0.09669150
v -0.01809705 -0.00367394 0.09109621
v -0.01721579 -0.00358697 0.09348971
v -0.01637579 -0.00295267 0.09582534
v -0.01589414 -0.00292922 0.09712159
v -0.01591896 -0.00269841 0.09708047
v -0.01529668 -0.00228394 0.09879019
v -0.01459233 -0.00191994 0.10069966
v -0.01487759 -0.00194241 0.09994162
v -0.01398110 -0.00088023 0.10240471
v -0.01414185 -0.00112652 0.10196306
v -0.01397047 -0.00112997 0.10240982
v -0.01437078 -0.00142280 0.10133407
v -0.01470183 -0.00177837 0.10042452
v -0.01369481 -0.00027358 0.10319127
v -0.01373246 -0.00037754 0.10308784
v -0.01367929 -0.00054358 0.10321166
v -0.01378795 -0.00051085 0.10293538
v -0.01386819 -0.00067781 0.10271493
v -0.01357044 -0.00000000 0.10352288
v -0.01362549 -0.00000000 0.10338173
v -0.01355608 -0.00008043 0.10355271
v -0.01362747 -0.00001335 0.10337630
v -0.01363260 -0.00004317 0.10336219
v -0.01364025 -0.00008062 0.10334118
v -0.01365147 -0.00012777 0.10331035
v -0.01366876 -0.00019085 0.10326286
v -0.01351145 -0.00012394 0.10364695
v -0.01346622 -0.00000003 0.10374685
v -0.01354848 -0.00000001 0.10357419
v -0.01298116 -0.00015776 0.10442073
v -0.01292075 -0.00000012 0.10449485
v -0.01307228 -0.00000015 0.10433139
v -0.01222714 -0.00009664 0.10500744
v -0.01217568 -0.00000016 0.10504003
v -0.01237707 -0.00000010 0.10492584
v -0.01179670 -0.00012701 0.10519668
v -0.01174095 -0.00000000 0.10522305
v -0.01196195 -0.00000008 0.10514009
v -0.01146246 -0.00000004 0.10530058
v -0.01151675 -0.00000004 0.10528772
v -0.01157483 -0.00014006 0.10526456
v -0.01146318 -0.00014602 0.10529178
v -0.01146238 -0.00000004 0.10530059
v -0.01135140 -0.00015159 0.10531455
v -0.01129022 -0.00000000 0.10533442
v -0.01123910 -0.00000001 0.10534246
v -0.01123974 -0.00015677 0.10533292
v -0.01112845 -0.00016156 0.10534697
v -0.01103445 0.00000000 0.10536571
v -0.01090730 0.00000006 0.10537303
v -0.01101776 -0.00016596 0.10535678
v -0.01337272 -0.00315838 0.10195333
v -0.01342250 -0.00310869 0.10194910
v -0.01262346 -0.00093211 0.10455763
v -0.01269325 -0.00108732 0.10443312
v -0.01259673 -0.00114656 0.10448661
v -0.01269525 -0.00061752 0.10460312
v -0.01264836 -0.00063730 0.10463627
v -0.01263736 -0.00044148 0.10469196
v -0.01260069 -0.00065683 0.10466851
v -0.01280111 -0.00203850 0.10372935
v -0.01271972 -0.00177042 0.10401038
v -0.01276876 -0.00173140 0.10399172
v -0.01263846 -0.00141101 0.10431352
v -0.01268728 -0.00137700 0.10429046
v -0.01304617 -0.00261825 0.10294238
v -0.01309569 -0.00257152 0.10293312
v -0.01347119 -0.00305804 0.10194407
v -0.01314420 -0.00252394 0.10292300
v -0.01323803 -0.00242642 0.10290021
v -0.01302812 -0.00212569 0.10341723
v -0.01294588 -0.00191044 0.10368015
v -0.01286413 -0.00165149 0.10395166
v -0.01281691 -0.00169175 0.10397214
v -0.01273526 -0.00134248 0.10426646
v -0.01278237 -0.00130746 0.10424156
v -0.01278643 -0.00102643 0.10437596
v -0.01273027 -0.00041204 0.10462155
v -0.01274133 -0.00059751 0.10456907
v -0.01272246 -0.00021488 0.10465904
v -0.01281213 -0.00019618 0.10458282
v -0.01274652 -0.00000003 0.10465606
v -0.01289408 -0.00000011 0.10452123
v -0.01356520 -0.00295407 0.10193156
v -0.01332739 -0.00232599 0.10287410
v -0.01281994 -0.00038195 0.10454764
v -0.01289842 -0.00017712 0.10450331
v -0.01291816 -0.00119969 0.10416158
v -0.01299991 -0.00152744 0.10388500
v -0.01295566 -0.00156931 0.10390807
v -0.01316388 -0.00198511 0.10336778
v -0.01311971 -0.00203260 0.10338509
v -0.01513376 -0.00458056 0.09720370
v -0.01456013 -0.00399189 0.09908863
v -0.01522811 -0.00446689 0.09721334
v -0.01464917 -0.00387653 0.09908937
v -0.01531706 -0.00434922 0.09722015
v -0.01473272 -0.00375779 0.09908719
v -0.01540034 -0.00422801 0.09722412
v -0.01481055 -0.00363614 0.09908213
v -0.01547771 -0.00410376 0.09722528
v -0.01414616 -0.00302119 0.10094467
v -0.01410759 -0.00307993 0.10095236
v -0.01406763 -0.00313805 0.10095932
v -0.01398368 -0.00325224 0.10097101
v -0.01267124 -0.00090613 0.10452824
v -0.01271821 -0.00087980 0.10449792
v -0.01276433 -0.00085314 0.10446671
v -0.01285397 -0.00079889 0.10440169
v -0.01283099 -0.00055681 0.10449836
v -0.01291713 -0.00051531 0.10442434
v -0.01290617 -0.00035128 0.10447044
v -0.01298878 -0.00032012 0.10439015
v -0.01306018 -0.00013814 0.10433530
v -0.01340444 -0.00168946 0.10324740
v -0.01352976 -0.00206450 0.10279507
v -0.01332907 -0.00178979 0.10329053
v -0.01349179 -0.00211782 0.10281238
v -0.01345254 -0.00217067 0.10282896
v -0.01291039 -0.00161067 0.10393029
v -0.01282858 -0.00127198 0.10421577
v -0.01287605 -0.00096407 0.10431530
v -0.01293994 -0.00074355 0.10433333
v -0.01299957 -0.00047312 0.10434722
v -0.01306762 -0.00028853 0.10430700
v -0.01313536 -0.00011832 0.10424726
v -0.01320815 -0.00000007 0.10416136
v -0.01320693 -0.00193705 0.10334964
v -0.01304312 -0.00148509 0.10386110
v -0.01300380 -0.00112584 0.10410407
v -0.01296189 -0.00090040 0.10425131
v -0.01304377 -0.00083561 0.10418419
v -0.01302207 -0.00068725 0.10426186
v -0.01310018 -0.00063015 0.10418749
v -0.01307815 -0.00043035 0.10426723
v -0.01315274 -0.00038711 0.10418459
v -0.01373870 -0.00273672 0.10189702
v -0.01377888 -0.00268070 0.10188646
v -0.01381773 -0.00262411 0.10187516
v -0.01418333 -0.00296189 0.10093626
v -0.01554901 -0.00397694 0.09722366
v -0.01317415 -0.00057240 0.10411043
v -0.01319501 -0.00070337 0.10404142
v -0.01312152 -0.00076987 0.10411415
v -0.01316250 -0.00097426 0.10397983
v -0.01308530 -0.00105062 0.10404342
v -0.01316623 -0.00135550 0.10378465
v -0.01308526 -0.00144229 0.10383639
v -0.01324883 -0.00188845 0.10333071
v -0.01503431 -0.00468978 0.09719125
v -0.01446586 -0.00410345 0.09908494
v -0.01389451 -0.00336333 0.10097965
v -0.01365445 -0.00284684 0.10191584
v -0.01341205 -0.00222301 0.10284478
v -0.01363584 -0.00190222 0.10273893
v -0.01428624 -0.00278117 0.10090686
v -0.01360180 -0.00195666 0.10275833
v -0.01425338 -0.00284182 0.10091734
v -0.01356643 -0.00201077 0.10277705
v -0.01421907 -0.00290208 0.10092714
v -0.01347480 -0.00158778 0.10320149
v -0.01366854 -0.00184750 0.10271888
v -0.01434756 -0.00265889 0.10088394
v -0.01717106 -0.00385400 0.09351364
v -0.01713946 -0.00398894 0.09352245
v -0.01710149 -0.00412426 0.09352901
v -0.01705706 -0.00425946 0.09353319
v -0.01700610 -0.00439407 0.09353491
v -0.01694859 -0.00452756 0.09353407
v -0.01688455 -0.00465942 0.09353062
v -0.01681408 -0.00478911 0.09352449
v -0.01673728 -0.00491610 0.09351566
v -0.01665436 -0.00503987 0.09350411
v -0.01656553 -0.00515990 0.09348985
v -0.01647107 -0.00527571 0.09347291
v -0.01338130 -0.00108789 0.10361252
v -0.01330345 -0.00081900 0.10384470
v -0.01336701 -0.00074054 0.10377362
v -0.01340917 -0.00021167 0.10383246
v -0.01335149 -0.00025568 0.10392322
v -0.01333676 -0.00005807 0.10396993
v -0.01327373 -0.00007823 0.10406432
v -0.01320657 -0.00009833 0.10415684
v -0.01332874 -0.00056878 0.10388879
v -0.01338884 -0.00050107 0.10380936
v -0.01342585 -0.00066180 0.10370050
v -0.01347995 -0.00058300 0.10362557
v -0.01344334 -0.00099716 0.10355021
v -0.01350044 -0.00090611 0.10348579
v -0.01355257 -0.00081498 0.10341950
v -0.01352930 -0.00050435 0.10354909
v -0.01359973 -0.00072403 0.10335156
v -0.01346249 -0.00016772 0.10374028
v -0.01369990 -0.00179254 0.10269821
v -0.01375855 -0.00168208 0.10265506
v -0.01381175 -0.00157119 0.10260968
v -0.01385950 -0.00146022 0.10256226
v -0.01390183 -0.00134949 0.10251302
v -0.01440298 -0.00253568 0.10085853
v -0.01445248 -0.00241196 0.10083078
v -0.01449609 -0.00228814 0.10080084
v -0.01453387 -0.00216462 0.10076890
v -0.01584489 -0.00319014 0.09716037
v -0.01581125 -0.00332195 0.09717677
v -0.01577142 -0.00345411 0.09719099
v -0.01572531 -0.00358616 0.09720291
v -0.01567286 -0.00371765 0.09721240
v -0.01561408 -0.00384807 0.09721935
v -0.01719645 -0.00371987 0.09350269
v -0.01587247 -0.00305910 0.09714193
v -0.01456591 -0.00204177 0.10073511
v -0.01393879 -0.00123930 0.10246214
v -0.01364195 -0.00063349 0.10328221
v -0.01173424 -0.00405009 0.10175775
v -0.01188997 -0.00427669 0.10123390
v -0.01204758 -0.00447827 0.10071990
v -0.01096733 -0.00210774 0.10454188
v -0.01108077 -0.00208312 0.10455360
v -0.01098212 -0.00223932 0.10442925
v -0.01111159 -0.00232897 0.10433835
v -0.01081137 -0.00133702 0.10504297
v -0.01113907 -0.00105390 0.10514471
v -0.01158077 -0.00378972 0.10229611
v -0.01185525 -0.00402136 0.10178888
v -0.01201167 -0.00424863 0.10126682
v -0.01109615 -0.00286457 0.10376614
v -0.01128338 -0.00308839 0.10345925
v -0.01135620 -0.00329786 0.10315144
v -0.01143016 -0.00348006 0.10285740
v -0.01170096 -0.00376031 0.10232497
v -0.01197718 -0.00398729 0.10181794
v -0.01102488 -0.00092781 0.10520051
v -0.01113636 -0.00091206 0.10519484
v -0.01125143 -0.00103448 0.10513630
v -0.01124845 -0.00089484 0.10518506
v -0.01136418 -0.00101336 0.10512371
v -0.01101848 -0.00029202 0.10534360
v -0.01101950 -0.00043540 0.10532274
v -0.01112923 -0.00028573 0.10533413
v -0.01113036 -0.00042694 0.10531382
v -0.01124059 -0.00027887 0.10532044
v -0.01124182 -0.00041771 0.10530069
v -0.01114392 -0.00252551 0.10414338
v -0.01117747 -0.00269213 0.10396108
v -0.01121204 -0.00283837 0.10378747
v -0.01140121 -0.00305798 0.10348075
v -0.01147476 -0.00326759 0.10317533
v -0.01154933 -0.00345003 0.10288323
v -0.01182204 -0.00372577 0.10235156
v -0.01425675 -0.00592867 0.09494542
v -0.01359682 -0.00554678 0.09685429
v -0.01372367 -0.00551058 0.09689260
v -0.01294068 -0.00506496 0.09879375
v -0.01306634 -0.00502758 0.09882922
v -0.01273968 -0.00473015 0.09981608
v -0.01286477 -0.00468603 0.09984770
v -0.01391476 -0.00608654 0.09432147
v -0.01460129 -0.00628058 0.09306418
v -0.01387930 -0.00599633 0.09482012
v -0.01400380 -0.00597995 0.09486251
v -0.01334550 -0.00560034 0.09677445
v -0.01347064 -0.00557665 0.09681485
v -0.01269165 -0.00512150 0.09871864
v -0.01281566 -0.00509621 0.09875683
v -0.01249058 -0.00480033 0.09974755
v -0.01261482 -0.00476822 0.09978264
v -0.01229311 -0.00441779 0.10078689
v -0.01235498 -0.00439911 0.10080250
v -0.01236734 -0.00482660 0.09971097
v -0.01216986 -0.00445085 0.10075426
v -0.01213431 -0.00421507 0.10129785
v -0.01203838 -0.00396822 0.10183165
v -0.01194369 -0.00368599 0.10237571
v -0.01152888 -0.00258969 0.10400116
v -0.01141117 -0.00262788 0.10399105
v -0.01129393 -0.00266201 0.10397765
v -0.01161084 -0.00238362 0.10418055
v -0.01149356 -0.00242486 0.10417645
v -0.01137645 -0.00246224 0.10416881
v -0.01125980 -0.00249578 0.10415774
v -0.01157573 -0.00219141 0.10436399
v -0.01145916 -0.00223117 0.10436298
v -0.01134275 -0.00226734 0.10435829
v -0.01122680 -0.00229993 0.10435003
v -0.01152485 -0.00180361 0.10467553
v -0.01154156 -0.00195266 0.10456466
v -0.01140966 -0.00183937 0.10468081
v -0.01142585 -0.00199012 0.10456752
v -0.01129461 -0.00187211 0.10468216
v -0.01131029 -0.00202434 0.10456656
v -0.01118000 -0.00190186 0.10467970
v -0.01119517 -0.00205534 0.10456187
v -0.01106608 -0.00192862 0.10467357
v -0.01095311 -0.00195242 0.10466388
v -0.01150841 -0.00161956 0.10479803
v -0.01139382 -0.00165291 0.10480621
v -0.01127938 -0.00168355 0.10481038
v -0.01116535 -0.00171146 0.10481063
v -0.01105201 -0.00173668 0.10480710
v -0.01085521 -0.00212922 0.10452686
v -0.01114504 -0.00128112 0.10504880
v -0.01125790 -0.00125842 0.10504292
v -0.01137115 -0.00123366 0.10503294
v -0.01148455 -0.00120686 0.10501876
v -0.01218721 -0.00359055 0.10241604
v -0.01222240 -0.00390275 0.10186920
v -0.01206553 -0.00364093 0.10239725
v -0.01216104 -0.00392596 0.10185730
v -0.01209969 -0.00394778 0.10184477
v -0.01180172 -0.00264448 0.10384782
v -0.01187757 -0.00289114 0.10353679
v -0.01174263 -0.00266866 0.10384554
v -0.01181802 -0.00291599 0.10353260
v -0.01183419 -0.00314837 0.10323033
v -0.01175839 -0.00293970 0.10352756
v -0.01168345 -0.00269177 0.10384240
v -0.01203130 -0.00328061 0.10295974
v -0.01197105 -0.00330616 0.10295273
v -0.01191070 -0.00333045 0.10294495
v -0.01169215 -0.00214807 0.10436121
v -0.01172796 -0.00233852 0.10418098
v -0.01166944 -0.00236155 0.10418123
v -0.01103884 -0.00147703 0.10496195
v -0.01115148 -0.00145437 0.10496215
v -0.01126478 -0.00142939 0.10495842
v -0.01137848 -0.00140210 0.10495066
v -0.01149232 -0.00137248 0.10493878
v -0.01154921 -0.00135681 0.10493126
v -0.01159780 -0.00117802 0.10500033
v -0.01104527 -0.00161853 0.10488128
v -0.01115828 -0.00159441 0.10488325
v -0.01127197 -0.00156776 0.10488138
v -0.01138606 -0.00153858 0.10487553
v -0.01150030 -0.00150686 0.10486563
v -0.01156567 -0.00160187 0.10479240
v -0.01163990 -0.00176486 0.10466626
v -0.01146561 -0.00039698 0.10526147
v -0.01135365 -0.00040773 0.10528327
v -0.01164677 -0.00254741 0.10400783
v -0.01156502 -0.00273479 0.10383353
v -0.01163904 -0.00298368 0.10351505
v -0.01159416 -0.00323262 0.10319655
v -0.01165712 -0.00191197 0.10455786
v -0.01175451 -0.00172314 0.10465290
v -0.01102090 -0.00059566 0.10529177
v -0.01113191 -0.00058478 0.10528369
v -0.01124353 -0.00057290 0.10527141
v -0.01135552 -0.00056004 0.10525485
v -0.01146764 -0.00054619 0.10523394
v -0.01157744 -0.00038548 0.10523523
v -0.01168609 -0.00013372 0.10523286
v -0.01168529 -0.00000001 0.10524088
v -0.01241696 -0.00437898 0.10081761
v -0.01247899 -0.00435739 0.10083219
v -0.01254103 -0.00433434 0.10084625
v -0.01266492 -0.00428381 0.10087265
v -0.01234495 -0.00385218 0.10189108
v -0.01246693 -0.00379604 0.10191024
v -0.01230833 -0.00353485 0.10243194
v -0.01242850 -0.00347387 0.10244481
v -0.01184460 -0.00228958 0.10417765
v -0.01190264 -0.00226369 0.10417455
v -0.01197808 -0.00256560 0.10384923
v -0.01191949 -0.00259294 0.10384967
v -0.01205528 -0.00280977 0.10354424
v -0.01199625 -0.00283802 0.10354263
v -0.01221108 -0.00319647 0.10297604
v -0.01215137 -0.00322576 0.10297141
v -0.01182277 -0.00111434 0.10495050
v -0.01171930 -0.00130636 0.10490234
v -0.01171063 -0.00114717 0.10497759
v -0.01166273 -0.00132375 0.10491305
v -0.01160602 -0.00134056 0.10492269
v -0.01080335 -0.00081545 0.10524400
v -0.01091233 -0.00077720 0.10525285
v -0.01102270 -0.00076503 0.10524993
v -0.01113392 -0.00075163 0.10524296
v -0.01124576 -0.00073699 0.10523183
v -0.01135798 -0.00072111 0.10521646
v -0.01147032 -0.00070400 0.10519676
v -0.01157963 -0.00053135 0.10520862
v -0.01168887 -0.00037324 0.10520454
v -0.01192445 -0.00088271 0.10499591
v -0.01181378 -0.00091210 0.10503025
v -0.01170213 -0.00093989 0.10506018
v -0.01158980 -0.00096605 0.10508572
v -0.01147706 -0.00099055 0.10510688
v -0.01136093 -0.00087614 0.10517107
v -0.01203641 -0.00253720 0.10384787
v -0.01211404 -0.00278039 0.10354497
v -0.01227051 -0.00316594 0.10297985
v -0.01217249 -0.00274990 0.10354480
v -0.01215212 -0.00247733 0.10384234
v -0.01147353 -0.00085596 0.10515279
v -0.01158600 -0.00083431 0.10513014
v -0.01169807 -0.00081121 0.10510310
v -0.01180946 -0.00078669 0.10507163
v -0.01191988 -0.00076079 0.10503574
v -0.01158253 -0.00068566 0.10517267
v -0.01169434 -0.00066612 0.10514416
v -0.01180547 -0.00064539 0.10511120
v -0.01191566 -0.00062350 0.10507379
v -0.01232961 -0.00313420 0.10298283
v -0.01254732 -0.00340768 0.10245455
v -0.01238834 -0.00310124 0.10298496
v -0.01244665 -0.00306708 0.10298623
v -0.01223059 -0.00271831 0.10354373
v -0.01177223 -0.00186808 0.10454707
v -0.01186835 -0.00167850 0.10463540
v -0.01185013 -0.00150340 0.10474865
v -0.01196236 -0.00145946 0.10472376
v -0.01194340 -0.00123129 0.10484874
v -0.01205364 -0.00119052 0.10481547
v -0.01197031 -0.00061213 0.10505342
v -0.01191213 -0.00048114 0.10510593
v -0.01202090 -0.00046257 0.10506279
v -0.01169122 -0.00051556 0.10517886
v -0.01180215 -0.00049881 0.10514462
v -0.01197933 -0.00086744 0.10497710
v -0.01193390 -0.00107958 0.10491905
v -0.01183186 -0.00126992 0.10487770
v -0.01173687 -0.00154477 0.10476930
v -0.01167993 -0.00156447 0.10477805
v -0.01162286 -0.00158351 0.10478575
v -0.01240225 -0.00261708 0.10353502
v -0.01226626 -0.00241342 0.10383303
v -0.01237848 -0.00234559 0.10381990
v -0.01188656 -0.00182104 0.10453220
v -0.01198113 -0.00163099 0.10461373
v -0.01199981 -0.00177091 0.10451322
v -0.01209252 -0.00158070 0.10458788
v -0.01211164 -0.00171777 0.10449012
v -0.01216692 -0.00169010 0.10447701
v -0.01180810 -0.00210117 0.10435456
v -0.01192325 -0.00205076 0.10434396
v -0.01203727 -0.00199691 0.10432936
v -0.01214983 -0.00193970 0.10431073
v -0.01226059 -0.00187924 0.10428806
v -0.01179964 -0.00036027 0.10516937
v -0.01190637 -0.00011993 0.10515600
v -0.01190947 -0.00034659 0.10512972
v -0.01201485 -0.00011250 0.10511087
v -0.01201810 -0.00033222 0.10508563
v -0.01212186 -0.00010473 0.10506132
v -0.01212525 -0.00031719 0.10503712
v -0.01217819 -0.00030943 0.10501125
v -0.01212817 -0.00044314 0.10501526
v -0.01215203 -0.00100450 0.10484314
v -0.01204376 -0.00104295 0.10488325
v -0.01208801 -0.00083575 0.10493619
v -0.01203387 -0.00085178 0.10495719
v -0.01202462 -0.00060048 0.10503196
v -0.01240870 -0.00198984 0.10410249
v -0.01229957 -0.00205679 0.10412542
v -0.01218826 -0.00212036 0.10414439
v -0.01207510 -0.00218042 0.10415940
v -0.01196043 -0.00223686 0.10417047
v -0.01415497 -0.00441121 0.09905627
v -0.01426292 -0.00431348 0.09906873
v -0.01493014 -0.00479416 0.09717602
v -0.01338075 -0.00385884 0.10097598
v -0.01305380 -0.00343438 0.10196130
v -0.01310914 -0.00339120 0.10196203
v -0.01326690 -0.00394365 0.10096591
v -0.01294089 -0.00351710 0.10195738
v -0.01299770 -0.00347636 0.10195974
v -0.01283575 -0.00322015 0.10246463
v -0.01289156 -0.00317903 0.10246413
v -0.01273007 -0.00287894 0.10297955
v -0.01278480 -0.00283800 0.10297556
v -0.01228969 -0.00131292 0.10462370
v -0.01223633 -0.00133880 0.10464299
v -0.01226899 -0.00110291 0.10473611
v -0.01216226 -0.00114770 0.10477791
v -0.01207323 -0.00141300 0.10469462
v -0.01236923 -0.00181566 0.10426137
v -0.01207855 -0.00058857 0.10500940
v -0.01213207 -0.00057639 0.10498574
v -0.01214174 -0.00081935 0.10491411
v -0.01218514 -0.00056395 0.10496102
v -0.01224779 -0.00078549 0.10486675
v -0.01209142 -0.00325381 0.10296597
v -0.01193700 -0.00286515 0.10354014
v -0.01186069 -0.00261924 0.10384919
v -0.01178636 -0.00231453 0.10417979
v -0.01247541 -0.00174911 0.10423069
v -0.01234249 -0.00128648 0.10460337
v -0.01237352 -0.00105624 0.10469014
v -0.01239468 -0.00125950 0.10458201
v -0.01243543 -0.00154138 0.10439616
v -0.01238291 -0.00157245 0.10441436
v -0.01232976 -0.00160288 0.10443155
v -0.01223065 -0.00030152 0.10498429
v -0.01233042 -0.00008823 0.10494932
v -0.01243145 -0.00007953 0.10488705
v -0.01256631 -0.00000001 0.10479847
v -0.01252998 -0.00007057 0.10482080
v -0.01262497 -0.00000000 0.10475455
v -0.01262577 -0.00006135 0.10475069
v -0.01349142 -0.00376889 0.10098297
v -0.01316367 -0.00334685 0.10196194
v -0.01321733 -0.00330136 0.10196103
v -0.01283877 -0.00279602 0.10297069
v -0.01289194 -0.00275302 0.10296494
v -0.01294426 -0.00270904 0.10295830
v -0.01327010 -0.00325475 0.10195929
v -0.01332191 -0.00320708 0.10195672
v -0.01359850 -0.00367404 0.10098686
v -0.01256902 -0.00250654 0.10351797
v -0.01259571 -0.00219882 0.10378218
v -0.01267688 -0.00242797 0.10350197
v -0.01270005 -0.00212025 0.10375763
v -0.01278167 -0.00234573 0.10348228
v -0.01225844 -0.00096432 0.10479876
v -0.01236270 -0.00092249 0.10475018
v -0.01246454 -0.00087910 0.10469751
v -0.01255227 -0.00067609 0.10469980
v -0.01245332 -0.00071378 0.10475948
v -0.01235174 -0.00075028 0.10481517
v -0.01299568 -0.00266410 0.10295077
v -0.01223774 -0.00055125 0.10493521
v -0.01234136 -0.00052514 0.10488045
v -0.01244267 -0.00049809 0.10482157
v -0.01254142 -0.00047018 0.10475869
v -0.01233404 -0.00028525 0.10492722
v -0.01243515 -0.00026841 0.10486602
v -0.01253375 -0.00025104 0.10480082
v -0.01262959 -0.00023319 0.10473177
v -0.01256369 -0.00083427 0.10464086
v -0.01247558 -0.00100781 0.10464010
v -0.01244624 -0.00123201 0.10455965
v -0.01248728 -0.00150967 0.10437696
v -0.01266981 -0.00180879 0.10402811
v -0.01258883 -0.00144447 0.10433563
v -0.01307445 -0.00207947 0.10340158
v -0.01438445 -0.00589341 0.09498560
v -0.01504782 -0.00620866 0.09309535
v -0.01491948 -0.00624318 0.09305383
v -0.01270754 -0.00366726 0.10193993
v -0.01258793 -0.00373438 0.10192657
v -0.01291051 -0.00416505 0.10091811
v -0.01278823 -0.00422737 0.10089665
v -0.01311399 -0.00457937 0.09990479
v -0.01298968 -0.00463577 0.09987733
v -0.01331795 -0.00493407 0.09889514
v -0.01319224 -0.00498398 0.09886308
v -0.01397769 -0.00541873 0.09696508
v -0.01385077 -0.00546793 0.09692958
v -0.01530483 -0.00611936 0.09317545
v -0.01517642 -0.00616742 0.09313595
v -0.01637131 -0.00538683 0.09345333
v -0.01543259 -0.00606442 0.09321368
v -0.01555919 -0.00600259 0.09325045
v -0.01410397 -0.00536294 0.09699892
v -0.01422914 -0.00530056 0.09703092
v -0.01344305 -0.00487784 0.09892524
v -0.01356708 -0.00481528 0.09895321
v -0.01323725 -0.00451684 0.09992994
v -0.01335901 -0.00444823 0.09995263
v -0.01303135 -0.00409692 0.10093687
v -0.01315029 -0.00402307 0.10095285
v -0.01282533 -0.00359479 0.10195024
v -0.01288341 -0.00355658 0.10195421
v -0.01272210 -0.00329885 0.10246309
v -0.01277925 -0.00326010 0.10246428
v -0.01261851 -0.00295758 0.10298486
v -0.01267463 -0.00291881 0.10298264
v -0.01245845 -0.00258124 0.10353027
v -0.01248841 -0.00227400 0.10380294
v -0.01251532 -0.00191967 0.10407564
v -0.01252749 -0.00171477 0.10421387
v -0.01253842 -0.00147737 0.10435678
v -0.01249712 -0.00120400 0.10453628
v -0.01257491 -0.00095773 0.10458609
v -0.01359623 -0.00429324 0.09999012
v -0.01347882 -0.00437365 0.09997273
v -0.01381007 -0.00467146 0.09900218
v -0.01368958 -0.00474645 0.09897890
v -0.01447424 -0.00515629 0.09708878
v -0.01435273 -0.00523165 0.09706093
v -0.01580693 -0.00585847 0.09331892
v -0.01568414 -0.00593391 0.09328558
v -0.01382205 -0.00411577 0.10001637
v -0.01371078 -0.00420720 0.10000470
v -0.01404322 -0.00450362 0.09904096
v -0.01392811 -0.00459046 0.09902290
v -0.01470916 -0.00498691 0.09713747
v -0.01459321 -0.00507465 0.09711434
v -0.01604403 -0.00568795 0.09337954
v -0.01592706 -0.00577642 0.09335028
v -0.01482161 -0.00489331 0.09715806
v -0.01626660 -0.00549283 0.09343117
v -0.01615737 -0.00559332 0.09340654
v -0.01333844 -0.00000001 0.10397077
v -0.01339412 -0.00000004 0.10387859
v -0.01347481 0.00158776 0.10320149
v -0.01080132 0.00056302 0.10530695
v -0.01080169 0.00061448 0.10529582
v -0.01091081 0.00060556 0.10529578
v -0.01080294 0.00076950 0.10525705
v -0.01080335 0.00081458 0.10524426
v -0.01091241 0.00077719 0.10525285
v -0.01112931 0.00028572 0.10533413
v -0.01113044 0.00042693 0.10531382
v -0.01124190 0.00041771 0.10530069
v -0.01132168 0.00141602 0.10495505
v -0.01137856 0.00140208 0.10495065
v -0.01137123 0.00123365 0.10503293
v -0.01145119 0.00163655 0.10480262
v -0.01150849 0.00161954 0.10479802
v -0.01149240 0.00137246 0.10493877
v -0.01154928 0.00135679 0.10493125
v -0.01156574 0.00160185 0.10479239
v -0.01162293 0.00158348 0.10478574
v -0.01160609 0.00134054 0.10492267
v -0.01166280 0.00132372 0.10491304
v -0.01168000 0.00156445 0.10477804
v -0.01173693 0.00154475 0.10476929
v -0.01171936 0.00130634 0.10490233
v -0.01185020 0.00150338 0.10474864
v -0.01202095 0.00046256 0.10506277
v -0.01201816 0.00033221 0.10508560
v -0.01190953 0.00034658 0.10512970
v -0.01208807 0.00083573 0.10493618
v -0.01214179 0.00081933 0.10491409
v -0.01213212 0.00057637 0.10498572
v -0.01218519 0.00056393 0.10496099
v -0.01223779 0.00055124 0.10493519
v -0.01224784 0.00078548 0.10486672
v -0.01235178 0.00075026 0.10481514
v -0.01252753 0.00171474 0.10421386
v -0.01248732 0.00150965 0.10437695
v -0.01243547 0.00154135 0.10439614
v -0.01381160 0.00056267 0.10287041
v -0.01374148 0.00040057 0.10306305
v -0.01367929 0.00054358 0.10321166
v -0.01355608 0.00008043 0.10355271
v -0.01079873 0.00005231 0.10537264
v -0.01090798 0.00016997 0.10536247
v -0.01135148 0.00015159 0.10531453
v -0.01123982 0.00015677 0.10533290
v -0.01146325 0.00014602 0.10529176
v -0.01157490 0.00014006 0.10526454
v -0.01179676 0.00012701 0.10519665
v -0.01190643 0.00011993 0.10515598
v -0.01201491 0.00011250 0.10511085
v -0.01212191 0.00010473 0.10506130
v -0.01222719 0.00009663 0.10500742
v -0.01233047 0.00008823 0.10494929
v -0.01243149 0.00007953 0.10488702
v -0.01253001 0.00007056 0.10482077
v -0.01262581 0.00006135 0.10475066
v -0.01313537 0.00011831 0.10424724
v -0.01320658 0.00009833 0.10415683
v -0.01327374 0.00007823 0.10406431
v -0.01333676 0.00005807 0.10396992
v -0.01369626 0.00027787 0.10318729
v -0.01366692 0.00018451 0.10326792
v -0.01364812 0.00011439 0.10331955
v -0.01363686 0.00006476 0.10335049
v -0.01362972 0.00002708 0.10337012
v -0.01391817 0.00077123 0.10257761
v -0.01397047 0.00112997 0.10240982
v -0.01408006 0.00103647 0.10213282
v -0.01433071 0.00137452 0.10144416
v -0.01259677 0.00114654 0.10448659
v -0.01257495 0.00095771 0.10458606
v -0.01247563 0.00100779 0.10464007
v -0.01257887 0.00167973 0.10419607
v -0.01253847 0.00147734 0.10435677
v -0.01276879 0.00173137 0.10399170
v -0.01271975 0.00177039 0.10401037
v -0.01237357 0.00105622 0.10469013
v -0.01244628 0.00123198 0.10455963
v -0.01249716 0.00120398 0.10453627
v -0.01226903 0.00110289 0.10473609
v -0.01234253 0.00128645 0.10460335
v -0.01239473 0.00125948 0.10458200
v -0.01247546 0.00174908 0.10423068
v -0.01238296 0.00157242 0.10441434
v -0.01216231 0.00114768 0.10477789
v -0.01223638 0.00133878 0.10464298
v -0.01228974 0.00131289 0.10462368
v -0.01217824 0.00030942 0.10501122
v -0.01212530 0.00031718 0.10503710
v -0.01212823 0.00044313 0.10501524
v -0.01205369 0.00119050 0.10481545
v -0.01212812 0.00138883 0.10467844
v -0.01218250 0.00136409 0.10466123
v -0.01232981 0.00160285 0.10443153
v -0.01227607 0.00163261 0.10444771
v -0.01222178 0.00166169 0.10446287
v -0.01216697 0.00169008 0.10447700
v -0.01207860 0.00058855 0.10500938
v -0.01202467 0.00060047 0.10503194
v -0.01203392 0.00085176 0.10495717
v -0.01193396 0.00107956 0.10491903
v -0.01204381 0.00104293 0.10488323
v -0.01215208 0.00100448 0.10484312
v -0.01225849 0.00096430 0.10479873
v -0.01236275 0.00092247 0.10475016
v -0.01246458 0.00087908 0.10469749
v -0.01256373 0.00083425 0.10464084
v -0.01198119 0.00163097 0.10461371
v -0.01186842 0.00167847 0.10463539
v -0.01175457 0.00172312 0.10465288
v -0.01163998 0.00176484 0.10466625
v -0.01197939 0.00086742 0.10497708
v -0.01197037 0.00061211 0.10505340
v -0.01191572 0.00062348 0.10507377
v -0.01191219 0.00048113 0.10510591
v -0.01180221 0.00049880 0.10514461
v -0.01179970 0.00036026 0.10516935
v -0.01168893 0.00037323 0.10520452
v -0.01168616 0.00013372 0.10523284
v -0.01158987 0.00096604 0.10508570
v -0.01159787 0.00117800 0.10500032
v -0.01171070 0.00114715 0.10497757
v -0.01157751 0.00038547 0.10523522
v -0.01169129 0.00051555 0.10517884
v -0.01180554 0.00064537 0.10511117
v -0.01191994 0.00076077 0.10503572
v -0.01148462 0.00120684 0.10501875
v -0.01147713 0.00099053 0.10510686
v -0.01147361 0.00085594 0.10515277
v -0.01211169 0.00171774 0.10449010
v -0.01199987 0.00177089 0.10451321
v -0.01139390 0.00165289 0.10480620
v -0.01143548 0.00138756 0.10494523
v -0.01183192 0.00126990 0.10487769
v -0.01196242 0.00145943 0.10472374
v -0.01209257 0.00158067 0.10458787
v -0.01147039 0.00070399 0.10519674
v -0.01158607 0.00083429 0.10513012
v -0.01170220 0.00093988 0.10506016
v -0.01182283 0.00111432 0.10495048
v -0.01194346 0.00123126 0.10484873
v -0.01207329 0.00141297 0.10469460
v -0.01146568 0.00039697 0.10526145
v -0.01157970 0.00053134 0.10520861
v -0.01169440 0.00066611 0.10514414
v -0.01180952 0.00078668 0.10507161
v -0.01192451 0.00088270 0.10499589
v -0.01115156 0.00145435 0.10496215
v -0.01127205 0.00156774 0.10488138
v -0.01126486 0.00142938 0.10495842
v -0.01133665 0.00166855 0.10480879
v -0.01181384 0.00091208 0.10503023
v -0.01169814 0.00081120 0.10510308
v -0.01158260 0.00068565 0.10517266
v -0.01146772 0.00054618 0.10523393
v -0.01135373 0.00040772 0.10528325
v -0.01124067 0.00027886 0.10532042
v -0.01112853 0.00016156 0.10534696
v -0.01125798 0.00125840 0.10504291
v -0.01125151 0.00103447 0.10513629
v -0.01114512 0.00128111 0.10504880
v -0.01104536 0.00161851 0.10488128
v -0.01105210 0.00173666 0.10480710
v -0.01116544 0.00171144 0.10481063
v -0.01101959 0.00043540 0.10532273
v -0.01101856 0.00029201 0.10534360
v -0.01101784 0.00016596 0.10535678
v -0.01091657 0.00108765 0.10514941
v -0.01103009 0.00119522 0.10509878
v -0.01102743 0.00107161 0.10514904
v -0.01113915 0.00105388 0.10514470
v -0.01092720 0.00149739 0.10495797
v -0.01093327 0.00164013 0.10487557
v -0.01127946 0.00168353 0.10481037
v -0.01115837 0.00159439 0.10488325
v -0.01103893 0.00147702 0.10496195
v -0.01103291 0.00130177 0.10505069
v -0.01091899 0.00121269 0.10509793
v -0.01080611 0.00105561 0.10516383
v -0.01080585 0.00103630 0.10517103
v -0.01092158 0.00132040 0.10504870
v -0.01081008 0.00128116 0.10506941
v -0.01081062 0.00130553 0.10505802
v -0.01081615 0.00150249 0.10495751
v -0.01081854 0.00156878 0.10492019
v -0.01082526 0.00172014 0.10482793
v -0.01093968 0.00175920 0.10479990
v -0.01082843 0.00177910 0.10478918
v -0.01080482 0.00095489 0.10519995
v -0.01091436 0.00094207 0.10520217
v -0.01102497 0.00092780 0.10520051
v -0.01113644 0.00091205 0.10519484
v -0.01124853 0.00089483 0.10518505
v -0.01136426 0.00101335 0.10512371
v -0.01102098 0.00059566 0.10529177
v -0.01102279 0.00076502 0.10524993
v -0.01113199 0.00058477 0.10528368
v -0.01113401 0.00075162 0.10524295
v -0.01124361 0.00057290 0.10527140
v -0.01124584 0.00073698 0.10523182
v -0.01135805 0.00072110 0.10521644
v -0.01136100 0.00087613 0.10517106
v -0.01090956 0.00044310 0.10532755
v -0.01090864 0.00029775 0.10534894
v -0.01079915 0.00017360 0.10536413
v -0.01079939 0.00022795 0.10535892
v -0.01079987 0.00032626 0.10534726
v -0.01080058 0.00045006 0.10532837
v -0.01080091 0.00050137 0.10531913
v -0.01135560 0.00056003 0.10525484
v -0.01347996 0.00058300 0.10362557
v -0.01352931 0.00050434 0.10354909
v -0.01346249 0.00016772 0.10374027
v -0.01364195 0.00063349 0.10328221
v -0.01351146 0.00012394 0.10364695
v -0.01359973 0.00072403 0.10335156
v -0.01355257 0.00081497 0.10341949
v -0.01385950 0.00146021 0.10256226
v -0.01338885 0.00050106 0.10380936
v -0.01342586 0.00066179 0.10370049
v -0.01332875 0.00056878 0.10388877
v -0.01322323 0.00034350 0.10409953
v -0.01328950 0.00029966 0.10401233
v -0.01335150 0.00025568 0.10392322
v -0.01340917 0.00021166 0.10383245
v -0.01381176 0.00157118 0.10260968
v -0.01350044 0.00090610 0.10348579
v -0.01344335 0.00099715 0.10355020
v -0.01336701 0.00074053 0.10377361
v -0.01330346 0.00081899 0.10384469
v -0.01326412 0.00063627 0.10396621
v -0.01319502 0.00070335 0.10404141
v -0.01323527 0.00089697 0.10391351
v -0.01312154 0.00076986 0.10411414
v -0.01316252 0.00097425 0.10397982
v -0.01304379 0.00083559 0.10418417
v -0.01317417 0.00057239 0.10411042
v -0.01310020 0.00063014 0.10418747
v -0.01302209 0.00068724 0.10426185
v -0.01293996 0.00074353 0.10433331
v -0.01340446 0.00168944 0.10324739
v -0.01324266 0.00126731 0.10372995
v -0.01316625 0.00135548 0.10378464
v -0.01308532 0.00105060 0.10404340
v -0.01300382 0.00112582 0.10410406
v -0.01283102 0.00055679 0.10449833
v -0.01291715 0.00051530 0.10442432
v -0.01299959 0.00047311 0.10434721
v -0.01307817 0.00043034 0.10426721
v -0.01315275 0.00038710 0.10418458
v -0.01308528 0.00144227 0.10383638
v -0.01304315 0.00148506 0.10386109
v -0.01291818 0.00119967 0.10416157
v -0.01299994 0.00152741 0.10388499
v -0.01295569 0.00156928 0.10390805
v -0.01296191 0.00090039 0.10425129
v -0.01287607 0.00096405 0.10431528
v -0.01278646 0.00102641 0.10437594
v -0.01306764 0.00028852 0.10430698
v -0.01298880 0.00032011 0.10439013
v -0.01290619 0.00035128 0.10447042
v -0.01281997 0.00038194 0.10454762
v -0.01273030 0.00041203 0.10462153
v -0.01291042 0.00161064 0.10393029
v -0.01286416 0.00165147 0.10395165
v -0.01281694 0.00169172 0.10397212
v -0.01282861 0.00127195 0.10421576
v -0.01278240 0.00130744 0.10424155
v -0.01269328 0.00108729 0.10443310
v -0.01273530 0.00134246 0.10426645
v -0.01264839 0.00063729 0.10463625
v -0.01267127 0.00090611 0.10452822
v -0.01269528 0.00061751 0.10460310
v -0.01271824 0.00087978 0.10449791
v -0.01274136 0.00059749 0.10456905
v -0.01276436 0.00085312 0.10446669
v -0.01285399 0.00079888 0.10440166
v -0.01262350 0.00093209 0.10455761
v -0.01258887 0.00144444 0.10433561
v -0.01263850 0.00141098 0.10431350
v -0.01268732 0.00137698 0.10429044
v -0.01234141 0.00052512 0.10488043
v -0.01245336 0.00071377 0.10475945
v -0.01244271 0.00049808 0.10482154
v -0.01255231 0.00067608 0.10469978
v -0.01254146 0.00047017 0.10475866
v -0.01260072 0.00065682 0.10466848
v -0.01263740 0.00044147 0.10469194
v -0.01306020 0.00013814 0.10433528
v -0.01298118 0.00015776 0.10442071
v -0.01289844 0.00017712 0.10450329
v -0.01281216 0.00019618 0.10458280
v -0.01272248 0.00021488 0.10465901
v -0.01262963 0.00023318 0.10473175
v -0.01253379 0.00025103 0.10480079
v -0.01243520 0.00026840 0.10486599
v -0.01233408 0.00028524 0.10492720
v -0.01223070 0.00030151 0.10498427
v -0.01393879 0.00123930 0.10246214
v -0.01390183 0.00134948 0.10251302
v -0.01331439 0.00117802 0.10367250
v -0.01334846 0.00113303 0.10364281
v -0.01338131 0.00108787 0.10361251
v -0.01375856 0.00168207 0.10265505
v -0.01622401 0.00057453 0.09624237
v -0.01658539 0.00048209 0.09524947
v -0.01658539 -0.00048209 0.09524947
v -0.01622401 -0.00057453 0.09624237
v -0.00990605 -0.00576881 0.09031424
v -0.00990133 -0.00571015 0.09031424
v -0.00996533 -0.00601581 0.09031424
v -0.00994482 -0.00595599 0.09031424
v -0.00994467 -0.00595548 0.09031424
v -0.00992808 -0.00589496 0.09031424
v -0.00992785 -0.00589390 0.09031424
v -0.00991507 -0.00583224 0.09031424
v -0.01008319 -0.00623838 0.09031424
v -0.01001778 -0.00613173 0.09031424
v -0.01016144 -0.00633619 0.09031424
v -0.01016084 -0.00633550 0.09031424
v -0.01012116 -0.00628896 0.09031424
v -0.01045515 -0.00655873 0.09031424
v -0.01040086 -0.00652949 0.09031424
v -0.01034971 -0.00649783 0.09031424
v -0.01034913 -0.00649744 0.09031424
v -0.01029986 -0.00646254 0.09031424
v -0.01029806 -0.00646117 0.09031424
v -0.01025092 -0.00642318 0.09031424
v -0.01051268 -0.00658527 0.09031424
v -0.01045733 -0.00655987 0.09031424
v -0.01080649 -0.00665928 0.09031424
v -0.01074786 -0.00665204 0.09031424
v -0.01074723 -0.00665193 0.09031424
v -0.01068901 -0.00664108 0.09031424
v -0.01090000 -0.00666442 0.09031424
v -0.01087031 -0.00666396 0.09031424
v -0.01080849 -0.00665952 0.09031424
v -0.01833498 -0.00427367 0.09031424
v -0.01830621 -0.00441064 0.09031424
v -0.01826482 -0.00456459 0.09031424
v -0.01822668 -0.00468432 0.09031424
v -0.01822041 -0.00470111 0.09031424
v -0.01817566 -0.00482001 0.09031424
v -0.01816842 -0.00483671 0.09031424
v -0.01810879 -0.00497085 0.09031424
v -0.01805087 -0.00508640 0.09031424
v -0.01797717 -0.00521600 0.09031424
v -0.01796664 -0.00523255 0.09031424
v -0.01788431 -0.00535899 0.09031424
v -0.01780777 -0.00546528 0.09031424
v -0.01779467 -0.00548175 0.09031424
v -0.01769799 -0.00560029 0.09031424
v -0.01837145 -0.00400182 0.09031424
v -0.01539948 -0.00664794 0.09031424
v -0.01570714 -0.00663031 0.09031424
v -0.01632320 -0.00649937 0.09031424
v -0.01617947 -0.00654137 0.09031424
v -0.01614372 -0.00655033 0.09031424
v -0.01585217 -0.00661052 0.09031424
v -0.01657665 -0.00640633 0.09031424
v -0.01688217 -0.00625993 0.09031424
v -0.01674596 -0.00633050 0.09031424
v -0.01671748 -0.00634375 0.09031424
v -0.01714404 -0.00609802 0.09031424
v -0.01712119 -0.00611318 0.09031424
v -0.01724756 -0.00602264 0.09031424
v -0.01701505 -0.00618238 0.09031424
v -0.01699035 -0.00619703 0.09031424
v -0.01646590 -0.00645025 0.09031424
v -0.01643369 -0.00646161 0.09031424
v -0.01835390 -0.00415463 0.09031424
v -0.01114092 -0.00666565 0.09031424
v -0.00990131 -0.00570965 0.09031424
v -0.00991506 -0.00583223 0.09031424
v -0.01004870 -0.00618588 0.09031424
v -0.01004843 -0.00618543 0.09031424
v -0.01001705 -0.00613033 0.09031424
v -0.00998974 -0.00607464 0.09031424
v -0.00998966 -0.00607447 0.09031424
v -0.01020449 -0.00638075 0.09031424
v -0.01012085 -0.00628858 0.09031424
v -0.01040229 -0.00653038 0.09031424
v -0.01025072 -0.00642301 0.09031424
v -0.01056969 -0.00660731 0.09031424
v -0.01051171 -0.00658484 0.09031424
v -0.01045671 -0.00655957 0.09031424
v -0.01068645 -0.00664052 0.09031424
v -0.01062887 -0.00662608 0.09031424
v -0.01062847 -0.00662597 0.09031424
v -0.01838167 -0.00376546 0.09031424
v -0.01837532 -0.00391602 0.09031424
v -0.01833139 -0.00429087 0.09031424
v -0.01830176 -0.00442768 0.09031424
v -0.01827017 -0.00454769 0.09031424
v -0.01811706 -0.00495421 0.09031424
v -0.01804151 -0.00510299 0.09031424
v -0.01789608 -0.00534247 0.09031424
v -0.01771251 -0.00558390 0.09031424
v -0.01761058 -0.00569784 0.09031424
v -0.01836954 -0.00401941 0.09031424
v -0.01835664 -0.00413724 0.09031424
v -0.01549640 -0.00664651 0.09031424
v -0.01560486 -0.00664065 0.09031424
v -0.01550633 -0.00664633 0.09031424
v -0.01599787 -0.00658392 0.09031424
v -0.01589110 -0.00660441 0.09031424
v -0.01628918 -0.00650960 0.09031424
v -0.01603526 -0.00657634 0.09031424
v -0.01574748 -0.00662578 0.09031424
v -0.01759455 -0.00571411 0.09031424
v -0.01750234 -0.00580662 0.09031424
v -0.01685558 -0.00627394 0.09031424
v -0.01660702 -0.00639396 0.09031424
v -0.01736890 -0.00592571 0.09031424
v -0.01726860 -0.00600708 0.09031424
v -0.01748471 -0.00582274 0.09031424
v -0.01738819 -0.00590983 0.09031424
v -0.01114089 -0.00666565 0.09031424
v -0.01112964 -0.00666562 0.09031424
v -0.01103221 -0.00666530 0.09031424
v -0.00990000 -0.00565852 0.09031424
v -0.00790000 0.00178179 0.10348343
v -0.00790207 0.00178179 0.10356815
v -0.00790320 0.00178179 0.10359960
v -0.00805268 0.00178179 0.10420336
v -0.00799842 0.00178179 0.10407560
v -0.00797353 0.00178179 0.10400222
v -0.00795218 0.00178179 0.10392713
v -0.00884121 0.00178179 0.10478352
v -0.00879878 0.00178179 0.10477890
v -0.00865317 0.00178179 0.10474859
v -0.00859239 0.00178179 0.10472761
v -0.00853298 0.00178179 0.10470214
v -0.00847902 0.00178179 0.10467430
v -0.00843567 0.00178179 0.10464831
v -0.00847515 0.00178179 0.10467231
v -0.00831328 0.00178179 0.10455436
v -0.00826386 0.00178179 0.10450675
v -0.00821701 0.00178179 0.10445549
v -0.00824433 0.00178179 0.10448538
v -0.00817296 0.00178179 0.10440088
v -0.00813174 0.00178179 0.10434300
v -0.00809355 0.00178179 0.10428216
v -0.00808809 0.00178179 0.10427225
v -0.00792034 0.00178179 0.10376542
v -0.01448358 0.00178179 0.10099874
v -0.01452606 0.00178179 0.10088824
v -0.01265084 0.00178179 0.10406321
v -0.01272321 0.00178179 0.10399842
v -0.01277410 0.00178179 0.10394863
v -0.01249789 0.00178179 0.10418931
v -0.01237118 0.00178179 0.10428264
v -0.01235204 0.00178179 0.10429582
v -0.01236300 0.00178179 0.10428842
v -0.01224324 0.00178179 0.10436635
v -0.01221239 0.00178179 0.10438538
v -0.01152934 0.00178179 0.10468816
v -0.01158966 0.00178179 0.10467031
v -0.01183371 0.00178179 0.10458055
v -0.01188162 0.00178179 0.10456059
v -0.01166170 0.00178179 0.10464668
v -0.01176175 0.00178179 0.10461005
v -0.01140485 0.00178179 0.10471951
v -0.01152298 0.00178179 0.10469004
v -0.01212271 0.00178179 0.10443833
v -0.01200956 0.00178179 0.10450013
v -0.01105540 0.00178179 0.10477571
v -0.01082859 0.00178179 0.10478736
v -0.01089971 0.00178179 0.10478560
v -0.01117085 0.00178179 0.10476226
v -0.01138511 0.00178179 0.10472393
v -0.01350489 0.00178179 0.10302669
v -0.01357418 0.00178179 0.10291606
v -0.01332610 0.00178179 0.10329960
v -0.01333508 0.00178179 0.10328709
v -0.01332349 0.00178179 0.10330306
v -0.01293068 0.00178179 0.10378747
v -0.01290530 0.00178179 0.10381500
v -0.01257416 0.00178179 0.10412784
v -0.01260352 0.00178179 0.10410353
v -0.01279822 0.00178179 0.10392500
v -0.01284501 0.00178179 0.10387771
v -0.01397225 0.00178179 0.10216408
v -0.01423703 0.00178179 0.10158802
v -0.01309107 0.00178179 0.10359751
v -0.01315069 0.00178179 0.10352530
v -0.01270493 0.00178179 0.10401563
v -0.01369506 0.00178179 0.10271213
v -0.00964470 0.00178179 0.10478689
v -0.00890000 0.00178179 0.10478632
v -0.01720050 0.00178179 0.09355948
v -0.01565225 0.00178179 0.09781327
v -0.01472163 0.00178179 0.10037013
v -0.01471778 0.00178179 0.10038069
v -0.01471617 0.00178179 0.10038512
v -0.01838167 0.00178179 0.09031424
v -0.00790019 0.00178179 0.10351306
v -0.00790405 0.00178179 0.10361007
v -0.00790992 0.00178179 0.10368278
v -0.00805853 0.00178179 0.10421609
v -0.00802679 0.00178179 0.10414699
v -0.00795316 0.00178179 0.10393058
v -0.00877785 0.00178179 0.10477663
v -0.00871507 0.00178179 0.10476496
v -0.00860537 0.00178179 0.10473209
v -0.00841755 0.00178179 0.10463668
v -0.00841912 0.00178179 0.10463783
v -0.00835777 0.00178179 0.10459193
v -0.00836509 0.00178179 0.10459812
v -0.00814147 0.00178179 0.10435667
v -0.00794936 0.00178179 0.10391497
v -0.00793443 0.00178179 0.10384718
v -0.01361955 0.00178179 0.10284095
v -0.01470765 0.00178179 0.10040853
v -0.01254347 0.00178179 0.10415299
v -0.01248311 0.00178179 0.10420095
v -0.01242328 0.00178179 0.10424575
v -0.01226674 0.00178179 0.10435113
v -0.01164196 0.00178179 0.10465376
v -0.01151530 0.00178179 0.10469212
v -0.01197525 0.00178179 0.10451733
v -0.01200168 0.00178179 0.10450434
v -0.01094126 0.00178179 0.10478400
v -0.01128740 0.00178179 0.10474356
v -0.01345102 0.00178179 0.10311220
v -0.01287005 0.00178179 0.10385187
v -0.01410676 0.00178179 0.10187811
v -0.01436274 0.00178179 0.10129463
v -0.01320975 0.00178179 0.10345156
v -0.01383384 0.00178179 0.10244518
v -0.01370561 0.00178179 0.10269401
v -0.01070397 0.00178179 0.10478736
v -0.00790000 0.00178179 0.09537500
v -0.00990000 0.00178179 0.09031424
f 2013 2203 2097
f 1647 1663 1660
f 1114 1116 2097
f 1116 1114 1115
f 1115 1114 1113
f 700 699 36
f 670 669 694
f 686 55 687
f 37 39 694
f 1010 1007 1369
f 766 775 785
f 774 766 785
f 823 807 838
f 806 807 823
f 1692 1690 1701
f 1286 1204 1285
f 1112 1114 2097
f 1113 1114 1112
f 1321 1115 1113
f 1321 1322 1115
f 2014 2013 2097
f 2014 1120 2013
f 2203 2013 2198
f 2013 1120 2012
f 1120 2199 2012
f 2199 2198 2012
f 2012 2198 2013
f 675 699 700
f 700 36 32
f 44 45 33
f 695 670 694
f 694 39 695
f 695 696 671
f 671 670 695
f 698 699 674
f 674 673 698
f 699 675 674
f 674 675 25
f 698 673 697
f 697 33 698
f 34 45 2016
f 2016 2017 34
f 677 652 6
f 60 46 59
f 662 661 686
f 686 687 662
f 662 687 663
f 46 48 690
f 38 2019 40
f 50 51 52
f 47 48 46
f 2082 47 2024
f 1648 1361 1647
f 1369 1007 1368
f 1368 1370 1369
f 1111 21 1110
f 21 22 1110
f 795 775 796
f 795 785 775
f 807 785 795
f 807 806 794
f 794 785 807
f 2204 809 2129
f 825 809 2204
f 1278 2047 2048
f 1693 2119 2069
f 1704 1702 1703
f 2105 1285 2058
f 1284 1285 1206
f 1206 1285 1204
f 1204 1262 1206
f 1212 1281 1282
f 1282 1210 1212
f 1045 1262 1204
f 1570 1045 1261
f 1261 1045 1204
f 1261 1204 1286
f 1286 1662 1261
f 1264 1216 1195
f 1248 1215 1264
f 1215 1216 1264
f 2098 1112 2097
f 2097 1120 2015
f 2015 2014 2097
f 1120 2014 2015
f 2097 1116 1117
f 1117 1120 2097
f 1116 1115 1117
f 2200 2199 1120
f 1306 1311 1310
f 43 697 696
f 33 697 43
f 43 42 44
f 44 33 43
f 24 674 25
f 673 674 24
f 30 34 2017
f 2017 2080 30
f 31 32 30
f 30 2128 31
f 30 2080 2128
f 30 32 36
f 36 34 30
f 35 34 36
f 698 33 35
f 35 33 45
f 45 34 35
f 35 699 698
f 35 36 699
f 75 76 62
f 679 71 680
f 62 63 64
f 68 55 686
f 68 69 55
f 80 22 21
f 80 79 81
f 21 79 80
f 84 71 679
f 84 85 71
f 6 1106 7
f 7 1106 1105
f 57 687 55
f 57 56 59
f 663 664 262
f 264 262 664
f 665 690 666
f 665 264 664
f 666 266 665
f 266 264 665
f 46 690 689
f 689 665 664
f 690 665 689
f 689 59 46
f 691 48 50
f 691 690 48
f 691 667 666
f 666 690 691
f 2018 2019 38
f 37 52 53
f 53 52 51
f 2020 2021 42
f 42 40 2020
f 2020 40 2019
f 2026 56 2087
f 2024 47 61
f 61 46 60
f 61 47 46
f 2025 51 2083
f 47 2082 49
f 49 51 50
f 2082 2083 49
f 49 2083 51
f 50 48 49
f 48 47 49
f 2087 56 70
f 55 69 70
f 70 57 55
f 56 57 70
f 60 59 58
f 59 56 58
f 56 2026 58
f 69 68 67
f 77 63 62
f 62 76 77
f 2115 1648 2065
f 2061 2079 1010
f 2061 1010 1369
f 2044 79 1008
f 1008 2043 2044
f 78 79 21
f 1369 1370 1371
f 1371 1033 1369
f 1032 1033 1371
f 6 652 651
f 652 238 651
f 1032 1371 1372
f 1702 1704 1698
f 1693 1664 1666
f 808 795 796
f 796 809 808
f 808 809 825
f 823 838 850
f 2206 838 2205
f 824 838 807
f 824 808 2131
f 807 795 824
f 795 808 824
f 825 2204 2130
f 2130 808 825
f 2131 808 2130
f 2100 2101 1277
f 1277 1278 1317
f 1274 1310 1317
f 2052 2053 1281
f 2045 1275 2078
f 1320 1321 1113
f 1320 1275 1314
f 1314 1321 1320
f 1647 1660 1661
f 1661 1648 1647
f 2077 2063 1660
f 2067 2076 1663
f 2120 1664 2070
f 2075 2068 1692
f 1214 1215 1248
f 2072 2074 1701
f 2073 2071 1700
f 1700 1698 1704
f 2059 2106 1286
f 1284 1206 1208
f 1208 1207 1210
f 2056 2057 1284
f 1210 1282 1283
f 1284 1208 1283
f 1283 1208 1210
f 1262 1045 1046
f 1210 1207 1209
f 1209 1211 1212
f 1212 1210 1209
f 1209 1214 1211
f 1215 1214 1209
f 1209 1216 1215
f 1207 1216 1209
f 1570 1261 1571
f 1571 1569 1570
f 1702 1569 1571
f 1703 1702 1571
f 1571 1662 1703
f 1571 1261 1662
f 1179 1164 1178
f 1163 1046 1618
f 1164 1046 1163
f 1205 1206 1262
f 1205 1208 1206
f 1207 1208 1205
f 1181 1264 1195
f 1178 1164 1177
f 1164 1163 1177
f 1230 1250 1249
f 1249 1214 1248
f 1118 1123 1124
f 1115 1322 1118
f 1118 1117 1115
f 1122 1123 1118
f 1118 1323 1122
f 1322 1323 1118
f 1124 1123 1121
f 1120 1117 1121
f 1122 1120 1121
f 1121 1123 1122
f 1126 1771 2201
f 1299 1272 1287
f 1306 1272 1299
f 1298 1301 1297
f 1298 1303 1301
f 1934 1935 1933
f 1933 1925 1934
f 41 695 39
f 696 695 41
f 41 43 696
f 41 39 38
f 38 40 41
f 41 40 42
f 42 43 41
f 851 971 970
f 811 971 851
f 672 278 671
f 672 697 673
f 671 696 672
f 696 697 672
f 669 670 274
f 279 278 280
f 673 24 280
f 280 672 673
f 278 672 280
f 715 777 776
f 598 597 622
f 71 85 86
f 72 75 73
f 73 86 72
f 71 86 73
f 73 680 71
f 74 75 72
f 76 75 74
f 685 68 686
f 684 64 66
f 66 685 684
f 68 685 66
f 66 67 68
f 237 238 240
f 240 238 652
f 22 80 676
f 676 80 677
f 676 677 6
f 678 84 679
f 677 84 678
f 677 80 82
f 82 84 677
f 82 80 81
f 1107 1110 22
f 22 7 1107
f 1107 7 1105
f 663 687 688
f 688 664 663
f 688 689 664
f 59 689 688
f 687 57 688
f 688 57 59
f 50 52 692
f 692 691 50
f 668 667 692
f 667 691 692
f 37 53 54
f 38 39 54
f 39 37 54
f 54 2018 38
f 2086 2018 54
f 54 53 2086
f 2084 51 2025
f 2084 53 51
f 2022 2023 44
f 44 42 2022
f 42 2021 2022
f 2081 45 44
f 44 2023 2081
f 2016 45 2081
f 2027 2028 60
f 60 58 2027
f 2027 58 2026
f 2024 61 2088
f 60 2028 2088
f 2088 61 60
f 2087 70 2090
f 2090 70 69
f 83 2094 85
f 85 84 83
f 83 82 81
f 84 82 83
f 1034 2110 2111
f 1369 1033 1034
f 2062 2110 1034
f 2116 1033 2066
f 1361 1648 1649
f 1649 1032 1361
f 1649 1033 1032
f 2109 2061 1369
f 1009 1008 79
f 79 78 1009
f 2043 1008 1009
f 1007 1010 1009
f 1009 78 1007
f 23 1368 1007
f 1007 78 23
f 23 21 1111
f 23 78 21
f 236 651 238
f 236 238 237
f 1104 1106 6
f 1111 1110 1109
f 1110 1372 1109
f 1109 1370 1111
f 1109 1371 1370
f 1109 1372 1371
f 1701 1690 1699
f 1699 1700 1701
f 1698 1700 1699
f 1697 1698 1699
f 1697 1686 1696
f 1696 1698 1697
f 1702 1698 1696
f 1696 1569 1702
f 1570 1569 1694
f 1694 1045 1570
f 1694 1046 1045
f 1693 1666 1691
f 1691 1692 1693
f 1690 1692 1691
f 1617 1616 1618
f 1671 1650 1672
f 1672 1575 1686
f 1595 1475 1477
f 1477 1594 1595
f 1595 1594 1421
f 2152 838 2206
f 2152 850 838
f 2133 946 2134
f 1005 946 1004
f 1001 1002 2150
f 988 970 989
f 989 970 971
f 989 1001 1000
f 2144 997 2145
f 1962 1974 1971
f 1961 1974 1962
f 1971 2184 1962
f 1975 1972 1971
f 1971 1974 1975
f 1961 1959 1960
f 1960 1974 1961
f 1960 1959 1958
f 1931 1926 1932
f 1304 1139 1138
f 1706 1290 1292
f 1706 1304 1290
f 1139 1304 1706
f 1257 1258 1241
f 1448 1449 1155
f 899 724 725
f 1155 1449 1352
f 1155 1352 1158
f 523 486 484
f 483 481 484
f 451 450 489
f 451 493 452
f 489 450 487
f 449 487 450
f 2046 1276 2099
f 1316 1276 1277
f 1277 1317 1316
f 1316 1310 1311
f 1316 1317 1310
f 1279 1280 1319
f 2049 2050 1279
f 2102 1280 2051
f 2108 1320 2107
f 2064 1661 2114
f 1211 1251 1271
f 1271 1269 1211
f 1251 1250 1271
f 1250 1269 1271
f 1267 1269 1250
f 1274 1211 1267
f 1211 1269 1267
f 1213 1251 1211
f 1211 1214 1213
f 1213 1250 1251
f 1213 1249 1250
f 1214 1249 1213
f 2117 2118 1662
f 2124 1703 2123
f 2121 2122 1704
f 2103 2054 1282
f 2104 1283 2055
f 1262 1046 1047
f 1047 1205 1262
f 1047 1046 1164
f 1164 1179 1047
f 1180 1181 1195
f 1180 1179 1178
f 1195 1179 1180
f 1538 1620 1679
f 1679 1620 1580
f 1226 1272 1268
f 1230 1260 1228
f 1228 1258 1226
f 1259 1241 1258
f 1258 1228 1259
f 1259 1228 1260
f 1119 1118 1124
f 1117 1118 1119
f 1124 1121 1119
f 1119 1121 1117
f 1129 1126 1120
f 1129 1120 1122
f 1122 1323 1324
f 1323 1303 1324
f 1774 1776 1775
f 2201 1771 1745
f 1309 1303 1323
f 1309 1323 1322
f 1301 1303 1309
f 1309 1308 1301
f 1297 1301 1300
f 1301 1308 1300
f 2006 2235 2153
f 2153 1774 2006
f 1949 1950 1948
f 1949 1707 2008
f 1948 1707 1949
f 2010 1707 1935
f 1933 1935 2011
f 1935 1707 2011
f 2232 1948 2182
f 2193 1959 1961
f 826 811 851
f 434 27 433
f 306 141 711
f 389 388 384
f 26 24 25
f 671 278 276
f 276 670 671
f 276 274 670
f 270 667 668
f 496 497 495
f 604 605 579
f 715 776 18
f 18 776 124
f 844 817 832
f 589 564 638
f 241 240 242
f 621 622 597
f 72 86 2091
f 2096 86 85
f 2096 2091 86
f 682 75 62
f 679 680 655
f 67 66 65
f 63 2031 65
f 65 64 63
f 65 66 64
f 6 7 8
f 8 676 6
f 8 7 22
f 22 676 8
f 1374 1372 1110
f 598 622 623
f 623 599 598
f 693 37 694
f 668 692 693
f 693 52 37
f 693 692 52
f 694 669 693
f 669 668 693
f 2086 53 2085
f 53 2084 2085
f 69 67 2034
f 2034 67 2033
f 2033 67 2032
f 67 65 2032
f 2032 65 2031
f 63 77 2089
f 2038 2039 81
f 81 79 2038
f 2038 79 2044
f 2094 83 2041
f 2126 2127 1010
f 1010 2127 2042
f 1370 1368 1006
f 1368 23 1006
f 1111 1370 1006
f 1006 23 1111
f 1454 1545 1431
f 1519 1545 1454
f 6 651 650
f 650 1104 6
f 1687 1686 1697
f 1671 1672 1687
f 1687 1672 1686
f 1668 1691 1666
f 1611 1694 1572
f 1695 1696 1686
f 1695 1572 1694
f 1569 1696 1695
f 1695 1694 1569
f 1686 1575 1695
f 1575 1572 1695
f 1619 1694 1611
f 1046 1694 1619
f 1613 1617 1619
f 1618 1046 1619
f 1619 1617 1618
f 1611 1612 1619
f 1612 1613 1619
f 1378 1381 1336
f 1378 1377 1381
f 1466 1655 1367
f 1467 1655 1466
f 1366 1464 1367
f 1377 1378 1366
f 1580 1620 1581
f 1620 1614 1581
f 1616 1617 1615
f 1576 1572 1575
f 1676 1576 1675
f 1422 1421 1594
f 1422 1594 1425
f 1425 1424 1422
f 10 9 1100
f 1100 9 1096
f 11 9 10
f 236 9 11
f 850 849 837
f 823 850 837
f 837 806 823
f 822 806 837
f 2218 849 948
f 948 849 850
f 947 946 1005
f 1003 1004 944
f 1002 1003 944
f 944 943 1002
f 846 819 834
f 790 819 802
f 788 817 800
f 134 302 140
f 2149 1001 2150
f 1000 1001 2149
f 999 2148 2146
f 2146 998 999
f 999 998 988
f 988 989 999
f 999 989 1000
f 2147 2145 997
f 969 855 970
f 987 998 997
f 997 986 987
f 988 998 987
f 986 969 987
f 987 970 988
f 987 969 970
f 984 983 966
f 943 2207 2151
f 2150 1002 2151
f 1002 943 2151
f 1958 1950 1952
f 1952 1960 1958
f 1930 1926 1931
f 1931 1766 1930
f 1937 2010 1935
f 1411 643 436
f 1083 643 1411
f 1074 409 185
f 1426 1424 1425
f 1302 1298 1290
f 1290 1304 1302
f 1303 1298 1302
f 1302 1324 1303
f 1302 1304 1138
f 1138 1324 1302
f 1287 1272 1038
f 1041 1258 1257
f 1226 1258 1041
f 1041 1272 1226
f 1288 1040 1254
f 1288 1299 1287
f 1287 1038 1288
f 1288 1038 1040
f 1292 1290 1291
f 1257 1241 1242
f 1242 1243 1257
f 1242 1241 1233
f 1233 1220 1242
f 1254 1040 1255
f 1153 1448 1155
f 1826 1755 1148
f 1148 1463 1826
f 1149 1551 1148
f 424 211 423
f 423 450 424
f 450 451 424
f 420 207 205
f 941 866 867
f 839 905 723
f 964 981 963
f 89 88 90
f 1159 1158 1352
f 145 1749 1064
f 87 89 145
f 88 89 87
f 145 1064 87
f 87 1064 1061
f 479 445 477
f 479 481 445
f 477 480 479
f 480 481 479
f 445 481 446
f 482 481 480
f 482 484 481
f 483 484 485
f 485 484 486
f 422 450 423
f 422 449 450
f 423 211 422
f 1276 1316 1315
f 1275 1276 1315
f 1314 1275 1315
f 1315 1312 1314
f 1311 1312 1315
f 1315 1316 1311
f 1212 1211 1252
f 1211 1319 1252
f 1252 1281 1212
f 1252 1280 1281
f 1252 1319 1280
f 1318 1211 1274
f 1318 1319 1211
f 1274 1317 1318
f 1279 1319 1318
f 1318 1278 1279
f 1318 1317 1278
f 1205 1047 1263
f 1263 1216 1207
f 1207 1205 1263
f 1195 1216 1263
f 1263 1179 1195
f 1263 1047 1179
f 1681 1623 1621
f 1173 1011 1174
f 1624 1621 1623
f 1537 1566 1538
f 1677 1578 1676
f 1227 1228 1226
f 1265 1260 1230
f 1265 1249 1248
f 1230 1249 1265
f 1264 1181 1196
f 1248 1264 1196
f 1196 1265 1248
f 1200 1202 1183
f 1240 1259 1260
f 1127 1129 1122
f 1122 1324 1127
f 1127 1324 1138
f 1138 1139 1140
f 1768 1745 1771
f 1773 1774 1775
f 1775 1745 1773
f 1747 1774 1773
f 1773 1745 1747
f 1312 1308 1313
f 1308 1309 1313
f 1313 1309 1322
f 1314 1312 1313
f 1313 1321 1314
f 1322 1321 1313
f 1307 1300 1308
f 1307 1311 1306
f 1306 1299 1307
f 1299 1300 1307
f 1307 1312 1311
f 1307 1308 1312
f 1918 1926 1927
f 1918 1932 1926
f 1921 1923 2006
f 2006 1774 1921
f 1921 1774 1747
f 2006 1923 2007
f 1925 2191 2007
f 2007 2191 2235
f 2007 2235 2006
f 1924 1934 1925
f 1925 2007 1924
f 1924 2007 1923
f 1923 1918 1924
f 1927 1934 1924
f 1924 1918 1927
f 2234 2191 1925
f 2234 1925 1933
f 2238 2011 1707
f 2238 2237 2011
f 2192 2193 1961
f 1961 1962 2192
f 2192 1962 2184
f 1958 1959 2236
f 1959 2193 2236
f 2236 2183 1958
f 851 970 853
f 970 855 853
f 854 867 866
f 827 842 830
f 830 843 827
f 842 815 830
f 827 843 812
f 812 826 827
f 812 843 844
f 844 811 812
f 811 826 812
f 810 811 844
f 1002 1001 991
f 765 766 774
f 750 744 756
f 739 744 750
f 743 739 750
f 509 508 510
f 433 27 231
f 219 218 217
f 221 218 219
f 28 434 435
f 27 434 28
f 386 388 387
f 408 407 386
f 386 387 408
f 408 387 29
f 24 26 281
f 279 280 281
f 281 280 24
f 669 274 272
f 272 668 669
f 272 270 668
f 667 270 268
f 666 667 268
f 268 266 666
f 502 504 503
f 458 457 503
f 534 508 506
f 491 492 493
f 491 451 489
f 493 451 491
f 493 492 494
f 496 495 494
f 494 495 493
f 499 500 502
f 498 497 496
f 498 530 500
f 498 499 497
f 500 499 498
f 425 451 452
f 425 424 451
f 582 557 581
f 532 504 502
f 524 486 523
f 490 491 489
f 492 491 490
f 527 494 492
f 492 490 527
f 580 605 581
f 580 579 605
f 581 555 580
f 580 555 579
f 715 18 129
f 20 128 129
f 129 758 715
f 129 128 758
f 124 776 714
f 300 299 333
f 333 335 300
f 301 335 337
f 301 300 335
f 758 128 126
f 768 759 760
f 767 768 778
f 759 768 767
f 767 777 715
f 715 758 767
f 818 832 817
f 542 568 543
f 522 547 523
f 523 484 522
f 484 482 522
f 1097 1096 234
f 1096 9 234
f 564 589 590
f 591 566 590
f 237 240 239
f 240 241 239
f 252 254 253
f 621 595 620
f 622 621 249
f 604 579 603
f 603 602 627
f 2036 74 72
f 72 2091 2036
f 85 2094 2095
f 2095 2096 85
f 681 682 657
f 75 682 681
f 681 73 75
f 680 73 681
f 62 64 683
f 683 682 62
f 683 64 684
f 679 655 654
f 654 678 679
f 242 240 654
f 248 657 250
f 250 249 248
f 245 246 248
f 655 246 244
f 242 654 244
f 244 654 655
f 244 241 242
f 243 241 244
f 244 245 243
f 244 246 245
f 1381 1377 1376
f 1376 1327 1381
f 1108 1107 1105
f 1105 1374 1108
f 1110 1107 1108
f 1108 1374 1110
f 1647 1361 1362
f 627 259 261
f 599 623 624
f 624 623 253
f 2035 2090 69
f 69 2034 2035
f 2030 2031 63
f 63 2089 2030
f 2040 2041 83
f 81 2039 2040
f 2040 83 81
f 2112 2113 1649
f 1010 2079 2125
f 2125 2126 1010
f 1347 1499 1498
f 1498 1415 1347
f 1437 1436 1413
f 1397 1396 1454
f 1454 1431 1397
f 1600 1642 1643
f 1548 1566 1547
f 1548 1543 1549
f 1681 1621 1564
f 1541 1548 1547
f 1543 1548 1541
f 1545 1519 1546
f 1546 1473 1545
f 1474 1475 1472
f 1472 1473 1474
f 1472 1431 1545
f 1545 1473 1472
f 1474 1473 1500
f 1503 1501 1500
f 1500 1501 1474
f 1547 1566 1567
f 1567 1546 1547
f 1567 1537 1504
f 1566 1537 1567
f 1106 1104 1103
f 1104 650 649
f 649 11 10
f 236 11 649
f 651 236 649
f 649 650 651
f 1689 1668 1669
f 1690 1691 1689
f 1691 1668 1689
f 1665 1663 1647
f 1665 1664 1663
f 1665 1666 1664
f 1653 1652 1669
f 1367 1655 1656
f 1669 1668 1654
f 1654 1653 1669
f 1654 1655 1467
f 1467 1653 1654
f 1464 1366 1379
f 1379 1366 1378
f 1336 1325 1335
f 1467 1466 1417
f 1418 1417 1384
f 1470 1416 1428
f 1580 1581 1579
f 1579 1581 1614
f 1614 1615 1579
f 1579 1613 1612
f 1579 1617 1613
f 1579 1615 1617
f 1673 1672 1650
f 1575 1672 1673
f 1515 1673 1650
f 1476 1478 1477
f 1476 1477 1475
f 1476 1475 1474
f 1474 1501 1476
f 1099 1100 1096
f 1334 1335 1325
f 1341 1335 1334
f 2218 948 2219
f 850 2152 2219
f 2219 948 850
f 2135 849 2218
f 2135 947 849
f 1005 835 848
f 848 947 1005
f 835 821 848
f 945 946 2133
f 945 1004 946
f 945 944 1004
f 2208 945 2133
f 944 945 2208
f 784 794 806
f 806 793 784
f 783 773 784
f 784 793 783
f 774 785 784
f 785 794 784
f 784 765 774
f 773 765 784
f 763 782 771
f 772 783 792
f 792 782 772
f 782 763 772
f 805 821 792
f 805 806 822
f 805 793 806
f 792 783 805
f 783 793 805
f 822 837 836
f 836 837 849
f 836 805 822
f 821 805 836
f 836 848 821
f 849 947 836
f 947 848 836
f 804 782 792
f 792 821 804
f 847 835 1005
f 847 993 846
f 846 834 847
f 1005 1004 847
f 1004 993 847
f 779 768 760
f 779 788 778
f 778 768 779
f 2148 999 2217
f 966 859 967
f 995 994 983
f 983 984 995
f 2157 2188 1782
f 1972 1975 1977
f 1977 1973 1972
f 1975 1976 1977
f 2233 1973 2189
f 2156 1783 2194
f 1974 1960 1965
f 1965 1975 1974
f 1965 1976 1975
f 1950 1949 1951
f 1951 1952 1950
f 1824 1755 1826
f 1794 1791 1788
f 1791 1744 1788
f 1787 1784 1811
f 1794 1788 1787
f 1787 1788 1784
f 1767 1766 1931
f 1931 1932 1767
f 1932 1706 1767
f 1998 1999 1968
f 1991 2004 1989
f 1990 1991 1989
f 1992 1991 1990
f 1926 1930 1928
f 1927 1926 1928
f 1765 1930 1766
f 1966 1957 1764
f 1944 1957 1956
f 1957 1966 1956
f 197 415 416
f 197 195 415
f 443 475 477
f 416 415 443
f 415 442 443
f 1082 1085 464
f 1082 1081 1085
f 1083 1081 1082
f 1330 1081 1083
f 1083 1411 1330
f 1078 409 1080
f 409 1074 1080
f 1023 1453 1028
f 639 1088 638
f 1219 1220 1233
f 1244 1255 1243
f 1642 1600 1599
f 1168 1219 1218
f 1194 1999 1998
f 1040 1038 1039
f 1039 1038 1272
f 1272 1041 1039
f 1299 1288 1289
f 1297 1300 1289
f 1289 1300 1299
f 1256 1255 1040
f 1256 1041 1257
f 1257 1243 1256
f 1243 1255 1256
f 1040 1039 1256
f 1256 1039 1041
f 1804 1837 2163
f 1843 1837 1804
f 1804 1803 1843
f 1152 1463 1462
f 1463 1148 1462
f 1440 1415 1498
f 1440 1482 1483
f 1498 1499 1505
f 725 724 103
f 419 446 420
f 419 418 445
f 445 446 419
f 941 867 940
f 858 860 869
f 870 937 869
f 869 937 938
f 799 830 815
f 829 815 842
f 865 842 827
f 865 942 842
f 827 826 865
f 865 866 941
f 941 942 865
f 840 839 713
f 898 899 901
f 901 899 725
f 725 721 901
f 959 875 960
f 702 1890 949
f 949 1889 950
f 1890 1889 949
f 966 983 965
f 965 863 966
f 965 964 863
f 981 964 982
f 983 2143 982
f 982 965 983
f 964 965 982
f 960 875 877
f 963 881 883
f 90 88 91
f 97 726 95
f 1061 1064 1063
f 483 485 447
f 447 481 483
f 447 446 481
f 420 446 447
f 1643 1011 1682
f 1011 1012 1682
f 1680 1620 1538
f 1680 1564 1621
f 1623 1012 1644
f 1644 1012 1011
f 1011 1173 1644
f 1616 1624 1631
f 1631 1624 1177
f 1631 1177 1163
f 1618 1616 1631
f 1631 1163 1618
f 1178 1177 1044
f 1177 1624 1044
f 1044 1180 1178
f 1044 1624 1623
f 1616 1615 1622
f 1622 1624 1616
f 1622 1614 1620
f 1622 1615 1614
f 1621 1624 1622
f 1620 1680 1622
f 1622 1680 1621
f 1538 1679 1536
f 1536 1537 1538
f 1679 1677 1536
f 1504 1018 1518
f 1503 1500 1518
f 1518 1500 1504
f 1504 1537 1019
f 1019 1018 1504
f 1537 1536 1019
f 1020 1018 1019
f 1678 1679 1580
f 1678 1677 1679
f 1578 1677 1678
f 1580 1579 1678
f 1678 1579 1578
f 1266 1268 1272
f 1272 1273 1266
f 1250 1268 1266
f 1266 1267 1250
f 1274 1267 1266
f 1266 1273 1274
f 1274 1273 1305
f 1305 1310 1274
f 1306 1310 1305
f 1305 1272 1306
f 1305 1273 1272
f 1270 1268 1250
f 1250 1227 1270
f 1226 1268 1270
f 1270 1227 1226
f 1230 1228 1229
f 1228 1227 1229
f 1229 1250 1230
f 1229 1227 1250
f 1260 1265 1239
f 1239 1202 1200
f 1239 1196 1202
f 1265 1196 1239
f 1200 1240 1239
f 1239 1240 1260
f 1202 1196 1203
f 1646 1183 1203
f 1203 1183 1202
f 1203 1181 1646
f 1203 1196 1181
f 1126 1129 1128
f 1128 1127 1126
f 1129 1127 1128
f 1771 1126 1137
f 1137 1127 1130
f 1132 1127 1138
f 1138 1140 1132
f 1130 1127 1132
f 1132 1140 1130
f 1747 1130 1748
f 1130 1140 1748
f 1747 1745 1746
f 1746 1768 1747
f 1745 1768 1746
f 1769 1130 1747
f 1747 1768 1769
f 2190 2234 1933
f 1933 2011 2190
f 2011 2237 2190
f 1776 2154 2221
f 1775 1776 2221
f 2221 1745 1775
f 856 854 855
f 858 867 856
f 867 854 856
f 966 863 861
f 861 859 966
f 863 860 861
f 861 860 858
f 858 859 861
f 843 830 831
f 831 817 844
f 844 843 831
f 992 1003 1002
f 1002 991 992
f 992 1004 1003
f 992 993 1004
f 992 974 846
f 846 993 992
f 811 810 972
f 971 811 972
f 972 989 971
f 766 765 757
f 756 744 757
f 757 765 756
f 756 765 764
f 764 765 773
f 764 750 756
f 755 750 764
f 764 773 783
f 783 772 764
f 764 763 755
f 764 772 763
f 743 750 749
f 749 750 755
f 719 712 720
f 711 141 720
f 720 712 711
f 738 739 743
f 743 749 738
f 741 747 740
f 740 736 741
f 137 304 144
f 144 304 142
f 711 712 143
f 710 142 143
f 769 779 760
f 770 790 780
f 770 781 790
f 780 769 770
f 770 769 761
f 130 746 751
f 760 759 751
f 752 740 747
f 746 740 752
f 752 769 760
f 761 769 752
f 760 751 752
f 752 751 746
f 717 746 130
f 510 512 511
f 511 509 510
f 460 434 433
f 508 509 507
f 507 506 508
f 390 384 383
f 389 384 390
f 217 425 426
f 29 387 232
f 232 28 29
f 27 28 232
f 232 387 388
f 406 346 407
f 386 407 366
f 407 346 366
f 383 384 363
f 385 384 388
f 385 388 386
f 386 366 385
f 385 366 365
f 364 363 384
f 384 385 364
f 364 385 365
f 344 366 346
f 365 366 344
f 343 341 344
f 344 341 342
f 342 364 344
f 344 364 365
f 611 635 636
f 609 635 610
f 610 635 611
f 610 585 609
f 611 585 610
f 277 276 278
f 277 278 279
f 279 636 277
f 277 636 635
f 269 268 270
f 505 503 504
f 504 506 505
f 458 503 505
f 506 507 505
f 609 585 584
f 502 500 531
f 531 532 502
f 500 530 531
f 530 555 531
f 504 532 533
f 534 506 533
f 533 506 504
f 533 532 557
f 552 527 551
f 551 577 552
f 523 547 548
f 548 524 523
f 602 577 601
f 489 487 488
f 488 490 489
f 488 485 486
f 487 485 488
f 525 490 488
f 486 524 488
f 488 524 525
f 526 490 525
f 526 527 490
f 525 551 526
f 526 551 527
f 529 555 530
f 529 498 496
f 530 498 529
f 334 335 333
f 293 319 321
f 215 425 217
f 424 425 215
f 211 210 209
f 209 422 211
f 207 422 209
f 131 133 130
f 301 133 131
f 125 300 131
f 300 301 131
f 758 126 716
f 716 767 758
f 759 767 716
f 716 751 759
f 132 716 126
f 125 131 132
f 131 716 132
f 127 126 128
f 127 128 20
f 127 132 126
f 127 298 299
f 20 298 127
f 125 132 127
f 299 300 127
f 127 300 125
f 817 788 801
f 801 818 817
f 788 779 801
f 802 818 801
f 832 818 845
f 846 974 845
f 844 832 845
f 845 810 844
f 596 621 597
f 596 595 621
f 567 568 542
f 564 590 565
f 565 590 566
f 464 1085 641
f 641 513 464
f 1085 1086 641
f 472 516 517
f 478 480 477
f 477 475 478
f 521 482 480
f 521 522 482
f 480 478 521
f 547 522 521
f 521 546 547
f 545 546 521
f 545 519 544
f 544 519 543
f 544 570 545
f 588 589 638
f 235 234 9
f 235 236 237
f 235 9 236
f 615 235 237
f 661 662 258
f 258 256 661
f 684 685 660
f 661 256 660
f 660 256 254
f 686 661 660
f 660 685 686
f 250 657 658
f 658 252 250
f 657 682 658
f 682 683 658
f 622 249 251
f 253 623 251
f 251 623 622
f 251 252 253
f 250 252 251
f 251 249 250
f 245 248 247
f 247 248 249
f 621 620 247
f 247 249 621
f 578 577 602
f 602 603 578
f 578 603 579
f 552 577 578
f 76 74 2092
f 74 2036 2092
f 656 681 657
f 656 246 655
f 656 655 680
f 680 681 656
f 657 248 656
f 656 248 246
f 678 654 653
f 652 677 653
f 677 678 653
f 653 240 652
f 653 654 240
f 1327 1376 1380
f 1380 1103 1327
f 1380 1374 1105
f 1105 1106 1380
f 1106 1103 1380
f 1361 1032 1373
f 1373 1362 1361
f 1032 1372 1373
f 1372 1374 1373
f 262 264 263
f 263 261 262
f 1017 1542 1586
f 1586 1542 1522
f 1521 1532 1522
f 1332 182 147
f 1410 1076 1441
f 1414 1437 1413
f 1414 1347 1415
f 1438 1414 1415
f 1437 1414 1438
f 1630 1627 1626
f 1626 1592 1630
f 1625 1592 1626
f 1626 1599 1625
f 1174 1011 1175
f 1199 1240 1200
f 1200 1232 1199
f 1241 1259 1199
f 1259 1240 1199
f 1233 1241 1199
f 1188 1219 1233
f 1233 1199 1188
f 1188 1199 1232
f 1188 1166 1218
f 1218 1219 1188
f 1522 1542 1540
f 1520 1521 1540
f 1540 1521 1522
f 1540 1541 1520
f 1542 1543 1540
f 1543 1541 1540
f 1544 1015 1549
f 1549 1543 1544
f 1544 1542 1015
f 1544 1543 1542
f 1538 1566 1565
f 1565 1680 1538
f 1564 1680 1565
f 1549 1564 1565
f 1565 1548 1549
f 1566 1548 1565
f 1534 1455 1447
f 1454 1396 1447
f 1447 1519 1454
f 1447 1455 1519
f 1539 1541 1547
f 1547 1546 1539
f 1539 1546 1519
f 1520 1541 1539
f 1539 1455 1520
f 1519 1455 1539
f 1596 1475 1595
f 1596 1472 1475
f 1431 1472 1596
f 1504 1500 1568
f 1568 1500 1473
f 1568 1567 1504
f 1473 1546 1568
f 1546 1567 1568
f 10 1100 1102
f 1100 1099 1102
f 1102 649 10
f 1670 1689 1669
f 1671 1687 1670
f 1670 1652 1671
f 1669 1652 1670
f 1688 1687 1697
f 1690 1689 1688
f 1688 1670 1687
f 1689 1670 1688
f 1688 1699 1690
f 1697 1699 1688
f 1658 1656 1665
f 1647 1659 1658
f 1658 1665 1647
f 1377 1366 1365
f 1667 1654 1668
f 1665 1656 1667
f 1667 1656 1655
f 1655 1654 1667
f 1667 1668 1666
f 1666 1665 1667
f 1341 1359 1360
f 1464 1379 1382
f 1336 1335 1382
f 1382 1378 1336
f 1382 1379 1378
f 1469 1416 1470
f 1652 1653 1469
f 1594 1477 1479
f 1477 1478 1479
f 1416 1418 1430
f 1430 1023 1425
f 1578 1579 1573
f 1611 1572 1573
f 1674 1675 1576
f 1674 1576 1575
f 1575 1673 1674
f 1470 1479 1471
f 1471 1479 1478
f 1471 1515 1650
f 1514 1501 1503
f 1020 1675 1022
f 1673 1515 1022
f 1675 1674 1022
f 1022 1674 1673
f 1098 1096 1097
f 1097 1095 1098
f 1098 1099 1096
f 1325 1099 1098
f 1098 1334 1325
f 1341 1334 1340
f 1340 1359 1341
f 2209 2134 946
f 2132 2207 943
f 782 804 791
f 771 782 791
f 791 781 771
f 820 821 835
f 820 804 821
f 835 847 820
f 820 847 834
f 820 791 804
f 968 969 986
f 986 967 968
f 855 969 968
f 985 967 986
f 985 995 984
f 985 984 966
f 966 967 985
f 985 986 997
f 996 997 2144
f 996 985 997
f 995 985 996
f 994 2214 2142
f 983 994 2142
f 2142 2143 983
f 2140 981 2141
f 870 871 936
f 936 937 870
f 871 872 936
f 936 872 927
f 898 937 936
f 910 911 914
f 1973 1977 1988
f 1782 1973 1988
f 1988 1987 1782
f 1960 1952 1964
f 1964 1965 1960
f 1989 2004 2005
f 2004 1759 2005
f 1810 1787 1811
f 1805 1797 1732
f 1732 1806 1805
f 1825 1824 1826
f 2187 2155 1780
f 1780 1783 1782
f 1782 1987 1780
f 1987 1988 1777
f 1777 1977 1976
f 1777 1988 1977
f 1777 1985 1778
f 1976 1985 1777
f 1705 1706 1292
f 1705 1767 1706
f 1766 1767 1705
f 1037 1294 1293
f 1292 1291 1293
f 1293 1291 1037
f 1293 1705 1292
f 1969 1968 1999
f 1993 1991 1992
f 1811 1784 1812
f 1927 1928 1936
f 1936 1937 1935
f 1936 1938 1937
f 1928 1938 1936
f 1936 1934 1927
f 1935 1934 1936
f 1930 1765 1929
f 1929 1957 1944
f 1764 1957 1929
f 1929 1765 1764
f 1944 1938 1929
f 1929 1928 1930
f 1929 1938 1928
f 1967 1968 1955
f 1955 1956 1967
f 1967 1956 1966
f 1966 1997 1967
f 1998 1968 1967
f 1967 1997 1998
f 2010 1937 2009
f 1937 1940 2009
f 2009 1940 2008
f 2008 1707 2009
f 1707 2010 2009
f 1942 1951 1949
f 1942 1949 2008
f 2008 1940 1942
f 1940 1941 1942
f 413 414 193
f 195 194 193
f 193 194 192
f 415 195 193
f 193 414 415
f 441 414 413
f 441 442 415
f 415 414 441
f 477 445 444
f 444 443 477
f 445 418 444
f 470 469 468
f 470 516 472
f 468 515 470
f 470 515 516
f 475 443 473
f 473 443 442
f 442 441 473
f 472 474 473
f 1077 409 1078
f 1077 437 409
f 1077 1411 436
f 436 437 1077
f 185 409 410
f 410 187 185
f 411 187 410
f 409 437 410
f 468 465 466
f 642 1082 464
f 464 466 642
f 642 466 465
f 642 643 1083
f 1083 1082 642
f 1081 1330 1331
f 1331 1354 1081
f 1395 1331 1329
f 1329 1331 1330
f 1078 1080 1079
f 1079 1076 1410
f 1079 1074 1076
f 1079 1080 1074
f 192 194 166
f 405 368 367
f 167 174 367
f 367 168 167
f 1026 1028 1357
f 1358 1338 1357
f 1357 1453 1358
f 1357 1028 1453
f 1027 1028 1026
f 1452 1451 1426
f 1023 1028 1452
f 1452 1027 1451
f 1028 1027 1452
f 1425 1023 1452
f 1452 1426 1425
f 1088 1337 1087
f 1087 1337 1338
f 1088 639 640
f 638 564 563
f 563 639 638
f 563 640 639
f 563 564 538
f 538 640 563
f 1394 1390 1395
f 1389 1390 1394
f 1389 1388 1450
f 1450 1388 1433
f 1595 1421 1450
f 1234 1220 1221
f 1234 1242 1220
f 1243 1242 1234
f 1234 1244 1243
f 1254 1255 1245
f 1255 1244 1245
f 1166 1167 1165
f 1192 1197 1191
f 1192 1194 1198
f 1223 1192 1198
f 1197 1192 1223
f 1219 1168 1190
f 1221 1220 1190
f 1220 1219 1190
f 1996 1966 1764
f 1996 1997 1966
f 1999 1194 1193
f 1194 1192 1193
f 1193 1192 1191
f 1998 1997 1142
f 1142 1194 1998
f 1198 1194 1142
f 1297 1289 1295
f 2226 1818 2165
f 1817 1729 1728
f 1728 1818 1817
f 2170 2227 1839
f 1839 2227 1720
f 2163 1837 2172
f 1799 1849 1843
f 1843 1800 1799
f 1794 1787 1793
f 1802 1793 1800
f 1843 1803 1802
f 1802 1800 1843
f 1859 1847 1808
f 1730 1841 1829
f 1829 1841 1847
f 1158 1159 1157
f 1161 1064 1749
f 1162 1063 1161
f 1161 1063 1064
f 1147 1148 1551
f 1147 1462 1148
f 1461 1153 1152
f 1448 1153 1461
f 1732 1797 1733
f 2002 1761 2003
f 2004 1991 2003
f 2003 1993 2002
f 1991 1993 2003
f 1760 1759 2004
f 2004 2003 1760
f 1760 2003 1761
f 1762 1761 2002
f 2002 2001 1762
f 1497 1440 1498
f 1498 1505 1497
f 1482 1440 1497
f 1497 1496 1482
f 724 100 101
f 101 103 724
f 102 103 101
f 725 103 105
f 105 721 725
f 107 721 105
f 112 839 723
f 292 319 293
f 868 867 858
f 858 869 868
f 777 767 787
f 787 767 778
f 800 799 787
f 787 788 800
f 778 788 787
f 786 776 777
f 777 787 786
f 786 787 799
f 816 799 800
f 830 799 816
f 816 831 830
f 800 817 816
f 817 831 816
f 842 942 841
f 841 829 842
f 841 942 941
f 941 908 841
f 841 840 828
f 908 840 841
f 814 841 828
f 829 841 814
f 852 865 826
f 852 854 866
f 866 865 852
f 852 826 851
f 851 853 852
f 852 853 855
f 855 854 852
f 906 940 904
f 941 940 906
f 906 908 941
f 905 839 907
f 839 840 907
f 907 904 905
f 907 906 904
f 907 840 908
f 908 906 907
f 723 905 722
f 905 903 722
f 722 721 107
f 903 901 722
f 722 901 721
f 898 901 900
f 900 937 898
f 976 959 977
f 2197 975 976
f 976 2136 2197
f 951 917 950
f 950 917 873
f 873 949 950
f 2139 981 2140
f 979 2138 2211
f 730 89 90
f 145 89 730
f 170 286 285
f 448 447 485
f 487 449 448
f 448 485 487
f 449 422 448
f 420 447 448
f 1013 1682 1012
f 1013 1623 1681
f 1013 1012 1623
f 1681 1597 1013
f 1597 1682 1013
f 1597 1602 1601
f 1643 1682 1601
f 1601 1682 1597
f 1601 1600 1643
f 1587 1602 1597
f 1587 1564 1549
f 1587 1597 1681
f 1681 1564 1587
f 1180 1044 1043
f 1172 1044 1623
f 1042 1043 1172
f 1172 1043 1044
f 1174 1042 1172
f 1172 1173 1174
f 1623 1644 1172
f 1172 1644 1173
f 1021 1536 1677
f 1021 1019 1536
f 1020 1019 1021
f 1021 1677 1676
f 1021 1675 1020
f 1676 1675 1021
f 1772 1130 1771
f 1772 1131 1130
f 1771 1137 1772
f 1772 1137 1135
f 1134 1135 1130
f 1126 1127 1125
f 1125 1137 1126
f 1127 1137 1125
f 1130 1135 1136
f 1136 1137 1130
f 1135 1137 1136
f 1922 1140 1139
f 1922 1748 1140
f 1922 1921 1747
f 1747 1748 1922
f 1770 1768 1771
f 1770 1769 1768
f 1771 1130 1770
f 1130 1769 1770
f 2201 1745 2202
f 1745 2221 2202
f 1707 2180 2220
f 2179 1948 2232
f 857 856 855
f 855 968 857
f 857 859 858
f 858 856 857
f 857 967 859
f 857 968 967
f 973 972 810
f 973 845 974
f 810 845 973
f 991 972 973
f 974 992 973
f 973 992 991
f 989 972 990
f 990 972 991
f 1001 989 990
f 990 991 1001
f 741 737 742
f 742 748 741
f 742 738 749
f 748 742 754
f 754 742 749
f 755 763 754
f 754 749 755
f 733 712 719
f 737 712 733
f 733 742 737
f 738 742 733
f 736 740 139
f 139 740 735
f 139 735 140
f 140 138 139
f 138 137 139
f 144 142 136
f 136 137 144
f 710 143 732
f 732 712 737
f 732 143 712
f 736 136 732
f 732 142 710
f 732 136 142
f 732 737 741
f 741 736 732
f 343 344 345
f 345 344 346
f 345 304 343
f 345 406 306
f 346 406 345
f 771 781 762
f 781 770 762
f 762 763 771
f 762 754 763
f 135 717 130
f 130 133 135
f 135 134 140
f 135 133 301
f 140 735 135
f 302 134 135
f 135 301 302
f 735 740 135
f 135 740 746
f 746 717 135
f 435 434 461
f 434 460 461
f 509 511 461
f 461 460 509
f 512 645 644
f 644 511 512
f 536 512 510
f 586 585 611
f 509 460 459
f 459 507 509
f 433 432 459
f 459 460 433
f 459 431 458
f 432 431 459
f 458 505 459
f 459 505 507
f 391 390 383
f 224 390 391
f 220 218 221
f 223 220 221
f 222 220 223
f 224 222 223
f 394 220 393
f 218 220 394
f 380 394 393
f 380 381 361
f 428 221 427
f 221 219 427
f 427 219 217
f 217 426 427
f 453 425 452
f 453 426 425
f 454 427 453
f 453 427 426
f 452 493 453
f 493 495 453
f 453 495 497
f 497 454 453
f 230 231 27
f 27 232 230
f 230 232 388
f 343 304 303
f 303 341 343
f 303 137 138
f 304 137 303
f 140 302 303
f 303 138 140
f 302 301 339
f 339 301 337
f 339 303 302
f 341 303 339
f 362 363 340
f 340 339 337
f 340 364 342
f 363 364 340
f 342 341 340
f 341 339 340
f 26 648 637
f 637 281 26
f 279 281 637
f 637 636 279
f 270 272 271
f 271 269 270
f 499 456 455
f 455 454 497
f 497 499 455
f 428 427 455
f 455 427 454
f 501 503 457
f 457 456 501
f 501 456 499
f 502 503 501
f 501 499 502
f 559 584 585
f 534 533 559
f 556 531 555
f 581 557 556
f 556 555 581
f 557 532 556
f 532 531 556
f 577 551 576
f 576 601 577
f 575 601 576
f 573 597 598
f 573 548 547
f 575 576 550
f 550 576 551
f 550 551 525
f 525 524 550
f 600 575 599
f 600 601 575
f 599 624 600
f 627 602 626
f 602 601 626
f 626 259 627
f 528 527 552
f 494 527 528
f 496 494 528
f 528 529 496
f 553 578 579
f 529 528 553
f 552 578 553
f 553 528 552
f 336 334 361
f 335 334 336
f 361 362 336
f 337 335 336
f 19 18 124
f 20 129 19
f 19 129 18
f 19 298 20
f 19 297 298
f 329 297 327
f 327 328 329
f 327 297 296
f 296 295 327
f 326 328 327
f 324 356 326
f 328 326 357
f 357 326 356
f 327 295 325
f 325 326 327
f 293 321 323
f 323 325 295
f 324 326 323
f 326 325 323
f 211 424 213
f 424 215 213
f 376 375 398
f 208 209 210
f 322 321 319
f 324 323 322
f 322 323 321
f 374 398 375
f 198 199 201
f 197 199 198
f 200 198 201
f 130 751 745
f 745 131 130
f 751 716 745
f 745 716 131
f 802 801 789
f 789 790 802
f 780 790 789
f 789 801 779
f 789 769 780
f 779 769 789
f 833 819 846
f 846 845 833
f 833 845 818
f 802 819 833
f 833 818 802
f 592 566 591
f 592 567 566
f 592 593 568
f 568 567 592
f 619 620 595
f 619 593 618
f 618 243 619
f 243 245 619
f 245 247 619
f 619 247 620
f 595 570 594
f 594 619 595
f 593 619 594
f 595 596 571
f 571 570 595
f 571 596 597
f 547 546 571
f 545 570 571
f 571 546 545
f 514 513 538
f 464 513 514
f 514 466 464
f 514 515 468
f 468 466 514
f 540 565 566
f 564 565 540
f 515 514 540
f 518 474 472
f 472 517 518
f 543 519 518
f 542 543 518
f 518 517 542
f 519 478 476
f 474 518 476
f 476 518 519
f 476 478 475
f 475 473 476
f 476 473 474
f 520 478 519
f 520 521 478
f 520 519 545
f 545 521 520
f 570 544 569
f 569 594 570
f 569 543 568
f 569 544 543
f 568 593 569
f 593 594 569
f 591 590 616
f 590 615 616
f 616 592 591
f 616 239 241
f 237 239 616
f 616 615 237
f 614 590 589
f 614 615 590
f 589 588 614
f 234 235 614
f 235 615 614
f 260 662 663
f 260 258 662
f 663 262 260
f 259 258 260
f 262 261 260
f 260 261 259
f 253 254 255
f 254 256 255
f 255 624 253
f 252 658 659
f 254 252 659
f 659 660 254
f 684 660 659
f 659 683 684
f 659 658 683
f 2093 77 76
f 265 264 266
f 265 263 264
f 627 261 628
f 261 263 628
f 604 603 628
f 628 603 627
f 1524 1585 1017
f 1017 1586 1524
f 1480 1532 1482
f 1482 1496 1480
f 1533 1534 1483
f 1533 1455 1534
f 1520 1455 1533
f 1533 1521 1520
f 1449 1459 1353
f 1353 1352 1449
f 1162 1159 1350
f 1350 1159 1352
f 1352 1353 1350
f 1350 1353 1351
f 1348 1350 1351
f 1348 1063 1162
f 1162 1350 1348
f 1413 1436 1412
f 1442 1441 1434
f 1031 1030 1434
f 1031 1332 1069
f 1069 1332 147
f 1484 1440 1483
f 1483 1534 1484
f 1436 1437 1444
f 1398 1407 1396
f 1396 1397 1398
f 1397 1399 1398
f 1409 1402 1410
f 1410 1441 1409
f 1409 1441 1442
f 1392 1397 1431
f 1392 1399 1397
f 1433 1388 1392
f 1016 1542 1017
f 1017 1585 1016
f 1585 1583 1016
f 1602 1587 1603
f 1582 1602 1603
f 1603 1583 1582
f 1585 1524 1560
f 1560 1524 1531
f 1560 1531 1530
f 1584 1625 1599
f 1582 1583 1584
f 1584 1583 1585
f 1592 1625 1590
f 1645 1175 1011
f 1183 1184 1231
f 1185 1042 1174
f 1185 1183 1042
f 1185 1184 1183
f 1184 1185 1186
f 1186 1167 1166
f 1534 1447 1535
f 1535 1484 1534
f 1101 1103 1104
f 1104 649 1101
f 649 1102 1101
f 1327 1103 1101
f 1101 1102 1099
f 1364 1376 1377
f 1377 1365 1364
f 1363 1365 1659
f 1363 1659 1647
f 1647 1362 1363
f 1362 1364 1363
f 1363 1364 1365
f 1657 1366 1367
f 1657 1365 1366
f 1367 1656 1657
f 1659 1365 1657
f 1657 1658 1659
f 1656 1658 1657
f 1464 1382 1465
f 1465 1382 1466
f 1367 1464 1465
f 1465 1466 1367
f 1416 1469 1468
f 1468 1418 1416
f 1417 1418 1468
f 1467 1417 1468
f 1468 1653 1467
f 1468 1469 1653
f 1593 1428 1425
f 1425 1594 1593
f 1594 1479 1593
f 1470 1428 1593
f 1593 1479 1470
f 1429 1428 1416
f 1416 1430 1429
f 1425 1428 1429
f 1429 1430 1425
f 1024 1418 1384
f 1024 1430 1418
f 1024 1453 1023
f 1023 1430 1024
f 1574 1579 1612
f 1574 1573 1579
f 1574 1612 1611
f 1611 1573 1574
f 1572 1576 1577
f 1577 1573 1572
f 1578 1573 1577
f 1676 1578 1577
f 1577 1576 1676
f 1651 1469 1470
f 1470 1471 1651
f 1651 1471 1650
f 1652 1469 1651
f 1651 1650 1671
f 1671 1652 1651
f 1502 1471 1478
f 1478 1476 1502
f 1515 1471 1502
f 1502 1514 1515
f 1502 1476 1501
f 1501 1514 1502
f 1020 1022 1517
f 1517 1018 1020
f 1517 1518 1018
f 1093 588 1092
f 1092 1091 1093
f 1339 1338 1358
f 1339 1340 1091
f 1339 1087 1338
f 1091 1087 1339
f 1358 1359 1339
f 1359 1340 1339
f 1093 1091 1094
f 1091 1340 1094
f 1094 1095 1093
f 1094 1098 1095
f 1334 1098 1094
f 1094 1340 1334
f 790 781 803
f 781 791 803
f 791 820 803
f 819 790 803
f 803 834 819
f 803 820 834
f 2215 2216 995
f 2213 2214 994
f 872 888 892
f 892 888 923
f 924 923 911
f 911 910 924
f 1912 1749 145
f 932 931 914
f 955 931 932
f 914 931 913
f 954 1711 955
f 955 932 954
f 898 936 896
f 896 936 927
f 896 899 898
f 896 927 926
f 926 709 896
f 707 709 926
f 727 100 724
f 727 98 100
f 727 726 97
f 97 98 727
f 914 911 915
f 1952 1951 1963
f 1963 1964 1952
f 1778 1985 1814
f 1992 1990 1814
f 1945 1956 1955
f 1944 1956 1945
f 1989 2005 1739
f 1739 2005 1797
f 1795 2005 1759
f 1797 2005 1795
f 1820 1806 1732
f 1822 1820 1732
f 1821 1820 1822
f 1849 1799 1798
f 1790 1744 1791
f 1790 1742 1744
f 1744 1742 1743
f 1742 1780 1743
f 1743 1780 1781
f 1986 1780 1987
f 1781 1780 1986
f 1781 1986 1786
f 1987 1777 1786
f 1786 1986 1987
f 1730 1729 1731
f 1731 1841 1730
f 2000 2001 1970
f 1970 1969 2000
f 2000 1969 1999
f 1999 1193 2000
f 1970 2001 1995
f 1995 2001 2002
f 2002 1993 1995
f 1778 1814 1813
f 1813 1814 1990
f 1939 1940 1937
f 1937 1938 1939
f 1939 1941 1940
f 1939 1938 1944
f 1944 1945 1939
f 1939 1945 1941
f 417 444 418
f 416 443 417
f 443 444 417
f 417 197 416
f 417 199 197
f 417 418 201
f 201 199 417
f 471 441 469
f 471 473 441
f 472 473 471
f 471 470 472
f 469 470 471
f 412 439 413
f 413 193 191
f 191 412 413
f 643 642 463
f 463 642 465
f 436 643 463
f 463 465 436
f 469 439 467
f 467 439 465
f 468 469 467
f 467 465 468
f 465 439 438
f 438 437 436
f 436 465 438
f 438 410 437
f 411 410 438
f 438 412 411
f 439 412 438
f 469 441 440
f 440 439 469
f 440 441 413
f 413 439 440
f 1395 1390 1391
f 1391 1331 1395
f 1354 1331 1391
f 1328 1330 1411
f 1328 1329 1330
f 1411 1077 1328
f 1410 1402 1404
f 1404 1079 1410
f 1403 1402 1401
f 1395 1329 1403
f 1403 1404 1402
f 1329 1404 1403
f 1403 1394 1395
f 1401 1394 1403
f 182 1051 183
f 185 187 183
f 187 186 183
f 1075 1074 185
f 185 183 1075
f 1075 183 1051
f 1076 1074 1075
f 1075 1051 1076
f 1031 1434 1053
f 1076 1051 1053
f 1053 1441 1076
f 1053 1434 1441
f 147 182 184
f 182 183 184
f 184 183 186
f 190 166 155
f 192 166 190
f 190 193 192
f 190 191 193
f 175 174 167
f 15 164 153
f 153 148 15
f 371 402 372
f 402 371 403
f 403 371 370
f 174 166 180
f 405 367 180
f 180 367 174
f 180 194 405
f 180 166 194
f 1084 1050 1086
f 1084 1086 1085
f 1085 1081 1084
f 1081 1354 1084
f 1048 1050 1337
f 538 513 1048
f 1354 1391 1387
f 1387 1027 1026
f 1337 1050 1356
f 1338 1337 1356
f 1026 1357 1356
f 1356 1357 1338
f 1385 1390 1389
f 1389 1450 1385
f 1451 1385 1427
f 1427 1385 1450
f 1424 1426 1427
f 1426 1451 1427
f 1432 1450 1433
f 1431 1596 1432
f 1432 1596 1595
f 1595 1450 1432
f 1433 1392 1432
f 1432 1392 1431
f 1218 1166 1217
f 1166 1165 1217
f 1642 1599 1641
f 1626 1627 1641
f 1641 1599 1626
f 1222 1234 1221
f 1244 1234 1222
f 1221 1197 1222
f 1197 1223 1222
f 1638 1639 1170
f 1191 1639 1610
f 1609 1193 1610
f 1610 1193 1191
f 1189 1168 1170
f 1189 1190 1168
f 1191 1197 1189
f 1189 1197 1221
f 1221 1190 1189
f 1189 1639 1191
f 1170 1639 1189
f 1635 1628 1634
f 1635 1638 1170
f 1170 1168 1169
f 1169 1168 1218
f 1218 1217 1169
f 1627 1630 1629
f 1634 1628 1629
f 1633 1634 1629
f 1629 1630 1633
f 1143 1996 1764
f 1997 1996 1143
f 1143 1142 1997
f 1297 1295 1296
f 1296 1298 1297
f 1037 1291 1296
f 1296 1295 1037
f 1290 1298 1296
f 1296 1291 1290
f 1818 2226 2168
f 1724 1818 1725
f 1818 1728 1725
f 1840 1720 1721
f 1718 1720 1840
f 1817 2169 2166
f 1815 1837 1843
f 1793 1802 1801
f 1801 1791 1794
f 1794 1793 1801
f 2160 1802 2225
f 2174 2177 1870
f 1870 1880 1894
f 1894 2174 1870
f 1894 1880 1893
f 1893 1895 1894
f 1891 1890 702
f 1866 1878 1868
f 1831 1852 1832
f 1845 1844 1836
f 1862 1844 1861
f 1861 1844 1845
f 1832 1852 1853
f 1726 1725 1728
f 1847 1859 1846
f 1846 1829 1847
f 1722 1721 1724
f 1840 1721 1722
f 1155 1158 1156
f 1158 1157 1156
f 1160 1157 1159
f 1160 1159 1162
f 1162 1161 1160
f 1865 1157 1160
f 1633 1630 1632
f 1632 1630 1592
f 1636 1634 1633
f 1462 1147 1550
f 1756 1733 1757
f 1756 1757 1149
f 1149 1148 1756
f 1756 1148 1755
f 1763 1762 2001
f 2001 2000 1763
f 1763 1193 1609
f 1763 2000 1193
f 1609 1610 1607
f 1607 1763 1609
f 1762 1763 1607
f 1761 1762 1607
f 1495 1480 1496
f 1531 1480 1495
f 1511 1508 1507
f 1507 1510 1511
f 1507 1495 1496
f 1508 1495 1507
f 307 286 170
f 170 308 307
f 307 308 309
f 100 98 99
f 102 101 99
f 99 101 100
f 287 307 309
f 286 307 287
f 102 99 287
f 287 99 286
f 106 288 289
f 312 309 310
f 309 308 310
f 104 103 102
f 104 105 103
f 102 287 104
f 104 287 288
f 104 288 106
f 106 107 104
f 107 105 104
f 713 839 114
f 839 112 114
f 939 869 938
f 939 868 869
f 904 940 939
f 939 940 867
f 867 868 939
f 798 714 776
f 776 786 798
f 798 799 815
f 798 786 799
f 815 829 798
f 829 814 798
f 902 901 903
f 902 900 901
f 905 904 902
f 902 903 905
f 902 939 938
f 904 939 902
f 938 937 902
f 937 900 902
f 701 976 975
f 701 1891 702
f 2136 976 2137
f 875 959 703
f 703 873 875
f 703 701 702
f 702 949 703
f 949 873 703
f 959 976 703
f 976 701 703
f 961 979 960
f 960 979 978
f 978 959 960
f 977 959 978
f 978 979 2211
f 2211 2210 978
f 978 2210 977
f 2138 979 2212
f 981 2139 980
f 876 877 875
f 877 876 879
f 879 876 878
f 960 877 879
f 879 961 960
f 883 882 884
f 863 964 884
f 884 964 963
f 963 883 884
f 864 871 870
f 864 872 871
f 864 884 882
f 863 884 864
f 90 91 728
f 728 730 90
f 728 91 93
f 928 730 728
f 704 706 893
f 92 91 88
f 93 91 92
f 97 95 94
f 94 95 93
f 93 92 94
f 420 448 421
f 421 448 422
f 421 207 420
f 421 422 207
f 1598 1602 1582
f 1598 1601 1602
f 1600 1601 1598
f 1582 1584 1598
f 1598 1599 1600
f 1598 1584 1599
f 1646 1181 1182
f 1182 1183 1646
f 1181 1180 1182
f 1180 1043 1182
f 1042 1183 1182
f 1182 1043 1042
f 1135 1134 1133
f 1133 1772 1135
f 1131 1772 1133
f 1130 1131 1133
f 1133 1134 1130
f 1921 1922 1919
f 1919 1918 1923
f 1923 1921 1919
f 1932 1918 1919
f 2195 2238 1707
f 1707 2220 2195
f 734 733 719
f 738 733 734
f 739 738 734
f 736 139 718
f 718 139 137
f 718 136 736
f 137 136 718
f 305 142 304
f 304 345 305
f 305 143 142
f 711 143 305
f 305 306 711
f 305 345 306
f 753 770 761
f 753 762 770
f 753 752 747
f 761 752 753
f 753 747 741
f 741 748 753
f 748 754 753
f 754 762 753
f 435 461 462
f 462 461 511
f 511 644 462
f 512 536 537
f 537 645 512
f 561 536 560
f 585 586 560
f 560 586 561
f 560 559 585
f 587 586 611
f 647 646 587
f 561 586 587
f 382 391 383
f 383 363 382
f 382 363 362
f 361 381 382
f 382 362 361
f 392 382 381
f 391 382 392
f 392 222 224
f 224 391 392
f 392 380 393
f 381 380 392
f 393 220 392
f 392 220 222
f 429 456 457
f 428 455 429
f 429 455 456
f 429 221 428
f 429 223 221
f 224 223 225
f 223 429 225
f 389 390 226
f 226 390 224
f 224 225 226
f 226 225 227
f 229 226 227
f 229 431 432
f 229 227 431
f 231 230 229
f 229 432 433
f 433 231 229
f 214 215 217
f 214 213 215
f 378 394 379
f 394 380 379
f 362 340 338
f 338 340 337
f 338 336 362
f 337 336 338
f 273 272 274
f 273 271 272
f 558 533 557
f 558 559 533
f 584 559 558
f 524 548 549
f 549 550 524
f 601 600 625
f 625 626 601
f 625 600 624
f 624 255 625
f 579 555 554
f 554 553 579
f 555 529 554
f 529 553 554
f 298 297 331
f 297 329 331
f 333 299 331
f 299 298 331
f 331 334 333
f 332 334 331
f 330 329 328
f 328 357 330
f 332 331 330
f 330 331 329
f 122 19 124
f 122 120 295
f 295 296 122
f 297 19 122
f 122 296 297
f 355 356 324
f 324 322 355
f 355 322 354
f 354 374 355
f 355 374 375
f 355 375 376
f 376 356 355
f 293 323 294
f 294 323 295
f 295 120 294
f 206 205 207
f 207 209 206
f 209 208 206
f 405 194 196
f 196 198 405
f 197 198 196
f 195 197 196
f 196 194 195
f 203 200 201
f 201 418 203
f 418 419 203
f 420 205 203
f 203 419 420
f 597 573 572
f 572 571 597
f 572 573 547
f 547 571 572
f 516 515 541
f 515 540 541
f 542 517 541
f 541 517 516
f 541 540 566
f 541 567 542
f 566 567 541
f 538 564 539
f 564 540 539
f 539 514 538
f 539 540 514
f 617 616 241
f 617 243 618
f 617 241 243
f 592 616 617
f 618 593 617
f 593 592 617
f 1093 1095 613
f 613 588 1093
f 613 614 588
f 234 614 613
f 256 258 257
f 257 255 256
f 257 258 259
f 257 625 255
f 259 626 257
f 626 625 257
f 76 2092 2037
f 2037 2093 76
f 2029 2089 77
f 77 2093 2029
f 266 268 267
f 267 265 266
f 268 269 267
f 269 631 267
f 263 265 629
f 629 628 263
f 629 605 604
f 604 628 629
f 1522 1532 1523
f 1523 1586 1522
f 1523 1524 1586
f 1531 1524 1523
f 1532 1480 1523
f 1523 1480 1531
f 1481 1533 1483
f 1521 1533 1481
f 1532 1521 1481
f 1483 1482 1481
f 1482 1532 1481
f 1458 1353 1459
f 1351 1353 1458
f 1442 1434 1435
f 1435 1412 1436
f 1030 1412 1435
f 1435 1434 1030
f 1055 1054 146
f 168 308 169
f 169 308 170
f 1349 1348 1351
f 1071 1030 1031
f 1031 1069 1071
f 1443 1444 1407
f 1436 1444 1443
f 1443 1435 1436
f 1442 1435 1443
f 1402 1409 1400
f 1401 1402 1400
f 1400 1399 1401
f 1400 1398 1399
f 1399 1392 1393
f 1401 1399 1393
f 1393 1394 1401
f 1389 1394 1393
f 1393 1388 1389
f 1393 1392 1388
f 1014 1603 1587
f 1549 1015 1014
f 1014 1587 1549
f 1015 1542 1014
f 1542 1016 1014
f 1014 1016 1583
f 1583 1603 1014
f 1559 1560 1561
f 1561 1590 1559
f 1559 1590 1625
f 1585 1560 1559
f 1559 1584 1585
f 1625 1584 1559
f 1643 1642 1683
f 1683 1011 1643
f 1683 1645 1011
f 1200 1183 1201
f 1183 1231 1201
f 1201 1232 1200
f 1201 1231 1232
f 1187 1186 1166
f 1166 1188 1187
f 1187 1188 1232
f 1232 1231 1187
f 1187 1231 1184
f 1184 1186 1187
f 1176 1186 1185
f 1174 1175 1176
f 1176 1185 1174
f 1176 1175 1167
f 1167 1186 1176
f 1437 1438 1445
f 1445 1444 1437
f 1484 1535 1445
f 1326 1325 1336
f 1327 1101 1326
f 1326 1099 1325
f 1326 1101 1099
f 1336 1381 1326
f 1381 1327 1326
f 1375 1373 1374
f 1376 1364 1375
f 1362 1373 1375
f 1375 1364 1362
f 1374 1380 1375
f 1375 1380 1376
f 1342 1382 1335
f 1342 1383 1382
f 1342 1335 1341
f 1341 1360 1342
f 1360 1383 1342
f 1419 1417 1466
f 1466 1382 1419
f 1384 1417 1419
f 1384 1360 1025
f 1025 1024 1384
f 1025 1360 1359
f 1453 1024 1025
f 1358 1453 1025
f 1025 1359 1358
f 1515 1514 1516
f 1516 1022 1515
f 1516 1517 1022
f 1516 1514 1503
f 1503 1518 1516
f 1518 1517 1516
f 1090 1087 1091
f 1091 1092 1090
f 1088 1087 1090
f 638 1088 1090
f 1090 588 638
f 1090 1092 588
f 880 878 887
f 881 879 880
f 880 879 878
f 880 883 881
f 880 882 883
f 925 924 926
f 872 892 925
f 925 892 923
f 923 924 925
f 926 927 925
f 927 872 925
f 1914 1913 958
f 958 928 929
f 929 957 958
f 958 957 1914
f 1750 1161 1749
f 1749 1912 1750
f 1912 1913 1750
f 145 730 731
f 731 1912 145
f 731 730 928
f 928 958 731
f 731 1913 1912
f 731 958 1913
f 909 910 914
f 914 913 909
f 912 913 931
f 929 704 912
f 912 704 893
f 893 909 912
f 912 909 913
f 956 931 955
f 952 951 1886
f 1886 1887 952
f 1886 951 950
f 950 1889 1886
f 1886 1889 1885
f 1909 1836 1908
f 1908 1836 1844
f 895 896 709
f 895 727 724
f 709 707 708
f 893 706 708
f 708 909 893
f 707 909 708
f 708 895 709
f 891 924 910
f 910 909 891
f 891 909 707
f 926 924 891
f 891 707 926
f 934 920 935
f 935 952 953
f 953 934 935
f 933 932 914
f 914 915 933
f 933 954 932
f 933 934 953
f 953 954 933
f 1943 1963 1951
f 1951 1942 1943
f 1943 1942 1941
f 1953 1969 1970
f 1970 1982 1953
f 1976 1965 1981
f 1738 1739 1797
f 1758 1795 1759
f 1149 1757 1758
f 1796 1733 1797
f 1797 1795 1796
f 1795 1758 1796
f 1757 1733 1796
f 1796 1758 1757
f 1732 1733 1734
f 1734 1822 1732
f 1824 1822 1734
f 1733 1756 1734
f 1755 1824 1734
f 1734 1756 1755
f 1787 1810 1792
f 1792 1793 1787
f 1800 1793 1792
f 1792 1799 1800
f 1792 1798 1799
f 1848 1798 1808
f 1808 1847 1848
f 1847 1841 1848
f 1849 1798 1848
f 1808 1798 1809
f 1809 1792 1810
f 1798 1792 1809
f 1833 1820 1821
f 1806 1820 1833
f 1833 1807 1806
f 1833 1821 1832
f 1832 1853 1833
f 1742 2222 2186
f 2158 1790 2223
f 2223 1790 2224
f 1785 1743 1781
f 1781 1786 1785
f 1779 1777 1778
f 1779 1786 1777
f 1778 1813 1779
f 1784 1785 1779
f 1779 1785 1786
f 1779 1812 1784
f 1779 1813 1812
f 1980 1982 1970
f 1970 1995 1980
f 1994 1993 1992
f 1994 1995 1993
f 1992 1814 1994
f 412 191 189
f 189 187 411
f 411 412 189
f 189 186 187
f 191 190 189
f 1405 1328 1077
f 1405 1077 1078
f 1329 1328 1405
f 1405 1404 1329
f 1078 1079 1405
f 1079 1404 1405
f 1052 1332 1031
f 1031 1053 1052
f 182 1332 1052
f 1052 1051 182
f 1052 1053 1051
f 174 175 165
f 155 166 165
f 165 166 174
f 154 164 15
f 154 175 164
f 154 165 175
f 154 17 155
f 155 165 154
f 186 17 16
f 16 154 15
f 17 154 16
f 16 184 186
f 188 17 186
f 186 189 188
f 188 189 190
f 155 17 188
f 188 190 155
f 146 148 150
f 148 153 150
f 198 200 404
f 200 403 404
f 405 198 404
f 404 368 405
f 404 369 368
f 370 369 404
f 404 403 370
f 1089 640 538
f 538 1048 1089
f 1089 1048 1337
f 1089 1337 1088
f 1088 640 1089
f 1049 1048 513
f 1049 641 1086
f 513 641 1049
f 1086 1050 1049
f 1050 1048 1049
f 1355 1387 1026
f 1026 1356 1355
f 1355 1356 1050
f 1354 1387 1355
f 1355 1084 1354
f 1050 1084 1355
f 1390 1385 1386
f 1386 1391 1390
f 1386 1387 1391
f 1027 1387 1386
f 1451 1027 1386
f 1386 1385 1451
f 1423 1450 1421
f 1423 1427 1450
f 1421 1422 1423
f 1423 1422 1424
f 1424 1427 1423
f 1036 1294 1037
f 1037 1295 1036
f 1254 1245 1253
f 1247 1036 1253
f 1685 1165 1167
f 1167 1641 1685
f 1685 1641 1627
f 1642 1641 1684
f 1684 1641 1167
f 1684 1683 1642
f 1645 1683 1684
f 1167 1175 1684
f 1175 1645 1684
f 1171 1635 1170
f 1170 1169 1171
f 1628 1635 1171
f 1235 1222 1223
f 1235 1245 1244
f 1244 1222 1235
f 1764 1765 1238
f 1238 1143 1764
f 1238 1293 1294
f 1238 1765 1766
f 1766 1705 1238
f 1705 1293 1238
f 1247 1236 1237
f 1237 1238 1294
f 1143 1238 1237
f 1294 1036 1237
f 1237 1036 1247
f 1198 1142 1141
f 1142 1143 1141
f 1837 1815 1838
f 2229 2173 1838
f 2175 1895 2239
f 2178 1881 2231
f 1858 1881 2178
f 1870 2177 1871
f 2177 2231 1871
f 1871 2231 1881
f 2230 1894 2176
f 2174 1894 2230
f 1876 1868 1878
f 1823 1822 1824
f 1824 1825 1823
f 1825 1831 1823
f 1823 1831 1832
f 1832 1821 1823
f 1821 1822 1823
f 1719 1718 1840
f 1862 1861 1851
f 1852 1831 1851
f 1851 1861 1852
f 1860 1853 1852
f 1860 1861 1845
f 1852 1861 1860
f 1845 1846 1860
f 1859 1853 1860
f 1860 1846 1859
f 1727 1729 1730
f 1730 1829 1727
f 1727 1728 1729
f 1727 1726 1728
f 1835 1836 1909
f 1150 1153 1155
f 1527 1554 1558
f 1558 1554 1556
f 1556 1554 1553
f 1553 1555 1556
f 1553 1554 1551
f 1553 1551 1149
f 1149 1555 1553
f 1637 1636 1605
f 1634 1636 1637
f 1637 1635 1634
f 1638 1635 1637
f 1633 1632 1604
f 1604 1636 1633
f 1632 1558 1604
f 1462 1550 1493
f 1152 1462 1493
f 1493 1461 1152
f 1552 1147 1551
f 1552 1550 1147
f 1551 1554 1552
f 1552 1554 1527
f 1512 1508 1511
f 1512 1509 1508
f 1513 1509 1512
f 1511 1510 1492
f 1448 1461 1492
f 1510 1507 1506
f 1505 1491 1506
f 1491 1510 1506
f 1506 1497 1505
f 1496 1497 1506
f 1506 1507 1496
f 110 108 291
f 319 292 291
f 348 310 308
f 312 310 348
f 348 349 312
f 368 369 348
f 369 349 348
f 723 722 109
f 109 722 107
f 109 107 106
f 106 108 109
f 1892 701 975
f 1892 975 1893
f 1893 1880 1892
f 1891 701 1892
f 963 981 962
f 981 980 962
f 962 881 963
f 962 980 979
f 979 961 962
f 962 879 881
f 961 879 962
f 874 876 875
f 875 873 874
f 874 873 917
f 862 864 870
f 870 869 862
f 862 869 860
f 862 860 863
f 863 864 862
f 890 864 882
f 882 880 890
f 890 888 872
f 872 864 890
f 928 728 705
f 705 728 706
f 706 704 705
f 929 928 705
f 705 704 929
f 706 728 729
f 729 728 93
f 729 95 726
f 93 95 729
f 97 94 96
f 96 98 97
f 96 99 98
f 96 94 285
f 96 285 286
f 286 99 96
f 1932 1919 1920
f 1920 1919 1922
f 1920 1922 1139
f 1139 1706 1920
f 1920 1706 1932
f 534 559 535
f 559 560 535
f 535 508 534
f 535 560 536
f 510 508 535
f 535 536 510
f 612 648 647
f 647 587 612
f 612 637 648
f 612 587 611
f 611 636 612
f 636 637 612
f 562 587 646
f 562 646 645
f 645 537 562
f 561 587 562
f 562 536 561
f 562 537 536
f 430 429 457
f 430 225 429
f 430 457 458
f 458 431 430
f 431 227 430
f 227 225 430
f 228 229 230
f 228 388 389
f 228 230 388
f 389 226 228
f 226 229 228
f 218 394 216
f 217 218 216
f 216 214 217
f 397 398 210
f 376 398 397
f 360 379 380
f 361 334 360
f 360 380 361
f 274 276 275
f 275 273 274
f 276 277 275
f 275 277 635
f 269 271 632
f 632 631 269
f 557 582 583
f 583 558 557
f 584 558 583
f 548 573 574
f 574 549 548
f 599 575 574
f 575 550 574
f 550 549 574
f 598 599 574
f 574 573 598
f 358 357 378
f 358 330 357
f 378 379 358
f 332 330 358
f 124 714 123
f 123 122 124
f 120 122 123
f 813 814 828
f 813 840 713
f 828 840 813
f 713 114 116
f 116 813 713
f 118 813 116
f 205 206 204
f 372 402 401
f 401 204 206
f 354 322 353
f 353 374 354
f 353 352 372
f 233 1095 1097
f 233 613 1095
f 1097 234 233
f 234 613 233
f 605 629 630
f 630 267 631
f 265 267 630
f 630 629 265
f 1345 1414 1413
f 1347 1414 1345
f 1485 1055 151
f 1485 161 1068
f 151 161 1485
f 158 2 3
f 3 171 158
f 181 1058 179
f 181 3 2
f 168 169 157
f 157 156 168
f 157 169 170
f 170 159 157
f 1488 1344 1487
f 1344 1343 1487
f 1348 1349 1062
f 1063 1348 1062
f 1488 1487 1456
f 1070 1071 1069
f 1070 1069 148
f 146 1054 1070
f 1070 148 146
f 1408 1400 1409
f 1408 1443 1407
f 1407 1398 1408
f 1398 1400 1408
f 1408 1409 1442
f 1442 1443 1408
f 1407 1444 1406
f 1444 1445 1406
f 1396 1407 1406
f 1439 1445 1438
f 1484 1445 1439
f 1439 1438 1415
f 1415 1440 1439
f 1440 1484 1439
f 1382 1383 1420
f 1420 1419 1382
f 1384 1419 1420
f 1420 1360 1384
f 1420 1383 1360
f 1865 1160 1874
f 1874 1160 1161
f 1161 1750 1874
f 1911 1913 1914
f 1911 1750 1913
f 929 912 930
f 930 912 931
f 930 957 929
f 931 956 930
f 930 956 957
f 1910 1911 1914
f 955 1711 1709
f 1709 956 955
f 1917 1844 1862
f 1917 1908 1844
f 724 899 897
f 897 895 724
f 899 896 897
f 896 895 897
f 894 708 706
f 895 708 894
f 894 729 726
f 706 729 894
f 726 727 894
f 727 895 894
f 923 888 886
f 911 923 922
f 922 921 920
f 923 886 922
f 922 886 921
f 918 951 952
f 952 935 918
f 917 951 918
f 918 874 917
f 918 919 874
f 918 935 920
f 920 919 918
f 1955 1968 1954
f 1968 1969 1954
f 1969 1953 1954
f 1979 1985 1976
f 1976 1981 1979
f 1979 1814 1985
f 1965 1964 1983
f 1983 1981 1965
f 1982 1980 1983
f 1983 1980 1981
f 1736 1810 1811
f 1145 1758 1759
f 1145 1555 1149
f 1149 1758 1145
f 1759 1760 1145
f 1841 1731 1842
f 1842 1848 1841
f 1849 1848 1842
f 1731 1815 1842
f 1843 1849 1842
f 1842 1815 1843
f 1854 1859 1808
f 1854 1853 1859
f 1854 1833 1853
f 1743 1785 1789
f 1789 1788 1744
f 1744 1743 1789
f 1784 1788 1789
f 1789 1785 1784
f 1978 1980 1995
f 1995 1994 1978
f 1981 1980 1978
f 1978 1979 1981
f 1978 1994 1814
f 1814 1979 1978
f 147 184 149
f 184 16 149
f 149 1069 147
f 148 1069 149
f 15 148 149
f 149 16 15
f 152 150 153
f 146 150 152
f 152 1055 146
f 151 1055 152
f 1035 1036 1295
f 1035 1253 1036
f 1254 1253 1035
f 1035 1288 1254
f 1035 1289 1288
f 1035 1295 1289
f 1640 1169 1217
f 1640 1171 1169
f 1640 1217 1165
f 1628 1171 1640
f 1165 1685 1640
f 1640 1685 1627
f 1627 1629 1640
f 1640 1629 1628
f 1224 1235 1223
f 1224 1141 1236
f 1224 1223 1198
f 1198 1141 1224
f 1245 1235 1246
f 1246 1253 1245
f 1247 1253 1246
f 1246 1236 1247
f 1246 1224 1236
f 1235 1224 1246
f 1143 1237 1225
f 1225 1141 1143
f 1225 1237 1236
f 1236 1141 1225
f 1712 954 953
f 1711 954 1712
f 2229 1838 2228
f 1816 1838 1815
f 1816 1815 1731
f 1816 1729 1817
f 1816 1731 1729
f 1856 1858 1839
f 1839 1720 1856
f 1720 1718 1856
f 1881 1858 1856
f 1877 1876 1878
f 1890 1891 1888
f 1885 1889 1888
f 1888 1889 1890
f 1869 1880 1870
f 1870 1871 1869
f 1725 1726 1723
f 1724 1725 1723
f 1723 1722 1724
f 1829 1846 1827
f 1827 1846 1845
f 1845 1836 1827
f 1836 1835 1827
f 1722 1723 1834
f 1840 1722 1834
f 1834 1719 1840
f 1901 1835 1909
f 1719 1834 1901
f 1901 1834 1835
f 1155 1156 1154
f 1154 1150 1155
f 1151 1463 1152
f 1152 1153 1151
f 1153 1150 1151
f 1589 1558 1591
f 1591 1558 1632
f 1591 1632 1592
f 1592 1590 1591
f 1591 1590 1589
f 1530 1509 1562
f 1562 1560 1530
f 1561 1560 1562
f 1562 1563 1561
f 1509 1563 1562
f 1494 1495 1508
f 1508 1509 1494
f 1494 1509 1530
f 1530 1531 1494
f 1531 1495 1494
f 1527 1563 1525
f 1525 1509 1513
f 1525 1563 1509
f 1561 1563 1588
f 1588 1590 1561
f 1589 1590 1588
f 1588 1563 1527
f 1527 1558 1588
f 1588 1558 1589
f 1761 1607 1146
f 1146 1760 1761
f 1605 1145 1146
f 1146 1145 1760
f 1638 1637 1606
f 1606 1146 1607
f 1606 1637 1605
f 1605 1146 1606
f 1556 1555 1557
f 1557 1558 1556
f 1557 1604 1558
f 1144 1145 1605
f 1555 1145 1144
f 1605 1636 1144
f 1636 1604 1144
f 1144 1557 1555
f 1604 1557 1144
f 1550 1552 1526
f 1526 1552 1527
f 1527 1525 1526
f 1526 1525 1513
f 1529 1493 1550
f 1550 1526 1529
f 1513 1512 1529
f 1529 1526 1513
f 1460 1510 1491
f 1460 1492 1510
f 1460 1491 1459
f 1448 1492 1460
f 1449 1448 1460
f 1460 1459 1449
f 290 291 108
f 106 289 290
f 290 108 106
f 352 353 318
f 311 309 312
f 311 287 309
f 288 287 311
f 311 289 288
f 311 313 289
f 347 308 168
f 347 348 308
f 168 367 347
f 347 367 368
f 368 348 347
f 111 112 723
f 723 109 111
f 110 112 111
f 111 108 110
f 111 109 108
f 888 890 889
f 889 890 880
f 889 880 887
f 887 886 889
f 889 886 888
f 395 394 378
f 395 216 394
f 214 216 395
f 212 397 210
f 213 214 212
f 212 210 211
f 211 213 212
f 634 635 609
f 634 275 635
f 273 275 634
f 271 273 633
f 633 632 271
f 273 634 633
f 633 634 609
f 607 583 582
f 607 582 581
f 631 632 607
f 332 358 359
f 359 334 332
f 359 360 334
f 379 360 359
f 359 358 379
f 797 813 118
f 814 813 797
f 714 798 797
f 797 798 814
f 119 797 118
f 118 116 115
f 293 294 115
f 200 203 202
f 202 203 205
f 205 204 202
f 402 403 202
f 202 403 200
f 202 401 402
f 204 401 202
f 373 353 372
f 374 353 373
f 398 374 399
f 210 398 399
f 399 208 210
f 399 206 208
f 1346 1344 1488
f 1488 1489 1346
f 1346 1489 1499
f 1346 1345 1344
f 1499 1347 1346
f 1347 1345 1346
f 1499 1489 1490
f 1490 1505 1499
f 1490 1491 1505
f 1459 1491 1490
f 1490 1458 1459
f 1490 1489 1458
f 178 179 1068
f 1068 161 178
f 171 3 178
f 158 171 160
f 160 157 158
f 156 157 160
f 1055 1485 1056
f 1343 1073 1056
f 1 2 158
f 158 157 1
f 1 157 159
f 283 92 88
f 88 282 283
f 283 94 92
f 283 1 159
f 283 282 2
f 2 1 283
f 88 87 14
f 14 282 88
f 2 282 14
f 1065 181 1066
f 1058 181 1065
f 168 156 173
f 164 175 173
f 173 176 164
f 167 168 173
f 173 175 167
f 1486 1485 1068
f 1486 1056 1485
f 1486 1487 1343
f 1343 1056 1486
f 1066 1062 1067
f 1067 1062 1349
f 1067 1065 1066
f 1349 1456 1067
f 1488 1456 1457
f 1457 1489 1488
f 1458 1489 1457
f 1351 1458 1457
f 1457 1349 1351
f 1457 1456 1349
f 1446 1445 1535
f 1446 1406 1445
f 1446 1535 1447
f 1446 1447 1396
f 1396 1406 1446
f 1911 1910 1872
f 957 956 1916
f 1910 1916 1710
f 1906 1917 1716
f 1908 1917 1906
f 1862 1851 1850
f 876 874 885
f 874 919 885
f 920 921 885
f 885 919 920
f 887 878 885
f 878 876 885
f 885 886 887
f 921 886 885
f 916 915 911
f 911 922 916
f 916 922 920
f 916 920 934
f 934 933 916
f 916 933 915
f 1941 1945 1946
f 1946 1943 1941
f 1946 1945 1955
f 1955 1954 1946
f 1963 1943 1947
f 1943 1946 1947
f 1947 1954 1953
f 1947 1946 1954
f 1984 1953 1982
f 1982 1983 1984
f 1984 1947 1953
f 1984 1983 1964
f 1964 1963 1984
f 1963 1947 1984
f 1805 1736 1737
f 1737 1736 1738
f 1797 1805 1737
f 1737 1738 1797
f 1810 1736 1735
f 1735 1809 1810
f 1807 1809 1735
f 1735 1736 1805
f 1735 1805 1806
f 1806 1807 1735
f 1739 1738 1740
f 1738 1736 1740
f 1811 1812 1740
f 1740 1736 1811
f 1807 1833 1819
f 1833 1854 1819
f 1819 1809 1807
f 1808 1809 1819
f 1819 1854 1808
f 163 152 153
f 163 153 164
f 164 176 163
f 1909 1908 1907
f 1907 1906 1904
f 1908 1906 1907
f 1866 1868 1857
f 1887 1886 1875
f 1875 1886 1885
f 1885 1876 1875
f 1876 1877 1875
f 1878 1899 1898
f 1898 1877 1878
f 1898 1899 1903
f 1879 1888 1891
f 1883 1888 1879
f 1879 1892 1880
f 1891 1892 1879
f 1880 1869 1879
f 1879 1869 1883
f 1884 1876 1885
f 1885 1888 1884
f 1868 1876 1884
f 1884 1888 1883
f 1882 1869 1871
f 1882 1871 1881
f 1881 1856 1882
f 1883 1869 1882
f 1828 1827 1835
f 1835 1834 1828
f 1829 1827 1828
f 1828 1727 1829
f 1726 1727 1828
f 1828 1723 1726
f 1828 1834 1723
f 1867 1899 1878
f 1867 1878 1866
f 1866 1719 1867
f 1719 1901 1867
f 1150 1154 1751
f 1751 1154 1156
f 1638 1606 1608
f 1608 1606 1607
f 1608 1607 1610
f 1639 1638 1608
f 1608 1610 1639
f 1528 1512 1511
f 1528 1529 1512
f 1511 1492 1528
f 1493 1529 1528
f 1461 1493 1528
f 1528 1492 1461
f 291 290 315
f 289 313 315
f 315 290 289
f 320 322 319
f 320 353 322
f 320 318 353
f 352 318 316
f 377 395 378
f 378 357 377
f 376 397 377
f 377 356 376
f 377 357 356
f 583 607 608
f 609 584 608
f 584 583 608
f 608 633 609
f 632 633 608
f 608 607 632
f 581 605 606
f 606 607 581
f 631 607 606
f 605 630 606
f 606 630 631
f 120 123 121
f 121 119 120
f 797 119 121
f 121 123 714
f 714 797 121
f 118 115 117
f 117 115 294
f 117 294 120
f 120 119 117
f 117 119 118
f 113 292 293
f 293 115 113
f 113 116 114
f 113 115 116
f 110 291 113
f 113 291 292
f 113 112 110
f 113 114 112
f 374 373 400
f 400 399 374
f 372 401 400
f 400 373 372
f 400 401 206
f 206 399 400
f 179 178 5
f 5 178 3
f 5 181 179
f 3 181 5
f 1071 1070 1072
f 1072 1070 1054
f 1072 1056 1073
f 1054 1055 1072
f 1055 1056 1072
f 1029 1412 1030
f 1030 1071 1029
f 1071 1072 1029
f 1029 1072 1073
f 1333 1343 1344
f 1333 1073 1343
f 1344 1345 1333
f 1333 1029 1073
f 1412 1029 1333
f 1413 1412 1333
f 1333 1345 1413
f 285 94 284
f 94 283 284
f 284 283 159
f 170 285 284
f 284 159 170
f 12 87 1061
f 12 14 87
f 4 181 2
f 2 14 4
f 1066 181 4
f 1057 1486 1068
f 1068 179 1057
f 179 1058 1057
f 1911 1872 1873
f 1873 1874 1750
f 1750 1911 1873
f 1914 957 1915
f 957 1916 1915
f 1915 1910 1914
f 1915 1916 1910
f 1902 1710 1903
f 1904 1872 1902
f 1902 1872 1910
f 1910 1710 1902
f 1709 1710 1708
f 1708 1710 1916
f 956 1709 1708
f 1708 1916 956
f 1863 1864 1716
f 1716 1917 1863
f 1863 1751 1864
f 1850 1751 1863
f 1863 1917 1862
f 1862 1850 1863
f 1741 1990 1989
f 1989 1739 1741
f 1739 1740 1741
f 1741 1740 1812
f 1741 1813 1990
f 1812 1813 1741
f 152 163 177
f 1903 1899 1905
f 1905 1907 1904
f 1904 1902 1905
f 1905 1902 1903
f 1717 1856 1718
f 1717 1857 1856
f 1866 1857 1717
f 1717 1719 1866
f 1718 1719 1717
f 1855 1857 1868
f 1868 1884 1855
f 1855 1884 1883
f 1883 1882 1855
f 1856 1857 1855
f 1855 1882 1856
f 1713 1898 1903
f 1711 1712 1713
f 1903 1710 1713
f 1713 1709 1711
f 1713 1710 1709
f 1887 1875 1897
f 1897 1875 1877
f 1877 1898 1897
f 1897 1713 1712
f 1898 1713 1897
f 1899 1867 1900
f 1909 1907 1900
f 1900 1901 1909
f 1900 1867 1901
f 1900 1905 1899
f 1907 1905 1900
f 1753 1151 1150
f 1150 1751 1753
f 1753 1751 1850
f 1752 1156 1157
f 1752 1751 1156
f 1752 1157 1865
f 1865 1864 1752
f 1864 1751 1752
f 319 291 317
f 291 315 317
f 317 320 319
f 318 320 317
f 317 316 318
f 315 316 317
f 352 316 351
f 351 371 372
f 372 352 351
f 370 371 351
f 312 349 350
f 350 351 316
f 370 351 350
f 350 369 370
f 350 349 369
f 396 377 397
f 395 377 396
f 214 395 396
f 396 212 214
f 397 212 396
f 1060 12 1061
f 1061 1063 1060
f 1063 1062 1060
f 1060 1062 1066
f 1486 1057 1059
f 1059 1456 1487
f 1487 1486 1059
f 1059 1057 1058
f 1058 1065 1059
f 1059 1067 1456
f 1065 1067 1059
f 1865 1874 1714
f 1874 1873 1714
f 1714 1864 1865
f 1716 1864 1714
f 172 163 176
f 172 177 163
f 156 160 172
f 172 160 171
f 171 177 172
f 172 173 156
f 176 173 172
f 162 161 151
f 162 178 161
f 151 152 162
f 152 177 162
f 171 178 162
f 162 177 171
f 1887 1897 1896
f 953 952 1896
f 952 1887 1896
f 1896 1712 953
f 1896 1897 1712
f 1151 1753 1754
f 1826 1463 1754
f 1463 1151 1754
f 1754 1825 1826
f 312 350 314
f 314 350 316
f 314 311 312
f 313 311 314
f 314 315 313
f 314 316 315
f 13 1060 1066
f 12 1060 13
f 1066 4 13
f 14 12 13
f 13 4 14
f 1716 1714 1715
f 1715 1872 1904
f 1715 1873 1872
f 1715 1714 1873
f 1904 1906 1715
f 1715 1906 1716
f 1825 1754 1830
f 1830 1850 1851
f 1830 1753 1850
f 1830 1754 1753
f 1830 1831 1825
f 1830 1851 1831
f 2241 2240 2128
f 2128 2240 31
f 2101 2047 1278
f 1277 2101 1278
f 1693 1692 2068
f 2068 2119 1693
f 2058 1285 2057
f 2057 1285 1284
f 2098 2060 1113
f 1113 1112 2098
f 824 2205 838
f 2131 2205 824
f 2046 2100 1276
f 1276 2100 1277
f 2102 2052 1280
f 1280 2052 1281
f 2108 2078 1320
f 1320 2078 1275
f 1661 2064 2065
f 2065 1648 1661
f 2077 1660 1663
f 1663 2076 2077
f 1663 1664 2067
f 2067 1664 2120
f 2070 1664 1693
f 1693 2069 2070
f 1701 2074 2075
f 2075 1692 1701
f 1700 2122 2073
f 1704 2122 1700
f 2071 2072 1700
f 1700 2072 1701
f 1286 1285 2059
f 1285 2105 2059
f 2104 2056 1283
f 1283 2056 1284
f 1126 2200 1120
f 2201 2200 1126
f 2062 1034 2116
f 2116 1034 1033
f 1369 1034 2109
f 2109 1034 2111
f 2099 1275 2045
f 2099 1276 1275
f 2049 1278 2048
f 1279 1278 2049
f 1279 2050 2051
f 2051 1280 1279
f 1113 2060 2107
f 2107 1320 1113
f 1660 2063 2114
f 2114 1661 1660
f 1286 2106 2117
f 2117 1662 1286
f 1703 1662 2123
f 1662 2118 2123
f 2121 1703 2124
f 2121 1704 1703
f 1281 2053 2103
f 2103 1282 1281
f 1282 2054 2055
f 2055 1283 1282
f 2066 1033 2113
f 1033 1649 2113
f 2042 1009 1010
f 2043 1009 2042
f 2147 998 2146
f 997 998 2147
f 2185 2184 1971
f 1971 1972 2185
f 1973 2188 2189
f 1782 2188 1973
f 1776 1774 2154
f 1774 2153 2154
f 2181 1950 1958
f 1958 2183 2181
f 1948 1950 2181
f 2181 2182 1948
f 1648 2115 2112
f 2112 1649 1648
f 1000 2149 2217
f 2217 999 1000
f 1782 1783 2157
f 2157 1783 2156
f 2233 2185 1972
f 1972 1973 2233
f 946 947 2209
f 947 2135 2209
f 943 944 2132
f 944 2208 2132
f 981 982 2141
f 2141 982 2143
f 2155 2194 1780
f 1780 2194 1783
f 2162 1804 2163
f 1803 1804 2162
f 2196 975 2197
f 1893 975 2196
f 2179 1707 1948
f 2179 2180 1707
f 2215 996 2144
f 995 996 2215
f 994 995 2213
f 995 2216 2213
f 2158 2222 1790
f 1790 2222 1742
f 2168 2169 1817
f 1817 1818 2168
f 2164 1818 1724
f 2165 1818 2164
f 1721 2164 1724
f 2171 2164 1721
f 1721 1720 2227
f 2227 2171 1721
f 2159 1790 1791
f 2224 1790 2159
f 2161 2159 1801
f 1801 2159 1791
f 1801 1802 2160
f 2160 2161 1801
f 1803 2162 2225
f 2225 1802 1803
f 1894 2175 2176
f 1894 1895 2175
f 977 2210 2137
f 2137 976 977
f 980 2212 979
f 2139 2212 980
f 2240 2129 462
f 31 2240 462
f 462 775 766
f 462 32 31
f 766 757 462
f 25 675 462
f 796 775 462
f 462 809 796
f 462 675 700
f 700 32 462
f 2129 809 462
f 141 306 462
f 407 408 462
f 462 26 25
f 462 720 141
f 462 744 739
f 739 734 462
f 462 28 435
f 462 646 647
f 462 406 407
f 29 28 462
f 462 408 29
f 462 757 744
f 719 720 462
f 647 648 462
f 306 406 462
f 462 648 26
f 645 646 462
f 462 644 645
f 462 734 719
f 2097 2203 2029
f 2029 2020 2019
f 2029 2022 2021
f 2029 2203 2241
f 2241 2128 2029
f 2029 2067 2120
f 2058 2057 2029
f 2128 2080 2029
f 2029 2115 2065
f 2029 2026 2087
f 2029 2017 2016
f 2111 2110 2029
f 2120 2070 2029
f 2029 2121 2124
f 2029 2034 2033
f 2029 2080 2017
f 2053 2052 2029
f 2029 2109 2111
f 2029 2075 2074
f 2101 2100 2029
f 2029 2105 2058
f 2029 2084 2025
f 2025 2083 2029
f 2048 2047 2029
f 2065 2064 2029
f 2063 2077 2029
f 2074 2072 2029
f 2029 2117 2106
f 2029 2056 2104
f 2029 2098 2097
f 2019 2018 2029
f 2028 2027 2029
f 2029 2082 2024
f 2024 2088 2029
f 2090 2035 2029
f 2044 2043 2029
f 2029 2047 2101
f 2066 2113 2029
f 2029 2099 2045
f 2102 2051 2029
f 2029 2107 2060
f 2045 2078 2029
f 2029 2069 2119
f 2119 2068 2029
f 2029 2071 2073
f 2124 2123 2029
f 2106 2059 2029
f 2060 2098 2029
f 2029 2018 2086
f 2021 2020 2029
f 2016 2081 2029
f 2029 2083 2082
f 2087 2090 2029
f 2029 2110 2062
f 2094 2041 2029
f 2029 2116 2066
f 2079 2061 2029
f 2029 2100 2046
f 2029 2049 2048
f 2029 2052 2102
f 2029 2078 2108
f 2029 2077 2076
f 2076 2067 2029
f 2029 2070 2069
f 2068 2075 2029
f 2029 2072 2071
f 2029 2114 2063
f 2073 2122 2029
f 2029 2059 2105
f 2057 2056 2029
f 2029 2103 2053
f 2029 2036 2091
f 2023 2022 2029
f 2029 2081 2023
f 2029 2027 2026
f 2029 2088 2028
f 2086 2085 2029
f 2104 2055 2029
f 2029 2038 2044
f 2062 2116 2029
f 2029 2112 2115
f 2061 2109 2029
f 2046 2099 2029
f 2050 2049 2029
f 2029 2051 2050
f 2108 2107 2029
f 2064 2114 2029
f 2118 2117 2029
f 2029 2123 2118
f 2122 2121 2029
f 2054 2103 2029
f 2029 2055 2054
f 2033 2032 2029
f 2091 2096 2029
f 2029 2085 2084
f 2029 2095 2094
f 2029 2032 2031
f 2043 2042 2029
f 2039 2038 2029
f 2031 2030 2029
f 2029 2040 2039
f 2127 2126 2029
f 2029 2042 2127
f 2029 2125 2079
f 2096 2095 2029
f 2029 2035 2034
f 2029 2030 2089
f 2041 2040 2029
f 2113 2112 2029
f 2126 2125 2029
f 2029 2092 2036
f 2029 2037 2092
f 2187 1780 2186
f 2186 1780 1742
f 1838 2173 2172
f 1838 2172 1837
f 1893 2196 2239
f 2239 1895 1893
f 1858 2170 1839
f 2178 2170 1858
f 2241 2203 2228
f 2228 2129 2240
f 2228 2240 2241
f 2133 2134 2228
f 2199 2200 2228
f 2228 2190 2237
f 2203 2198 2228
f 2228 2130 2204
f 2228 2147 2146
f 2228 2142 2214
f 2148 2217 2228
f 2144 2145 2228
f 2228 2155 2187
f 2228 2198 2199
f 2169 2168 2228
f 2228 2192 2184
f 2228 2196 2197
f 2228 2152 2206
f 2228 2204 2129
f 2206 2205 2228
f 2228 2181 2183
f 2156 2194 2228
f 2228 2200 2201
f 2232 2182 2228
f 2228 2205 2131
f 2131 2130 2228
f 2184 2185 2228
f 2175 2239 2228
f 2197 2136 2228
f 2234 2190 2228
f 2183 2236 2228
f 2218 2219 2228
f 2146 2148 2228
f 2228 2149 2150
f 2228 2135 2218
f 2150 2151 2228
f 2238 2195 2228
f 2228 2166 2169
f 2235 2191 2228
f 2228 2153 2235
f 2237 2238 2228
f 2193 2192 2228
f 2228 2208 2133
f 2145 2147 2228
f 2207 2132 2228
f 2228 2151 2207
f 2189 2188 2228
f 2228 2157 2156
f 2228 2233 2189
f 2140 2141 2228
f 2214 2213 2228
f 2228 2173 2229
f 2191 2234 2228
f 2228 2154 2153
f 2228 2139 2140
f 2182 2181 2228
f 2228 2236 2193
f 2228 2219 2152
f 2138 2212 2228
f 2134 2209 2228
f 2228 2217 2149
f 2228 2179 2232
f 2188 2157 2228
f 2185 2233 2228
f 2228 2194 2155
f 2228 2170 2178
f 2163 2172 2228
f 2228 2162 2163
f 2176 2175 2228
f 2228 2210 2211
f 2211 2138 2228
f 2228 2221 2154
f 2201 2202 2228
f 2228 2209 2135
f 2228 2132 2208
f 2228 2215 2144
f 2143 2142 2228
f 2228 2141 2143
f 2187 2186 2228
f 2228 2226 2165
f 2227 2170 2228
f 2228 2171 2227
f 2165 2164 2228
f 2228 2230 2176
f 2224 2159 2228
f 2228 2161 2160
f 2228 2223 2224
f 2160 2225 2228
f 2178 2231 2228
f 2228 2137 2210
f 2228 2202 2221
f 2228 2220 2180
f 2180 2179 2228
f 2216 2215 2228
f 2228 2213 2216
f 2228 2222 2158
f 2228 2168 2226
f 2228 2164 2171
f 2172 2173 2228
f 2167 2166 2228
f 2228 2159 2161
f 2228 2225 2162
f 2177 2174 2228
f 2136 2137 2228
f 2228 2212 2139
f 2228 2195 2220
f 2228 2186 2222
f 2158 2223 2228
f 2228 2239 2196
f 2228 2231 2177
f 2174 2230 2228
f 1816 2166 2167
f 1817 2166 1816
f 2167 2228 1816
f 1816 2228 1838

